station_key,all_shape_0015,all_shape_0030,all_shape_0045,all_shape_0060,all_shape_0075,all_shape_0090,all_shape_0105,all_shape_0120,all_shape_0135,all_shape_0150,all_shape_0165,all_shape_0180,all_shape_0195,all_shape_0210,all_shape_0225,all_shape_0240,all_shape_0255,all_shape_0270,all_shape_0285,all_shape_0300,all_shape_0315,all_shape_0330,all_shape_0345,all_shape_0360,all_shape_0375,all_shape_0390,all_shape_0405,all_shape_0420,all_shape_0435,all_shape_0450,all_shape_0465,all_shape_0480,all_shape_0495,all_shape_0510,all_shape_0525,all_shape_0540,all_shape_0555,all_shape_0570,all_shape_0585,all_shape_0600,all_shape_0615,all_shape_0630,all_shape_0645,all_shape_0660,all_shape_0675,all_shape_0690,all_shape_0705,all_shape_0720,all_shape_0735,all_shape_0750,all_shape_0765,all_shape_0780,all_shape_0795,all_shape_0810,all_shape_0825,all_shape_0840,all_shape_0855,all_shape_0870,all_shape_0885,all_shape_0900,all_shape_0915,all_shape_0930,all_shape_0945,all_shape_0960,all_shape_0975,all_shape_0990,all_shape_1005,all_shape_1020,all_shape_1035,all_shape_1050,all_shape_1065,all_shape_1080,all_shape_1095,all_shape_1110,all_shape_1125,all_shape_1140,all_shape_1155,all_shape_1170,all_shape_1185,all_shape_1200,all_shape_1215,all_shape_1230,all_shape_1245,all_shape_1260,all_shape_1275,all_shape_1290,all_shape_1305,all_shape_1320,all_shape_1335,all_shape_1350,all_shape_1365,all_shape_1380,all_shape_1395,all_shape_1410,all_shape_1425,all_shape_1440,median_daily_load_factor,median_p95_ramp_mw,annual_peak_mw,p95_daily_peak_mw,station_name,source_load_archetype_cluster
aberdeen6611kv,1.1863954531491108,1.134518453147506,1.0983579637252356,1.0617273033476746,1.026286550074452,0.9847012001616255,0.9482934128678727,0.920799801660984,0.8890394898218916,0.8680586145622174,0.8483991268385218,0.8321260195118705,0.820839612498187,0.8079461477359537,0.8035734089278678,0.7979220334224715,0.797711964517527,0.8063182639231209,0.8132274099079319,0.831122971096474,0.8483327078539068,0.8682824203048239,0.8771365612151656,0.8919687863093433,0.9098120117865258,0.9316380558517489,0.9540801501706947,0.9654487818240411,0.9681326504911711,0.9920341819948181,1.0008313953997143,1.005515081958391,1.0003897742295758,0.9936518096353931,0.9614807152580874,0.9433456340317704,0.9246386221752302,0.9188670840153276,0.8911422870088881,0.8652908353679597,0.8454063875617451,0.8290374137205722,0.8156592599359994,0.8024822026900165,0.7970434775082217,0.7959932717403827,0.7923554974441742,0.7867708271889924,0.7927307825171621,0.7955320685720805,0.7913562746456154,0.7939797453984588,0.7990152335874735,0.7932465816186751,0.7904541535609427,0.7849794290279497,0.7889477584716889,0.8036802047620234,0.8196030948590909,0.8362458217363524,0.848945960395124,0.8675400920994611,0.8891322491199948,0.9194664537680239,0.9548393225715435,0.9948565617149456,1.0365426606239383,1.0798112812618428,1.1478705943890903,1.2105582627218898,1.2544493925874083,1.2876944865754785,1.31136143941782,1.3385615279790826,1.3463637258368977,1.3507971933902474,1.340389335704739,1.3159952703981939,1.3064533032778085,1.294524580238661,1.3008741189375255,1.2885976175835772,1.2748854291936458,1.2494357143791501,1.2225560431635623,1.1943149374910107,1.2176791806974645,1.2137810345835451,1.2464561502013582,1.2554029811229284,1.227683985110576,1.2266400929408074,1.281918029808314,1.2585066892492534,1.2239588738891234,1.1772511932472818,0.6948216707921376,0.16560150000000007,5.7786550000000005,4.4202686165125,Aberdeen 66_11kV,3
adamstown13211kv,1.0305048671576127,0.980033063381507,0.9580211113787591,1.024153509980093,0.9661614548974208,0.9184650962213291,0.8808089916436735,0.86184434934841,0.8288195761397987,0.7943133231015196,0.7607251128754586,0.7465610523032821,0.740880223749749,0.7285612406015173,0.7170987862192095,0.7128096867993072,0.707869818106117,0.7078313783639981,0.7103238315204629,0.7171049042568891,0.7360827666104472,0.7536687940691889,0.767967980289554,0.7909667859841938,0.8243911324762941,0.8600260568349418,0.8913514866366962,0.9197490051879496,0.9558716317335778,0.9976022291438096,1.025604474595476,1.0389865927100428,1.0192856248878748,1.0260401815190685,1.0225257485886323,1.010691037070223,1.0009149399487396,0.9792083787669771,0.9654017780448092,0.9471148173064272,0.9322637556577441,0.9337498775302123,0.9217369955535378,0.9123779955963854,0.907986950523695,0.9017252329647019,0.8922243023563122,0.8975092775251927,0.9024039575248686,0.892651336011956,0.9008600866511111,0.902400135096845,0.9030378767093636,0.9030527366156591,0.9061920656004666,0.9010104467811326,0.9130557315148737,0.9205320886063172,0.9151942877960793,0.9266820880263358,0.9412853881321621,0.9542104942600959,0.9805532016331889,1.0209707073639809,1.0332231581753188,1.0670925750648053,1.1073896875253009,1.146774836556578,1.1964869516540644,1.2538525865942107,1.303923471805662,1.3382486099933548,1.3741871254702505,1.385548463012737,1.3891754620292145,1.3713995433398556,1.366236991134977,1.3779442599719032,1.344432344324792,1.3156579389255758,1.291787462299791,1.2680785928726077,1.2493981044411089,1.2317429136306677,1.1986260685601335,1.1698097449005125,1.1706027583005056,1.1423064969893177,1.2529665838241417,1.2236180540412034,1.1462900728998247,1.0925394086043603,1.0722674927876126,1.0113379028260958,0.9933998457179859,1.0036446552422775,0.7041737991563267,0.9711300000000002,27.39363,19.544285299999995,Adamstown 132_11kV,3
argenton13211kv,1.016527757697986,0.9848894337483486,0.9366846207724705,0.9413642680420364,0.9410202284059489,0.8811263199340507,0.831289563350002,0.8246659309511313,0.8084664193450888,0.7740242137218578,0.7343943512424844,0.7014283115523381,0.6826266541981822,0.6615823954526155,0.6489606503662928,0.6401506227974498,0.643422180793441,0.6444196671782825,0.6549003882194487,0.6715786421810469,0.7122770937275571,0.7380375523352515,0.7735303906927674,0.8140868548055976,0.881574483881399,0.9354741308919828,0.9850592510754896,1.0359572433377058,1.0674746263773878,1.0996176359985563,1.1144699505979145,1.116843823473207,1.1211937020275466,1.1230930639730459,1.1249343158722003,1.1220152847084903,1.1136919021135703,1.103412115838462,1.0903896246578613,1.079569554028406,1.0659896125708586,1.0580865053178814,1.0491352081784868,1.0455042404060606,1.045985957094869,1.041985814314394,1.047263640078125,1.0467136570551976,1.0419784843933257,1.0356245094460523,1.0419959595469892,1.0435839193233396,1.0473183287987828,1.056624493411488,1.059051943430983,1.0596128312104016,1.0604714856812387,1.0584433381435545,1.0546264902492388,1.0588847660676157,1.059679337773032,1.0587201291872665,1.0591759067393924,1.0669145084862683,1.077071884886793,1.0918249589987614,1.1114064963511168,1.1308909112924346,1.1548112000738224,1.1984832499109386,1.2337538246207542,1.2446058961295874,1.230832623599961,1.2328717300473546,1.2236422921489216,1.2095137008868893,1.1915179275901235,1.1896187590922938,1.1822685545813978,1.1526583653703562,1.1245729058357206,1.103870413522135,1.0808795947795393,1.052318366598311,1.0217929021175172,0.9923273276050972,0.98649419826612,0.9523973177207314,1.0085664276972097,1.028132456768889,0.9989017021673471,0.9585423616268428,0.9882844116536249,0.9551466306572568,0.9231772125563942,0.9292271075760059,0.7505262251720715,0.9243019999999996,32.075685,23.769928,Argenton 132_11kV,2
arncliffe3311kv,0.9885311872826621,0.971780967911302,0.9303879364192856,0.8950584331695773,0.8697131583161625,0.839846229301548,0.7991973157515518,0.7666725700274618,0.7442380467960283,0.7288902255986354,0.7122977938845568,0.69614619667999,0.6879416644877454,0.6776640094658436,0.6706455898552545,0.6616980199839186,0.6576857817941028,0.6576284474886325,0.6586498130911312,0.6662867515293704,0.6849359576816366,0.7111326491575242,0.7324559501841523,0.766315831657636,0.8137979085562589,0.8610331047745398,0.9131790046788629,0.9549341052525879,0.9929541394530531,1.0333034115724413,1.0580010130032893,1.0670963629648278,1.0649382256180404,1.0658008909514267,1.0633207195465588,1.051464458411809,1.0501910749778771,1.04006490362453,1.0345506067140282,1.0317071860963893,1.027406678684557,1.0329127258217756,1.039407992848896,1.0412867529914003,1.0459439485715205,1.0498574571341155,1.0478711924503858,1.0543917383108432,1.0543917383108432,1.059504775381129,1.0547133774934725,1.050252054543586,1.0426101933888934,1.0411528950148745,1.0383129173685866,1.0327445297204123,1.0326152994516713,1.0282562770766752,1.0198038210140863,1.0167331597976434,1.0117467821132684,1.0121981560939752,1.0166778971588815,1.0229858602127924,1.0411802094611218,1.0544405554610772,1.0676597567671038,1.0895776866562266,1.097951386868267,1.1213599013821753,1.1455468739874632,1.1718231091661444,1.2020682591179155,1.2267253104268585,1.232991431728685,1.234385125895859,1.233638208263824,1.2371806991047098,1.2391837985227487,1.2343050202743415,1.238435719463724,1.2463086750444414,1.2462992400245019,1.2305634740069336,1.211176526858652,1.2041587673524332,1.1848377159042263,1.1520251383404707,1.147640446592947,1.1402568653921006,1.1062428277856742,1.0777214088544613,1.0377651981800466,0.9986515880026406,1.003331622443075,0.9986515880026406,0.7790029978598134,0.42552899999999994,17.6625,14.236714000000001,Arncliffe 33_11kV,2
auburn3311kv,0.7023446483627508,0.6921253279886604,0.6847212604416131,0.6785732210909947,0.6740235717136747,0.6641500127347043,0.6609651334146872,0.6609434558680529,0.6582552538053738,0.6569319339336518,0.6560373821802774,0.6591045774674621,0.6569682531271843,0.6518745346487319,0.6549895274374898,0.6640261819232827,0.684838358150862,0.7030657165585911,0.7123407633922461,0.7234625230885998,0.7474423944975773,0.7657650592276027,0.7968598050220805,0.820087621768191,0.8499081648323394,0.8869055473518072,0.9237870755908526,0.9499991083039583,0.9940173617778382,1.0298311357232448,1.0716180856779172,1.1137969246064117,1.1633739306648625,1.1903130128503816,1.2253783874039437,1.2529780318060022,1.2772516396704783,1.2928789676257348,1.3016182280039716,1.2987618650431692,1.2999992199508963,1.3078316047926584,1.3226626908250807,1.3315463242527423,1.334293499413747,1.3347324828340175,1.3436502311158969,1.3353392828154989,1.3258798315078315,1.3178546697046847,1.3288584475172567,1.327790881126274,1.3266978833861156,1.3235454541508365,1.3187709586427023,1.3186308736497632,1.3195935103398253,1.31125632076385,1.3009254543689364,1.2904655196041521,1.2765951934326638,1.2710238363049973,1.2641295511954265,1.257392678685511,1.2366058006735678,1.224304359976075,1.2170803603486535,1.201720026703413,1.1613925869814359,1.1259519115841607,1.0797202321590864,1.0392781860873828,1.0017068357985657,0.9861549656655869,0.9758001982506187,0.964316414850374,0.9556233640144284,0.9496197255751386,0.9424718247340476,0.9354979295310094,0.9241335327545926,0.9140141283283784,0.9054016783777382,0.8914273043575621,0.8655573927978226,0.8451224727677105,0.8291374194040315,0.8185872211888239,0.8030242622382074,0.7922133662060128,0.775459983451625,0.7656669995557427,0.750885023576951,0.7383797963768491,0.727471868000528,0.7144924425252601,0.714028715388688,0.6495959999999998,25.2243,20.736468,Auburn 33_11kV,1
avoca6611kv,1.0903349086572853,1.2379165755443895,1.2403444875171667,1.1516906414053534,1.0919110469527218,1.0674313670220172,1.1432573304295783,1.0488129472853454,0.9796319564764818,0.8956177392225237,0.8511618474788304,0.8078387709604395,0.7734551589021578,0.7468954274430307,0.7275661613060839,0.7119395817929008,0.702713019359935,0.6970067422284122,0.6928076619881934,0.6932562378152908,0.7000659787923742,0.7145355366931117,0.7352550642500175,0.7675972739770879,0.8136765092478849,0.8724849032370833,0.927089015728449,0.9794681210760862,0.9630586342898295,0.9958895235070515,1.0186677241051085,1.023420847864623,1.0208070244569039,1.0151099178882912,1.0052836012171076,0.9856149359871144,0.9717773349800197,0.9525018935067443,0.9365739444967549,0.9143394984070812,0.8912343383411202,0.8741732216639848,0.852602324322534,0.8342216739297482,0.8231504926636577,0.8075360557987786,0.8014054929717297,0.7916835263151204,0.7799592495156874,0.7818685186874419,0.7821302577457449,0.7808057168528125,0.7812206347130393,0.7842494816132771,0.7785670968783314,0.7804605927206846,0.7835989052201436,0.7894827876894475,0.7901120396397022,0.8022073145619806,0.8330297435052881,0.8459307656449534,0.8827024968687693,0.9099635267501752,0.9464820015730291,0.9912916215488795,1.0407430503529413,1.0936227705157602,1.1404389183347439,1.2091665787338277,1.2907761312897792,1.354321551755865,1.403287079648558,1.4208951780982337,1.4223461205930295,1.411794324652026,1.3906964109687698,1.3615926101967866,1.3397135152612876,1.321404861778861,1.3801381694924355,1.3375341164238486,1.3503013358674487,1.301287843078345,1.3047835165778063,1.238761720464929,1.181009870456389,1.1281381764941365,1.0922501401960285,1.169349773339806,1.2342296986132382,1.1447720321398513,1.204640759888919,1.1586690356034766,1.2258451826727266,1.1826127552772185,0.6912716764058444,1.4599100000000003,36.51191,31.182826,Avoca 66_11kV,3
avondale3311kv,1.227339146006808,1.1633820161596564,1.1230066918685364,1.1408221295926306,1.0950913609649926,1.0227759777086551,0.9817009190903938,0.9669379704362618,0.9537940278449141,0.9053845822788887,0.867003510499303,0.8369252691442202,0.8185692497891756,0.8021028175912603,0.7913327214093994,0.7857674355775794,0.7816513678459875,0.7832172518977102,0.7869339802575792,0.7930003011241756,0.8125073985088521,0.8403288391255703,0.8701970583523354,0.9043190097225955,0.9583487504040745,1.0072155479810097,1.0393676661245967,1.0505858954165206,1.0682718539066836,1.0993531414673137,1.1043256734245797,1.1026967430993873,1.0962599077271744,1.0794101672558198,1.0516277007028727,1.0257624069645677,1.0068642730001316,0.9750536621295798,0.9439311088837917,0.907459400872033,0.8814178665427305,0.8591193274543261,0.8354849716134856,0.8188693368711341,0.8051593861456009,0.7941845813247175,0.7967368004403093,0.7933234189785218,0.8004201404415521,0.8041805600603618,0.8015406856755483,0.7975973416820878,0.7670844357126976,0.7592898237501188,0.7646782299277071,0.7709888592458641,0.781186581474903,0.7896870894692319,0.7981542062356193,0.8096076834977765,0.8319119207133432,0.8567716992892171,0.8885740383081068,0.9178468013920716,0.9468008671201269,1.0041020988328486,1.037770033505867,1.0826355541651598,1.143048564994674,1.2216363176063654,1.2831940046187136,1.3138455548064254,1.3354044360969461,1.3492266047066939,1.3395879205418066,1.324214057260418,1.3137790670422442,1.3345489898538712,1.296577317967088,1.2661798186006732,1.243911911179567,1.22128864765208,1.1964354402447899,1.1708868043571716,1.1373629681206694,1.1054294239749758,1.1238100453084667,1.1023000267298555,1.2237287795894614,1.175324942980191,1.1368072531272473,1.0795854862323033,1.1253389096717241,1.0849839862116841,1.0699722667164375,1.1158411817788088,0.7114554147127929,0.35212299999999985,10.679265000000001,7.8142949999999995,Avondale 33_11kV,3
baerami3311kv,1.0399018560805682,1.0068338643663326,0.9901485805445697,0.9734828753010126,0.9542505697952285,0.9356759844441869,0.9283863787228505,0.9193219055092722,0.90503875115935,0.8813129896922238,0.8681237415872338,0.8607934869637617,0.8429371990924889,0.8383540220747498,0.8335348759519037,0.8363569485620863,0.8365804259059884,0.8341738584143206,0.8327741628305498,0.8295609935075865,0.8466561942555245,0.8514727473182472,0.8643535221388655,0.8814035947497529,0.911956028527969,0.9377824239384998,0.9643069297249532,0.9819716292606632,0.9813658818737356,0.9810792356884901,0.984218171379316,0.9715927072157349,0.9522675891644573,0.944896487835513,0.9352345382835018,0.9326329957633485,0.9295124354797728,0.9315065301261584,0.9279036322408454,0.9190429602913088,0.9145280936849267,0.9082492495142572,0.8977516521359576,0.8935594681795794,0.8856720216399695,0.8837460139806945,0.8828051670313274,0.8847933806413635,0.9096761805102817,0.9182915630495594,0.9220390230931675,0.9296816348922322,0.9354305477268371,0.926322386757971,0.9228954532952526,0.9213852116845538,0.9220767212778921,0.9179906388760412,0.928374433179618,0.9371624489561381,0.9462268330348438,0.9611871506823831,0.9783817497665929,0.9829544675604309,1.0037757207735523,1.027118659192936,1.0745314104197015,1.0996956985404902,1.1258796132703695,1.1598826249071124,1.1966190420169123,1.2392511418508265,1.262754910881019,1.288367505395507,1.3089087709391047,1.310092793442706,1.2967072844572392,1.27541322653466,1.2628066275104712,1.24946171952689,1.2381483512260139,1.2277032512418649,1.2116608627627474,1.188250637633086,1.170566089967348,1.151840666017425,1.1559823417842732,1.1280631198030842,1.1147168108201004,1.0901508540391136,1.096861585496384,1.0770351843572272,1.1255831537721934,1.090769698443551,1.0474773111746831,1.0140421348866087,0.7195949393446874,0.030761499999999997,0.68605,0.589985,Baerami 33_11kV,0
balgowlahnorth13211kv,0.7988741939032923,0.773964127088372,0.7593586408145886,0.7581567549265196,0.8193290762648755,0.7914894530624768,0.7609365345131482,0.7319904430364275,0.7152014957534916,0.6945914745067935,0.6801849756559145,0.6637215991139189,0.6576605039801945,0.6507442398556841,0.6477403519230857,0.6430572599789376,0.6424636191556239,0.6404209843101916,0.6421976613072828,0.6462573394260093,0.6619280803915475,0.6730470257624356,0.6942384811551036,0.7288909596123972,0.7792774560668349,0.8381889946087441,0.9123426890342254,0.9684688604873171,1.0031551744770282,1.053230644264373,1.0786310564619301,1.089331077044791,1.105546113758277,1.1148481671956565,1.1065883494507736,1.100124877536435,1.1019024345947066,1.093914323470472,1.0786120753467903,1.0626559837971064,1.0525965716106367,1.0425808417263807,1.0355719783587962,1.0274229015979393,1.0219242351400306,1.0091225861355766,1.0008900859149572,0.9981566516470713,0.9952585133534734,0.993144669208988,0.990099046158078,0.9932083861806743,0.9906954069820048,0.9924200712611323,0.9904724182800483,0.986536222683796,0.9955878369017253,0.9911933011074183,0.9875243255124436,0.989388664856221,0.9968751960265012,1.0026497549522377,1.0131411126100924,1.0372376857404406,1.0601466173187735,1.0870664079468058,1.1156638734778703,1.1463463199233181,1.1825700420137577,1.235601103264788,1.2807931290405006,1.3370546674027692,1.3666749938434157,1.3957829855126513,1.415333608306087,1.4070087322148854,1.3944298436410774,1.381834479749349,1.372125597365172,1.3590429025745765,1.3425693887070729,1.3476395923337077,1.3651635944818408,1.3066554856970494,1.2635338621280083,1.2129691736743617,1.1768183063804019,1.1249740096265632,1.116342310326612,1.0962570981895503,1.0398373888105543,0.9904101670939638,0.973919642641674,0.9011655806540302,0.874334681527681,0.8329723970906878,0.6890884901277827,0.9419010000000007,32.101,28.173498000000002,Balgowlah North 132_11kV,2
bankstown13211kv,0.8949144547503913,0.8587290107734566,0.826747576706172,0.8283132626897649,0.8141464301400935,0.7801254333013132,0.7532213588481347,0.7265843950504933,0.7068257901498335,0.6850552130894598,0.6696775744604293,0.6557801082145822,0.6469684047191026,0.6389805462742693,0.6365237427346666,0.6373060504375908,0.6485069381470049,0.6513423899383719,0.6635830061371055,0.681084545903111,0.7104592394602245,0.7372359283949599,0.7586473724755546,0.79229297183365,0.8352571425539959,0.8738463459101775,0.9140209240204211,0.9482246151514142,1.0011851314524098,1.0453681152629097,1.0805461800755063,1.0934350154354424,1.1099535270600809,1.1274525565977593,1.1398543000509183,1.1409460310015538,1.1443239144001358,1.1361117809501624,1.1188920714028925,1.127842328729997,1.1206128170321903,1.1238962789913167,1.1220721847000406,1.11910230050893,1.115768409673513,1.1120897539530523,1.1136581141636588,1.1091983629143478,1.0947867905367274,1.0904227036954788,1.0944232398858462,1.1023774581492407,1.1051230491026256,1.1011290078901115,1.1096837416302752,1.1081661887508154,1.1129579153598568,1.1133015087608937,1.1032039324638037,1.0972466480406429,1.0929501077900776,1.1006963952789928,1.1015299551259161,1.1097954786843465,1.1254922193944492,1.1359267602039986,1.136274265741873,1.151961814258199,1.1461995801336438,1.1584925022535528,1.1696744243978432,1.1832864231458025,1.1907200854206932,1.191822487739255,1.1873177881374914,1.1811265624661542,1.1686682520175244,1.1562519713514035,1.146466275036639,1.1375849489789076,1.1287472697247234,1.1200469741662085,1.1123988452690308,1.0968426299607206,1.078934808607128,1.0632661057888921,1.049759708248784,1.0266692758614377,1.0226601840035945,1.0282227013364515,1.0276840781136947,1.033395154244956,0.9913103167823631,0.9559667335047185,0.9541665482501457,0.9281582376915005,0.77889463262486,1.1297786156999994,43.830893,33.326845674575,Bankstown 132_11kV,2
basshill3311kv,1.103141653462189,1.0562907205011451,1.0127479936685317,1.0536682073537793,1.0328283269509835,0.9803372521374438,0.9430497477376172,0.900649688354427,0.8625988065507028,0.8248732773449262,0.7951889201222471,0.7720480077498112,0.7518380716563384,0.7398361518646989,0.7241731623838017,0.7144716098939352,0.7117806022388268,0.7123588619618695,0.7159895983678218,0.727428326143247,0.7460983420402302,0.7651064706736019,0.7838718258044558,0.802973700721958,0.8374741137274893,0.87033743687907,0.8900967393191779,0.9112282471369628,0.9172204387143562,0.9522394028274624,0.9803010702297728,0.9960852039554078,1.020176451678889,1.0203670127107909,1.0132389055047726,1.0125787535270354,1.0135072484373808,1.0157368020393829,1.0111028553706938,1.0057492507010513,0.9944437226903954,0.9912076349409289,0.9896873111117843,0.9893717391409291,0.987485439008478,0.9860058781063876,0.9920036195398947,0.9936517218529495,0.9908091225666746,0.9824865483315101,0.9762410927899724,0.9753450278800722,0.9733131167998424,0.9738237887009656,0.9765228512165933,0.9826084622306999,0.986311971416925,0.983635269413546,0.9794412983321312,0.980049640451446,0.9825310448566751,0.9961343568014993,1.0224379293944394,1.0440702130782569,1.0542671829251193,1.06893068099392,1.091100363543486,1.117998518556735,1.1218811586074344,1.1486202033869481,1.1788130542573385,1.1994522909376735,1.215067732703198,1.2236825646975413,1.22460115947783,1.2157319578135422,1.2008248436154396,1.1923927307633109,1.1837879092833774,1.1744306158761297,1.1611552569155992,1.1507250818717025,1.1385486292379763,1.126138118410815,1.109243374605738,1.0867653775353026,1.0742796436851305,1.0533288950690085,1.0517698870134808,1.093103189989438,1.1279600209044343,1.2075132420355688,1.1734559857845936,1.118961929760984,1.1522953269642047,1.1327650136797116,0.7660022451080362,0.6299559999999997,19.438772999999998,14.7340541451,Bass Hill 33_11kV,0
beaconhill3311kv,0.7958139669554429,0.7759259523852001,0.7657586750337676,0.7576814248679055,0.8137262727575236,0.8076723235058791,0.7864557078735475,0.7602358330725795,0.739557118652771,0.7209140142046981,0.7042904069652656,0.6911540414462267,0.684320603116788,0.6788157244939605,0.672999402940563,0.6708467004180058,0.6675696891629852,0.6694060760035385,0.6759658711154687,0.6838633929375033,0.7008520851795528,0.7263321907631178,0.762296963319572,0.7911622182289724,0.8416794707712741,0.8800450310117055,0.9274802910495312,0.9843579579013011,1.0386124895577538,1.082000159364072,1.1393194336620862,1.1567441835631729,1.1827608632107174,1.1892447599367335,1.1770150691117027,1.1706735774383903,1.1752779563593603,1.1716094180627898,1.174557370083606,1.1696574851998078,1.1599270032591327,1.1546470873410815,1.151759737131834,1.1444568432646987,1.1398354781004159,1.1411105244546227,1.131222817925366,1.1310998772694436,1.128481155723143,1.131144305401769,1.1224755053245314,1.1208627769410768,1.116681628312486,1.1088828822842085,1.102829874231162,1.10059346356095,1.1020172088573232,1.1001606457754294,1.100957119865289,1.0999876353607874,1.1089436987908394,1.1027943389738575,1.116621121474907,1.124352682636985,1.141680535000522,1.1463824225387682,1.167608172868063,1.1765803722057369,1.1935663310533526,1.1989801704453975,1.229560448997354,1.2309243571490909,1.19336585314882,1.1848524892097425,1.1871016959805272,1.164975008524205,1.1428791631718875,1.1261769292455266,1.1143168328226345,1.096060347847919,1.0757891875002386,1.072265483895642,1.0971868488009704,1.0536088331152356,1.022356856794393,0.9875883981496779,0.9646450423958379,0.9316827913290135,0.9499621988541916,0.9597713963123674,0.9294354646640857,0.8907648618412404,0.9166579719290097,0.876791166202641,0.8489437896072302,0.8210409944524982,0.7673224478844906,0.6063400000000001,19.38261,16.288053,Beacon Hill 33_11kV,2
belmorepark13211kv,0.6380811680481561,0.6255363125755775,0.6190882862796265,0.6149340016613465,0.6131435085300339,0.6087402555953835,0.6073991452014208,0.6063133824111745,0.6068476268133467,0.6041217731548474,0.6015394326669878,0.6006118353024196,0.6040895695419748,0.6063649663323004,0.607496608346149,0.6079935941837201,0.6130790060136144,0.6193054011523651,0.621568290588427,0.6283789974219943,0.6507882092277043,0.6584417696484616,0.687061780908626,0.7128761882753656,0.7857795856211783,0.8274938928760394,0.8783611327982582,0.9020552870294404,0.9672930845225906,1.0095747072150871,1.0971254372692893,1.152801277819046,1.2177842434736983,1.2487233616659261,1.2808679487515666,1.307502512329462,1.3267592368281451,1.3348175953160597,1.3392437995252424,1.3470400528317212,1.355327778149879,1.3563476922468582,1.3587650742200938,1.3619033288260103,1.3641054033146536,1.3633932968809517,1.364145404304462,1.3646679309435754,1.3729312883582987,1.3709125450434954,1.3687541215235357,1.3683825533829823,1.3691084402366416,1.3662971182467067,1.3640867212072987,1.3666595964588713,1.3593323789786491,1.3526281097767112,1.3461966985491156,1.3380907191482845,1.328657072270064,1.32038661063733,1.3119747255128675,1.304966950210501,1.296201441161084,1.2847862724469903,1.2758499759252522,1.2650453166399174,1.251106849547885,1.2316247117792152,1.2120073096549449,1.1872896276696405,1.0811007879563423,1.0447472316555695,1.0167054531676891,0.9975903205536989,0.9757182033593357,0.96144688341713,0.9494001206228418,0.9409249133373174,0.912657562216867,0.8955893142146659,0.8842856184938106,0.8734724290720475,0.8530770621641237,0.8366315730573273,0.8203070298169937,0.800461357071044,0.7715771734086808,0.7456265155200107,0.7290938031790375,0.7168966821210607,0.6927311415668094,0.6800326608111215,0.6698032948072249,0.661165539402713,0.7216625982465911,0.6887800000000002,41.2152,36.792525,Belmore Park 132_11kV,1
belrose3311kv,0.9281814047495403,0.8884097274521077,0.8654238791795611,0.8712440758804781,0.9601756051307742,0.9309331192661798,0.8912333092983148,0.8503513240200797,0.8209082095050145,0.7934128883072681,0.7650418048343116,0.7459222913383853,0.7302295379743329,0.7128562301044455,0.7015737578265429,0.6949769526210462,0.6910284470142712,0.6861931191612075,0.6849217622595126,0.6905936179612188,0.7061436358395029,0.7277459688564013,0.7510524139116519,0.7761296284929726,0.8296633614889061,0.8985714146622281,0.9620283630738,1.0088949170768726,1.0073680355024608,1.048442771277194,1.0697366176906504,1.0761402995515097,1.07889452598161,1.0730538245229329,1.06238709834377,1.0515320069482854,1.043950475428664,1.0303954826775221,1.0105504126399385,0.9960252476915247,0.9857899476093099,0.973914487491544,0.9621080635697054,0.9531945347088284,0.9381615105475919,0.9263674069444607,0.9228852325898356,0.9205602771385472,0.9136320208436283,0.9082184490545675,0.9085432809788374,0.9117624911246187,0.907798019933701,0.9020143794975033,0.8995415065376718,0.9012560034374668,0.8980912650978172,0.897843365539033,0.8992856231048182,0.909669344490454,0.9127789945026967,0.9274674249725265,0.9467570081542384,0.9713875384784619,1.0010989887646327,1.034402291067511,1.065721235484871,1.1097798458600148,1.1410907205272753,1.2007477427706632,1.2742153857430965,1.3359997139815065,1.3691475540012465,1.3836987365458413,1.3904705258381667,1.3798306096350255,1.3500255148174964,1.3370879290892912,1.32144207070609,1.303797755949017,1.2855896500988853,1.2890745439854938,1.345561952168478,1.2937297426415766,1.2515216377329865,1.2057589483740239,1.1828196265000668,1.1359041385030693,1.154798383216374,1.1761709786340926,1.1548448091358015,1.1062716713906493,1.1072796768711606,1.0320828098030683,1.0100134879449403,0.9586755803267324,0.706376922265448,0.78026925,26.85542075,22.586490949999998,Belrose 33_11kV,3
berkeleyvale13211kv,0.9097272981342933,0.9316506241272746,0.9385472210266601,0.9160042211229825,0.8897071112513067,0.8655903098922354,0.885399153736646,0.8612695801294403,0.8469331340574393,0.8288307804510389,0.812510817224498,0.789991275245123,0.7781283330687148,0.7674704862106455,0.7571805015341606,0.7515549212220305,0.7497654391808738,0.7512655649238056,0.7539120281697383,0.760585488352579,0.7789136176931224,0.794437016250508,0.8099853530838679,0.8298167501437164,0.8667897555341564,0.8968567890421334,0.9255233980270394,0.9453087662463286,0.9615311348704267,0.97888645790601,1.0020959185665366,1.019494150723554,1.0421145484927787,1.0609524242051585,1.0711311895558977,1.0899871380456152,1.1034258854985213,1.1066610106574217,1.1013184164119685,1.0987490030309137,1.0959700645151558,1.094612417418332,1.0899883594356534,1.0858376577448243,1.078722735062124,1.0825911365980103,1.0863709874655134,1.089988448635388,1.0777648737476588,1.0771663335533586,1.0870162534030536,1.0920976244595395,1.0962107103289884,1.0885546141789122,1.0955304039875369,1.097140684487,1.0980008613818557,1.0985748281808065,1.0976793065793038,1.1008688283105648,1.1013237046397164,1.1059656792221777,1.1054285980169856,1.1089874905977313,1.1095513989733787,1.121823510074013,1.1294018398267618,1.1461581910046426,1.1421536944062705,1.1491930091650862,1.1468857868723352,1.1513512958656642,1.15005069812338,1.1443423583756558,1.1384501044775783,1.1289631802037243,1.1136910486342064,1.0988077151006745,1.0859151453566442,1.076771450017047,1.07013420423679,1.0656359197977283,1.048219524376038,1.0358755852337656,1.0229877329657069,1.0063287126793736,0.9819205789534294,0.9548744060952158,0.945194469291459,0.9491138124232297,0.9644283135819691,0.9437773571509002,0.9337279046458743,0.9294687148997445,0.9307329355503456,0.9216737866440079,0.8081553446061873,0.9492350000000012,42.43235,33.153362,Berkeley Vale 132_11kV,0
berowra13211kv,1.2592645797868016,1.3218151035447079,1.2662345635853802,1.3423637600296794,1.4394330976159242,1.3334020157265851,1.2270318408786636,1.1164863626090837,1.0186279353647232,0.9347017142223899,0.8707931344846536,0.8159470856798923,0.7805732424170276,0.7449299905895859,0.7138226795388901,0.6941803238177373,0.6852217329608253,0.6809233675900415,0.6838904177627494,0.6943192288984843,0.7176348169973666,0.7541232034754982,0.7920501637160816,0.844157419016331,0.9102647771520724,0.9854203000213639,1.0426333866106483,1.0256697691714687,0.9860013172719828,1.017986082543711,1.0298053571753527,1.032993653688478,1.0246529608933965,1.0168394955989326,1.00656091291999,0.9887375589500345,0.9708767820658897,0.9529054743959939,0.9314235049047471,0.9135899202606831,0.8938493898444501,0.8793033865429348,0.8714171360664591,0.8552762635293916,0.8480816211280104,0.8385664412640773,0.833134840395706,0.8321080551120115,0.8258312009269664,0.826016560509536,0.8254178631823528,0.8213444665605083,0.8270980857781985,0.8266239326786872,0.8353202076908026,0.8317148619209288,0.8319241188896039,0.836289594640552,0.8434365032136601,0.8548374334793091,0.8619711005988346,0.8743082247159177,0.8886883653931691,0.9073544804127116,0.9272251461887887,0.9543388762569925,0.982961858793907,1.0293944485702808,1.0653985471208505,1.1307103890476133,1.1927695191070884,1.2615626490404472,1.302494096536278,1.3203231078939657,1.3220661367345283,1.3087169118430062,1.294956707698044,1.2821772799520645,1.2596143416102747,1.2447679113382824,1.220272500318649,1.2062846378803955,1.1787201987699203,1.1602425082040768,1.135898692122296,1.1043728507158672,1.0732746810962768,1.0489191338262205,1.107526730488487,1.1561294376569604,1.1295013232725344,1.0672923138250001,1.0459399141312868,1.1346405785748117,1.2380049740231869,1.175298428952993,0.6721291680048725,0.9871534999999996,21.967579999999998,19.02617,Berowra 132_11kV,3
blackwattlebay335kv,0.8563607580613157,0.8370770006625012,0.8186738246177461,0.8013457915027614,0.785956240106045,0.7738984058838619,0.7591977692198267,0.7465330811111726,0.7344806513240814,0.728150195972719,0.720120183615332,0.7124626822790204,0.7086985097661209,0.7049774493840627,0.7028929482241772,0.702063311115709,0.7039598018310549,0.7092958475526199,0.7116357399398016,0.718244657163976,0.7349666729382336,0.7485465207211379,0.7634060572078581,0.7820883326591135,0.8185645692912897,0.8370932756624733,0.8591951284205491,0.8867607788842211,0.9471731570140345,0.9947556751640546,1.0378579336781646,1.0711368668432557,1.1075829016747551,1.128599472309784,1.1420993738973155,1.146194125860591,1.1563916631573632,1.158217376352948,1.155019923206624,1.157104369372721,1.1569108240515977,1.15546062321603,1.1543055533757198,1.1533113925567013,1.156053697219587,1.1581822496831333,1.1571362183571154,1.1563527688118997,1.1552655110535404,1.155988474983781,1.1562392623796434,1.156728973718737,1.1534108459649524,1.1536080515534612,1.1475872029683578,1.1459167182846632,1.141824136779553,1.1368712726313503,1.1343987697662457,1.128766484317875,1.1230918355119794,1.1185523260084946,1.1158990487931704,1.1145470309968166,1.108258480560406,1.1058644498550563,1.1068747371414478,1.1115576535381935,1.1264910596031419,1.1391906908915708,1.149932078532602,1.1503499607990033,1.1342087388738187,1.1309204794883325,1.1234463734756626,1.118903945800366,1.105622302178104,1.1017289968775774,1.1015572896510857,1.0986288076353257,1.084810857764141,1.0778378610984678,1.070735370919569,1.0642172662771547,1.0569803182353652,1.0482355915655428,1.0407361621364979,1.0259881556324724,1.010500072783692,0.9923481404900598,0.9793254454268356,0.9571339477849719,0.9327409339304339,0.9152540037416086,0.8977175704406117,0.8767139602360835,0.8327435584634264,0.36486850000000015,15.050889999999999,13.969837,Blackwattle Bay 33_5kV,2
blakehurst3311kv,1.057359315836866,1.0124180561202705,0.9831835023598137,0.9405850857446024,0.9068437783835136,0.8640356742514568,0.8189963630618778,0.781650953751163,0.7532632146217192,0.7273988184476036,0.7041019213276319,0.6859026843494421,0.6725380960202266,0.6626189818802242,0.6546357251010387,0.6457890776407154,0.6449288772485912,0.6449228320131555,0.6457033070902615,0.6514252472699942,0.6732149775700286,0.6988177898122238,0.7211471339162764,0.7427041384188574,0.7788502949324345,0.8160419912157291,0.861246418538271,0.9215292853040454,0.9483867943405871,0.9996036335197309,1.0198861755295097,1.0266817320740957,1.0208387580280966,1.0234441107673982,1.0213059500030641,1.0168023514893612,1.0056426850846536,0.9966018446564886,0.9906098139265995,0.9835433115414219,0.9687593202285966,0.963240745346092,0.9540123233002379,0.9506884383993232,0.9427984158119478,0.937921173617674,0.9379637425175769,0.9374008728902745,0.934954140677035,0.9337839147206548,0.9296321758180921,0.9307914729931489,0.9278939387599335,0.9163282207316932,0.9167655525513295,0.915226396383469,0.9188541803693925,0.9176308315537802,0.921826491440346,0.9227637117326892,0.9260763553723255,0.9432439749557961,0.960781780221412,0.9885509268429409,1.0207831599747745,1.0443553272547983,1.0748659556976423,1.1228215883913018,1.1256680648830646,1.1744475160858465,1.2333136956359099,1.2783539498306529,1.3058452163192646,1.323689403177898,1.3297556619413924,1.325229467019665,1.3156286322498592,1.3105552699014091,1.3058178086483192,1.2952927454341563,1.314530622299921,1.358162951801333,1.362812367041999,1.3233979922689196,1.352654367371198,1.3889110580390243,1.3259000346672007,1.2741155717965515,1.3240311645840073,1.3076452944657861,1.257862502934384,1.1927772905030396,1.155591318988054,1.0985201530641395,1.1018116711196901,1.0517623761839905,0.7109567736751703,0.5642290000000003,20.92843,17.05663,Blakehurst 33_11kV,3
botany3311kv,0.8576483351722746,0.842927256734101,0.8285399972670915,0.8212351783313515,0.8234391461151213,0.8121839108740339,0.7976616788210128,0.7875879318979907,0.7816564435484261,0.7736853223594462,0.7687827482614182,0.7622589345475038,0.7592243169910603,0.7578244180102064,0.7572002087667827,0.7558803800806151,0.7560931446108383,0.7575044065019048,0.7618499361956533,0.7711040100686631,0.7906105856082263,0.8062419375158,0.823927042426624,0.84454925181353,0.8875112365412496,0.9142688289152584,0.9419412315175436,0.9698992503967533,1.0172650781374202,1.0545732010306632,1.0802527283637167,1.086976727693557,1.096887705337867,1.1056867166803885,1.1091711130528035,1.1149572542119934,1.1220794460442791,1.1221732325020386,1.1243151292777471,1.1251242267463062,1.123639610039719,1.1223601117509416,1.1240000381440116,1.1205051038701719,1.1219599164653284,1.1187028923545734,1.1175220632192415,1.1208002133888217,1.1177468617677464,1.1117805850067795,1.1107758514216932,1.1108248383391603,1.1057836304186404,1.1046940145036999,1.1091793521925628,1.1109695062898448,1.111453885132825,1.1167030411761583,1.1048328983944877,1.099568089298255,1.0986672411701348,1.0998739313718724,1.1015805961666179,1.0984107972539816,1.0968156575544743,1.1010190009045273,1.1041848244090882,1.1122638780212768,1.119961375313365,1.1272137642834184,1.1400510256615615,1.1458479171332845,1.1389996902292692,1.138193302915423,1.1337693815248606,1.1243979613123607,1.1122500045620523,1.1043681226181794,1.0972918933124185,1.0880919119717205,1.0758798837978967,1.0647743120316262,1.0523494727014873,1.0425414284927212,1.0283598128980336,1.0086748467191788,0.9987318477992391,0.9813005191411058,0.9730927142139523,0.953698531476039,0.9344525758953993,0.9138725476830183,0.905292628585002,0.8901232328783674,0.8760499874196993,0.8610512484334255,0.8262535085641325,0.5065650577000005,25.48147,20.523536999999997,Botany 33_11kV,0
brandyhill13211kv,1.2895229283793785,1.2537773456290646,1.203472153076988,1.1807886317230665,1.1475134501767512,1.1055566744410092,1.0735424790662842,1.044709078868342,1.006195405164912,0.9694738745733019,0.9160702155317094,0.8887180336567752,0.8601781395658508,0.8440082616057111,0.83003555545355,0.8239001981133232,0.8129551614561813,0.8097281054256668,0.8083568180572351,0.8101220458086832,0.8243902375751058,0.8436813971631464,0.8585502547951789,0.8755636915876546,0.9038511623999174,0.9546584358609248,1.0294428518343843,1.053203960169057,1.050992911055175,1.0578453913101253,1.0561629780419617,1.0327027991603641,0.996715926545253,0.9612096216687062,0.948238326763794,0.9198764822182545,0.8832345715090976,0.8517926048145162,0.8282871932616334,0.8115589574868597,0.7957075766753791,0.7826832806658512,0.7795784416794386,0.7590041697262899,0.7558843307122272,0.7424983467260776,0.739931692897822,0.7408786833744047,0.748736105333224,0.7502262562683967,0.7660355594930149,0.7623573107675558,0.7507264208065436,0.7603166410479956,0.7606981823033719,0.7717608114321196,0.7845673690819956,0.7960757242475035,0.8139639240920961,0.8169546887402291,0.834005754652393,0.8575546116121648,0.8806852719076064,0.9163104363670265,0.9391057550361284,0.9847353498584738,1.019249462703593,1.0845187024743592,1.1186311848777057,1.1844650624140614,1.2441085890949612,1.2994952769201427,1.343698289121655,1.3675323820814091,1.3727064654730268,1.3639303707466368,1.3499587114525782,1.3336277792927218,1.3236703570426713,1.3087509840435765,1.2965016787876193,1.2787638250342168,1.2601888038761762,1.2463546818494076,1.2259599331887663,1.2021414063610532,1.1886130485434967,1.1649422688941478,1.1701427809948224,1.1506855749415925,1.125912552375269,1.101729856934072,1.191634066623257,1.166370663414192,1.1471857595248411,1.156962474417736,0.6842973679627868,0.2917752499999997,9.32733,6.586569,Brandy Hill 132_11kV,3
branxton6611kv,1.3824365415547974,1.31242469267341,1.2471178680198567,1.187612915736126,1.13560101505156,1.0734519495723334,1.0192352017615056,0.97848163475026,0.9416077326302831,0.9028165664119092,0.8788299205438908,0.8616557670493219,0.8493925695431586,0.8383198402212116,0.8283337532080345,0.8262977613897782,0.8281392953950085,0.8324883582353839,0.8324186557288591,0.8383721812264598,0.8500142307567158,0.8620643793801885,0.8719634308487044,0.882285357726855,0.9057867645899089,0.9268456058609353,0.9648493547295527,0.9899773643486376,0.9929538399642918,0.9971058458350719,1.0032018813425077,1.000204192478779,0.9844774381336787,0.9592382197106999,0.9280690134359326,0.9026870587478604,0.8661307586945218,0.8289350463516324,0.7977214388504348,0.7728704036307071,0.7473551871627957,0.7236257797662115,0.6966106467353067,0.6723244473349109,0.6671767692369196,0.6582604075173687,0.6489337863976661,0.6504413855508643,0.6500646966331503,0.6540188166989194,0.645004939186869,0.6465355125339164,0.6483138983328768,0.6487216108240285,0.6520307030245748,0.6537640813496127,0.6672698378732448,0.6850858058134768,0.7021917692905375,0.7174399364099103,0.7388670628802442,0.7662305644294596,0.81051312123506,0.8465863633767281,0.9009797596301986,0.9780334397202822,1.0613675894726007,1.126395505499519,1.2079876821287552,1.2968886289824098,1.3666762921093445,1.4296439143341464,1.462992855363697,1.4750658475640968,1.474822286902199,1.4782392517339946,1.4689529427157006,1.4571960125345091,1.4439877240410701,1.4193013215006904,1.4003313703610378,1.3801066600265466,1.3563519080514166,1.3371819663870645,1.3036917937401307,1.2611706113298025,1.253601223122708,1.2168781979798222,1.1955779053476066,1.1749412032405282,1.1605048019476059,1.26712608472899,1.2681751630739788,1.2133561966502686,1.3236020370738075,1.3590888469900446,0.6149427386679854,0.48346000000000033,13.589960000000001,9.99200398955,Branxton 66_11kV,3
broadmeadow13211kv,0.8219269136951852,0.7996323921275332,0.7869955069832598,0.8057328385998971,0.7738181777493196,0.7412174595702788,0.723321149445474,0.7200335051545004,0.7002129125744174,0.68437443082521,0.6724947683164958,0.6633831902032986,0.6597883062930382,0.6546227257660114,0.6557899740117323,0.6550706655252849,0.667588424197786,0.6709533223737605,0.6766413306164372,0.691401193235744,0.7423795578695208,0.7683516731973054,0.7918287032095792,0.816282075304326,0.8648486889484462,0.9039360101600763,0.9350571616832155,0.9661708867318377,1.0115444816427317,1.0387130994753693,1.079695355312716,1.1093658674010922,1.1266834069142955,1.1413339016816006,1.1549050235973288,1.1538461490805278,1.165144698752761,1.1665614093138463,1.1580004992110835,1.1606065166119874,1.1560089393724986,1.157378273558858,1.1525028401713457,1.149083624270506,1.1495987364767797,1.138123434023882,1.1454943798810049,1.1384101067406451,1.1297572920259635,1.1226817618508014,1.1321742403837878,1.1394423581681148,1.1446866548169798,1.1426455159026223,1.1373101707620097,1.1371771359352698,1.135643532463512,1.1387518045084148,1.128579784221137,1.1282611373746247,1.131186969440149,1.1367205550715094,1.1361389159683122,1.1344773232435406,1.1500044472646467,1.1561322370536375,1.1583455918893908,1.1683201038187365,1.165204242948163,1.1800096241888378,1.2010450384116051,1.1997955525680741,1.2013084313346065,1.202961538514068,1.2058191454987282,1.1953343980667934,1.1841398295986036,1.1979859901096135,1.1647871357178696,1.1411029896378577,1.1088671877169167,1.0874269251392148,1.0654091266800094,1.0394697055962276,1.011680560176304,0.9822603456010902,0.9661222976718247,0.94005020149647,1.003483787107591,0.9607330140300867,0.9166817625780184,0.8781600501952509,0.8654627935911652,0.8360689492151872,0.8223218783138387,0.8210152782730014,0.7515900592523926,0.5966439999999993,26.1613,18.849304999999998,Broadmeadow 132_11kV,2
broadmeadow3311kv,1.0027584287117532,0.9872726429800779,0.966301972523444,0.9705684847955279,0.9366555120681669,0.9002287453392335,0.8820525730831292,0.8637626605432874,0.8568181739408189,0.8425554136401299,0.8205957039369965,0.8132326261477746,0.8094561841305856,0.803361217077015,0.8028762551462623,0.8266662752630806,0.8605106458810993,0.8455804096051901,0.831216372767574,0.8352202724888511,0.8448330748585935,0.8560135787533228,0.8858012199379213,0.9120256189885583,0.9868284838179663,1.0104971135300578,1.025407021670619,1.0230989305225127,1.0326100431539673,1.0365582514265221,1.0364945519295596,1.0367243197746985,1.0371834747487958,1.0370265675707504,1.035177362913143,1.0348479933385872,1.0356840091178863,1.0397042536517536,1.0446143049323287,1.0464371850902958,1.0538072620053784,1.0422465323227459,1.0447244463527292,1.0401492710604592,1.041819065807901,1.0379124316884565,1.0370484912625735,1.0369850785723072,1.034483692295469,1.03347562726327,1.0349194764162846,1.0341765624167174,1.033853575458073,1.0337794125986468,1.0336272142836553,1.0330211855686353,1.0320332078634917,1.0330772192474913,1.0279560212669734,1.033645911285845,1.0358946288438715,1.0367360808560948,1.0361780097869848,1.0379856795554265,1.0401666108461503,1.0471368999382105,1.0489246209914889,1.0539310477360249,1.054748979793296,1.0676597801454746,1.0858082295979836,1.0928633191170276,1.117694241269601,1.127511840973848,1.108482753009661,1.1131908724480688,1.0881217291257523,1.095204976215504,1.0716203339571124,1.0564213957708146,1.0485666511823741,1.037571671334906,1.0326459978245741,1.0346836215137536,1.0367398034937307,1.0284657479157326,1.0327300037136864,1.03311021413088,1.0341082959266406,1.0362192807047321,1.0207842569387544,1.028766896226277,1.0238709029167594,1.0257823046210364,0.9774836078565606,0.9641890988862799,0.8199973672227074,0.03262350000000003,10.48595,8.7310725,Broadmeadow 33_11kV,0
brookvale3311kv,0.6648958701830722,0.6479003296365431,0.6301933882449089,0.618993924147262,0.6288329271029113,0.6288550288786882,0.6160700355299704,0.602156649892706,0.590844040480629,0.5843581508672546,0.5740483104527491,0.5705063941494188,0.565310752627434,0.5615054268835926,0.5577949404563768,0.5577949404563768,0.5615054268835926,0.5655353475892473,0.5713488250221631,0.5817618705425455,0.6066482828997463,0.6277420767541921,0.6558305295194803,0.690739743741672,0.7399545425961853,0.7821892693430259,0.8389452275337403,0.8920205341702611,0.9612542310794571,1.0140569983946999,1.08196633158021,1.13657480053414,1.1799454603338353,1.2331584534348523,1.2659951256781843,1.2943289468381864,1.311457881323085,1.3261760489471444,1.3247761001890146,1.3265787349677591,1.32582527657363,1.3248144895176999,1.3283679810573918,1.327517815489779,1.3256234941231455,1.328831617820672,1.3257387904005211,1.3284858125831394,1.3281116257037502,1.3255643144035216,1.3214663151431623,1.3194037444924762,1.3168188562110428,1.3132932127085264,1.3100788126264076,1.3108399740496932,1.3075467164370376,1.3040451630807983,1.2932547706733735,1.290021934602491,1.2807574131982562,1.2820455469342644,1.2737592512352145,1.2670763358371417,1.2615114643614551,1.2582211914555217,1.2583107943048812,1.253806692318457,1.229070550828397,1.2126440653702186,1.1931128738015226,1.1729651998163355,1.155164071475463,1.1447187436243897,1.1366302865906583,1.1135779651566293,1.096114134580505,1.0770573398610486,1.0615604114263049,1.0459366764260036,1.0302919251005855,1.02027711945948,1.0222899123172964,0.983323172367055,0.9471867474788983,0.9196481342832413,0.8866020107175282,0.8565160142512257,0.8323380119218268,0.8049108156213338,0.7789201667643754,0.7662288876384772,0.7394794059949423,0.7208618016853946,0.7025979601949456,0.6882842880161568,0.7317365619491729,1.146064,39.87171,32.474402,Brookvale 33_11kV,1
burwood13211kv,0.8826016959468985,0.8629286051733034,0.8363640557308121,0.8235234518050044,0.8169737675894649,0.7938552895592028,0.7714385284603078,0.7537550152516523,0.7367886004008504,0.7227624866503445,0.7134546879877249,0.7028520448222507,0.6956977876485024,0.6884870075958472,0.6840761194487834,0.6817160213665309,0.6798305941895377,0.6804888231302515,0.6834691552990323,0.6863294444014818,0.6993593262308028,0.7158683408673625,0.7320206216172113,0.7501573650985763,0.7827185965928921,0.8090071382482047,0.8367324161598009,0.8675833082771195,0.9099873666314856,0.9507427467733847,0.9774186029125544,0.9975767611833849,1.0229659346695887,1.0379350642683214,1.051385513697178,1.061326669719555,1.0719126344140628,1.0767996136044566,1.0814449989639325,1.081472848627231,1.085210148703674,1.091827535168718,1.0976745527910157,1.0991371274956991,1.1070927468063065,1.1124757642346927,1.1177038312649823,1.1214443437993935,1.1238374222738654,1.1255130055980942,1.127819306005822,1.128290588614125,1.1304084453269445,1.1261640668711954,1.1219120033822645,1.1204200381183727,1.1221154470818484,1.121220858174019,1.1190932002701994,1.1204079560978273,1.1148228580027224,1.1140182827102627,1.117091303874274,1.1267367512686004,1.1348562571225869,1.1450935152896806,1.1560816904895128,1.1726547816677735,1.185491603254587,1.2044437860198127,1.2176375544810778,1.2315237487805548,1.2254752239167561,1.216448241278258,1.2053675409026074,1.1999049252049483,1.1895331060949152,1.1797443554777878,1.1757683597654296,1.1725475735011994,1.1659219990801188,1.1587085828555375,1.1524793628459118,1.1410246902787753,1.1201026571654762,1.0981266002922327,1.0807507134752334,1.0612108803516673,1.0432074948128311,1.0295392682661955,1.0128778473726476,0.9844762952278038,0.9570890732746936,0.9401737102052026,0.9331729435037759,0.9043189827945982,0.7981772933222728,1.3512835,69.51942250350001,54.9849895,Burwood 132_11kV,2
campbellst13211kv,0.7486654548031161,0.7322387054143568,0.7183920194132837,0.7060367531483298,0.699752283961001,0.6910050913673635,0.6814980099950826,0.6741880927685722,0.6647139831354946,0.6578219104508294,0.6544016069592958,0.6519707199584616,0.6489569685898003,0.6455905427868823,0.642414806807569,0.6414146627070016,0.6413298218523992,0.6419206910118959,0.6447342296712457,0.6494237973889955,0.6683163201374317,0.6828649765914465,0.7027567910971666,0.7274028103040412,0.779538129940338,0.8046509355630629,0.8322786920331154,0.8615475666562633,0.9259369651458904,0.9826758451146647,1.0474534071212596,1.0962914634003915,1.138809495236934,1.161028641421491,1.1801772984783907,1.1933971350914967,1.2098887493128916,1.2152519284585164,1.219317213433852,1.221139542381682,1.2288797044248663,1.232519192262473,1.2358717228554894,1.2387979842422683,1.2425584040160123,1.2414309819809706,1.2403475580897323,1.2404743756829875,1.2464481382444657,1.2424553061129995,1.2419372190669837,1.2422676955622125,1.2417297128892568,1.2393021912003634,1.2355285003921028,1.2334757103455762,1.2299152766468582,1.2241539767991498,1.220377401423298,1.21688335271176,1.2163713657220063,1.2078044844892188,1.2023522790671903,1.2004348037118697,1.201117973667126,1.1975606945890076,1.1977120857214383,1.2018661005010256,1.2028891510184685,1.2051811463483402,1.1945067425003382,1.1887963680286338,1.1482230024185265,1.1317840243578363,1.127029845283847,1.1184045438120662,1.1074572025170761,1.0999652831016087,1.0919718332675137,1.080045831311509,1.0675999163351555,1.0563657540451703,1.0412525307473903,1.0247740460121824,1.004016109321638,0.984246911510122,0.9653702122366637,0.9444323479807342,0.9234406984885676,0.905731168681693,0.8826918586502892,0.8579111541031506,0.8356354575372896,0.813673057477644,0.792753293680152,0.7760822576963878,0.7946175697332998,0.9912826499999994,39.38321,34.843498999999994,Campbell St 132_11kV,1
camperdown3311kv,0.8484022685910334,0.8292532140461257,0.8163370232496295,0.8029115745562247,0.794247385774196,0.7786629129694134,0.7670895219171762,0.7584560122799416,0.7488028172441663,0.742261706276703,0.7349080990616703,0.7237943130879023,0.7186683865250284,0.7177560760467012,0.7160455073398687,0.7149067388814018,0.7185776709359788,0.7229465511283237,0.728636398426439,0.7341910871613395,0.7469017828908281,0.7558011078852028,0.7598410136139936,0.766241601096375,0.8138720483654563,0.8513076798828318,0.8789724734870653,0.8991333879827806,0.9492885150736466,0.9843773167759555,1.0106618353420718,1.0255198238598453,1.0456457761219542,1.0614513381286568,1.0712591678305257,1.0792485556255729,1.0868488306806807,1.0923553136058268,1.0982822854949195,1.0993439588544152,1.102021713258664,1.1008229731479886,1.1050112528611975,1.1077550022328613,1.1113116246762467,1.11514859465171,1.1190460264104662,1.122992093829269,1.1256128967423251,1.1259624209224306,1.1264332872808658,1.1262696642786345,1.1274120171437845,1.12863619803919,1.1291529495596542,1.1245974968882377,1.1234861303039672,1.1204638166260599,1.1209788071860944,1.122101572268839,1.120633838184407,1.116638308728571,1.1165425306557968,1.1220667406233755,1.126020416425755,1.1306491510285461,1.1378341682807835,1.146579113350522,1.1514583275758472,1.161035303319782,1.1678132596679869,1.1741761972646532,1.1801423777608273,1.184494687651257,1.1933254770481474,1.190543437056164,1.1758498863078215,1.1708078194577274,1.1573279938783483,1.1472912164965952,1.1303979392145107,1.1228430402113385,1.1138879003768145,1.110191725532138,1.0977551363761238,1.082391787465504,1.0735650110747743,1.0548596657105995,1.0329075034775008,1.0038599815082507,0.9804440655971328,0.953871129508453,0.9277044383617823,0.908118676495169,0.8899300295462996,0.867616102374336,0.8127606338801694,0.4996724999999994,24.946775,21.130672000000004,Camperdown 33_11kV,2
camperdown335kv,0.8849931515902247,0.8661874451957008,0.8581100310218235,0.8475651659273791,0.8424157364362077,0.8274274083639045,0.8048427562834998,0.7790699133288705,0.7574770369118741,0.739592299298733,0.7292413025767029,0.7186891621963275,0.7088631103273315,0.7024769185452284,0.6992413000945249,0.6924118794982339,0.685624692283576,0.6845336060452635,0.6845741065095272,0.6857578705848845,0.6904784036670354,0.6985553744781969,0.705742137953169,0.716141750102724,0.73935594388561,0.7614889756751344,0.791352992213547,0.8213006103535185,0.8721956947053378,0.9141311091029979,0.9424209618056831,0.9713095164177612,0.986309738710766,1.0061610112862216,1.0281710236631103,1.0435258948481514,1.063989378712479,1.0741197690113415,1.0805001440936102,1.0879345232091988,1.0979388672399502,1.1099982896768343,1.118152181783476,1.1293837362708126,1.1395023325258125,1.1464338618953684,1.1485824513994483,1.147442165342378,1.1535181031875092,1.1585465500296133,1.1615115827963427,1.1578679445102353,1.1571709636956307,1.151981056332381,1.1518537101956583,1.1509245148859963,1.1519309748703621,1.1490994283935612,1.1474229841147652,1.1415899427735463,1.1353169263761218,1.1326630712844719,1.127878288038405,1.1253322708713491,1.1259074078559688,1.1294458164044061,1.1387006180515662,1.1485903032967344,1.1586703467669277,1.1696661446195018,1.1773328106801213,1.1829685036839204,1.1891790822756556,1.193718825891871,1.1952122290007583,1.1939510329590883,1.1940190869038538,1.1898783527159407,1.1825362461686535,1.178416742698115,1.1682917951483505,1.1603160661153247,1.1515160384484688,1.1387340322216712,1.126730212065491,1.107274034532834,1.0879953728314766,1.0686861669668515,1.0432331695150827,1.0162639967931488,0.988523228640031,0.9593780099650645,0.9365460807543069,0.9164576379427657,0.8983744286096019,0.897164134071026,0.7929855984313998,0.15545300000000006,3.2461164982,2.6309310000000004,Camperdown 33_5kV,2
campsie3311kv,0.9376298417910167,0.9143681478801691,0.8791193915960638,0.868560731688385,0.8445496404971902,0.8219231854438768,0.7856107652723476,0.7565395385854309,0.7378686296502094,0.7119910934492597,0.6989172341435118,0.6885119571560211,0.6829576507140303,0.6774466665031437,0.6738753112493462,0.6728689529332572,0.6748931758677521,0.6796898900999547,0.6901200842132761,0.7038217542755271,0.7281975231802281,0.7515428734666989,0.7723400007812602,0.7950596731496823,0.82180265302984,0.8529904184376814,0.8867278273682128,0.9168583181836482,0.9496497751470457,0.9862081045031921,0.9997349174516006,1.0124118312275596,1.0184175307626133,1.0234971213441009,1.0197409390717935,1.0170911870307862,1.0171421510730292,1.0168373811776068,1.007934169015116,1.0004870898708866,0.9960049329359969,0.9920358185539377,0.9857434267125141,0.9883334295765885,0.9849204819813071,0.9936730385038542,0.9953736543066682,0.9966246588842952,0.9943727835182617,0.9946458224892626,0.993632907238606,0.9939381360087646,0.9891685893349418,0.9901215106190565,0.9820677823597871,0.9844028599453083,0.983869624765436,0.9934879519205836,0.9896015613784196,0.9928758955203075,0.997062835377011,1.001090364050621,1.0168132383881059,1.038728428798758,1.0586448528777157,1.0862121890495775,1.1069906322122507,1.1376356171000248,1.169076327488301,1.2070757174020266,1.2475043953122709,1.2864010255679184,1.310287141485804,1.3290448224669187,1.3278299981978972,1.319255629580714,1.3099198368006926,1.2986106873601175,1.2892643644042017,1.2829301963194146,1.2721394054279727,1.256364871744491,1.2444445593185007,1.2305486414155367,1.2083537344227755,1.20109390598419,1.2402586263058488,1.2096440304559826,1.2329837759759712,1.2102006929689317,1.1778513612553199,1.1299744775924188,1.0723690309041989,1.031771288157703,0.9969706344133784,0.9538226685801948,0.738404547079977,1.593057999999999,66.920712762,56.865714000000004,Campsie 33_11kV,2
cardiff3311kv,1.1132455235317726,1.0514303572377848,1.0133007382111432,1.051180061707377,1.008767283710117,0.9427463673498355,0.9022532190981186,0.8904283273471618,0.8587950588184249,0.8107126708546932,0.772020496342115,0.745745586330308,0.7213343822191068,0.7041772979180356,0.6915256900862111,0.6810626195752651,0.6793934113159749,0.6797062465242415,0.6912498422050078,0.7030354206625766,0.7243220620707482,0.7393439488071636,0.7625418154452523,0.7908975627366355,0.840792870452935,0.8849434599000586,0.93290526542825,0.9475771642253832,0.9909506749185163,1.0378834117006435,1.0641729959463975,1.0719095513801933,1.0667802237216895,1.0701856759572173,1.0523670391580227,1.0393538752205,1.0292052413886827,1.009862946520006,0.9897680851802987,0.9732331656501991,0.9612935004757923,0.9476330735397493,0.9271844731034583,0.9142156966141263,0.9158794980046387,0.9098981874918781,0.9067065845313719,0.9202793224621805,0.9253551262340207,0.9237699055760872,0.9305053071988946,0.9268306564341784,0.9289739494894237,0.9363538935182905,0.9312625820386151,0.9425915974791345,0.9514638249440096,0.9577301740303886,0.9527860277404926,0.9677034255404761,0.9728602343639662,0.9838785773948397,1.0113445252297901,1.0498314608217725,1.0549519668652085,1.084757837020755,1.1190854739642855,1.1524827928743495,1.1765947429167,1.2418740542366413,1.2901207349811363,1.3008597587116721,1.324291485608267,1.3295799459340785,1.3171503482419442,1.2967111397711504,1.284679560130914,1.3149069263798947,1.2794742087710629,1.2486521750733808,1.2231498933865816,1.1936292006404603,1.1665509249065311,1.1379064589118337,1.1121316285138383,1.0825195358125144,1.0946215245924102,1.062852311545139,1.186736000641512,1.1486547910273335,1.119590042273303,1.0566076041143186,1.0802632294414674,1.0240875667490756,1.0198503140290724,1.0472365808215214,0.7309707272647986,0.6127809999999999,19.72641,13.66470558165,Cardiff 33_11kV,3
careelbay3311kv,0.8592694848989717,0.8358651784377844,0.8299866537585111,0.8226836855888892,0.9106992163191655,0.8945127650885456,0.8423803370173162,0.8080370364166931,0.7870804978696192,0.7680202553909449,0.755249362363808,0.7372808567950374,0.7285785033040056,0.7165723754841502,0.7099530173254833,0.7073933009027544,0.7078743773555902,0.7065038175026491,0.7089174430984251,0.7150950663513613,0.7351122735095927,0.7521846994658593,0.7703083002742963,0.7912352624240337,0.8324392048803335,0.8776172762162885,0.9122935637467141,0.9506473995961385,0.9754908565775046,1.01017245646775,1.042160227979932,1.0692738577412364,1.0893410728955069,1.1000626975631917,1.0988562941638984,1.0918280175407344,1.090472194910996,1.077699619788948,1.0657359722432085,1.0457366080114756,1.0409943351522313,1.0244226194037773,1.0044624582062631,0.9979824911757027,0.9946000959696301,0.9768273192933539,0.973113517440335,0.9657400174376273,0.9638911110625532,0.9510977135214005,0.9465258824706078,0.945748582703282,0.9509202833469461,0.9540152997303376,0.9469706894371529,0.9502294330414411,0.947119395308668,0.9529996064640802,0.9511219414445079,0.9534725749673137,0.9597986368328224,0.9670498139101011,0.980784234590156,1.000702379653608,1.0286170575401135,1.055324591209742,1.091225405416044,1.1379115586421318,1.1582863521422333,1.1966269018859617,1.2425915050495204,1.3023104518995585,1.352912920379464,1.3939305788225138,1.3963475515838601,1.3888378456057742,1.3725489486216687,1.3612645495875306,1.3424276170348575,1.3261754821678742,1.301740790573576,1.2929764471507244,1.3114075872151207,1.2610356097192572,1.2157339602490396,1.1744379220991763,1.1382351537779907,1.0950629812102561,1.0727160224678935,1.055581518011818,1.024838952077719,0.9824354031919341,0.9848572324313879,0.931888382144458,0.9074640246013138,0.8710371756582511,0.7018911233308234,0.3861421177499998,12.2226,10.633592,Careel Bay 33_11kV,2
caringbah3311kv,0.8620056770449313,0.8356948588166521,0.8114844816066771,0.8375807415283473,0.8716573326042715,0.869141573970245,0.8422886714476592,0.814772686192419,0.7894690917780955,0.7866617382143852,0.7624805721997605,0.7513776521832994,0.7310821002221712,0.7162272358907619,0.704088081079343,0.6957906735332455,0.6926505756158085,0.6919940994429153,0.7001558558777771,0.7075368231523815,0.7244052614903679,0.744525338580974,0.7671547639606477,0.7914983349354409,0.8396694619031089,0.8800035568815889,0.9174831941055208,0.9448684690420345,0.9746741881627157,1.0205857540147139,1.059088232559796,1.087335850252749,1.113349228809601,1.1280273077051417,1.1390578413715073,1.15542493847412,1.1611398956397403,1.1633795805654894,1.1579737781914003,1.1559483592461064,1.1573298411531667,1.1532401236078544,1.148225097904505,1.1506805585756492,1.1455667288844749,1.1463603984216224,1.1449454777353094,1.143926987196395,1.1342138264939574,1.1284086637108617,1.1308182604067158,1.1375015903802996,1.1270424377832464,1.1211845865900616,1.1191555562569724,1.1261237887944393,1.1226001283583622,1.121090381199709,1.1147745459977068,1.1083506150571851,1.0935294740792512,1.0869260915841088,1.0778241647931712,1.0920909570437194,1.100895075758569,1.1085220917464402,1.1201032162581648,1.135169093894761,1.141075400384749,1.1558054376728613,1.1688287646159674,1.1801197270739145,1.1732919268407145,1.1841788274347589,1.1764523751352567,1.1580608567166617,1.1353863292608388,1.1163353011668478,1.1169084431451,1.1057281565161354,1.0891824951285887,1.0746018327504734,1.0548177972697093,1.0318969403939207,1.005440207541829,0.9861910302647754,0.9614297470590473,0.9337987027659462,0.9144266824920086,0.8853585196666722,0.8636387884980116,0.8410081662427263,0.9245936259363495,0.9279283653018285,0.9091049386616208,0.8880769961020837,0.7992022807779804,0.5551190000000007,21.435902615,17.8904775,Caringbah 33_11kV,2
carrington3311kv,0.862061599519777,0.8375429615576847,0.816991254806139,0.8286682253477191,0.8060912520133124,0.7798066119194391,0.7663809834211688,0.775254828203351,0.7675257602498878,0.7511051512361472,0.7422087157080762,0.733764605147005,0.7262424215873405,0.7159699024101435,0.710993727044421,0.7101219810479463,0.7120865648416892,0.710919377302353,0.7131783198721143,0.7254177567443642,0.7423888828026143,0.7575371610394376,0.7722934408945269,0.7915156677611286,0.8232071893130529,0.8495652726011137,0.8931118708009547,0.9209141941985483,0.9636619091415127,1.014018977205506,1.0681442178049043,1.0908321688388862,1.1075001343539592,1.1280714248554262,1.1447380905743836,1.152237555408651,1.1524210935361703,1.154991140626123,1.1577486017674452,1.1555639673316258,1.1613357221865366,1.1640741376729644,1.1737110176123455,1.1623483271121027,1.1656902066206456,1.1681942174682456,1.1640439723681812,1.16199264843717,1.1668767293277262,1.1679071386303919,1.157513441440183,1.1548246683790413,1.1553631051809097,1.162276127655427,1.156200054624819,1.1541030431774362,1.1476859030536792,1.1481926205334836,1.132033209465464,1.1301867182686636,1.1211612172316916,1.112243199741927,1.1191110241659676,1.1175370572100451,1.1141115011668008,1.1149457620075993,1.120857246134941,1.1251458103643204,1.112310140441592,1.1180303148341608,1.116731153820422,1.116209046862679,1.1070517331170813,1.1076176687103234,1.1102591124893355,1.0976440071615032,1.0908216757923328,1.1054042407430462,1.1014120503623654,1.098419157026107,1.0887024084932895,1.082160264660091,1.0646223458040394,1.0497999887282188,1.0383660662076761,1.0096496663262253,1.0011808188510105,0.9753727712536139,1.010618012535775,0.9681201778445704,0.9354582586726651,0.9041782614807334,0.8872850583002995,0.8646290823307652,0.852407019844652,0.8530787092306681,0.7477872816811697,1.0558029999999998,24.52578,19.037122,Carrington 33_11kV,2
castlecove13211kv,0.778664341850375,0.7715349422977794,0.7550170533121293,0.7340108386456237,0.7286808017074433,0.7170236350739551,0.6961673895248114,0.6833985512012466,0.6712392526266193,0.6603540896119681,0.6509545332430271,0.6427064183296951,0.6356979602699865,0.6305883797557513,0.6283081202428896,0.6240353997849685,0.6210697380569272,0.6199834708222963,0.6196468089759011,0.6196468089759011,0.6307868222389459,0.6489589786272307,0.6643821834935836,0.68019024597715,0.7155885033971003,0.7469530176066573,0.7870763285348833,0.8277840098515965,0.8893881761024939,0.9470031946823965,0.9949324421006992,1.0304238857186943,1.069819279855509,1.098413596029907,1.1109543564802806,1.1284786663152284,1.141307227881742,1.157666478864344,1.171278907530143,1.178593917280923,1.193533924308931,1.1962202161068463,1.2045404086044418,1.2063580226622141,1.21142548052364,1.211677470516763,1.2158123078995047,1.2173342638679676,1.2237251171961672,1.2213348921440674,1.2243156598129825,1.2263798619191624,1.2276724100966643,1.2234709660304626,1.2213246349221727,1.2188722985820313,1.2158123078995047,1.2118144671029458,1.206440812026711,1.2037355040340143,1.20206142192696,1.1998374280344306,1.1997593860306557,1.2025480874240615,1.2055297971206016,1.2198187354062417,1.226211394771905,1.2386342000562875,1.2448277758073008,1.2539787781566478,1.2547675591964278,1.2583618438905277,1.2341427476058613,1.2188103810626936,1.2083495031479317,1.1957478180860228,1.1746739086249496,1.1522508408156744,1.1432000617327092,1.1312528905082933,1.1183711674258168,1.1039062881999562,1.0878649893839134,1.077772697834983,1.0522367679822964,1.0257003344019295,1.0005406758112607,0.9712978971071762,0.9513516615543767,0.932643220882056,0.9098717246267407,0.8865793715204953,0.8576852734296981,0.8351971093961685,0.8261714671688057,0.8075350147321368,0.7637385128202437,1.3218210000000012,56.84408,42.1515002226,Castle Cove 132_11kV,2
cessnock3311kv,1.1524662525653644,1.1333810184445925,1.0780383161683462,0.997214614020688,0.9242226354560056,0.8667091772519514,0.8360902433069739,0.7928503054544336,0.7582037225936983,0.7321755698850393,0.7125880299305011,0.6978937420330221,0.6934113338332656,0.6846539649759089,0.6791004229457773,0.6782538772117818,0.682459289438971,0.6862601152214526,0.6960133028177914,0.7079271623385681,0.7299936981969488,0.74741654732167,0.7660388379705272,0.7938368074936578,0.8352391495698663,0.8582751871811345,0.896731913072949,0.9275123751796462,0.9504875400017905,0.9790270099927558,1.0089751838386882,1.014312907153703,1.0222672182821928,1.0215896093940815,1.0281237232719056,1.0301191431679135,1.0289590822060377,1.0211884955153339,1.0121095903203714,0.9987504256108851,0.9832308940272203,0.9712278596826628,0.9605962957423378,0.9555784977088067,0.9549933819021378,0.950960587961778,0.957124437846421,0.9622325256027342,0.9683541223464927,0.9723581339059312,0.9701375645918163,0.9710899659108445,0.9773048466054619,0.9826354800248359,0.9784628330585706,0.9818782215864571,0.9889854141164689,0.995900518283543,0.9996694098557405,1.0019740950753055,1.0085833391755168,1.0185273684535099,1.0284863272608515,1.0495189770306308,1.071721199747524,1.1011243413207392,1.1328967000652075,1.1803678804602946,1.237939083644223,1.2912083123484146,1.3347302589625945,1.3643016578653833,1.3733348268451904,1.3751735178889593,1.3624073341291005,1.3474232410637297,1.3235945496839367,1.3019107904377039,1.2833726285685378,1.2659263073963265,1.2357383630220726,1.2087688200568558,1.1883057756936448,1.1576983073861913,1.1206872978911766,1.102691455235656,1.0975860967858695,1.0641702036610872,1.0298812600600826,0.9848132274930227,0.9502223684835689,0.9105403519474363,1.0589852203589465,1.0896318445487396,1.0328615553258573,0.9693065832296699,0.7085414163482051,0.5117232499999997,20.74537,16.5176475,Cessnock 33_11kV,2
cessnocksouth3311kv,1.2149994899258367,1.2040209287349963,1.1629492166681663,1.1073510928418169,1.0619993546661162,1.0058021700626456,0.957043368995922,0.9087018175783689,0.8717909377508102,0.8407352064069494,0.8164131553402596,0.8081145445245871,0.7952772328397663,0.7832775684370857,0.7765395022171079,0.7758183911657437,0.7777215212392231,0.7815740520418071,0.7994772016931732,0.8163519687627987,0.8437796512100835,0.8649040411410637,0.8815483455592233,0.9005074292309238,0.9422393196697741,0.9771205202637543,1.0030271015467735,1.0263269340168963,1.0274629961985946,1.0397740841325227,1.038299578915366,1.0294908039112536,1.002631335908401,0.9828538265706378,0.9718197359820654,0.9550509995500849,0.9262377391438034,0.9013660854048051,0.8571831053379846,0.8160569480196214,0.7818036806948511,0.7559946342021344,0.7345377329766907,0.701842915818484,0.6777244574074409,0.6711095835529965,0.6664145525917043,0.661633571183586,0.6669076091643102,0.6732797706155499,0.6714783128255211,0.6814354792599067,0.7022996462860377,0.7104850323566192,0.7054001053150742,0.6975148292507312,0.7195642997013112,0.7443776988447717,0.7589316078773279,0.77954836914143,0.8082294745066498,0.8410727363677775,0.9039091652009912,0.9418719994865823,1.009055055928612,1.0751047966241942,1.143928291373299,1.2088499473720689,1.269374829205126,1.3491917585031676,1.4257828695644776,1.476135632921136,1.4917108911409798,1.4983746605092256,1.4926631534080606,1.4815325841115996,1.461542446206861,1.443386440465376,1.4225175407618844,1.4068073134821353,1.3787337672748634,1.352510598109236,1.323035141776336,1.2976713219702685,1.2662887392129718,1.249091593581872,1.234750020451189,1.199165815794117,1.1588468733020374,1.1269210366098272,1.1028155293683184,1.0707382481585415,1.1905385675797284,1.198981907843667,1.157261176791945,1.1256848823615913,0.660521678136917,0.8038759999999993,25.00292,17.431296,Cessnock South 33_11kV,3
charlestown13211kv,0.9864347201609897,0.9426331622124104,0.9285409450742517,0.9722574537842615,0.9165067871944497,0.8505131612087397,0.8163919256753781,0.8046058286092355,0.7736772141091094,0.7326234575885276,0.7085250273984333,0.6862172189330629,0.6639156718606535,0.6499537000222004,0.6407880646464165,0.6340324670026255,0.6287884385057542,0.6270251169524452,0.6263435551980473,0.6282684815070407,0.6495472279480314,0.6685031237469169,0.6882929386817912,0.7083439767644135,0.7596870671210774,0.8048744181695235,0.8600296608435263,0.8803711957843875,0.9315573196114104,0.9878118026712249,1.0135466565200697,1.0407945474054476,1.0575319391938716,1.0632351220308147,1.0712199870736268,1.080935283082702,1.0886250176770513,1.0863820213445123,1.0755496449846993,1.0679849201153766,1.0623558250590606,1.0518562394438502,1.047670803801851,1.0358208529734954,1.0325817802268127,1.0283051278893567,1.0306914692781077,1.034991131327248,1.0413317884647009,1.0433811624695775,1.045233188493738,1.0434988265285978,1.040595385844547,1.0444152167471292,1.0407801310639653,1.0420465474722536,1.0408870391702152,1.0437057648474621,1.044215264031662,1.037658572174199,1.0385719769800574,1.0452298189179048,1.0686810509869027,1.0943187201298257,1.1239327622366664,1.1620734263011627,1.2011320124527112,1.244333685469449,1.276352953288175,1.3133871385195766,1.3249850979067193,1.3149023312023136,1.3042099558624363,1.3038944572720284,1.2926966661784753,1.2777447264289608,1.2564320320102227,1.2812844144284319,1.2314893752003466,1.1940307943513766,1.1599226276672177,1.1414341922794162,1.1205876126207366,1.092218423684727,1.0666944245520114,1.0288409246400811,1.0490767643281527,1.0253731897628389,1.1535996086560854,1.1224038599134432,1.085990166661167,1.0495176679926796,1.0244204835492992,0.9732789330817756,0.9475869822779399,0.9744823564863561,0.7273061713493314,0.957234,33.06793,24.333012,Charlestown 132_11kV,2
charmhaven13211kv,1.0463537699347483,1.0971360198665832,1.1288704731110906,1.0613193034486885,1.0024037226055476,0.9414946995511122,0.9990475758745494,0.9662349431666263,0.9017896353940817,0.8443698856672652,0.801507341213883,0.7663120372840333,0.7448423804332461,0.7244151141913463,0.7143244728838227,0.7079307018462216,0.7026198738560729,0.7062454247637637,0.7116400541091956,0.7208403085926081,0.7441992377060341,0.7650178119663816,0.789491172006935,0.8040142312825688,0.8348466819386914,0.8841647209252137,0.9199778079937062,0.9669936401205733,0.9579998657029658,0.9749305445393276,0.9925642714993508,0.9956734918756563,0.9932161937247678,0.9996248841068037,1.00574003640558,0.9966409545135674,0.9822698479297964,0.9695065106766959,0.9501324055606309,0.9254587283191935,0.916608175570885,0.9054903240927187,0.8945146202544302,0.8899890153907162,0.8769919896848948,0.8775120463744313,0.8766623553471964,0.8759865507838236,0.8745770623751159,0.8625058257892984,0.8605040147698199,0.8669296888607849,0.8753789274415837,0.8756101764233963,0.8819476301544455,0.8990787974561869,0.8950347790074268,0.9040857320812883,0.9096921070141484,0.9238283230529396,0.9344155379763452,0.9630804412508668,0.9877906435109671,1.0354244915804456,1.0595845781356885,1.0871297131687676,1.1442592234770617,1.1833548202158812,1.2135840642183984,1.2683275465928823,1.3028885298776243,1.3395804480327416,1.3444701380615844,1.3511226315459037,1.3460935116068,1.3360908676874559,1.3216584105723446,1.3016282407219,1.2953476617293223,1.2773810453696355,1.2879274678858013,1.279281658837646,1.2545872046311306,1.2275234713452052,1.1951077887716735,1.1807524273347145,1.1374772802055808,1.0950560264375584,1.0571959501115489,1.0810408863678505,1.138983078246353,1.0812571973853449,1.0883933177624079,1.089926905787881,1.1241481806948048,1.1030396943474343,0.7264219880884802,1.324447,44.76005,32.080504000000005,Charmhaven 132_11kV,3
chatswood3311kv,0.82858290090503,0.8117397472701381,0.7888308201154135,0.7699765933186242,0.7673885872575521,0.7518267917969975,0.7303349395443,0.7118602340528133,0.6991064513047692,0.6855117797989148,0.6714408643768559,0.6623178111737041,0.6554336519086705,0.6492224250231386,0.6459703827637642,0.6421404883069406,0.6344008852230391,0.6317044485529346,0.6317518398451101,0.6323460994403196,0.642089124675421,0.6525898135893174,0.6681742378693634,0.6871245171543585,0.7294768004292917,0.771334414200161,0.8253061305858423,0.8884668883469679,0.9596502630509177,1.0333350044109668,1.0704454998749604,1.0923182098640538,1.1110652347394183,1.112635684456398,1.1131997677183199,1.1145621334062141,1.1217471495785223,1.1234221639033128,1.1243975465338405,1.119661410309059,1.1176050179955257,1.1182004017919436,1.1173274808486142,1.1160314559099338,1.1109663176912095,1.1090857509067904,1.1093003533771393,1.1098707142468314,1.1089345137669775,1.1071666984142488,1.1056266693998265,1.1020817722413707,1.0994175321838755,1.0958654068040274,1.09227686929202,1.0888993359282766,1.089812991669626,1.0879876576584784,1.086948981100233,1.0873467155469194,1.0854573087288701,1.0826715305877441,1.0911304571513987,1.099803090915545,1.1185615494278516,1.1303706705465086,1.1467081275028987,1.1676288647055115,1.1971096551788538,1.2294881843381222,1.2519958849746602,1.2746179684212215,1.2764236095080679,1.272190108157118,1.2753445265605259,1.2755099758429762,1.2697169036271692,1.2580926830434191,1.2452727686938618,1.238798394572359,1.2249282573920108,1.2111354742637537,1.19896592315935,1.1850640754310782,1.160746968174766,1.1348271596298152,1.109736407916426,1.082920948025992,1.062776649531659,1.0400305105649754,1.0134237593524424,0.9749774136980163,0.9383966973569872,0.9043529359332483,0.8897418955083769,0.8574402881268282,0.7570462067559549,1.0772005,41.1657915,36.929050000000004,Chatswood 33_11kV,2
citycentral13211kv,0.6576348536218815,0.6462923374673124,0.6377177374701605,0.632619643169513,0.6277654829590101,0.6201156286607764,0.6153215454152858,0.6091486896657102,0.6040662594361684,0.6015607977116993,0.5961240121405863,0.5922960531842762,0.589485839716052,0.5890980315355735,0.5884114600555713,0.5905626348060152,0.5903405658047644,0.5915450696261738,0.59335460411514,0.5978857854405449,0.614012886849493,0.628613827293937,0.6476482636361589,0.6704700320076847,0.7378360510056866,0.780088156723018,0.8200782485603686,0.8584749604214327,0.9394354853406925,1.001106590742036,1.0577859138612171,1.105043533390777,1.1698837732029224,1.2109437256187991,1.247779242401987,1.2769074739376027,1.3043510292939997,1.313499489431668,1.3218885790840422,1.3274009316067845,1.3384257036798617,1.343213211129977,1.346649913830234,1.348802561141551,1.3543245996975803,1.351371434657303,1.3531129705815286,1.3589894939729235,1.3703713638864636,1.3727646001150051,1.3764391097765019,1.3774920174892558,1.382412280717811,1.3791843741053111,1.3766952841053683,1.3753293867708898,1.372132082424585,1.362160410391484,1.3545912663001838,1.3521156318352205,1.3445563811713035,1.3352604402736288,1.3296083772962968,1.3232674100158395,1.3204508564764748,1.308930772385572,1.3066792297079166,1.2983254416113241,1.2890102731872957,1.2690850473369149,1.2416242777728232,1.2085066225610228,1.121409587014635,1.0797219224414947,1.056054011235666,1.0292991747196896,0.9907772220875322,0.9611151904847948,0.9465923923212487,0.9338943003483621,0.9142789845807512,0.9004502965626434,0.8893998293487716,0.87825899300933,0.8619507731934152,0.8458725388901659,0.831808123449103,0.8163176397091111,0.7978432574784342,0.7786726624558741,0.7629142317685373,0.746836310971867,0.7282819030183927,0.7139656721299439,0.6998385665825575,0.687968363379697,0.7186951808307251,2.831374,97.18413000000001,87.92863249999999,City Central 132_11kV,1
cityeast3311kv,0.6427258176848057,0.6345564790188595,0.6236160519472997,0.6161904910306578,0.6116121336783908,0.6064539374484477,0.6028801052076589,0.6010990639118708,0.597157038040245,0.5939658489076722,0.5914499696024751,0.5884387758640784,0.5876256152894327,0.5876256152894327,0.5870673282142963,0.5871006149190787,0.5836351449609484,0.5836624445703331,0.584642283610536,0.5847975282189323,0.5976280560226597,0.6127087172702382,0.6315625119620426,0.6572116163915792,0.7434472542715402,0.7858008482908531,0.8316785895789952,0.8850681302755564,0.9715470050916775,1.0234570809227288,1.1001884053693634,1.1492308766882384,1.2008130740269563,1.2318387100960722,1.268029797188941,1.2920937321506043,1.322432109881323,1.331576066348161,1.3442814629167892,1.3489908552604204,1.3525793516779552,1.3547081995753736,1.3580551877798381,1.3601776174096905,1.363537481321144,1.363745496843492,1.365253855322848,1.369826601036842,1.3818786537658492,1.3821833485013055,1.3835204671135077,1.3844758922589282,1.3868335221074897,1.3825383458288012,1.382024736164378,1.3839825863615933,1.3805819114447295,1.3752635781060931,1.368090370566824,1.363245550882579,1.357171560226554,1.348065361302935,1.3411056680712226,1.3315895944560137,1.3172179933453743,1.306223745548131,1.297095139925033,1.2896591448941868,1.2769379113783794,1.2530383588161667,1.2240370054525258,1.1928227742967263,1.108114819563715,1.0568163736596807,1.0247030907131345,1.0104046160148736,0.9820337416942394,0.9553331337567675,0.9415188203974126,0.926129197439837,0.9118819892039517,0.8979606008473137,0.8866459636297692,0.8736617296873843,0.8529769520857315,0.8357285820978608,0.8237192058763796,0.8098341276781954,0.7865730334137099,0.7713677792172844,0.7558032551949501,0.7382500049690253,0.713560239506903,0.6920541485722659,0.6768279628024139,0.6647464327745,0.7142454071634057,1.1069860000000007,33.75146,30.300742,City East 33_11kV,1
citynorth13211kv,0.6729009871663153,0.6665830826964867,0.6604156177421581,0.6540441294604896,0.649504665177439,0.6442520851040567,0.6415624253234318,0.6377573130060943,0.6348055878850064,0.6325526783669562,0.6320090953182163,0.6313464232436541,0.6302970198983036,0.6272898182787977,0.6278897138599211,0.631365826070712,0.6325331754710558,0.6347368252719505,0.6382788209499244,0.6428900052402923,0.661614680648844,0.6774148747510376,0.6950585652277705,0.7148228444693834,0.7751699169433502,0.8200134512816334,0.8756751662512267,0.917746144326868,0.990311994441323,1.054136457526521,1.1091707330643155,1.1548185779670834,1.2028870336416213,1.2395291520782128,1.2656070466091052,1.2895257386763819,1.3100657430611173,1.3153652948381604,1.323173377237779,1.3294987186763703,1.3370062283785205,1.3412580465334825,1.3443127764492766,1.3472056781396533,1.3450818208541906,1.344958274603204,1.3455982260741683,1.3489505824332684,1.3539642361911162,1.3552383723324344,1.3580572856637125,1.3586557020618948,1.3587954742747184,1.3591924575195915,1.358148669446917,1.3542221206456562,1.3490628690424622,1.3435970034978932,1.3379626644969174,1.3325258079417677,1.3294233897154373,1.3222000012457953,1.3082760041255181,1.302888366213509,1.292892216556644,1.279951598416547,1.273367348709637,1.264261281019043,1.24968700636553,1.2323813219593571,1.2070506859684305,1.169776940185952,1.0640361244214251,1.021732191260282,0.9959004965165811,0.9709536335259327,0.928983879476041,0.9133360142276226,0.900278508301008,0.8902493321182465,0.8761025945917114,0.8679831382014077,0.8585952970479221,0.8447546281274976,0.8331527825366117,0.8196479743464555,0.8053463959521701,0.7933654933696179,0.7851845520674917,0.7693741744332855,0.7511219050856943,0.7401391206708439,0.7224748501386472,0.7083116278002719,0.6983082052281532,0.6900958162434668,0.7320386660147645,2.029500000000001,90.28427,81.33506200000001,City North 132_11kV,1
citysouth13211kv,0.6726227577544919,0.662180483874619,0.6563093008794428,0.6518206819496244,0.6448100566431618,0.6381365506268741,0.632513166105485,0.6272096748664344,0.6220495193681539,0.618441841406704,0.6150421610055963,0.613113383431227,0.611558073228301,0.6096599551910221,0.6072945753358782,0.6064537857877514,0.6041124103869018,0.6039522439268592,0.6039522439268592,0.6041124103869018,0.617843103728988,0.6305983704036642,0.6456243026728377,0.6663197007802641,0.7204913967240373,0.7512593261631477,0.792716361646764,0.8189952937838271,0.8914778946303814,0.9489638738535215,1.0027229569007767,1.0479451071840002,1.1139777920292004,1.147693377997918,1.185945942971411,1.2165123689938704,1.2476991623272211,1.265564297716839,1.2842997916385581,1.3020621786315272,1.3194539540711328,1.3287923808926605,1.3355598929916728,1.340335348769411,1.3454413149129785,1.3460337152972697,1.348382695566522,1.3549531386164846,1.357798355282474,1.35726239645671,1.3594319930534302,1.366177993827077,1.3666476614399898,1.3648973975122307,1.3619429867306698,1.3628333457371096,1.3599831482731943,1.3508434002625644,1.345555028299445,1.3398686601185408,1.333796774917188,1.3245811146597757,1.3199268978621583,1.3159181579109909,1.3093666491029068,1.3028701977073667,1.2981842202311384,1.2894383901689077,1.2789337357752477,1.2694384405531647,1.25083270128742,1.2320478936294055,1.1614076066477952,1.1264663297756121,1.0977269218202756,1.078086443736007,1.0399899861739048,1.0122848568919605,0.9944652327728111,0.9805157715973666,0.9591282004957009,0.946014672159266,0.9333834095974456,0.9191298825871241,0.8931955530901917,0.8741573561377045,0.854451614095419,0.8352097462442778,0.8075546561773117,0.7873769235981959,0.7670913315395194,0.7509497437865692,0.7312705057156197,0.7160397478003379,0.7036660829111603,0.6888495658701544,0.7313960334346622,2.745759999999997,107.96609,94.95586,City South 132_11kV,1
clovelly13211kv,0.8254157148204465,0.8040330463444216,0.786942655866346,0.7701743960651043,0.7651467940482627,0.7498066613077045,0.7349859956189854,0.7199228597177884,0.7108319904970406,0.7021762523826797,0.6920592415020913,0.6876312363177582,0.6836353853476282,0.6822439703665236,0.6783259730723799,0.6767929309544745,0.6741050584644301,0.6743289798921973,0.6788554816908664,0.6849758540165732,0.7040787793646942,0.7225620792843103,0.7378656833066556,0.7555420206669367,0.8063141657313457,0.8529235266568549,0.9137297406867171,0.9717363639024382,1.0406969924566294,1.0760005392553353,1.0963114530320492,1.1119001052021784,1.1159842975918706,1.1146916215652187,1.1029161506624772,1.0970345619671271,1.0951787451501722,1.0954066455544533,1.0911681811794742,1.0911301190879423,1.091204903926389,1.0909257536823271,1.089261699783276,1.0853779131700114,1.086096655601828,1.0813646918853455,1.0846680868760925,1.0784289093017543,1.0811991134305687,1.0740032736830656,1.073445482897825,1.0759873302227179,1.0707606141813435,1.0677502407258657,1.0621270575598616,1.061172050725212,1.0560887328130177,1.0506683967047532,1.0552468230337213,1.0530455378740369,1.0474996763826578,1.055609625723529,1.0634258813949156,1.0671937778624077,1.0805575297393726,1.093067604177613,1.1040717556872894,1.1220983841078846,1.1453898634555926,1.1659379472944498,1.1970852646381192,1.230305839735763,1.263845105132382,1.2850429567420862,1.2998183812995887,1.3038503456428712,1.2957026374841127,1.2874961399702396,1.271371199066525,1.25958962192109,1.2498077668019283,1.2243892221474406,1.2038581949079323,1.1823109271582508,1.1615688330648126,1.1339990691369217,1.1054988341697556,1.0744823710152276,1.0469746266093738,1.0223568220248915,0.9954505229636498,0.9627130702744487,0.9277691855566347,0.9008767621126693,0.8777487430770893,0.8468499928428876,0.751533030269647,1.1137184999999996,60.4982,52.108354000000006,Clovelly 132_11kV,2
concord3311kv,0.8418509961814626,0.8324845779015482,0.8148745779240393,0.8029395388264507,0.7964121176910994,0.7759965284212627,0.7596945966943885,0.7433077505301525,0.7307232064580595,0.7197675389269332,0.7102934652617464,0.7033373890882785,0.7001054699276669,0.6966362715855334,0.6938446913413647,0.6917518452548901,0.6942765772735143,0.6978041350987784,0.7026579121846688,0.7090317455480581,0.7251789653109837,0.7436119904971404,0.76858807221462,0.7908166538160741,0.8256821465870439,0.8539878837393445,0.8856366464303487,0.9204840017161152,0.9754939714141105,1.00853828707454,1.033742318400525,1.0494824777595322,1.0587928748635742,1.06634697317153,1.0715458970689935,1.0772382594450616,1.0805098238434077,1.082826452189702,1.087020611266532,1.0890267610000897,1.0873226645897682,1.08599070625237,1.0829906283630297,1.0842835402310147,1.0895710793498175,1.0940064633714206,1.0994432805970302,1.1029146394195344,1.1044411692917255,1.1006849985281746,1.0986681664850477,1.0997929211317918,1.1038999220469432,1.1042272148966443,1.1070907637164928,1.103455446803233,1.1073430772507569,1.1033025510634207,1.1030815008799433,1.1077840294404429,1.107620128902269,1.1056380831042907,1.1136528053322476,1.1233486203389047,1.1405809546653385,1.1492840506494546,1.1608508648574063,1.1761454717960786,1.1950757023536813,1.2218621950827138,1.2442615127471506,1.2610848754645823,1.2447393018126895,1.224904709351181,1.2146873597195924,1.2068252365141763,1.1997527777976023,1.1903131386597208,1.181638576860745,1.172421103166988,1.1609749492261634,1.1492425863014468,1.1383697408744298,1.1262376481349394,1.106718976702295,1.090041263008256,1.0650616743991745,1.0409992133645545,1.025920424713276,1.0091024193223068,0.9808731431495067,0.943860833699614,0.9121095277081952,0.8918068836511936,0.8831733178465274,0.8581831650835433,0.7838387806463887,0.7850079999999996,40.34326,29.753134199999998,Concord 33_11kV,2
cronulla13211kv,0.9699934761325445,0.9288679091396803,0.8980900796052471,0.917739963741822,0.9954607065137574,0.9965538773776959,0.9451448499554939,0.8875157365709326,0.8496952082272456,0.842681596313723,0.8047712084210071,0.7726534181052468,0.7556041984740663,0.718129596862598,0.698641470372829,0.6827894604817072,0.6758069609499258,0.673356062123591,0.6737019990446638,0.6788937466473951,0.6965381235661209,0.7151391468523055,0.7399500522702327,0.7746690860134049,0.8325708734848947,0.8965094429813083,0.9486874078572199,0.9689119940881692,0.9881692603607211,1.0329514824110344,1.0480734278494055,1.057597821250778,1.0610305621642755,1.0589105696185142,1.0458095566481254,1.0302466720171735,1.017770816729415,1.000298511338109,0.9838219114454161,0.9666432696243874,0.9542344190914546,0.9465551889740883,0.9314182009215669,0.9180023602736632,0.9082536103740492,0.8951212923971601,0.890297226702124,0.8894554251935994,0.879627714379122,0.8761494414075865,0.871538242049179,0.8609403556768047,0.8696953092118911,0.866306124844007,0.8563290781511128,0.8590779955445226,0.8602092840859592,0.8634318112829071,0.8699334232506436,0.8808389794643567,0.8909580991826271,0.9002492789567657,0.9327154601972014,0.961957572378152,0.9993249566739889,1.0361929602237525,1.070043629222472,1.121635193298653,1.1837083172269178,1.247536691620138,1.3297866278918185,1.4006858721474462,1.4358779309710572,1.4599148974597607,1.472838517859509,1.4669462190357208,1.4595151729304003,1.4422620130545407,1.4295341228372958,1.3999458282036132,1.3679860640776575,1.3388159068673182,1.3085175160087392,1.2793915009461598,1.241807500932415,1.1998856473540804,1.1560500476862963,1.1038463226010824,1.0743565845037584,1.0297414626400552,1.0056728022103185,0.9802139607650892,1.1075375631462538,1.1010353032932785,1.0616214380117357,1.0240840206759383,0.6662621666019499,1.6715069999999992,55.25618,48.145904,Cronulla 132_11kV,3
croudacebay3311kv,1.1336459506379308,1.0974175085870688,1.0801874409212968,1.126035530284752,1.0732539002195745,1.0004004462934029,0.9686287900364442,0.9634105651727701,0.938774481296123,0.9000311045176478,0.850724951500678,0.8165166993304686,0.7968600107815967,0.7670781729401148,0.7512134065565088,0.733956667845723,0.7201911687419715,0.7148414049100641,0.7051468990250477,0.7129863750180541,0.7373844508590828,0.7530770865968026,0.7861759301566918,0.8192343771671247,0.8710943095538938,0.9159055160776944,0.9685065678355119,0.9872436399160236,1.0099115405498398,1.0558769511966062,1.07062056514164,1.0747696211160584,1.0589446298575618,1.0535319158954897,1.0324377060217234,1.009770495797771,0.9795397188884353,0.9423053451426143,0.9201255819950723,0.8960941666766535,0.8753468697911373,0.847981894778133,0.8320570626824528,0.8235928634595537,0.8267992421454788,0.8143402278290297,0.788261079247542,0.7954102897317801,0.7818257519414288,0.771078822656786,0.7649456949757965,0.76524207458797,0.766671292689424,0.7628099292693247,0.7622394921920507,0.7823035748650901,0.788489929478257,0.7900958879191128,0.8051380814232248,0.8219129090456999,0.8445587168145683,0.8803050247375052,0.9110975569453016,0.956359575372007,0.9971614429333481,1.0428679710589077,1.0856310433186838,1.1363231764879755,1.204237961321341,1.284215461313865,1.3662806744971454,1.4063355922382228,1.4394926176743827,1.4517501482355268,1.44372342475119,1.4255994622599348,1.401365533836887,1.4088074926793068,1.3759995443235158,1.3382777785069009,1.303889259292711,1.2832823841702186,1.2599025828916883,1.2337270294737128,1.1948491274037893,1.1628656058709963,1.2011771396255841,1.1607434188651142,1.2470942697359442,1.2100984215578927,1.1695975670487404,1.1167517000171097,1.1240555118337796,1.075587700675571,1.0350470449687315,1.060546475493098,0.676908975674852,0.5231539999999997,21.93478,13.886336001,Croudace Bay 33_11kV,3
crowsnest13211kv,0.7501253484428305,0.7345831055333344,0.7192008331250611,0.7049880524627571,0.6933772572511752,0.6821772010688005,0.6717600333848662,0.6616702223801314,0.6554931298361091,0.64972053006572,0.6441592803927199,0.6410402203807635,0.6372698062215757,0.632919635288396,0.6318068059058475,0.6310752993803013,0.6308548377078548,0.6306173630407905,0.6309588666210216,0.6330007143519335,0.6454481019634994,0.6629513212627638,0.6812736005855398,0.7085238946971115,0.7539600868665673,0.7963022369982415,0.8449685315602156,0.9156760817832501,1.0062981616483098,1.0664347084049706,1.1023268626024343,1.1316193989241032,1.1686234099290662,1.1850909574665103,1.1911365688480138,1.1866832549819162,1.18101611644492,1.175929605164125,1.1701579573725942,1.1677114261909205,1.1694152183252895,1.1693423051849825,1.1649493506343414,1.1630764490204213,1.161034195338877,1.159321178228321,1.1575142012860689,1.1586854850254518,1.1638784000602747,1.161151129642723,1.1578258104080794,1.152734338183578,1.1491187496437614,1.1457657084126105,1.1450614790427915,1.1376999146591622,1.133886089321304,1.1321812392546367,1.1296304132362098,1.127306361289321,1.12453799194515,1.124644162850703,1.1274361430522248,1.132557055316833,1.1439661650710329,1.1555666095203945,1.1698818602321286,1.1935095698265288,1.2181115983453863,1.2365576923499508,1.2512344538111326,1.2634455955122144,1.2500567072500073,1.2463285985384882,1.2487421225981417,1.2451150381015759,1.2376079703297973,1.2285495901577297,1.2180350183112338,1.2011745489246177,1.183574914929893,1.170047186343856,1.155732868916879,1.1382163535190686,1.1122280604470252,1.085173357135551,1.0581680226799666,1.0291840532922754,0.9933398828877025,0.965976722710318,0.9252436018757215,0.8858226478542379,0.8497483955179379,0.8176577309955507,0.7923369277744986,0.7719819383389798,0.7671820232442979,0.9512248000000001,37.50946,33.06336125,Crows Nest 132_11kV,2
crowsnest3311kv,0.6894017320264518,0.6647281584957732,0.6382780063355831,0.6154547442021698,0.6035867908643026,0.5911787689030178,0.5750042005716567,0.5624964107550889,0.5545687930094717,0.5479571474901465,0.5438977828680179,0.5368692102679122,0.5323008711383864,0.5306744021043349,0.5288614254226781,0.5255269985372392,0.5250502430291473,0.5280928087736999,0.5288384617197129,0.5319719406591862,0.5443178263099168,0.5537383755872061,0.5761936000021693,0.6083552966470366,0.6582068894847987,0.7192657833943021,0.7818471512671653,0.8747352810027172,1.0031053877187812,1.0859406159110352,1.1497141821748091,1.1908314085608034,1.2150429436708716,1.2278836224305005,1.2348856002368225,1.2323865061751247,1.2329459009411432,1.2197083247915745,1.2196493816171405,1.212355163020135,1.2197589049045108,1.2210179578630722,1.2256179384135684,1.2221973164419722,1.2262100319617992,1.2283133959863624,1.2248171579454448,1.2288738195293396,1.2321903071173639,1.2327459533058283,1.2304825493555933,1.224425751230158,1.2168021019860087,1.216087589841995,1.2109314755573795,1.2061953102218739,1.2085921071079624,1.2068396827482186,1.1962054773168813,1.1936694056676387,1.19039482339008,1.1820532303963402,1.1835528444624437,1.186200756436756,1.1870794504114688,1.1900345081289405,1.2070951096305278,1.2298538488539763,1.2649125614844248,1.2894014242791558,1.3045452731514762,1.319799186627277,1.289115014762198,1.280360337570043,1.2777391219019192,1.2803481997855102,1.2682186588261242,1.259083352102982,1.243769026350899,1.221267829622634,1.2055475242699043,1.1869639341843905,1.1706823965218254,1.1582790881717326,1.1301134104146668,1.1052601540609115,1.0759116011773435,1.0429617570557728,1.005907586437356,0.9622551625813194,0.9166193995921053,0.8646291099761473,0.81682936182554,0.775526744093975,0.7467663486857237,0.7130994901551063,0.7274642069048455,1.0686359999999993,28.85404,26.280726999999995,Crows Nest 33_11kV,1
croydon13211kv,0.9053833992500234,0.8910611346608894,0.8669119349327502,0.8455410175840361,0.8419235823773747,0.8105837139999673,0.774113203473556,0.7517754187174428,0.7360722819181816,0.7228380883295255,0.7106109296235307,0.7045548656293773,0.6938493849150875,0.6894210527492679,0.6835899497465249,0.6804799235991942,0.6818538689331956,0.6851779607126127,0.6934828086481128,0.7039418137080128,0.7211716447576398,0.7387406608891586,0.7503126021036749,0.7588635228017007,0.791082907493892,0.830267189470874,0.8762061207266122,0.9313139957274659,0.970050735130196,1.010672781027642,1.0381750682491264,1.0473598862752702,1.051793960616321,1.0607281045668566,1.0696216725663656,1.072153492331851,1.0651434159903699,1.0555446254588894,1.0382905109635647,1.0309263188418774,1.0259620990056457,1.0096548710204936,1.008319380933159,0.9999568961401422,1.0061379769149545,0.9942823882571276,0.9970170381989676,0.9874160204230431,0.982883405340489,0.9842133802362228,0.9940631168089241,0.9793031100023707,0.9830663321113836,0.9737754862355803,0.9679392725620766,0.973352974291846,0.9742242218644056,0.9764016664870138,0.9788376254165928,0.987962755857318,0.9897710931823313,1.0021382219984396,1.0287242320634702,1.025399371957267,1.0371901840866151,1.0683078100278303,1.0930966139042053,1.1281723100521115,1.1673623158995692,1.2084461695411965,1.2452314183481157,1.2886632598836174,1.3184419904484312,1.337556137177611,1.339069349043892,1.3423553511039101,1.3442041083732668,1.3445736390032208,1.3378802916736068,1.3288826785802674,1.3192050238292854,1.3043358295575194,1.285705625954281,1.2789214605877626,1.2528262628720062,1.2234391070497705,1.1929579219068767,1.1638214423734081,1.1422875920544386,1.1146770910866586,1.0801321023985793,1.0372041234414886,1.0001290325714587,0.9774031498342326,0.9572451251319903,0.9278869953955128,0.7263841779668342,0.9623799999999993,36.53426,31.916754000000005,Croydon 132_11kV,2
dalleyst13211kv,0.6442617825150889,0.6343767189603897,0.6299096851599665,0.6235827478279995,0.6212600126861558,0.6293381530830924,0.6317831409151708,0.6320224771111724,0.6278413723145145,0.624505693114388,0.6232682673771437,0.6224057925025471,0.6212564914411765,0.6153924963344076,0.5931587709798414,0.593149429703776,0.5927114806183292,0.5933787819118063,0.5946342919829991,0.5982337653650306,0.6187785791719592,0.6318510832565798,0.645183695345906,0.6727660638518265,0.7390958449105991,0.7791514163528377,0.8247253342311194,0.8675970120522029,0.9635782265535119,1.0367787000887618,1.0942965221214456,1.1472449937616571,1.2042399347593515,1.2404919117394364,1.2706587261731013,1.2953650500430032,1.3205361800364623,1.3295665148519311,1.3363822141979886,1.3420195136894597,1.3515059034566461,1.3547241197744886,1.3613484848428483,1.3652906067611705,1.3688892025640278,1.369548450927049,1.3707031763207673,1.3765126469509776,1.3868920865460321,1.3877575553742194,1.393000381920219,1.3936525025145385,1.3964895938806532,1.3983936185810675,1.396014372015706,1.394944769731491,1.3931703185058328,1.3835620885914544,1.3761971294335211,1.370081237403545,1.3614190250202651,1.352863719405761,1.3467158433468491,1.3390483560983915,1.3235680300225976,1.2988805228673128,1.2894013774981146,1.277700125548359,1.258987969029353,1.2428100673320517,1.2210348605911043,1.189198708125141,1.0909882945602114,1.042787709109886,1.009943015329467,0.9852314373820098,0.9440556462451436,0.9244789342751357,0.9061264756019389,0.894086537765908,0.8779249866922212,0.8649158636577816,0.8517778837148916,0.8414435102080784,0.8236297745760204,0.810937833208296,0.7999270088461505,0.7946123119676791,0.7739571856220905,0.756739737839178,0.743698205349933,0.7209708130636281,0.7116227327447407,0.6901080111020094,0.6791955148448846,0.6637548562170147,0.7131702821919375,1.6973145,64.62273,57.493222,Dalley St 132_11kV,1
darlingharbour13211kv,0.8414128332655371,0.8290132849262204,0.8178391642090338,0.8077467025553201,0.7987907564132883,0.7898900374022534,0.78183806131155,0.7750657157486023,0.7695548878811912,0.7638164112747409,0.7611000758595171,0.7561367512893168,0.7535756823863746,0.7515655862454013,0.7492414389662677,0.7487900850634834,0.7496315725065159,0.7532781974745025,0.7578539008038442,0.7597896493471378,0.7716717569406698,0.7885498917335367,0.7984824010530468,0.8151633990405165,0.8429227449141177,0.8612378556352035,0.8801726436380765,0.8974573300255732,0.94174218270067,0.9781636246052284,1.006094723312901,1.0275378544088407,1.055871110327048,1.074986147030335,1.0871216752387154,1.096554355300076,1.1078811502597983,1.1103471799677436,1.1152074143013577,1.1179709249611391,1.1253468232203085,1.1265462694897954,1.1289337097156074,1.1301553073826818,1.1301003588942538,1.1316609052674786,1.1324319761072625,1.1371175046652187,1.1390042663251352,1.1392698848321718,1.141637285008724,1.1406614012023135,1.1435146643611092,1.1406650177425144,1.1385685840461688,1.1377775137360848,1.1367547965904872,1.1373003287994596,1.135278208284716,1.1351438102824176,1.1321566325679737,1.1309631540453344,1.1319831549859276,1.1326900660689039,1.1336007903397334,1.1339206322820803,1.1362311939429746,1.1422083421598368,1.1466922628364313,1.154047029045258,1.1582960702954561,1.1567927850706685,1.1329945580891296,1.1261428859291356,1.1238318956508773,1.1236204550181341,1.1086018902679216,1.1026899702829613,1.0959345218090366,1.0893969097004454,1.0809625601987385,1.0700248562828407,1.0629027494987038,1.0541091273388348,1.0424196293007097,1.0319287327196205,1.0226174332193505,1.0080388391052386,0.9903846298303638,0.9733324212347533,0.9558822767198857,0.9374419938349747,0.9189738030482129,0.9042211380418107,0.8866835014336473,0.8683453315254919,0.8455959518272252,0.9059605,50.66706,44.81498,Darling Harbour 132_11kV,2
darlinghurst3311kv,0.7742439999143016,0.759339806925302,0.7460003100838354,0.7330687727347676,0.7251280027413897,0.7184411388857157,0.7110973813521198,0.7039085408298064,0.6983152016038281,0.692697138017229,0.687072154470792,0.6826935806368815,0.6797299087032901,0.6767916017773964,0.6753978912597518,0.6737542224885295,0.6718690456738434,0.6727372255862745,0.6746394054685588,0.6788495457860414,0.6949580476279802,0.7134388265966154,0.7309469062761288,0.7528460578977547,0.8022492368078662,0.8361008825333589,0.8708361699958675,0.9097569220718436,0.9788233481987066,1.0338751952496472,1.0784112281673655,1.1123923000710663,1.1400894003038033,1.1583988453424683,1.168338487031412,1.1773075662856365,1.1834579969074983,1.1851073838794575,1.186916910699354,1.1876858057882054,1.1910485492809486,1.194022402101558,1.194240027413385,1.19546980714931,1.2003291153753743,1.1986783319133987,1.198307040727691,1.1992755290123795,1.2014191532336957,1.2009118921213975,1.1993101039561502,1.2002761029096545,1.2008007188344298,1.198734075089248,1.1940486069632352,1.1902828752686028,1.1871713728566093,1.18407942878647,1.1822611108950656,1.1750968971652471,1.1729206247630128,1.1678251978395393,1.1616701792108546,1.1623635652092568,1.1612714144002858,1.1622167389705709,1.1604733884890963,1.1651619145585235,1.1659012116239404,1.1674900401745913,1.171797531723626,1.1732917761576769,1.14102882071417,1.1263563046625649,1.123554355784829,1.122303840558249,1.1101478903978033,1.1036513959560428,1.1000323385553763,1.0929227014010763,1.0796560577553893,1.0691862143671533,1.0587642468423206,1.0447406699153532,1.030384564054652,1.0155251433019614,0.998921181989385,0.980031728986254,0.9559547408749243,0.9296518638734838,0.9063146810590871,0.8820407398714952,0.8581698454863058,0.8362931180701114,0.8186405911179715,0.7998678475575408,0.8137770070065542,1.0998207500000006,41.516515,36.596062,Darlinghurst 33_11kV,1
deewhywest3311kv,0.8438755308532592,0.8126319593273195,0.7934676748873919,0.7795447533697718,0.8554698434060658,0.8440727785427995,0.8096218938755062,0.7739069047085143,0.7496992719863562,0.7258652645705023,0.705365009499655,0.6928390271505749,0.6827060085197607,0.6736188910752698,0.6664679192204849,0.6631065736820101,0.6623483528458521,0.6650496072023339,0.6651704068084617,0.6739518911710627,0.6935566076681593,0.7111170501269694,0.736518164708428,0.7700106089608806,0.8250090812245101,0.8777723801412657,0.9333356235539153,0.9848695127668701,1.0245404582009754,1.0709629813287966,1.0921314122601642,1.101669076119284,1.1093590122322412,1.1072212789974303,1.1006137095556736,1.0918221492857951,1.0826752418976202,1.0696305438908573,1.057852006739073,1.0440726922406536,1.037661887783195,1.0289829206763557,1.0131145165451758,1.0053325497910852,1.0034746770608083,0.9944372265361192,0.9844893150065391,0.9830575358440861,0.9804729730893036,0.9783918612322706,0.9805638055867943,0.9764712186533439,0.9709965933025787,0.965516807001285,0.9686129491764423,0.9671926653446491,0.9671662871800649,0.9660576221104614,0.9659671558197345,0.9689139773065664,0.9707552854500185,0.9791821661633163,1.0002119714022728,1.0304619904620698,1.0553689570520268,1.0819864222182491,1.1147162838853681,1.152095179755079,1.184611801211925,1.2314743936712609,1.2829065227582193,1.3378628153302388,1.364898054133604,1.3814803130389601,1.382970426211199,1.377227441812986,1.3622644752561637,1.3469667474859417,1.3293884962331883,1.3084605321770548,1.293815684596716,1.2924373089761003,1.34746282321104,1.2843981042007193,1.2298309948821111,1.1777874919828635,1.1488837884496104,1.0931705225442907,1.0808857632858202,1.0708313118569446,1.0333663540135087,0.9867797559878632,1.016832175831657,0.9513891579361579,0.9132151832748245,0.8732296036112509,0.7058124323308405,1.1841369999999993,41.79801,35.943314,Dee Why West 33_11kV,2
denman6611kv,1.0937655481918682,1.0532659576350027,1.0114615442596817,0.9756992588721172,0.9427879674592506,0.9139310713867861,0.8905231902805631,0.8614404784608012,0.838722721539665,0.8248774686045194,0.8089031625087103,0.7935539255964819,0.7832636182822058,0.7752138725090745,0.7689683348959145,0.7625188020787746,0.762246360483424,0.7600816084402144,0.7694847442250213,0.7868400200740497,0.8093752991852537,0.8245397760209261,0.8401201560151078,0.8582188265905579,0.8854189550183524,0.9128415790959957,0.9430226858555756,0.9864918326847973,0.9859498887761188,1.0388019400834676,1.0737554127367261,1.0612414750562733,1.0426255006091416,1.0204114900426386,1.0037587666779522,0.9901668898176774,0.9739675640814213,0.9446943008719926,0.9236213352083327,0.9112872108160271,0.9081449163578774,0.8937940616065938,0.8839760369535178,0.8758659678962244,0.8753284138960927,0.8704687965770644,0.8637771659876373,0.8654015222006679,0.8655428811265017,0.8674035995433566,0.8750776658316219,0.8773427226715219,0.8808439137528662,0.8802671902319635,0.8732347802601863,0.8822495824848369,0.8845379144041627,0.8872297649584369,0.8964590660065495,0.9029001993843107,0.9245163762140894,0.9399918649368851,0.9588375029508213,0.9783358949512109,0.9964556585965987,1.020876875638172,1.0537164579999987,1.086285256849797,1.1370701345734757,1.1862365392947158,1.2413468775581125,1.27636187838821,1.3143844682362487,1.3323751147146772,1.3389556853815203,1.3267335954535255,1.3185815263449285,1.3123571428392702,1.2963003629098493,1.2870690751248015,1.2783774286097846,1.2680222939011117,1.2474121831148721,1.2120947696320687,1.1771850895174902,1.1487418439613672,1.1292109803617665,1.1030437655089822,1.135615944715906,1.1086771027489442,1.1128416609517207,1.1902413912044403,1.2936946834434428,1.222953735033839,1.1388717506668398,1.088520384510068,0.6896860058975675,0.16580875000000003,5.865175,4.482949,Denman 66_11kV,3
doublebay13211kv,0.7475257314941509,0.7325693428881295,0.7152124656339194,0.7079813264985623,0.7037939590334721,0.6908315575955247,0.6789921039043161,0.6665243065251308,0.6578685665603293,0.6520292972493282,0.6454985207402522,0.6390862371821929,0.6382868550955944,0.6364350921079377,0.634613269538012,0.6343482308154821,0.6364751573369521,0.6419069341338507,0.6441119107509411,0.6499766152216697,0.6630635715177645,0.6757279148272469,0.6915399124061302,0.7129036373113059,0.7510038080262806,0.7839882916219162,0.8269779503160996,0.8691221421023536,0.9377642784751268,0.9966749129825694,1.0478501934214917,1.080676161305352,1.1111851101147707,1.1266852047620897,1.146431203405126,1.1594030170662128,1.1791404364505547,1.1909312734608133,1.199332989373984,1.2011664753506108,1.2037617423594213,1.2009709217873346,1.2020284407882627,1.1971534155738923,1.197588121369277,1.1959600034915943,1.192240697257509,1.1913630349492328,1.1915006703144708,1.1910920818990536,1.186096593758516,1.1867390134556783,1.1834075100221726,1.1789471234350108,1.1750345535795679,1.1709543376694376,1.1670123165249207,1.160988648141936,1.1615179895102195,1.1584720992873772,1.1538002502293254,1.1518390718349685,1.1500451307270705,1.1555141217521332,1.1644261815446386,1.170321123968774,1.1839310405362649,1.1986508803894218,1.213479575475427,1.231514323301465,1.2425710768422897,1.2518560470558917,1.2411272665378712,1.23318547368832,1.2297455728761446,1.2293288837257066,1.218998664461315,1.2005560846181575,1.19098359860366,1.179970748913128,1.159426253693112,1.142838523551716,1.1250662262845927,1.1053535082142565,1.0780175158510943,1.047378075397839,1.0234773495155711,0.9982865807974189,0.971263286691916,0.9431479753306254,0.9131843492326943,0.8756992072550714,0.841016370704234,0.8189214538567661,0.7963328172359155,0.770280109526766,0.7700934341787711,1.3662449999999988,57.82476,53.311148,Double Bay 132_11kV,2
drummoyne13211kv,0.8446320206456976,0.8356012378259718,0.8086114480462756,0.79177635274328,0.788572973674307,0.7654549341220415,0.7406843905734909,0.7175886836528648,0.701245186011034,0.686700782844107,0.6756168894127641,0.6665161787284253,0.6600572364051973,0.6535235110939581,0.6477677628812261,0.6442589428589333,0.6432223191661989,0.6456825595712969,0.6468119278018833,0.6533412521159315,0.6653808120410282,0.6776044923187,0.695537492556898,0.7182781715299194,0.7646671194119397,0.8203408277846114,0.8820610722881195,0.9480271955634233,0.9982209897234859,1.0275682959152275,1.0397520220145489,1.0527576100100493,1.070104998282895,1.0779987604936703,1.0765840490515588,1.0684774139039233,1.0657500558358521,1.061819900838434,1.056442054477617,1.054590677045494,1.0485061413245111,1.038993908859902,1.0360284019928778,1.0305254860773883,1.029583680106587,1.0238581455283837,1.016678137342669,1.0152021703210803,1.0125522291461933,1.0120002156652776,1.010874250136755,1.0115611829081392,1.0086982178487753,1.0067354693174915,1.0039980462949085,1.0002010714157654,0.9989699755132176,1.00174557136572,1.000450477196022,1.0051756989689393,1.0064863778716826,1.0177424467611025,1.0306502564831044,1.0442838217217825,1.066264807822176,1.0847466842848612,1.1121886081575976,1.1463279412668492,1.1936788863338617,1.2445895121170087,1.2971831512784688,1.3446425988230333,1.3706350386436714,1.3905804355548914,1.3996158560722542,1.395991870247893,1.393000821160066,1.3851796525255662,1.374515493480004,1.3625339806722754,1.3377816943405234,1.3197745024252312,1.3035911539043463,1.2855873641430127,1.2600924481717177,1.2310569965777658,1.198721780716501,1.157496454853653,1.12120983472945,1.083278865889156,1.045202962703741,0.994575385939489,0.9542700119875861,0.9230411112637635,0.9038644220618622,0.86764769042118,0.69660584044083,1.2980899999999993,55.49789,49.2872385,Drummoyne 132_11kV,2
dulwichhill3311kv,0.8886564420316696,0.8588197719560613,0.832620491461114,0.8175644991599269,0.8046119628485576,0.7812451434646445,0.7611860917845689,0.7399806447601348,0.7299431659923274,0.715570674518252,0.7041582644512295,0.6969326035598039,0.6897997011987566,0.6796811627519252,0.6737885908096675,0.670260662526213,0.6685915238288286,0.6739729333794062,0.6768847870146685,0.6830721256653293,0.7029473054518711,0.7216845032086879,0.7439109172302655,0.7739474744482817,0.8180502965121846,0.8680128788715531,0.9122603215139516,0.9588789026022437,0.9986961055446355,1.0400931850295911,1.0602560976348996,1.0737470601428691,1.0679798882559903,1.0639234161772366,1.0602011447347972,1.0548526459198366,1.0491263918563674,1.0435001828096373,1.0444733895697067,1.0372107517671176,1.0275119303828188,1.023723134348015,1.0194198648476367,1.0193002108018197,1.0169447223883448,1.0118087981461688,1.0142200176449714,1.0177602717643155,1.0128741862821093,1.0106901164311919,1.006802047371991,1.0090171874890896,1.0063070867686559,0.9991644145252042,0.9991539848837074,0.9991644145252042,0.9991644145252042,0.997093509699706,0.9958012789021741,0.9988890414764625,0.9991644145252042,1.0015712334938534,1.014576056340828,1.0314755958332662,1.0483303979792635,1.0680268221696467,1.0902627423253368,1.118194902024292,1.15410954653806,1.198807180646645,1.2347614136180403,1.2752134298624573,1.296937318386856,1.3199501552069155,1.3211899839594192,1.317802163523631,1.3058924717373837,1.3058038657538014,1.299655962305476,1.2949170853891918,1.294613423894574,1.2796723143069821,1.2644986455130574,1.2525627769099048,1.2294733524260213,1.2038748899064589,1.2107561385735561,1.1767089650745879,1.1716400551041704,1.1424691160696567,1.1106921789179616,1.068037307747196,1.0254461045096213,0.989057133887268,0.9483884531961436,0.9095616666936693,0.7438162022519776,1.0224909999999996,43.69038,38.91489849999999,Dulwich Hill 33_11kV,2
eastmaitland3311kv,1.0906435352786545,1.0638097777566535,0.9834752552642769,0.9034030291693246,0.8418437199986656,0.7928927697581301,0.7599373875764193,0.7282852627189461,0.6990828742232823,0.6773369641229332,0.6598524265033587,0.6472291139778179,0.6356351854879163,0.6257858163860975,0.6206597459143698,0.6200669932536619,0.6208956101964661,0.6206383794647,0.6244531627022727,0.6347442644706149,0.6561471362618401,0.6737696439922052,0.6942547227251006,0.7222084010516517,0.7593808369794619,0.7844477740245237,0.8217500846212249,0.8625812695669917,0.8863012155547375,0.9206681910677946,0.9592919304475034,0.9924825139402722,1.0161473558644105,1.0275218790168361,1.0370073546212029,1.0561819119534896,1.0732144195460254,1.0642032090144184,1.068214838105687,1.0557313212550055,1.0493807494094272,1.0460832207770436,1.0429282025395965,1.041385067645599,1.0424407670058595,1.0483504218853086,1.0517726097082931,1.0636890191470831,1.0732073546851195,1.0721545395015784,1.0765989022760059,1.0722419993879966,1.0754216848762799,1.077739849949282,1.076759967117352,1.0747491638216577,1.0670325201980522,1.0690531510217125,1.0653317882629167,1.062814951679647,1.0738605221476805,1.0785140113780676,1.0836499930371781,1.111441699890802,1.127238717201309,1.148259393552,1.1778211398484375,1.2242543701130935,1.2652945557530877,1.3159936542675659,1.3581486158116085,1.3689365522956387,1.380288455391439,1.3840232634920848,1.3700979526081558,1.3494852091250114,1.3221316328825017,1.2913475753311339,1.2689593288635843,1.2529490210820886,1.2229875129352343,1.1965879410296616,1.1722347811352258,1.139281961739812,1.111535260412689,1.1003584742085213,1.0846248358144752,1.0440654646221346,1.0032993441649805,0.9593637374056446,0.9233267274585284,0.879696157018915,1.0415479591115449,1.0449902068828543,0.9813171288778183,0.9107736283787391,0.7055311373184197,0.647817499999999,27.1881,20.362220000000004,East Maitland 33_11kV,2
edgeworth3311kv,1.157379652853958,1.1470959560145972,1.1179928394546554,1.129274607880683,1.071680079355009,1.0118770870744676,0.9702301895796671,0.9474423049766213,0.9190028164373842,0.8788988830791058,0.8498113426849373,0.8305137696667876,0.8117994198099271,0.7959349582480488,0.7853252941583347,0.7802655699530285,0.7825549062932241,0.7840348833591904,0.7888046390614918,0.8079247446280386,0.8277383948066953,0.8457113363457096,0.8705689483381889,0.9012236763966647,0.9328304469162559,0.9728341656242202,1.002886973473322,1.0065490316404526,1.0100654722278073,1.030912647950492,1.0290618926923811,1.017986171696927,0.9949878030667311,0.9735992733343258,0.9274671077757315,0.877282297912539,0.8380629145878565,0.7863935786762108,0.7409965490112321,0.697407941098117,0.6751372332529475,0.6327170401507048,0.6088046079455182,0.605102958126945,0.6056867371753585,0.5782928798753593,0.5806269738376445,0.5825369449281143,0.5859890340204955,0.5855612140894857,0.5994398012949562,0.6107397862765993,0.6278660453580718,0.6366862217246126,0.6389671545288359,0.6674745400107207,0.676106241972133,0.6927835957145644,0.7368936960294296,0.7707664011214519,0.778212962892105,0.8209428990512995,0.8865817294530959,0.9609398507808372,1.0153942806681142,1.0692212464248287,1.1469144067796277,1.224710845864547,1.3141513501418272,1.4296734796422759,1.5093386660114982,1.560290506461129,1.5884071599725549,1.6088160501143174,1.6039008956831442,1.5933415937064002,1.5601949864794111,1.5622351090814626,1.5277265566844864,1.495814132479666,1.4627332083516835,1.4291388565990986,1.3983329413522076,1.3672021598248718,1.3323400936581107,1.2883005575082758,1.2914071416456177,1.249680470763014,1.2972949165322019,1.255934110565112,1.2288774850404787,1.1717656756532155,1.2026606292123985,1.156640276849225,1.127709284628583,1.1325838078683161,0.6128623351583149,0.7048625000000004,26.04683,16.80726173665,Edgeworth 33_11kV,3
empirebay6611kv,1.350139806640469,1.4825868150821921,1.4995908566804605,1.4164712132286437,1.3475814852160888,1.3487014445753296,1.3605135740427292,1.2664462630241362,1.15411673238873,1.0709742769576525,1.0312757264513355,0.9531073215930724,0.8785228264130969,0.829799868387648,0.7878549802498264,0.765622707480401,0.752615179801765,0.7382714150579499,0.7403154672965799,0.7383368919408063,0.7383368919408063,0.7482969996538416,0.7591177638302008,0.7840051910304757,0.8204172416005808,0.8589283460447908,0.9029799317005157,0.9765947475281797,0.9646504013762316,0.9689281353112569,0.9927712930827557,1.007997455657541,0.9944258409048919,0.9665758307551451,0.9475626220700576,0.9263041479669072,0.9120630282528878,0.8917892513366594,0.8710293419106986,0.8576146602348554,0.8264050039733974,0.8108585192187096,0.7874033726654082,0.7655314611472656,0.7434457999214014,0.7204626633433695,0.7181534330140813,0.7094528636267576,0.6921486967915484,0.6776897550879258,0.6648619839696106,0.6566538555096747,0.6572841177530077,0.6512325221082893,0.6512325221082893,0.6485757692431431,0.6512325221082893,0.6582501729209985,0.6639168985207763,0.6639168985207763,0.6719537842648882,0.6931597673782933,0.7404716057666597,0.7730809267843107,0.8153039422139791,0.8442029258407429,0.9205224769326923,0.9792055235914582,1.0464875308640829,1.139001009760519,1.2323392433362268,1.3039690309848435,1.3544328526611185,1.367244899487307,1.3774771136143793,1.3839259830034196,1.3663360885205946,1.3657394591682763,1.3539335930900438,1.3348228072102977,1.3262765395171496,1.3145832207913815,1.3172144435871345,1.298209148650214,1.2819288692017317,1.2571229812901532,1.2178927467359753,1.153704994708533,1.1373945044753666,1.2414770189361772,1.3267351135006245,1.2351360395910542,1.3004152803554148,1.3212729612751966,1.4157803479305553,1.3693024187282858,0.6238324773599975,0.8638735000000002,12.40243,9.6207,Empire Bay 66_11kV,3
enfield3311kv,0.9689837384019144,0.9462754077451255,0.9221635535013483,0.8976022941280823,0.8826332138567796,0.8646614261501581,0.8472675479865451,0.8287895015166736,0.8182301724260497,0.8028988305007732,0.7885064793710131,0.7793981631774491,0.7695534768553298,0.7627360209277958,0.7587907467619923,0.7553030714361634,0.7543135551321236,0.7582405366052999,0.7673625987889889,0.7753766695107429,0.7894628215262304,0.8013656976485196,0.8147847101721377,0.8243012030266447,0.8355271010846727,0.8583614006325974,0.88153800604242,0.9018057945386112,0.9293035084412242,0.9577509775816739,0.9832271755648858,0.9912587518083069,0.9986563571465311,1.0036208112184966,1.0020205520467957,1.0044511438657675,1.004117568361411,1.0036739814940403,0.9973539754721918,0.9999158753870214,0.994698223131896,0.9904930577045665,0.9899568806898204,0.9856383716059218,0.9841398395849312,0.985236476269893,0.9831342845667114,0.9855118184593493,0.980286410314646,0.985042668190897,0.9801494226215692,0.9779673635103141,0.9743811251950851,0.9766215018458257,0.9763966147513997,0.9775832530095295,0.981068590621199,0.98704921281278,0.987274785093009,0.9900820858884117,0.9907412554691625,0.9930353022540307,1.0067072651584261,1.0231008759334437,1.0427966781750193,1.0631846445760142,1.0813052570004247,1.1029974315422046,1.1260914594483586,1.1613798312494328,1.1933843094409218,1.2177343496892583,1.2235820774339836,1.2320400456736547,1.2293868733491617,1.2282622813686308,1.2192624517769894,1.2171088349175712,1.2131832376422704,1.2094055413768383,1.2088145685700042,1.2016476331520476,1.1979033706072653,1.191489101960959,1.1795848730826886,1.1635259975497931,1.2203380542436624,1.1913467635076953,1.2199470517302131,1.2095000151509838,1.1977689900128177,1.1500559163266102,1.1051450107757157,1.0598353626186618,1.0297523072594637,0.9943585762673237,0.7739981395808755,0.5536119999999993,21.19484,17.730334,Enfield 33_11kV,0
engadine13211kv,1.2205083664053913,1.166026503841681,1.1322756197655652,1.1578482113285309,1.3139250997433292,1.3450151416796101,1.2754387185815181,1.171873721111373,1.081924279150095,1.0587507494665567,1.0027389851959998,0.9325144317025686,0.8886351158199738,0.8325982830228995,0.7939890312411977,0.7586957894765617,0.7380641207342046,0.722304898519904,0.7166915630369726,0.7176066586027567,0.7269318763696033,0.7386583958646232,0.7623148816324682,0.793846548257456,0.8465423389061675,0.9119603000524223,0.9736093359285807,0.9960601547691342,0.9546108649009589,0.9771688251055457,0.9997995411154844,1.0054154896211598,1.0031812408750225,0.9980502456809421,0.9796816166432034,0.9608865999215703,0.9503825130716766,0.9225630154001546,0.8974833858192037,0.8751304457533813,0.8442995463767505,0.8263635017721223,0.8056342809223926,0.7868042304827472,0.7698722895597253,0.7491844993310227,0.7389143789616284,0.7388513163589585,0.7367469728523091,0.7345795246664263,0.7314432099973253,0.7325904025393283,0.7313879197631027,0.7254607545767506,0.7228462428298787,0.720061498650097,0.7251912291037736,0.7329183682633688,0.7419898562461779,0.7483742234884241,0.7642913817737392,0.7909406761245168,0.8270008114567006,0.8586533810868812,0.9035243696236469,0.9551439731542337,1.012855299425208,1.0798827976960328,1.1501131396961564,1.2305174692830452,1.3123497969625249,1.388680546006155,1.4276921162956127,1.44913981019671,1.4480895812981895,1.442957323604843,1.4169020198470768,1.3925395505884526,1.370492487361183,1.3439776560535046,1.3200352866106742,1.2947655118481534,1.2687828052343118,1.2405984573567794,1.208804897445497,1.1705841224310873,1.1337471791102822,1.0972844022891313,1.0751129023269699,1.0701600225203607,1.0750956731147392,1.0756728660809771,1.2206539814415358,1.2966693788073926,1.286576467331419,1.2544947076585062,0.6639470403025531,1.1627785,28.39001,24.746585,Engadine 132_11kV,3
engadine3311kv,1.0393210782776134,1.0106043767807198,1.002386026470284,1.0439031476621412,1.1420812926190431,1.1668756743325612,1.12923210056173,1.0753767356836688,1.0262485070854,1.0294428939086482,0.9916075769382224,0.9672494926703082,0.9316024471055663,0.8964111652868373,0.8764623571752806,0.8587820821158072,0.8472278662645395,0.8399676342555035,0.8369263413818904,0.8380708269717771,0.8477532522232807,0.8608785716346214,0.8787521224171332,0.9028571036630142,0.9380446894141645,0.9702054180035902,0.9998075948673381,0.9894263834842046,0.9751431912322616,0.9874543709987474,0.9959836418696838,0.9979101997042871,0.9957308044005765,0.994552837221797,0.987729839317578,0.9822622964971344,0.9841154671702592,0.9776324136207534,0.9724189974878568,0.9685247995175352,0.9668666931845602,0.9588633562288695,0.9517870071843918,0.947386719014051,0.9417782662603583,0.9392963840041559,0.9372499752786362,0.9372718874327104,0.9334268761636505,0.9339119053394449,0.935534521827262,0.9344536347890224,0.9295996786689076,0.9258917264970103,0.9236768106451825,0.9199610618800106,0.9213146481980107,0.9221188957713724,0.9225979566703416,0.9290573471174149,0.9325715807122237,0.9371531011976215,0.9470344105108951,0.9584483289649911,0.9717157807788044,0.9885481308508863,1.0083520484560573,1.036868804919696,1.0663288508656292,1.1028550635623657,1.1355128234819376,1.1673529145762165,1.1837619762993319,1.1930932463396402,1.189435462113587,1.1791027900671158,1.1653985437129453,1.1564189515715444,1.1464420391963026,1.1389583054065975,1.1241683116759589,1.1093427146509398,1.099315453111748,1.0866843095408476,1.068855220579688,1.0492195402420414,1.0325183967399783,1.016301492107547,1.0095211535432174,0.9961259948118397,0.9838338655677836,0.964334714982649,1.0816726375771064,1.1242467299915346,1.106330308253889,1.0731670325901408,0.8450641730151113,0.5645747499999998,27.218635,23.18143599999999,Engadine 33_11kV,0
epping6611kv,0.9127545696221259,0.892046381658081,0.8732820940748941,0.856928230449555,0.8404872477565174,0.8108782698966112,0.7897690925009474,0.7719215047771296,0.7513514060557612,0.7343156040746268,0.7241973557859411,0.7141989043848647,0.7038085962555177,0.6951978768344023,0.6858538251888355,0.6776757392190087,0.6768455085898695,0.6769145706114822,0.6764322272499108,0.6797160102620752,0.7008221743374863,0.7104182590508856,0.7263924575181229,0.7388477959694586,0.7744211684413634,0.807068476930084,0.8442266579867063,0.8789275715726106,0.9416446705809606,1.012060938818466,1.0450017962506497,1.0697869719842772,1.0700034987931704,1.0845568690744034,1.0906606050430392,1.093231857974311,1.1014249434024768,1.101455886640265,1.095987809363036,1.0907163728058664,1.089709100828157,1.0862834541246285,1.0860309116137454,1.088051620466318,1.0871345273681945,1.0873490210099526,1.091933180602985,1.0995143946722685,1.1012278912145785,1.1106346644061733,1.112712111642403,1.1135261333919855,1.115672537609538,1.1102728830230595,1.1036055059498948,1.0988128123963126,1.0995408467809216,1.0950841675843719,1.092467633954734,1.0928348562831798,1.0894747545749175,1.0867216174280894,1.0930359399182572,1.1138017519241228,1.1273973617425812,1.142798009522044,1.1495992712141596,1.161365413322132,1.1810766850711774,1.2080767339535938,1.2249411892512174,1.2443074524032232,1.2139996977630922,1.2039311590930508,1.1997982605684931,1.1910302495468224,1.1769452495738504,1.1678466082890784,1.157281130395801,1.152314926614556,1.1398094075644083,1.1285361561021765,1.116488885235091,1.1055605095047216,1.0885444769335557,1.0695340202664434,1.0502817420825536,1.0317876349227462,1.0296307713803168,1.0427167596205675,1.0274563392607838,0.9982667115160578,0.9685954864258027,0.9541083125053502,0.9516298462316193,0.9266794255683479,0.7909476103249591,1.2728289999999998,56.8429,41.900964,Epping 66_11kV,2
erina6611kv,0.9216519819852044,0.9879721661030171,0.9904265396727613,0.9398290623498697,0.8931221804494546,0.8654307920386197,0.9161404524234754,0.864088046617686,0.8199390960031884,0.7793181858051386,0.742847640711943,0.7052872807012803,0.6795953435116657,0.6595008590033251,0.6412098190057796,0.6285017404476212,0.62164636473994,0.6188895498819237,0.6181790973467998,0.6274492659629834,0.6470095319925819,0.6623791953963102,0.6775309913332408,0.700540396209114,0.7475540006580309,0.7813280370691976,0.8212285069087913,0.8721804980282521,0.8850134046723047,0.9084016673747861,0.9412134407387938,0.9683101102836156,0.998027443525129,1.014995189523533,1.0489544278836918,1.0940535571105434,1.1300263132484214,1.138270301050442,1.1433006440882696,1.146032818965859,1.1435215756299228,1.1329620426107814,1.123664980345129,1.124502279201863,1.1252252376595495,1.1265940582218048,1.1234566989305288,1.127899348838889,1.1349042567174588,1.1370634677938363,1.1412369601147458,1.1443729136129002,1.1458190764450895,1.1415256414365422,1.1431897012017556,1.1441663041474301,1.1515670952487322,1.142663271977888,1.1486720007742528,1.1517844871901037,1.153861007684004,1.1490513029596612,1.1583632045304846,1.1682500602364174,1.1864721923722912,1.2053569677638958,1.2077967409111008,1.225247634026278,1.2203487511356392,1.2316687272024816,1.2320812147728453,1.2324989942432865,1.2208908771303955,1.2146265292309928,1.2004519586556157,1.179284105469908,1.1533531577546148,1.1296457490612473,1.1079217746264112,1.0918750475932038,1.0956537637914243,1.0872432485613157,1.0704479857113192,1.0512781133919569,1.0182853298104793,0.9874908563806565,0.9455257530883892,0.9076700552964813,0.8728876471994567,0.9258953242636392,0.9708997482994992,0.9358865355968283,0.9657491894370578,0.9503414362917819,0.9774192329967788,0.9661124436003745,0.7521988936457198,0.9020424999999999,31.987805,23.911443300000002,Erina 66_11kV,2
fivedock3311kv,0.8648893691089042,0.841658113847749,0.8057762375803494,0.7979072970915821,0.7915842992301118,0.7584381522822417,0.7319876716061655,0.7043277178662831,0.6884542984754427,0.6720160510377825,0.6586490602054532,0.6497228714435949,0.642440936406523,0.6292676697287058,0.6221065254267346,0.6178188529447841,0.6176214662325131,0.6218463935163745,0.6276420956545439,0.6353660239919494,0.6592896338237141,0.6791230719822914,0.6963184738135332,0.7171421169356401,0.7656340231372585,0.8206911387968524,0.8638835114207696,0.9127402942322629,0.9655070570067197,1.0098642321811526,1.0430123134386753,1.064528778723585,1.0845383707715563,1.0826947790163017,1.0870101016374798,1.0898863610659193,1.0896242445891773,1.0934499490737746,1.0959381462474072,1.0985792993884764,1.1012511491396142,1.0997304853463519,1.1002313628002924,1.0968762065459472,1.1033831910674037,1.1040047085829323,1.0984390712330665,1.1053161232842899,1.0996018029778103,1.0923489021853707,1.0904676838040606,1.08788396746345,1.081982970159881,1.0716145373476602,1.070628753670617,1.0665602085517862,1.0604131719521401,1.0549927704498934,1.0543425070651935,1.054109547915167,1.0549360807879864,1.056163119476553,1.0645416100800855,1.0779554267205873,1.0866007548225027,1.0984715375419487,1.1159020471528658,1.1405127996786315,1.1678188518889427,1.187688515522194,1.2212544900015236,1.2541850418629903,1.2700067355856126,1.2959916105519333,1.298115669709325,1.2946322786620585,1.2974508444801514,1.2944263390831146,1.2865359738827318,1.2835181826120612,1.2763972434319681,1.2631832476825369,1.2520170936200208,1.2313613434666444,1.2050197247592576,1.1721448698043493,1.1417025245257961,1.1054338698672665,1.1000938844571426,1.0824868983894704,1.0393360268043539,0.9994475113503343,0.9511353997852283,0.9375531219973131,0.9221612113731974,0.8806619960780657,0.7414242957037255,0.8498555000000003,35.58403,31.311508,Five Dock 33_11kV,2
flemington13211kv,0.864204601871613,0.8554356428802764,0.8439116564210833,0.8355023531244158,0.8301479234873348,0.8246475731986158,0.8202780136700385,0.8166211005921596,0.8136286572774976,0.8107952773283542,0.8046775389700037,0.7996238601431424,0.8003348603851188,0.8010850622704051,0.8011436531048854,0.8007959972602178,0.8091283756155725,0.8143613590607031,0.8223904946222184,0.8329645447321031,0.8538975276389222,0.8718019197243583,0.889943760716825,0.9095805462304032,0.9395633351943921,0.9563236056504847,0.9672114832391094,0.9802147734158086,1.0073513142945982,1.0314132847030122,1.0512848346693655,1.066533184344776,1.0867176656145332,1.0887122082757414,1.0991375357350226,1.1047462453494046,1.1103462908093498,1.1175609100294523,1.1212881318280892,1.126962162420891,1.1238779377401567,1.1207576128115604,1.119192839075564,1.1159614473192947,1.1172906034323555,1.1130234397322816,1.1119599261607631,1.1123584986971131,1.1124533959762974,1.1073282904303918,1.1142865371169761,1.1124705769528112,1.113264405040832,1.1183509735715425,1.112602115474345,1.1093632029213794,1.1062689587382788,1.1009531170315443,1.1045952216056236,1.0993343305788488,1.1002627726336551,1.0998549761850736,1.102131977501309,1.1012327819430023,1.1005052367070431,1.1021008406948414,1.1051434228885388,1.1056156169128624,1.1053749005538283,1.107057248224197,1.1029881194919398,1.096688519675235,1.0858714634912234,1.0829207121110411,1.0771639099185926,1.064969328856881,1.0570676495951157,1.0488787433900255,1.0440718880324702,1.0402989128273743,1.0307070505697684,1.0241870364712842,1.0159408880502874,1.0048668866110715,0.9927071964281953,0.9807345975100281,0.9684376513778278,0.958056318723503,0.9442401091316499,0.9335779872794328,0.9223659413640107,0.9148199490134497,0.9027580948914145,0.8916573736953337,0.8849950612829878,0.8717861396572554,0.8449575117648451,1.1860594999999987,70.96327,59.219134000000004,Flemington 132_11kV,0
galston13211kv,1.1314590372549516,1.133085532652083,1.0983048600805205,1.1290471322907913,1.13326740295559,1.065121541967439,1.0025075394919298,0.941116121354184,0.9031841126551898,0.8675732427464691,0.8281749165100742,0.798742855824477,0.7697894060730734,0.7525465423348592,0.7348859826623798,0.7217415937252822,0.7215013819742934,0.7222613839226009,0.7264449282351376,0.7297629866075906,0.756227782962176,0.7770168604903217,0.8124429969501545,0.8352541525291148,0.8821196246556393,0.938742436852481,0.9752427486916498,0.9920168864147194,1.0009461656643655,1.036971202086439,1.045741113279661,1.0551090221203554,1.057868835281702,1.049527083902486,1.0511914512498972,1.0467679765401081,1.0332194332251121,1.0116959586211656,0.9887552815941227,0.9700810910182596,0.9618437743920318,0.9401254915893043,0.91718913901866,0.8994178999311854,0.8795595697213525,0.8653285130702508,0.8611615701481606,0.8561303232302192,0.8600978671643167,0.8635628615422017,0.8629679838375947,0.8665337523785533,0.861929973319767,0.8470941244721039,0.8405596381852073,0.8372393859936876,0.8409660698950907,0.8472723807264736,0.8522116390584739,0.8731576339290766,0.8835723356624617,0.9019931453048354,0.9195267021559465,0.9580887988870883,0.9786903283851328,1.0073213034826065,1.0454747637052502,1.0887053252339085,1.1338756592680634,1.2049835188488673,1.2464136955363858,1.2946051150302234,1.3190488184667961,1.3264202306496033,1.3316383776991816,1.3094390967508693,1.3030784823537382,1.2890003715559881,1.2664920115756562,1.2550242848028041,1.236639188690791,1.2171691904025053,1.193578710541343,1.1686152307662694,1.1627112502608796,1.1513682840986166,1.123263118835734,1.0994557149814135,1.095807452222169,1.1298840689678393,1.1258424274289185,1.0839231893510246,1.0941538011229328,1.1245681598271593,1.1410307309815042,1.1267909191129295,0.7212689028635899,0.3338479999999999,10.9782,8.466914000000001,Galston 132_11kV,3
gateshead3311kv,1.097346952048167,1.0494999868667663,1.0102028749471494,1.0346992641962103,0.9747648694284202,0.9197626406244651,0.8812229757961224,0.8725977735247272,0.8454694681544951,0.8095946037762549,0.7728603518442322,0.7432420836126397,0.7188989029216081,0.6994754481419749,0.6807252970317224,0.6754914859363859,0.6786595088538545,0.6864939041871216,0.6888215998600008,0.6999615288090544,0.731356933305498,0.7584782854090854,0.7833151135812614,0.8133521419586925,0.8727743208272674,0.9175379362419221,0.9527344183455752,0.9683877898374094,1.0115037436413075,1.056441167963443,1.0860025280336891,1.1097031781025355,1.1172095602467116,1.1091824125567735,1.1072364097431016,1.094590363753453,1.0800980607887534,1.0668929100155078,1.0493750063766334,1.0285467638454235,1.0067682480573197,0.9817237388679644,0.9729451618391385,0.9545940031002897,0.9524786939005948,0.9469966158740165,0.9315192909271199,0.9305409599710915,0.9201877963219994,0.9231481995324583,0.927321308836158,0.9343206472580639,0.9379109193960871,0.948075280269535,0.9467044880438541,0.9509164406432948,0.9552564086331866,0.961175975834159,0.9602453313986363,0.9666673419256925,0.9628858254055304,0.9859292488518732,1.0121047817448492,1.0405572178759908,1.0601569089464438,1.0833535157320788,1.1116996775826244,1.1441098998724764,1.1694317557323217,1.2142282510807751,1.25658897185606,1.2727200392117444,1.2803745105512088,1.2891326376198102,1.285432046643329,1.2748113213424164,1.2623187502592361,1.273369930719383,1.23357638263456,1.2071130340397653,1.1843984187608603,1.162370140762381,1.1407847101453383,1.1113351604312607,1.0820029107629283,1.0545286720849554,1.0555265241935328,1.0343895855898657,1.1109870232082524,1.0918790484841274,1.0893192757514643,1.0579262566124066,1.0589525727544478,1.0153045402383463,1.016147438290478,1.0502455984608041,0.7479631265473323,0.5308250000000001,16.378387150000002,11.80298415,Gateshead 33_11kV,2
gorehill3311kv,0.775745106554607,0.7629530573085406,0.7519205422370425,0.7457137257875317,0.7416016497234769,0.7369695838813295,0.7326501054182091,0.7253653772323795,0.7231411549990016,0.7218174713015253,0.7176198963573042,0.7174237192016043,0.7172234538612586,0.7156396852705342,0.7146880591596244,0.7117178964722013,0.7160421953003433,0.7258603085559537,0.7557453981226174,0.7630678060024381,0.7969834734812655,0.8232721369254595,0.8410944319268059,0.840785123224794,0.8655401699602848,0.8972377060484189,0.923656854315274,0.9460976586041044,0.9867719886368995,1.031023239388917,1.076581905288725,1.1086015006323249,1.1517155148057627,1.1688195760627187,1.1972431650673114,1.2025561935754554,1.1921710279427684,1.2024980608896612,1.2036618780835402,1.201073835024349,1.2008143260423187,1.1986174652989103,1.2025034386902982,1.2075489898254583,1.2134186299266656,1.2135862736320386,1.2100149772092916,1.2072928003387406,1.2036048329217413,1.199061734077722,1.1989985652242228,1.2006146779460822,1.1945079197274167,1.1902032198903822,1.1910040911844588,1.1958143097796377,1.198130034596441,1.1933416343245364,1.1807481889263096,1.1768666829481524,1.1697974850043633,1.1663353099042335,1.1728644547922906,1.1726393034851978,1.1733946179864296,1.1670034498933342,1.159133052367477,1.1534607557419594,1.137058705455478,1.1308588993163422,1.1219041345972711,1.1160084314001828,1.0812318544055135,1.063387562017512,1.0535954388925333,1.0443965901742243,1.0332857937653763,1.0263150117193955,1.0169072203800995,1.0106989990029993,1.007448183036599,1.0006271640120863,0.992933087680789,0.9837662286407667,0.9693485413377207,0.9515482092868757,0.9358862332318941,0.923944086141099,0.904412313935052,0.8867360828456622,0.8671964740985121,0.8525826791169285,0.8368906247609691,0.8183783843310016,0.8014259882489323,0.789614223849718,0.7674885666542579,2.1029644999999997,51.20939,42.624285,Gore Hill 33_11kV,1
greenacre13211kv,0.8985991789012667,0.881224662754563,0.8737114933677784,0.8642198704068071,0.8452166195736269,0.831530989996362,0.8138422615187029,0.8027622542446254,0.7910965250224473,0.7788719109408525,0.7651128532091013,0.7626331037306048,0.7601617589440391,0.756390851521026,0.7551543580893272,0.7584432997996305,0.7599803861364902,0.7631465588924251,0.7723849441056084,0.7862834644726181,0.7946191356927473,0.8091593023616377,0.828103899086044,0.8573213999024435,0.8804110899859622,0.8970772022945871,0.9132989138884328,0.9377296634382066,0.9502850296866722,0.9592537402146745,0.9618424552808004,0.9685088339180943,0.9685924260963311,0.9714155839415523,0.9792332571581934,0.9960385074182532,0.9987656139365242,0.9973815824973793,0.9985945555134681,0.9964840743318722,0.9874734342956936,0.9774444010316646,0.9653495778422582,0.967186938661937,0.9836440864313828,0.9894757431496862,0.9894596954418815,0.9921446960344045,1.0015588373163595,1.0068828659784217,1.002180497891151,1.011270973016407,1.0119198529953584,1.0140959871457926,1.0231912448595843,1.0313901696099204,1.0483803927136877,1.0548487700828029,1.064919863283851,1.074747909479162,1.0932915305136448,1.1168534653380675,1.136691036243799,1.158484596092627,1.1747920055628087,1.1994934980188763,1.2212896403713973,1.2322872452626479,1.2416194429150371,1.2435814535510004,1.242943625128433,1.2330834149451684,1.2288727704173301,1.2282560120253592,1.224267905453377,1.2160405832323393,1.213452806434903,1.2091207166671287,1.206542338812335,1.1969817905481956,1.1881243117369693,1.1773121931226784,1.1655871849884254,1.1516368174327458,1.1330814853542985,1.1187752588025275,1.1062476286290182,1.0835074400260083,1.067601716661224,1.047493256974834,1.037908492429882,1.0074931655118666,0.9794502102090239,0.9671228973416912,0.9439408980765913,0.9243216156345482,0.7831474907240196,1.5133828499999973,58.160609,47.67400549999998,Greenacre 132_11kV,0
greenacrepark13211kv,0.8983846758381423,0.873075198120008,0.8431887310342547,0.8467949032559456,0.8330580127669305,0.8094873938915526,0.7838873553348855,0.7643584996836299,0.7482185812770714,0.737242223229491,0.7236387159454983,0.710292739708152,0.7050625588269187,0.6993174232086659,0.6936669680962403,0.6913780033505085,0.6932761294460629,0.698543945945184,0.7033987284845963,0.7100829219932114,0.7180954330789406,0.7336806603211871,0.7505171009680783,0.7660217466510267,0.7963863603691401,0.8233110315745114,0.8435723435537062,0.865919402292116,0.8901391858374942,0.9182930321656533,0.9439014658106415,0.9635909627098375,0.9921916195333583,1.0068822694446402,1.035441749990663,1.0560257866470106,1.0828243785521483,1.0971873559620267,1.1039235560116625,1.1051700771926907,1.109300719931349,1.116046514755481,1.118425308502696,1.1200255752953296,1.1318504918253933,1.1421630863003738,1.1439215799941873,1.1451927533121715,1.1516552356545373,1.1513360406204647,1.1504977371614002,1.1537288088854103,1.1580680613070187,1.1619944706391274,1.167119469793753,1.1668015732774693,1.1627405172084733,1.1676052960954044,1.1650538289161232,1.1544358707281992,1.1513688905617496,1.1503852512713504,1.1635931971944202,1.1735370515919488,1.177307333935465,1.1877158718537326,1.1954893468040597,1.1965986758062508,1.1880406613125902,1.1884644581385797,1.1823739519454957,1.1806954723512024,1.1644198409507558,1.1538709281073531,1.1434083801769686,1.1308525608801019,1.1188613926743902,1.1105730788455475,1.1059416397098707,1.1015822243908648,1.0922511412406681,1.0848004782047935,1.0741065896056354,1.0623104828776693,1.0481009390347142,1.0347635135790183,1.0239048192913818,1.0081030105164173,1.0049301642732793,1.0036601891294012,0.9900642891304773,1.0110564790929573,0.9787105217027092,0.9458102238337504,0.944561090031877,0.9303936916447104,0.8075321764998978,1.1155100000000004,59.34011,46.671376000000016,Greenacre Park 132_11kV,2
greensquare13211kv,0.7831385546477827,0.7748117988606624,0.7678556618247242,0.7633442547071898,0.755812451212812,0.7525949998193112,0.7483796554106062,0.743730043085511,0.7410819274712513,0.7393532821739857,0.7379859956978375,0.7348702982566845,0.733700222489025,0.7331276113804266,0.7322989274285343,0.7309217612486744,0.7319009635560352,0.731129757152131,0.733855076988719,0.7463030157331123,0.7604751555502429,0.7799312223590352,0.799452504456143,0.8249447946119761,0.8654825221350717,0.8882631107246142,0.906931721984822,0.9243790242747733,0.960334341864272,0.9899237262993696,1.0262538753194828,1.0475998924948962,1.0918220873026323,1.1200029365335413,1.1419276342236484,1.1631243302151468,1.188661402249731,1.1966192489335328,1.2054092221106538,1.2079365364534491,1.2146377963885449,1.2163566876541834,1.216112481901399,1.217797357497974,1.2190679311303465,1.2160638588803587,1.2172884327599223,1.2184956143576469,1.218201458727891,1.2154111163169383,1.2167710640709657,1.2173375651180136,1.2182105397066578,1.2187959234597185,1.2219774481696362,1.222276965755034,1.2205000824167827,1.2226798449299099,1.2195392784463375,1.2132322250212553,1.21470787801128,1.2141222182095657,1.2094783956959372,1.2052338216812184,1.1944409736335542,1.1812494126416593,1.1720256779557128,1.1650047668185317,1.154337818446285,1.1388309383143032,1.1179753568763107,1.0969333354986002,1.0713721394643934,1.0469784605314054,1.034335155284764,1.0238470028450164,1.0148457945115663,1.0019068892013763,0.9922309865786818,0.9868129723378024,0.9809262071224705,0.9733426417049219,0.9676010143330958,0.9599145239448234,0.9462396095752869,0.9335486168309768,0.9229794426193599,0.9126964499885112,0.9008125250363812,0.8871153484249098,0.8746359360044027,0.8567546535302849,0.8399717174222614,0.8257618709527534,0.8132821180325904,0.8013221079874349,0.792219800724237,1.0209779999999995,54.85757,47.2869299102,Green Square 132_11kV,1
gwawleybay13211kv,0.8335912764927171,0.7955949344633199,0.7636739425547276,0.799389080061362,0.8565229805618841,0.8608282218472878,0.8180682153550697,0.7698911669189396,0.735829599887273,0.7423527188931492,0.703767619321863,0.694400430439078,0.6621681841947542,0.6394759328980621,0.622499053787116,0.6129020854588241,0.6155616549531484,0.6201179830042028,0.6234346477898076,0.6343986496120873,0.6594841600856803,0.6819118384138132,0.7080816845716045,0.7378697745406154,0.7911744399778521,0.8409719465933684,0.9024348721737241,0.9241043048461147,0.9769727730549677,1.024355087358608,1.058622803392167,1.0864696898151127,1.123620447428043,1.1470663534032501,1.1671333048114423,1.181162102981032,1.191527556952069,1.1936518397680493,1.1873374941361952,1.1869794651101881,1.1861406041965894,1.1820298235040363,1.1779165080775575,1.1773934691518513,1.1817840195918834,1.1862444489883854,1.1845594879763672,1.1799151381946524,1.1791406548401913,1.173285445522278,1.1659432134467205,1.1638562045171268,1.1593432580939127,1.1582274782435387,1.1530754907977767,1.1548022805125624,1.1562798272698946,1.1564788679681273,1.151480526842633,1.1515793803339327,1.1483580971769092,1.1489848820971436,1.1455583746280436,1.1463952076002433,1.146384726776925,1.1478052027027206,1.1549425948810967,1.1670556198540412,1.168059500666398,1.1833385008028965,1.1892722040844175,1.2000606865532533,1.2081668052044292,1.1978299256147038,1.1899270259424273,1.1723399530540424,1.1520923172031934,1.1355960305994526,1.122968642378914,1.1120193769330509,1.0890664960298955,1.0701709048946508,1.0587210924647839,1.0383341453934054,1.006577873031354,0.9735762404722573,0.9491802482367273,0.9193002460642029,0.9110206730830988,0.8744178465803265,0.8566702269688006,0.8104780216239701,0.9445997598684787,0.9184469726040012,0.9167534120014639,0.8706537199496915,0.772718735177961,0.8272694999999992,32.658575,23.560106499999996,Gwawley Bay 132_11kV,2
gwawleybay3311kv,0.8374396740844765,0.799205083545136,0.7619620197311002,0.7987484853512105,0.8549928756067587,0.8596602654322206,0.81573021726456,0.7674697418525208,0.7360188023563321,0.7427232804886428,0.7037613837063224,0.6936071622643893,0.6598900864708128,0.6385591424101708,0.6225388532650068,0.6118198456033909,0.6182480151459085,0.6195322014961913,0.6239387835387217,0.6367859395159233,0.6638479845635552,0.6834140068219416,0.7118028105449754,0.7429708838477962,0.7922834909488801,0.8427606256191869,0.9072467466279241,0.9304775636931014,0.9779250239885926,1.0276054939362864,1.061960558277585,1.084457380264921,1.1225725397904445,1.1462301278216673,1.1633447237419123,1.1817196832965289,1.1909744217802511,1.1936936401635045,1.1844320769943948,1.1854628592859067,1.1824339538950055,1.1798378604281001,1.1759708545884955,1.1763241067111647,1.1782097661368682,1.1789528769256872,1.1810030860446779,1.1782673274783642,1.172762826831518,1.168324027061802,1.158043264293366,1.158043264293366,1.1544081415219103,1.1577792923166181,1.149525535903758,1.1485008951595512,1.1544631501286864,1.1559051593610534,1.1492363975652988,1.1489791962222007,1.1475291576678117,1.1467484680636721,1.1396014470620879,1.145171310778422,1.1447302174897875,1.145549795307833,1.1531054300021577,1.1695729077685373,1.169883945390854,1.1885046662952066,1.192044879295403,1.203759846745051,1.209679758079713,1.2005066165759701,1.1932750774371106,1.1735646881714927,1.154308486966329,1.1389583015474425,1.127218197663296,1.1140131315712865,1.0914114971324365,1.0757366550503227,1.0644620186702616,1.041325194914623,1.0090940021419545,0.9742373043179647,0.9525177634433029,0.9232296056263442,0.9114695600670514,0.8751242054115359,0.8559808178118026,0.8107341387837685,0.9434799629609449,0.9183149678762665,0.9169115014743298,0.8734589904309831,0.7710995265676747,0.7544799999999992,29.49336,21.61589,Gwawley Bay 33_11kV,2
harbord3311kv,0.8399202763943583,0.8007483400775955,0.7842919920396934,0.7754426143450452,0.8478248671937164,0.8351631104808753,0.7977852965595336,0.7615247280847286,0.7401319114545097,0.7173677941672107,0.6960513801131036,0.6802033767089414,0.6670290425502832,0.659339924861215,0.652758736182967,0.6480746490948915,0.650091036815615,0.6509471948893641,0.6529891328059413,0.6606904416886491,0.6792119135866483,0.7004961728378087,0.7253455318494945,0.756860011407789,0.808111508436247,0.8831252261734013,0.9590374701033217,1.0215385210653305,1.0541089626312072,1.0953689658945358,1.1119795448612346,1.1132428777171137,1.1159360941489522,1.102170546119135,1.0769188613182223,1.0539959065522835,1.042153510758165,1.0263778227966038,1.0082256322020844,0.9856437325763856,0.9721982899087193,0.9599192848081508,0.9413257128080639,0.9256495072397813,0.9106748753212658,0.8991493162404426,0.889178696687067,0.8784343572789761,0.8779547982375997,0.8787217684100679,0.8725335421696832,0.8684899590202493,0.8648848605055004,0.8615465182800922,0.8601189445643916,0.8625124443187665,0.8703473980906021,0.8703886012051859,0.8733894939268635,0.883182755205124,0.8928827482874041,0.908343718505289,0.9310992538332588,0.9623099132908067,0.9932761487161379,1.0204231227141425,1.064788870221228,1.1213386086157748,1.1617454574739807,1.2244020123834363,1.2940648352085549,1.3726029424566202,1.4371714228495862,1.4926877446444637,1.505899884265424,1.4936093305153346,1.5046327197524498,1.497131739706385,1.4856575309594857,1.4760820773394325,1.4619995646016826,1.4629783376769039,1.5306282554818678,1.448384375115646,1.388782869875244,1.3257856839724662,1.2804586087143368,1.2116737131501343,1.1968383464118315,1.1797566817885343,1.1214898459709077,1.0537948094115592,1.0594925588935598,0.9709882655369408,0.9294931112703021,0.8784791066180795,0.6229727918597219,0.6502382500000004,22.17718,18.835969249999998,Harbord 33_11kV,3
homebushbay13211kv,0.7878986111954348,0.7781781977752206,0.7704592167869456,0.7621104118402313,0.757835011779636,0.7492771641723557,0.7455963323717919,0.7425433743956833,0.7367115700928925,0.7338120722903432,0.734604109220604,0.7458761209407783,0.7626991983049979,0.7687284286277118,0.7884776560534527,0.7880466395180215,0.8035161675191564,0.8151694558964883,0.7980836627023326,0.7946593281480999,0.8154833920324621,0.8375734439535413,0.8582633049580728,0.885253811070524,0.9221207635879821,0.9432073604595466,0.9622323818029817,0.9924523516214548,1.0461665791684847,1.074208580663169,1.1019268537800964,1.111473055066754,1.1369599448780825,1.1478367777072074,1.1577515392961968,1.1614817726313815,1.172487798524123,1.180792490624052,1.1860597141231253,1.1811727841573942,1.1894666125744746,1.1951815987628787,1.2011542330291625,1.2051637663180945,1.2114206852169267,1.205023683120885,1.199749055089711,1.1963957982233988,1.1957189152097265,1.1928518528799883,1.1949568728897115,1.1958632936553124,1.1964398502734157,1.1921389684636268,1.186512401373969,1.1611985686964537,1.158980621898812,1.154690274524936,1.147984614725927,1.1366229807451984,1.1325345165378622,1.1279686654900742,1.1196354281484946,1.108778002965476,1.1014483489771878,1.0993387336832083,1.0989585728362938,1.1023041727831173,1.0947167596322778,1.0956010406016679,1.0898881309425024,1.08129093418263,1.0569409166298518,1.043625315998455,1.0329696807017825,1.0290033137520083,1.015625875133379,1.0117765188330976,1.0100645530979797,1.0029420063085157,0.9948370806355405,0.987721637526902,0.9808287364398749,0.9734345677694708,0.9641387621214259,0.9563036032414023,0.9472438344986664,0.9341244737771639,0.9150362765526238,0.8994542871769282,0.8846630181718718,0.865237282179418,0.8460559404158681,0.8285650476400248,0.8112471702866996,0.798994716918826,0.79887071507193,1.1722359999999998,45.1771,39.115632,Homebush Bay 132_11kV,1
hornsby13211kv,0.9823416239371134,0.9995136039007518,0.9745404515688318,0.960667904364628,0.9713361085653236,0.9286184334409255,0.8880213227166543,0.8553159051097519,0.8199977917588448,0.788165646824585,0.7584297172182546,0.733418199185684,0.716172185711705,0.7001559634837764,0.6872823250395875,0.6790785273163887,0.6751985735539252,0.6751624503746819,0.6777480676838287,0.6823984310455695,0.6962207479190207,0.7125471972310835,0.7285437359258006,0.7566107096548629,0.8077124377173861,0.8477408553106729,0.8966784542322518,0.9297107196361911,0.956469342143289,0.9933357544074422,1.0261796230404612,1.0345550702106157,1.0568467513942876,1.0641512263068893,1.0682850413138407,1.0739593514437804,1.0837309586142878,1.0802966797020905,1.069839149173993,1.0643272997171183,1.061131140591279,1.0489354662889485,1.0424662307854213,1.038557936036275,1.0429105861840622,1.0394843675555503,1.0408538171571031,1.0397566550983268,1.0511687807255867,1.055256965998949,1.0514042814668496,1.0515911844175347,1.0508365550381058,1.048231629803433,1.0407730234871493,1.0367463667696986,1.0331307604803635,1.0290397891765535,1.023526223097908,1.0279405808307425,1.032634543076867,1.0334949489248746,1.0407977568438185,1.0662536081306313,1.0799397456764013,1.0901859044287654,1.108219193908403,1.1308101923493519,1.1547731403588273,1.1792963629624171,1.192209319939508,1.216009417710206,1.228247004469142,1.2428197557327225,1.2439239339393104,1.2357007351321594,1.2167896529375655,1.2024062908632214,1.1968905141186739,1.1844633848134665,1.1710871026994496,1.1618574503940713,1.1487124520722336,1.1345620222363988,1.1033392712495713,1.0762362776035568,1.0573446745093567,1.032197259799742,1.034911585103947,1.0454449759910334,1.0329790174515066,1.0001406127902002,0.9718993056656268,0.9776617856912915,1.0253158006149263,0.9953983209247271,0.7865914535810874,1.718672000000001,66.98151,57.6289247054,Hornsby 132_11kV,2
huntershill6611kv,0.8768285661799461,0.8808750343676637,0.8556056243608884,0.8440773646515751,0.8546504828507269,0.8253859824701437,0.7943426073441224,0.7657111910078566,0.7459385153422254,0.7222993550057978,0.7043574711853591,0.6919192901190749,0.6791765211825779,0.6691203702289198,0.6630445907560204,0.6606778265011698,0.6597865010081798,0.6589047653175883,0.659902954486039,0.6665972173762944,0.6815909195679789,0.6973948990426505,0.7163938098105348,0.7434055748994652,0.7956240663079202,0.8511538168723981,0.9046920384315769,0.9506119543497626,1.0023079938185047,1.0533385165735547,1.0799446130059178,1.0979008236649428,1.1103625890092075,1.1071536978374723,1.1105114582578495,1.1090981091391736,1.1032277007749627,1.0960259826558811,1.0931501883808625,1.0788399482220272,1.0641594854398115,1.054207310628948,1.0457987792340568,1.0389685632478451,1.0317902867795428,1.0243006744343726,1.0229548981804495,1.018667421083543,1.0203185625121503,1.0243939279200722,1.0275045404015843,1.0265116400900984,1.0207033658555116,1.0166398040976699,1.01261652837864,1.0130293611643235,1.008787798722334,1.0148344542406245,1.0110519459498093,1.016759984943021,1.0228120588855076,1.030264535571861,1.0408103680783423,1.0563937742201848,1.0767103217552498,1.0948466746832695,1.1215990264908433,1.1512093996587098,1.184001507760976,1.2260790856239776,1.26872559754201,1.3076765287662915,1.3255222838115812,1.3350272535731857,1.3417545011577778,1.3392103147443999,1.3237040851189692,1.2997457921048936,1.2849257579016977,1.269717824252543,1.2478178062246965,1.2252830188616588,1.2078739192551167,1.1910036456717354,1.1629578308890314,1.1351958439222267,1.1057206808515552,1.0723903595115098,1.0636748316637734,1.0471761753033173,1.0156125623720411,0.9731067326744548,0.9393280052916904,0.92379203724783,0.9257486756622925,0.8866509172255896,0.7309616660469491,1.1382557499999995,52.7648374475,41.86913975,Hunters Hill 66_11kV,2
hurstvillenorth13211kv,0.9691310270030243,0.9402402714256964,0.912215131318771,0.8818273393930202,0.8626421415161554,0.8333126183214641,0.8012248062750557,0.7752921579703952,0.7575932830864776,0.7410449141379856,0.7228032994470677,0.7115163044898758,0.7071477927408482,0.6988440550336674,0.6913443224176459,0.6836807665572799,0.6776186832614395,0.6752212893646616,0.6760140535223745,0.6799353391599725,0.6966656178685512,0.7137325046001792,0.7265854776705497,0.7441803740903279,0.7867474447128732,0.813716609442963,0.8401726949255661,0.871037971324204,0.916043064150082,0.9499602490523658,0.983511909275217,1.003961906940182,1.0271889053643664,1.039201016154314,1.0479890542543604,1.0582159414716517,1.0685692728916452,1.0665581309824315,1.0683640930714102,1.0617911521027699,1.062745884639212,1.0608581306219351,1.057005792174664,1.0551747130938876,1.0606521932987014,1.0667223450336627,1.0682119730559552,1.0631891047700626,1.059133317947184,1.058029365597216,1.0653232871310483,1.0604083334300691,1.060037322239855,1.060857476996059,1.0536212864932488,1.053631582146557,1.0538477963002622,1.0537323399274443,1.0481506716743783,1.0500629246099518,1.0550049439701474,1.0626256783748438,1.0749384535452151,1.0961538205594148,1.1150421652990865,1.1266224705044097,1.1487322586029083,1.1703310491648855,1.1767003664465072,1.1946551276674864,1.216146534148006,1.239386437430362,1.232574304149958,1.2319204307769194,1.225509660617964,1.2198713200829512,1.2105228531729673,1.2025522502431607,1.1970980007609886,1.1856990493152597,1.1850128060013199,1.1756177165060206,1.171401614200406,1.1622767957981155,1.1542595087520935,1.1384808785919445,1.1277491400871704,1.1012040909990792,1.1093039805426836,1.0930748924215452,1.0837892310154162,1.0495326310804372,1.0243020398507765,0.992855460532307,1.0129071231439182,0.9819060876730895,0.7824201034860554,0.5775472156399994,23.2595032,17.7416676269,Hurstville North 132_11kV,2
hurstvillenorth3311kv,1.014672231822829,1.011092146306718,1.014672231822829,0.9774057477506308,0.9580981112480144,0.9133690158959846,0.874346951723915,0.8219323346857527,0.7967246573413791,0.7747634222256283,0.7451059726256332,0.7288981592229089,0.7135140945322836,0.6925834102251712,0.6848462615250661,0.669495783225283,0.6617540480571651,0.6593801840607793,0.6578679062280606,0.6628681160172383,0.6744797149168944,0.6852500804992041,0.7010326841382292,0.7227553443235084,0.7864387679198498,0.8412294017471144,0.9116917029591103,0.9618987347440201,1.000188129436393,1.014672231822829,1.014672231822829,1.014672231822829,1.014672231822829,1.014672231822829,1.042757191628624,1.0684812412223728,1.0945894581795417,1.1164098246418233,1.1241923426324967,1.126532711833618,1.129488839059137,1.1351940457083747,1.1260481166421747,1.1261077181805634,1.1305901851059532,1.1290427018773384,1.1326254820471755,1.1267481795884664,1.1164506923017785,1.1096079279411388,1.1184348343135027,1.1120343275409605,1.1021313678893476,1.0995553303123433,1.096809792922889,1.085716574511145,1.0801007410073036,1.0750273240391195,1.0695196077547076,1.0676425206106321,1.064997006642465,1.0737441896394662,1.0736392973659434,1.084397375727832,1.082568657915806,1.0989000512715987,1.1213969519934044,1.1538816918379555,1.1584432311764732,1.1797821695267772,1.1884051203544188,1.2050188114268154,1.1758887152355697,1.149430786592313,1.1377061659053644,1.1383312296252597,1.1139101555662179,1.094325197412405,1.0918695684760287,1.0847511722479442,1.0751515219097822,1.0631302608086939,1.0576208175441926,1.0401530808291082,1.0210917369057342,1.014672231822829,1.014672231822829,1.014672231822829,1.014672231822829,1.014672231822829,1.014672231822829,1.014672231822829,1.014672231822829,1.0012007774288383,1.014672231822829,1.0046585863938577,0.7938220651138738,0.35582599999999975,15.13154,13.97315,Hurstville North 33_11kV,2
jannali3311kv,1.2458571309654667,1.1509557683662794,1.0838376867330566,1.2251486118464663,1.359734107254889,1.3969477872613085,1.3035130275248454,1.161147214831233,1.0486390436472695,1.0519795246974384,0.9614703575888487,0.9344916049803867,0.865108731619041,0.781378385984823,0.7337446845133203,0.6996520223603127,0.6730173777833901,0.6541377858708356,0.6443266706374418,0.6430392253987802,0.65779347479164,0.6807343013283605,0.717994575811017,0.7654753658596998,0.8330489843703706,0.9265991253517775,0.9989859269413626,0.976714198142872,0.9741155777068056,1.0136310490656977,1.0175681504386025,1.0195286583288024,1.0005857992266636,0.9837055112421644,0.9574914291160991,0.9295011853805298,0.9081885939004744,0.8771172887016172,0.8588947517380379,0.8465986840133342,0.8236089751153393,0.8031056419180096,0.7891741667060067,0.7780381055941191,0.7651581950590781,0.7564525727020586,0.7479770400794429,0.7412858038373767,0.7269403615798777,0.7289535470142955,0.719602543538058,0.7157578041674875,0.7107840062212201,0.7091676023073094,0.7086787811955155,0.7055683741096249,0.7223592235674273,0.7221499304559538,0.730706784734715,0.743828973349865,0.757912873109051,0.7799689172967365,0.8087758996179268,0.8530037376689876,0.8978429702077285,0.946346567149173,0.9981235230386167,1.0580176185979726,1.1303193192682035,1.217914358957046,1.304934547521304,1.3912740256919716,1.452986810876973,1.4808736766103323,1.4898003876303358,1.4729421995535215,1.4539382974564763,1.4317364566042512,1.4145560741467897,1.387452640390086,1.3595818631775605,1.333866816882644,1.3047250301942914,1.2802537580359368,1.241219987822226,1.2019586888762788,1.1601105443373874,1.1077628393647625,1.113413994724975,1.065486354582798,1.06059975020595,1.04159243605884,1.3601244748742518,1.4676868873325901,1.4194968086500053,1.3417010489118635,0.6292342936813538,1.4398169999999988,32.57998,26.680096000000002,Jannali 33_11kV,3
jesmond13211kv,1.1004155067996368,1.0507591033326822,1.0195800149935894,1.0248047237796276,0.9791028868276217,0.921615563506134,0.8940603980587494,0.8793708999344142,0.8532900076146557,0.823184521904805,0.7947284435623165,0.7764177909169743,0.7669844652997425,0.7513564291792839,0.7410772857309686,0.7332566018356141,0.7312785527827317,0.7303075790491219,0.7364708775267748,0.7453440757485729,0.7713625103826243,0.7860441508161256,0.8018361864777496,0.8137237913734376,0.8508458832927307,0.8778338705607253,0.9019643778142803,0.9174176052922318,0.9493933374209327,0.9788121436479557,1.005237191445023,1.0120696022394502,1.010447531387659,1.0148891097151331,1.0164273993531787,1.0097848690658062,1.0008683970434225,0.9925779131962267,0.9825168125852405,0.96579893216958,0.9588548141775831,0.949582712774092,0.9454355781719812,0.94474890880863,0.94355407677194,0.9426412541134563,0.9423888221813802,0.9460591613835015,0.9498253387004929,0.9521558714152725,0.9570056737162295,0.9627405466168757,0.9643066304547323,0.9717455750571388,0.9732100124654047,0.9639671473197434,0.9742713487160838,0.9718374049158818,0.9685727275481911,0.9746592705559453,0.9794256657502453,0.9950572176816778,1.0092675260220716,1.0396391181118403,1.0706292482391817,1.0971589854348687,1.1191016444936517,1.1494230287898348,1.1746371811402712,1.2136683370992762,1.2492703388888646,1.255281062090588,1.2626312205158696,1.2610288235296625,1.2519979511462065,1.240531936748174,1.2394254809011065,1.2617907867576086,1.2263842374918232,1.202362109781999,1.1793947535988578,1.1605352916142904,1.1448425042979746,1.1226736052000132,1.1035094386649547,1.0850187672973912,1.0981131001424862,1.1100678882995396,1.1814944711922948,1.1413368257867735,1.1335192232890372,1.0925328576636606,1.1044479778246492,1.0620541145353446,1.048204238541567,1.0627228219082452,0.7700954556604047,1.0914689999999998,42.92198,31.9947,Jesmond 132_11kV,0
jewells3311kv,1.3009332413119297,1.2096243957369963,1.1792196572737568,1.2342204896268303,1.1597232184210395,1.0639432295863258,1.0300427335907283,1.0021630795203413,0.9584031898599119,0.881632111927269,0.8186989286554178,0.7771062067823938,0.7381832511371769,0.7109745948260979,0.6907321860396293,0.6806525636173409,0.6701674382447228,0.666331383046847,0.6675802141587697,0.6774046508621735,0.709934637331805,0.734687387962406,0.7590952552566924,0.7964831278157596,0.8569009230105181,0.9130817087323718,0.9590349522395515,0.9603766841695799,0.9922322353185445,1.0359241618201638,1.060305927705627,1.0732299000529888,1.06330058808989,1.053474049660988,1.043708829049839,1.0125095916847098,0.9868797346461,0.9599614910186415,0.9408180897124815,0.9272021961869235,0.9267985647626431,0.9035169698217682,0.8884732964206304,0.8723972376516006,0.8617913252467979,0.8448631692555333,0.8348247437928698,0.8230449053736891,0.818480549519893,0.8135957419100589,0.8067974400138945,0.8069964994313974,0.7974276342775449,0.8019693103366703,0.7998660109847964,0.8112778290992629,0.8155957363479739,0.8166719430715436,0.8183067881048548,0.8383361168851943,0.8452081272366195,0.8677783582874795,0.896727344974883,0.9402557126581662,0.9821898124199235,1.026146880472199,1.0755080820201115,1.1257075532775915,1.1902675166697907,1.2690340517660141,1.339755905160476,1.3555364319707557,1.3765264700245508,1.3811673377433882,1.3662581155442104,1.338406080722764,1.320886668208967,1.3549245312595148,1.3089583178398059,1.2763963944585506,1.2408388722485542,1.2114893746620614,1.1870032930988481,1.1533889018851233,1.1153577070404632,1.085362346434425,1.1304291487726017,1.0982519070469627,1.2874143483231506,1.2636076827604237,1.2328667446536588,1.1489285281080877,1.1703331449203622,1.100211057380091,1.0919861350074567,1.18698106694207,0.6867631428168918,0.5375924999999999,15.21021,10.976738,Jewells 33_11kV,3
killarney3311kv,0.9963924058182504,0.945497435367992,0.959741349092243,0.9424204876193957,1.090196606844251,1.0553271860883837,0.9939439886654834,0.9339150809911536,0.8943175083348648,0.8487619269498748,0.8068335188718776,0.7743834814552877,0.7560008945052383,0.739014982313612,0.724480660060815,0.7120375256154452,0.7067889754175323,0.7032240757233824,0.7027407158283256,0.708921277071479,0.7226960231195475,0.7318389737965046,0.7482701236335476,0.7701472762712818,0.8217801722346408,0.8759284522196146,0.9464968632473235,1.0111803949128388,1.0228690124366333,1.0479784209168488,1.0657706937026457,1.0686134750651604,1.0628649551309413,1.0526511274178096,1.0352351380154547,1.0197564708734217,1.0114080070733689,0.9977858880374915,0.9729081331064802,0.953718470924946,0.9351519643238219,0.922208688729485,0.8975889018516172,0.8816865234622637,0.8669564860936998,0.8560991015711372,0.8423126765657143,0.8435745780614406,0.8322735274579396,0.8221890618937217,0.8160919786120607,0.8240684996100273,0.8265532393473191,0.8227358341424958,0.82677818227079,0.8207188975061039,0.8179308393716284,0.8145333502019064,0.8256231098478535,0.8350925531064557,0.845804092007642,0.8609837883124039,0.8897912110478025,0.9198849100858398,0.9598050015751038,0.9991250996266204,1.0386971495460724,1.0948961411729943,1.1352298423300307,1.2020860303541827,1.2802505560687778,1.341209814560321,1.377183963536159,1.39325213480185,1.3871302515713222,1.379256763510832,1.359288845216014,1.3364978524116722,1.3186463051349575,1.3054345347801393,1.2976784471399663,1.3137225146748006,1.3898942888490662,1.3281573881128645,1.2752966815991988,1.2262101932575664,1.19648457425837,1.1465185729061538,1.2625719531887685,1.3021494212300644,1.260227064810546,1.2093917616580994,1.2382486401671422,1.1291881716935912,1.0989772202588581,1.0358226697453472,0.692204326210078,0.5137360000000001,14.20062,11.838046,Killarney 33_11kV,3
kingsford13211kv,0.8833207217358514,0.8643634473228587,0.8374283161732329,0.8234869724698358,0.8157629155251823,0.7920691111255783,0.7764053622408954,0.7588102026548539,0.7444962977789585,0.7338402577957464,0.7226195672921653,0.7139265566252052,0.7073493888098646,0.7019062365866132,0.700097679364762,0.6980893903624062,0.6985519032236063,0.6972853931503631,0.6996484621821177,0.7034099059479058,0.714450590426579,0.7260998297358536,0.7364942205468882,0.7518796036992939,0.7874489470171377,0.8300043174533088,0.8720998956147038,0.9076806559340959,0.9689600641883288,1.0079051524345066,1.0257956653113465,1.0397359898642546,1.0494083833942784,1.053394644099942,1.0527152419178267,1.0503043052169552,1.0561091619006455,1.0588510190673426,1.0557495312434635,1.0546597957589245,1.0600401361770018,1.059698877270136,1.0600068007892685,1.0581839645096285,1.0640976075646185,1.064329003793764,1.0636420785827134,1.065688262247029,1.06558497708997,1.0637223700209468,1.0658092463264983,1.0647045499028276,1.0607459169487705,1.0542953301895275,1.0483904500513799,1.04860305673853,1.0444058322148295,1.0445175009346037,1.0448965986088308,1.0458897014102904,1.0514114303964937,1.0539187311832654,1.0612571956790644,1.069489091735152,1.0805247583282043,1.0962507022490993,1.1134419644511826,1.1355514495194543,1.157197022693021,1.1857932362095693,1.2164100756195935,1.2440397094044147,1.261433339283342,1.2718059141417017,1.278737010117442,1.2798949891971287,1.2765267358438974,1.2706572559555507,1.2645298816717931,1.2547165697862117,1.239760234748543,1.224235227159792,1.211476026132206,1.1962637791118271,1.1773459617158621,1.15710884679352,1.134752227906652,1.1055269189826555,1.0805326027367002,1.061719488982991,1.0385135566965733,0.9997335084797587,0.9639922241934638,0.9402741003068603,0.9252657256873132,0.9000451423348661,0.7664540231142645,1.2470249999999996,56.58353,50.50456200000001,Kingsford 132_11kV,2
kirrawee13211kv,0.9820228239841025,0.9374457402387498,0.8916333542350345,0.9472910384869796,1.0041425805254647,1.018556434471867,0.9822684565134692,0.9110154753489189,0.8501004569122423,0.8507687331776869,0.8058766340813506,0.7802239738465915,0.7600758244195857,0.7124103029853239,0.6847922169618681,0.6678434906188112,0.6571372961048073,0.6549683839357134,0.6579362900589804,0.6698009400234112,0.6916986563850684,0.7123036739080705,0.739816680813654,0.7682245181888893,0.8147715193980151,0.8970015891694145,0.96860609817354,0.9688518062532723,1.0192068636319263,1.070038989958682,1.0803854232652061,1.0855987513459826,1.102336087279864,1.1030212340877499,1.09449510021235,1.08301309562977,1.0819092301254651,1.0622787657005763,1.0471557269534728,1.034659282016243,1.0297421340889525,1.0155745112995855,1.0097818990819083,1.0071058806393622,1.0032976389504373,0.9952122427633238,0.9908721294762475,0.9921027693284481,0.9962815431551134,0.990099969084446,0.9881403280765876,0.9850291664955096,0.9815602148857315,0.9763114096793165,0.9795042579201945,0.9710755669679609,0.9632362883362292,0.9659382382634005,0.9660548288854904,0.9663350029461222,0.9682653786946395,0.9718718708802765,0.9907413204127253,1.0070876643154303,1.0292520376665906,1.0533554459005579,1.0815772443404348,1.1169477960392997,1.1463757828038845,1.1870212224471404,1.2421668069659553,1.2888660665176062,1.3103325854027401,1.3222016027905947,1.3281056785435996,1.3106436914340323,1.29371477131902,1.269164162734078,1.2467616568552504,1.2286808065627268,1.2060481069549007,1.1812614892210513,1.158582833175208,1.137939990561002,1.1038664019343853,1.0723369038844421,1.0395849460174813,1.0083235235733865,0.9897512315235157,0.9637450260770809,0.9400217579753858,0.9229010526778442,1.079763890807637,1.0929638696001327,1.065000389532086,1.019835434105343,0.7428155211802149,1.2348800000000004,35.62606,31.431393999999994,Kirrawee 132_11kV,2
kogarah13211kv,0.9164398030435433,0.8891857372932214,0.8708987134105503,0.8412152786979398,0.814971741157528,0.7852492833300467,0.7567176561850638,0.7282331502740121,0.7100026290181588,0.6898719202453818,0.6764808604212691,0.6640278240715305,0.6543389026529262,0.644976918316007,0.6381150400481626,0.6317141419748703,0.6316496782599655,0.6352062609568994,0.6397543477964842,0.6483444318403471,0.669605526375073,0.6888518750133706,0.7116330645374696,0.7306394261327817,0.7723174490968442,0.8136599184135215,0.8441761452014529,0.8853049367879038,0.9217869476814338,0.9594005606333725,0.9855715059315259,1.0082313450102203,1.0287336248526417,1.040116435628882,1.048782696002488,1.0557654002018635,1.069983785117706,1.0793454018572908,1.0834619158596994,1.0807806896175671,1.0874859096095613,1.0934178798551335,1.1001066144453424,1.1038943958684195,1.1111883352321725,1.1121980647306968,1.1115108248830352,1.1109084093585635,1.107756939271076,1.103150240120666,1.101286263480812,1.1012242521048374,1.0963683993433824,1.0891900687485379,1.0861423504256418,1.0798158301838958,1.080838566180299,1.0778755652930327,1.0809275253253787,1.0781410333105035,1.0747851138345628,1.0895880513592626,1.1009966079747244,1.121306094268275,1.1328195225332824,1.1414677314055228,1.157374110850134,1.1768034961437464,1.179682265641035,1.1964233179236,1.2183401619947867,1.2383479688696521,1.238091238085414,1.2362992318669,1.2338989079607894,1.2275622673741595,1.2131744503632975,1.2062864785394136,1.1986608602040032,1.1882026323829853,1.1969937482020256,1.2363070962049119,1.2241365640172435,1.1954834757174733,1.1906410435837707,1.1778583372097418,1.1401414757820238,1.1048579359590833,1.1134180277807202,1.1000349968296252,1.0654806768544574,1.0205973772279677,0.9787147609582804,0.9438155594261731,0.9512097365313104,0.9312282414216525,0.7815262738744564,1.492167000000002,66.41955,54.11463,Kogarah 132_11kV,2
kotara3311kv,0.8509728799545427,0.815097008418608,0.7866913204245216,0.7950936898487142,0.7620078855206222,0.7238044500788126,0.6980189664812613,0.698375570872775,0.6868581554671338,0.6563571075775029,0.6318710897273441,0.6166848447393765,0.6088258760528048,0.5949766594280417,0.5881495143514331,0.5790181291214797,0.5807391730091157,0.5852376171237038,0.5863512289384882,0.5944211199755834,0.6128712434630937,0.6237013896931781,0.6418115243050514,0.6720609906980266,0.7124107118890126,0.7375062343641677,0.771899893989644,0.8061512433908321,0.8802639274144999,0.9239011119814117,0.961873336447551,0.9998682629905045,1.0494597050743943,1.0703043816855282,1.0929458651801491,1.113941046111476,1.1334720378170797,1.1364016390447897,1.1449725872557674,1.149004327509641,1.1534037655550666,1.1537531631354883,1.1491753695588809,1.147940120721284,1.1474293420346655,1.1507177681920244,1.1573193512081252,1.1578652626707602,1.1612900900569514,1.1677871832582083,1.178678622180688,1.1748107309559066,1.1792559532780267,1.1841467002773416,1.192538758105028,1.1892946958561608,1.1960098970550839,1.198886343318642,1.1900050006246177,1.1997512650935866,1.2087942838151087,1.2234156936186948,1.2384816981018483,1.258713680815969,1.2719337600834695,1.282251786582463,1.3021493327316815,1.3289497145187157,1.3385740605535335,1.3533526107073717,1.3344698054402675,1.3162001707127118,1.2975621700920645,1.2832924276481814,1.2562414472619252,1.2339137293164688,1.209090957699256,1.2177964259065277,1.1827678657324978,1.1547205893059516,1.1252304537190874,1.1027931802323778,1.0840637737910728,1.056125684035048,1.0226218501847937,0.9874923609791967,0.9967867736891036,0.9654636816250334,1.0334153094116807,0.985363260935117,0.9565252234143533,0.9033574554762681,0.8872545744796063,0.8394246177794006,0.8224629843262202,0.8345134747227368,0.6967498878327725,0.6535129999999999,22.57929,16.272170000000003,Kotara 33_11kV,2
kurnellsouth13211kv,0.946416689044492,0.9810257993151067,0.9984276691588063,0.9931762689893641,0.9779143918319272,0.9615783483137162,0.9309216673286898,0.9143324952176829,0.9112720802118809,0.8934703720375295,0.8772872306714392,0.868446494783628,0.857276264596754,0.8515406514533626,0.8436151745605677,0.8378554043080232,0.8424573570295953,0.8485456045957692,0.8540797483527584,0.8581898170102037,0.8740839146596898,0.8882166884089442,0.9082961212572407,0.9359190058531115,0.960814455900555,0.9905247785144714,1.0146638494723466,1.0374444595009473,1.0455853865239921,1.0690772789770604,1.081445719435234,1.0915099632575946,1.0950519008454092,1.096235323805136,1.083576535897088,1.0696377264836674,1.0630988384673365,1.0483698213815091,1.041827421476215,1.0320806631822281,1.02775221255613,1.0207194546558311,1.0157810685318678,1.0068000539526087,0.9978395699416867,0.9927048457134482,0.9841078386258144,0.9791331266993716,0.9804545176932217,0.9739861142212297,0.9671297037842451,0.9602600566978843,0.9582203259901634,0.9650502531666802,0.9638967135004542,0.9782235788817248,0.9860590157761676,0.9922936739404028,0.9990162073492503,1.0004193960214405,1.006353339919809,1.0061494101422315,1.0053508598275709,1.0182622589156003,1.0193907292606152,1.028059778136063,1.037872011768361,1.0536202478803367,1.0704331630184618,1.0988099758369847,1.1231003799728865,1.14486368247893,1.1515379699722343,1.1571156438527368,1.1514720060992363,1.1480430703408346,1.1347186562174987,1.1299238361415642,1.122969244718485,1.1138952288224857,1.0980786135647316,1.0917156690329324,1.07489117712955,1.061592680776594,1.049591322632144,1.0316586803892924,1.0101338221427263,0.9975282830661115,0.9977549487481808,0.9821430587446761,0.9617286606957767,0.9485730640593143,0.952909362648581,0.9330691271827276,0.9281346382539757,0.9334182877990552,0.7772497691843718,0.35400875000000015,6.859285,4.92644325,Kurnell South 132_11kV,0
kurri13211kv,1.1687422239867133,1.1346255227619062,1.0805561889384259,1.0145233758539405,0.9664846937443993,0.9263773740693655,0.897344186589231,0.8699620863054789,0.8464559319907886,0.8252107389157086,0.8094982043763118,0.7990326933793989,0.7850564395053887,0.7765660560449187,0.7732884420872623,0.771675178884749,0.7740607087583693,0.7780961704865547,0.7819437056632987,0.7945223112769115,0.8136385993217475,0.8329627971061181,0.8496337933707634,0.8701855744139043,0.8993672362202616,0.9313174029294775,0.9631656900723503,0.9857154016007584,1.0039994269172317,1.0267592928100464,1.0361136102007247,1.0348488730298167,1.0239868835226855,1.016671022597823,1.0047868003721117,0.9851937417169966,0.967430347192594,0.9536252762035713,0.9403161791216338,0.9241899065512278,0.9103078931389592,0.8973347099644142,0.8805964381731203,0.8738602071201662,0.8699265174955949,0.8681686507926372,0.870179243210682,0.8750093504539653,0.880704971298647,0.8779881453059816,0.8808070634778598,0.883411440687853,0.8893620508503562,0.8944944155811383,0.8967708553354528,0.9044135656762143,0.9084003624987625,0.9098763560319301,0.9158987068922894,0.919977878978235,0.9270262906112402,0.9377939729165593,0.9627114697855051,0.9844594652563168,1.0070488979164811,1.0406794337576815,1.0764509769058352,1.1272237209518134,1.1824358734239537,1.238451277295728,1.2832730249853876,1.3134761017067098,1.329465392085426,1.3371706130220928,1.3354251249569624,1.3243415434883081,1.3081581317050934,1.2929608602612181,1.2825904663099459,1.2645077603937556,1.2413445918573245,1.2207121714690874,1.1967647207917844,1.1739513310258285,1.1494396278719992,1.1337182431497543,1.134443312380979,1.1096138687423798,1.0875889689843794,1.056062959711496,1.0301758994623191,1.0109222373863358,1.160840134776327,1.1421135009261376,1.0941872172552853,1.0570519046173428,0.7297285318331919,0.7127959999999995,29.122635000000002,22.535099000000002,Kurri 132_11kV,3
lakemunmorah13211kv,1.2211257910158744,1.4020723722941644,1.4118581871216527,1.3112998217818153,1.236082158590536,1.236389546379893,1.336028088036524,1.2234413166537226,1.122473963030833,1.0293575256206422,0.9619161799425573,0.90117398622597,0.8671597225756877,0.8357620263632207,0.804744960977027,0.7916321822327739,0.7737261265016164,0.7670972147772415,0.7638136468484468,0.7642498912286794,0.7759504343286127,0.7939293935619457,0.8128087957173585,0.8406636475772781,0.8772792724768034,0.9251651235646847,0.9571901887589647,1.0089502410923938,0.9655389826539302,0.9818102480170178,0.9931078505677865,0.9853439619668789,0.9617841607660846,0.9513691127876432,0.9307630527913408,0.9087313353285404,0.8861616258094289,0.8644285477766859,0.8378540876001951,0.8182787701873144,0.7965939184312172,0.7713351676471984,0.7487443925409466,0.7342247139147943,0.7154567947249358,0.6977527897045362,0.6928929905519217,0.6926320196511208,0.6850869875786328,0.6795726934154396,0.6794004012112245,0.6739754421434412,0.6771916721393969,0.6744238574636788,0.6773575801452315,0.6802194856647555,0.6883540389615741,0.6956369978012866,0.7181777899450811,0.7408031800939394,0.7591247969807369,0.786813640128681,0.8194903662786979,0.8499326033016502,0.908084025085597,0.9609034021741215,1.0209470226292803,1.0898131487693048,1.1518141340306944,1.2316832291976885,1.3091610430835787,1.3677782018664786,1.400868303841749,1.418248866979677,1.416670606633723,1.4056899398185974,1.3878206048079669,1.368133895559378,1.351327227250465,1.3339561082598579,1.3703788656521272,1.331307058168326,1.3216295829277374,1.2805317279611086,1.2986909084860976,1.230434506908655,1.1830741265087077,1.1344086328227398,1.103875071929609,1.174196155518686,1.207235348431677,1.1325682776761576,1.222357256893886,1.180556094393014,1.2880451993765194,1.2441035644069107,0.6559915786461966,0.929779,21.27968,16.269868000000002,Lake Munmorah 132_11kV,3
leichhardt13211kv,0.8810616585550392,0.8631503751506556,0.8505672410642395,0.8370576061320365,0.8223624962736822,0.8061829329451147,0.7909090399133922,0.7827283877072821,0.7728780579999449,0.7676533121966932,0.7601635474587188,0.7517156852879148,0.7485346044306154,0.746859577738751,0.7457126684964857,0.7458367450196167,0.7490173639331162,0.747592736986629,0.7487404832917983,0.7529548033645624,0.761129080044868,0.7707098070876355,0.7657741282709304,0.7656984784981903,0.7914659618968899,0.8174849215408241,0.8610101063070589,0.911839446350574,0.9626595265258993,0.9971134596664413,1.0270042454910489,1.0453357249755062,1.0533467357253716,1.0530819315619424,1.058819099526227,1.054852334833311,1.0608019862079556,1.0598492887692414,1.0563600829513355,1.052824078895146,1.043427430132921,1.0437406662752162,1.042407087672228,1.0362866083526934,1.033619570676291,1.0327515488639865,1.0314240925085936,1.028326580788073,1.0268959069448562,1.0243995365667966,1.026300173382794,1.0185659439534522,1.0181805804853152,1.016673221978971,1.0123270084279095,1.0234468418026885,1.012947637417996,1.015594336859599,1.0202288825554404,1.0289835713672104,1.0308072621815318,1.0339876939830377,1.0382675808506268,1.0419601398390468,1.0557527541728648,1.0825344585084848,1.1081385500540573,1.1303635377116963,1.142231463203137,1.1784624887580486,1.2088922517642302,1.2454319153190219,1.2601534995759314,1.2795816526446373,1.2938455225063161,1.3055109802430098,1.303204222107358,1.2893687189576615,1.2788370244383405,1.2630780111187916,1.2459364078544684,1.2351743650041676,1.2198854579469256,1.2045388230273615,1.1857009082237437,1.161155294081239,1.1351460221267964,1.1072225469957668,1.0786226382253221,1.0382039258428575,1.0065136497725928,0.9821152800258041,0.958032629056788,0.9323246967550083,0.9121472237095255,0.8915034273280993,0.7453549268267633,1.0049695000000003,38.520116,33.721503,Leichhardt 132_11kV,2
leichhardt3311kv,0.7861303527109615,0.7615709078270387,0.7399620864991839,0.7302196136128699,0.7072180706658321,0.6922424541642761,0.6723224636930645,0.6582997727682935,0.6507769363865789,0.6418506689649875,0.6318267706688702,0.6262231864201688,0.6206372482733897,0.6155851979323685,0.6128974859309988,0.6136361108917193,0.6140285622617849,0.6163618457714618,0.6230452786741814,0.6322070192970162,0.65027225763412,0.6664713576584201,0.6872134108368545,0.7178194289561425,0.7628713751221771,0.8108324053780193,0.860839594711463,0.9209666067882621,0.982399857002566,1.0327410888347082,1.0723354946228207,1.0928536078209388,1.102230654743705,1.108588472384605,1.1081869716860662,1.1075789044527466,1.1113126289517299,1.1138060704577497,1.1173447901342413,1.117064140701234,1.1160508569960705,1.1135623472740939,1.1157949223247945,1.1114974655276109,1.108586330905798,1.1085748364544803,1.1138459685347415,1.1128427582955196,1.111695786248133,1.108155303276567,1.1054586244580507,1.1023626388600043,1.0975906317756325,1.0951454853996083,1.093771960848701,1.0904566597805054,1.0908537388794117,1.087417762357291,1.086867752958872,1.0879492930025472,1.0828183278748824,1.087387219574087,1.089054718564937,1.0970201712908216,1.100336956379758,1.108867896024143,1.1256645796137303,1.1474055354363086,1.1741908775672103,1.2021181495971407,1.229318482204188,1.2631802918876471,1.2922707365768018,1.3299311148503696,1.3441176853294732,1.3496215193123826,1.3399570167969452,1.3402184553047054,1.3326236625465833,1.318625301902352,1.29010567998852,1.2696436839986451,1.24965238331417,1.2290356688039965,1.204159591166674,1.1776688234554127,1.1508138106906383,1.1154197441251088,1.081453778172787,1.042943583139022,1.0008052718504543,0.9494406327041074,0.9063814412103178,0.8708620914533166,0.8429170137530797,0.8147158270872455,0.7258315523393486,0.7447152500000002,28.9149,25.357305,Leichhardt 33_11kV,2
leightonfield3311kv,0.9405664094901264,0.9290251990380858,0.9180105355607096,0.898561796367548,0.8841859527076125,0.8727320019548287,0.8598263570841223,0.8481498301332369,0.8388012545864076,0.8213516415875973,0.8119756410579951,0.7983024348026695,0.7839782883216057,0.7872321249414406,0.7884954463734589,0.7896032126689023,0.7914247606578382,0.7945295909455332,0.8048343095657268,0.8163869617456967,0.8375643535220962,0.8458408710364814,0.8558760770936906,0.8706557599164355,0.9004273176520426,0.927859354345004,0.9473144613924208,0.9584320048719592,0.9960187729925708,1.0269053441185025,1.0539497940750053,1.0670346654378329,1.0724976038264957,1.069759949622007,1.0633414640719883,1.064403961345866,1.0655045783214878,1.0766097762888127,1.0773020274259668,1.0775692170155244,1.0689631622923979,1.065753684713835,1.0669799029206402,1.0654968368891187,1.0663608830004612,1.0655403357735793,1.0652065048384731,1.0614083369982217,1.05765275478685,1.0556123958879127,1.062692771279389,1.0661424914731161,1.0690073049900217,1.0657786884601157,1.0642707589277325,1.075057672545687,1.0688057015747452,1.0784824710468732,1.0747836729913072,1.0702707133667204,1.0579530768464913,1.0710782441605546,1.0826806086605276,1.08072551338737,1.0838730870925701,1.0916507853843622,1.0971811889874166,1.105047462014464,1.0954277421716536,1.1049416058807853,1.1106569571195113,1.1123745884130467,1.1066742692203564,1.1026403079187383,1.0992182006204883,1.0933465794124844,1.0763167347277416,1.0705103481607983,1.0737500286243824,1.0730432416378104,1.0681328606602265,1.0662745003894534,1.05707060332903,1.0461405565337212,1.039711344826802,1.0349719818170557,1.029839317948776,1.0207235344466872,1.0170281687176645,1.005299658960634,0.9983758167120573,0.9848085218221075,0.9830816526745423,0.9737385615160474,0.9664122531763896,0.9521919473067294,0.8269240224668294,0.4800100000000007,21.1667,17.971107999999997,Leightonfield 33_11kV,0
lemington6611kv,0.9867012583074547,0.9748178278925148,0.954078341682943,0.9401764573990717,0.9311513998057819,0.9188783989899812,0.8947862538432807,0.8773293217761544,0.8688336775803037,0.8538206352819472,0.8502967132823754,0.8361073741636482,0.8265701061077516,0.825505081790699,0.8190814170535553,0.8178507121018137,0.8122630794614433,0.8220153931894646,0.8353328399099628,0.8473452231729168,0.8537402784581479,0.8698982039289075,0.8850827647651068,0.9094536632776867,0.9384803306444303,0.9529602228155435,0.9693225307680011,0.9832540026957083,0.9801843902592816,0.9848253533376738,0.9932141737575872,0.9863340326217144,0.991901217875686,0.9957800868051845,0.9817131075269449,0.9834258552515536,0.9737495356218204,0.968825935564441,0.9673414517349408,0.951093294505712,0.9421287922309152,0.942102393598425,0.9435623583469799,0.9416002934369435,0.9403135049844503,0.9415008284794384,0.943489167416926,0.9416212681100645,0.9424586292502456,0.939750989924814,0.9432862639596568,0.9488779304831513,0.9478122964062969,0.9480174287396983,0.9552222423201319,0.9654706737080114,0.9721357648633137,0.9716599572107045,0.9767081382610138,1.0012668663577822,1.0267543199205706,1.0252144589277676,1.0528636228764994,1.0649704595834522,1.0833323169170097,1.1033564667630145,1.1287338306687156,1.1464292819837378,1.1667190745760347,1.1882327711627632,1.2157236705291168,1.2435019454557572,1.258350712852445,1.2566884778587522,1.2495097814059595,1.2490873175112387,1.2218596169951084,1.2081930181518084,1.1926004451851866,1.1746881609025575,1.1740884317535014,1.1615474606918805,1.1428100002201633,1.1264799735792004,1.1094973606406124,1.089820385324432,1.069357449778149,1.0503711156865139,1.0446125767467105,1.0324449960011752,1.0081224488826084,1.0278107769729377,1.028362663981243,1.0101244766533188,1.0097806138406817,0.9954517859212751,0.7233104363575991,0.10636724999999991,2.35959,1.8606485,Lemington 66_11kV,0
lidcombe3311kv,0.8788969660087744,0.8558932500746228,0.8381973295130659,0.8220778066786751,0.8127152018858738,0.7936760647600081,0.7774327711962262,0.7633797913891097,0.7544279658099509,0.7429307524791622,0.7356596759787465,0.7286716410350342,0.7238978685626062,0.7207946752378159,0.7169941698199117,0.7161704289176927,0.7174099818885128,0.7210510186749834,0.7320651122668193,0.7429961515703445,0.7640791368729346,0.7906278173182251,0.813306031648678,0.8249674213738909,0.8539138892115385,0.8751639517572295,0.8819931395556472,0.8952675032416042,0.920177361673965,0.9409184230440362,0.9582110428536937,0.9741326055166152,0.990689141157822,1.0138542329935751,1.0308676728288082,1.0359064859642537,1.0558451222348302,1.064809833691977,1.0733491953381311,1.0783864706423034,1.0816137954648901,1.089506100973224,1.092816617924044,1.092426191682705,1.0991702423655716,1.106579771747439,1.1037933854981596,1.1098574012569877,1.1106804609800895,1.11764509096756,1.1206695915505398,1.121082193089305,1.1173702381196493,1.1230155040014438,1.1212477243307089,1.123136058632684,1.1184131863153006,1.121082193089305,1.117864825839876,1.120550756082628,1.1235916373693076,1.1239534975429013,1.1240186535177286,1.123766433627866,1.1367361905706073,1.1474724176134143,1.1517724798297795,1.1596723994602718,1.1613529630910489,1.1714834019054694,1.1878468588484221,1.2018607034233006,1.192411651785844,1.1849138647349906,1.1791713477197776,1.1733658244561358,1.1631489472237122,1.158181245375787,1.1541274990499475,1.144789890435633,1.13688560059383,1.1251663063038266,1.1199960716042585,1.1115417360613775,1.0936349654645257,1.0777156924588667,1.0658572450231565,1.0454632231711238,1.0345799146972798,1.0156735349423935,0.9951325614550461,0.9755821850541662,0.9554671237298934,0.9328644349595351,0.9158487176546246,0.8946263466643366,0.8052846207198616,0.3695189999999998,19.12827,15.137034999999997,Lidcombe 33_11kV,2
lindfield3311kv,0.9818352111568515,0.9626036137933753,0.9339061821083255,0.9227918695172012,0.9185569905689385,0.8766057342838302,0.8435664980360349,0.8076192090449178,0.7820990409485774,0.758749654320606,0.7379016567560188,0.7211572344759236,0.7098082049478447,0.6989308811967083,0.6886493055945428,0.6820560456215728,0.6796537290705105,0.6793988450359486,0.6792271851671401,0.6842387113176903,0.6974850567881835,0.7059755663802544,0.7193558118308516,0.7431804794246952,0.789630584898588,0.8384668361477752,0.8924133203402498,0.9328130163263308,0.9714721186735685,1.0158327359530404,1.0476678021834336,1.0633883585388617,1.0723997647398829,1.0775866763893118,1.0769770895240098,1.0684616664434847,1.0652208925990068,1.057643035805753,1.0432503284487036,1.0351722559571603,1.0198718225744943,1.0065969338780756,0.9955644663817083,0.9904653324070934,0.983749890064308,0.9798539902631733,0.9805692216551879,0.9812239275760295,0.9795953823234385,0.975037935131082,0.9722022243555463,0.975210277062788,0.9716595777341103,0.9621306287616979,0.9540583127858884,0.9525871728338527,0.9457595807022022,0.9413650476577083,0.9410986475200559,0.9474896832142065,0.95224114708986,0.962374667442602,0.974712121619272,0.990278075849501,1.0090681472874607,1.030791130102253,1.0554544495621725,1.096248731966905,1.1285752839841598,1.1730663182356276,1.220904258210381,1.2755311421093583,1.3118768396918334,1.3318381076219112,1.3444328919624877,1.3350369914957534,1.3224164985548443,1.3097713985468808,1.2973172946424332,1.2906120022601633,1.2773760492725397,1.2673563000165815,1.2537481312559464,1.2406123705201453,1.2213013635189052,1.1961445028268027,1.170190251402941,1.1373948412579844,1.164311240967757,1.1675064798509345,1.1441504646383602,1.09612495839101,1.0544514981925452,1.0439970129489884,1.039984107090062,0.9929636743742998,0.7317020878877467,0.6640389999999999,28.997030000000002,24.758511499999997,Lindfield 33_11kV,2
lisarow3311kv,1.066145727173974,1.0952244795341717,1.1329978724913508,1.0741703760570696,1.027471316117399,0.9671329318776821,1.0140436046145676,0.9678272668632943,0.9331575846189112,0.8788626559809358,0.8364593092303781,0.8045145967926856,0.7813122990400349,0.7541015570536176,0.7427455667622657,0.734037913972824,0.7303452056363839,0.7384034960073,0.7454532080825309,0.7514122704273327,0.7711842465059845,0.8051332613916565,0.8439597669331719,0.8764093029384443,0.9232601217925027,0.9739683538303231,1.0198398578451802,1.0540801823314758,1.0376699970068513,1.0530838058648488,1.0703601482678167,1.0625142391659554,1.0443852169302792,1.0314726147265003,1.016759317051936,0.993920556101162,0.9857863970991387,0.9689719214260109,0.9584819091813581,0.9430230676784517,0.9194727654371895,0.9007267920302011,0.8896451138094731,0.8708732803824617,0.8584152449652295,0.8563987229751385,0.8509231279153988,0.8471135558430052,0.8445442120725926,0.8466449188259746,0.8549428544608739,0.8603905333791,0.8655692922140952,0.8642074929069601,0.8631770946225819,0.8725208127507409,0.8725360996064712,0.8793565729926215,0.883683385379461,0.8879294621077586,0.9093015989048041,0.9265642128472106,0.9523817232630998,0.9903721631502056,1.0062732732244046,1.0307641926116626,1.063539767814528,1.104431118573637,1.130415042482417,1.174079625933137,1.2282183152482922,1.2634732776423252,1.2862470357810645,1.2992481904855668,1.2989439022287876,1.289058247238783,1.2709124666316414,1.2515587490067859,1.236936358153279,1.2192013672620714,1.2329095046823808,1.2302259126937487,1.215929560497644,1.1946726614090772,1.175559251458088,1.1650767201199423,1.1306629450317747,1.0950068227243561,1.066145727173974,1.109081227000306,1.1803785806925162,1.1368841246807975,1.1401512240690894,1.1301591772811106,1.139304777100096,1.1267762978203104,0.7524199086234997,0.8168280000000002,22.6032,18.26737,Lisarow 33_11kV,3
longjetty6611kv,1.1280476297564392,1.1781768608128902,1.2142646447295595,1.1414270581340855,1.0653293590253319,1.0016678323448995,1.0536069143440092,1.0125763913701138,0.951179523948898,0.8922163791450938,0.8321654106391455,0.7889706023307158,0.7601146611440829,0.7335345842383074,0.7166045865789429,0.7056825039035336,0.7015543718194187,0.7004441348605402,0.699620030602903,0.7057655801954379,0.7207288702063367,0.7412250910637688,0.7644833926390076,0.796628235202312,0.841220142989945,0.8932321383970964,0.9433068468180997,0.9874938193510653,0.9688887676114194,0.9835742726614696,1.0005787877125627,1.0066204579331384,1.0023322668973789,1.0045828043938432,0.9939271001677975,0.9827919187444297,0.9664206995428475,0.9433314546783936,0.9205016304556191,0.8928523804783092,0.8702897189404526,0.8461706514590482,0.8250854339153687,0.8051254822553344,0.792662848123074,0.7835544797737485,0.7733292335203446,0.7749770797223688,0.7677350551247897,0.7670031230974916,0.7663883002566627,0.7680696235237936,0.7710327968891992,0.7640693052644486,0.7693638593101921,0.7681707522760839,0.774535814837938,0.7795583946385591,0.7957584174259317,0.8069807478239657,0.8374210508996913,0.8687391357161593,0.9126729146478699,0.9641944866270052,1.014874006694138,1.051404374680612,1.0942666092741051,1.1592963683720108,1.1971406285120416,1.263621051646595,1.3406995762798035,1.394307034042088,1.4280419595309455,1.4433181731522842,1.437958634429031,1.4277437231807373,1.4047709725549917,1.3825538758535367,1.3606888383606273,1.3340574838096346,1.370982166047064,1.3615424897474666,1.3311639805704303,1.3045199420218523,1.2768278787951581,1.243895149732427,1.1792650464539682,1.1225796106380799,1.0857449645413637,1.1331620255095258,1.2329288335181046,1.1790884180762344,1.180391395484179,1.186034081466152,1.197753793608993,1.1888180694771062,0.6847991617515411,1.6451188712999993,37.5800385,32.3044775452,Long Jetty 66_11kV,3
lucasheights3311kv,0.9562514795680856,0.9584731870378008,0.9534550497797315,0.9523794452972308,0.9520382410513504,0.9511423866743448,0.9536685987078177,0.955913702567403,0.9509774115497431,0.9496868246711395,0.9517512507383438,0.9518774054362847,0.9526855510489625,0.9558521270696683,0.9517783721547322,0.9493833963419365,0.9489851284109629,0.9526585307861795,0.9509793967154995,0.9505319476866841,0.9529380083232362,0.9523476958004715,0.9601432560685474,0.963920673171265,0.9681808686760852,0.9755320472403459,0.9789770410497104,0.980238020532682,0.9908874232236532,1.0037590595267716,1.0093441279831388,1.0184362211389513,1.0233718294437562,1.0298555279854522,1.036034813501985,1.041600061391965,1.0464875405948426,1.0524735078584448,1.0565049470594885,1.0569917947827805,1.0584654127616904,1.0572265567557504,1.0600438586048035,1.0663107251610138,1.0654068596041617,1.0625131697259198,1.061465951888592,1.0642639569114114,1.0651240844758139,1.06313724053969,1.0633684005875859,1.0595719821491498,1.0614235530494966,1.063252814133516,1.0647727245477847,1.0661513224627135,1.0658775811106973,1.0630396909700806,1.0633918221991123,1.0625228417594472,1.0594651875308259,1.0573766580185424,1.0572532110205868,1.0539161811824016,1.0467571441490757,1.0421318323784834,1.0391566432951362,1.0325099050080588,1.0219858879139492,1.0117533403457746,1.0054214350425157,0.9990281800109988,0.9894999004621325,0.9805327441869649,0.9744814082164069,0.9721608368471444,0.9700806222538484,0.9672336191050787,0.965732601802145,0.9631944675999077,0.9624605389639678,0.9638795178108769,0.9624489650764785,0.9628498218892938,0.9612572863296936,0.9620803211994696,0.9622500028217961,0.9623094594979045,0.9603749361319237,0.9602626335823884,0.9616014556912699,0.9600600085468984,0.9617840301295392,0.960546988633774,0.9604167439969455,0.9599210352819121,0.879687843368747,0.2812267499999998,7.88532,6.95130289308,Lucas Heights 33_11kV,0
macquariepark13211kv,0.8566987737192933,0.85065442296087,0.8450427087823034,0.84264684245374,0.842727187799566,0.8364552239049434,0.8306378635405149,0.8261650848932385,0.8251872221537354,0.8205261654925873,0.8170251084048421,0.8143664911327431,0.814303146125536,0.8123882252983222,0.8114359017685161,0.8098365107461759,0.8137245211578004,0.8152355538137428,0.8190319314441701,0.8207647550093514,0.8318666499873374,0.8406326450039677,0.8543856614837578,0.8705679803024751,0.9091584482130277,0.9290830490826976,0.9443133167866262,0.9560416371570837,0.9911858865360311,1.0257961221285592,1.061964931213618,1.0789771344542838,1.10267230443601,1.1169178137659532,1.1243730784034023,1.1278895575630452,1.1364887497442264,1.1378975721379665,1.140072483815373,1.1387071146271772,1.1440567610881378,1.1457993341724095,1.147061399232403,1.1485879891749013,1.151608905041546,1.1485588779878408,1.1508962389311492,1.1545558540585825,1.1592125082357367,1.1592424408275146,1.1566523268570919,1.155023850628421,1.157256251040514,1.1541964776599587,1.1545351315151682,1.1545148063563857,1.1564654785482538,1.153155587499799,1.152696276843891,1.1497114191981836,1.1472699550360304,1.143396157383222,1.1404719176486182,1.1348964754876112,1.1337196776544118,1.1332662634493007,1.1342260505805881,1.1323281722641385,1.1231199131165637,1.1173385216083633,1.1110289878875053,1.099699661789099,1.0596605578489078,1.03441425371297,1.0198568625947606,1.0096809068127708,0.9966778916237783,0.9815161901873628,0.9740932781292719,0.9683777647965727,0.9622777286090427,0.9547446270455161,0.9472271205832206,0.9405666678724182,0.9296750491803909,0.9202660139542068,0.9126215952397658,0.9060262193667791,0.9041719686125312,0.8972070996137957,0.8901875837785359,0.8809777703583209,0.8730063874090443,0.8658577874114834,0.8644513630817483,0.8580618659288594,0.8502133783500201,1.4618500000000003,72.377406,60.345279999999995,Macquarie Park 132_11kV,0
maitland3311kv,0.9222452537085802,0.9191740608015376,0.908856396648412,0.8840620601796445,0.8441522140817431,0.8135857453054257,0.7948677505806125,0.7659230038378919,0.7464486888220979,0.7382996750627104,0.7207878071159574,0.7086238024795546,0.6979546695768303,0.6843219173264002,0.682127833405398,0.6782448099398894,0.6742078727405653,0.6736041477401771,0.671118836515892,0.6736092284605462,0.6851383659139572,0.7000701302987788,0.7131125191653442,0.735065899010738,0.7866799831934184,0.8171492177906984,0.8483826521645148,0.8854439040307838,0.9231875346884607,0.9527269497272214,0.9784848005495674,0.997065301676121,1.007384011467263,1.0117588180322716,1.0118803877046436,1.0278785391756848,1.0409665980370828,1.0455742684150846,1.0365437462345763,1.0301594997347019,1.021218088270889,1.0085587930214028,1.001496776790585,0.9890064814557078,0.9853667073820547,0.9883046102163765,0.9936677497771311,1.0062591806318395,1.0180290195558894,1.0303789881603926,1.0244823471392739,1.034072112011243,1.0476597053587615,1.0436466907139152,1.0424862055672708,1.0386358176071973,1.0363311131164847,1.0372526806850675,1.0538247318090828,1.0538247318090828,1.0577644438368525,1.0711543286092136,1.084446494940762,1.0939257119727748,1.1172996386538805,1.1338312900790546,1.1511183626943233,1.186708658792624,1.229549900166346,1.2833377561817498,1.3344284264154558,1.3649838893749402,1.3870336664205856,1.3934758456492944,1.3934758456492944,1.3850903591947814,1.3644680044706319,1.351288382578347,1.333716647289759,1.309855506229317,1.2816907339669876,1.2535337278250824,1.223928888138022,1.1931293646345604,1.1553432236764252,1.129808507640988,1.1058350899944631,1.076120135519554,1.0362038126058628,1.0002235098729602,0.9694255450171663,0.9262712707346381,0.9412171137803848,0.9455933716668666,0.9302290090195751,0.9131221042860449,0.7033240300216452,0.7454030000000003,24.47392,17.778154999999998,Maitland 33_11kV,2
manly3311kv,0.7760845221776386,0.753005792350149,0.7317749464577965,0.7167978964368145,0.7093123633128188,0.7061276490068606,0.6957428992165611,0.6825638052676399,0.6770497781023078,0.6684706235949404,0.657784380170193,0.6530147283525786,0.6482376717995585,0.6471731084689899,0.6455897166851694,0.6481773064387049,0.6488921612381795,0.650889762313957,0.6513751670970785,0.6509225074914966,0.6511988405108816,0.6565818454069091,0.6718467241877498,0.7002920523871826,0.742664173169094,0.7980130130879903,0.8554629171969065,0.9084965314687112,0.9591737578335974,1.0012156570537798,1.036932374818386,1.0522689311152635,1.0655480839767524,1.0795315616812846,1.088358835291485,1.0979600783708179,1.104324928585958,1.1099070660908272,1.1155228337389154,1.1150998319033243,1.1181754317224308,1.1193407451929824,1.1205406671305882,1.1210640549132895,1.1205543019686413,1.1187001014215072,1.1200999144427943,1.1191118051121034,1.1170213413065795,1.1139796073468375,1.114995035692338,1.1153946253390696,1.1157174008661608,1.1124882934252702,1.111057274796863,1.1113154956648776,1.110502384518988,1.107012373864322,1.104809510450896,1.1039560083106001,1.102941389666147,1.099677082903937,1.1044050394242468,1.1096283272927845,1.1173965294204522,1.1275691010724607,1.1326386404805322,1.1502741282677045,1.1649736104257054,1.1841768374850525,1.2074036575143898,1.2372229727964366,1.2566175265731765,1.2741863626807606,1.2900451688861951,1.2963504181524828,1.2979253197992107,1.2956483754583508,1.29389720883429,1.286205725771459,1.2664515679801784,1.2666923061182123,1.2759660771776835,1.2615185224955259,1.2250276785236087,1.183297912318578,1.1533941691719078,1.113022082044657,1.0688420275392323,1.0314458342318251,0.9911879083177414,0.9437619271495136,0.9146416634886404,0.8897615182111073,0.8497207834951802,0.8108614014882447,0.7527060513196888,0.7110109115,18.570385967500002,15.890704249999999,Manly 33_11kV,2
maroubra13211kv,0.8698763935379435,0.8560532583905479,0.8415537118998254,0.8315063649427625,0.8195675390052016,0.8066461486939435,0.7913046261822532,0.7845034909546279,0.7762507033301229,0.7683564308708821,0.7602884490713218,0.7527579030618758,0.7491811911661819,0.7455667027140381,0.7421795915067617,0.7407221951502523,0.7405325582967344,0.7409194820546121,0.7455822063706544,0.7574321209846344,0.7707030713825124,0.7842011665949153,0.7983237027552597,0.8136786164027281,0.8473913546129836,0.8876859103635518,0.9159476329896258,0.9465988920398548,0.9879160504797083,1.0134500396243704,1.0336823589306365,1.0481742847879987,1.0640845318440835,1.0688523004583907,1.0746386724327293,1.0811610227048074,1.0873846511337175,1.0914234010236052,1.0911337890335917,1.0915805966265721,1.0937916007838366,1.0927780398121762,1.0916292031072878,1.0942456477403602,1.097583480113719,1.0947997885938647,1.0941626452068043,1.0923169003513675,1.085010985209467,1.087537917617095,1.0853890006170788,1.0825227416880423,1.086680667601966,1.0824390799471302,1.0809515107217251,1.0777676298464371,1.0760908317229985,1.0744754650829893,1.072481338255431,1.0742560235985046,1.0788770202501066,1.081934756397346,1.085028658155365,1.0910410839209719,1.0972830328763277,1.100492088832437,1.1123328738283542,1.121293912175235,1.1354497933571819,1.1510414114358454,1.1625236288610037,1.174809153868809,1.180668501284657,1.1898767758045061,1.1902662739228091,1.1887489855364302,1.1799491349254032,1.1748892166158897,1.1697350056719524,1.1646151540328058,1.150627759026807,1.1361851741337667,1.1241567861986814,1.1119945883478077,1.0944248152371399,1.0740967756711948,1.0502475743920723,1.0331241768323107,1.0083717400966792,0.9869830083209136,0.9705360961868726,0.950621606788323,0.9335111558016802,0.9165303677190665,0.9040589635822021,0.8879693378859584,0.821823746019684,0.9452674999999995,42.75515,38.377646,Maroubra 132_11kV,2
marrickville13211kv,0.8019399972778718,0.775743933922577,0.751875725849964,0.732556532383687,0.7241241725076424,0.7073704699170353,0.6902264761739911,0.6762725585447532,0.670038175124963,0.664094086870348,0.653202318500937,0.6451481896231375,0.6402233222732722,0.6334053182846028,0.6301499752009581,0.6280523454684396,0.6310023115275106,0.6360088880330553,0.6454341180769025,0.6570333892242461,0.6743510698259639,0.696079483984743,0.7138866816545476,0.7357410554046169,0.7821334044549938,0.8237208916084025,0.8644236064501994,0.9148903747522485,0.9813976064150283,1.0348219313529476,1.0772114025815804,1.1076994262941355,1.1456011354873923,1.160965322041387,1.1686884329694358,1.164827025868583,1.164371371210019,1.1658694013253286,1.1603607821460222,1.1574684248408165,1.1519437911933366,1.149314973561954,1.1476371979028441,1.148827701796193,1.1474054035991164,1.1497552460901186,1.1462399979542313,1.1439720813414966,1.1394899435051937,1.1334300123983652,1.1294976127832246,1.1248572072300125,1.120248007081512,1.1186029268507212,1.1206998141924474,1.1192660779182266,1.1146351016269875,1.1151849650173387,1.1069796495051383,1.107865498358588,1.105909829437283,1.1098222435950642,1.1097416775543891,1.1077081026707027,1.1134825522178868,1.1217931535704269,1.1264424253190854,1.1385123840907272,1.1431525250367491,1.1611889642674498,1.1816647277660677,1.2059292287639396,1.2286798637074248,1.2443829959717474,1.257510761492446,1.2568173816872883,1.2538284132594142,1.2474699875620885,1.2338453882817997,1.2246926996989973,1.204288153372593,1.1850572373132398,1.1724768109271275,1.1546125391791306,1.1306159877607052,1.101514495202361,1.07647283655338,1.0511429964912602,1.035743559906768,1.0041883216576473,0.973074470819293,0.9396100982462143,0.9109814742988733,0.8821252421642889,0.8549864196880717,0.8262697051067525,0.7699169612501019,1.3320140316000015,50.70414,45.978716999999996,Marrickville 132_11kV,2
maryland13211kv,1.1000197560904743,1.0127576829145495,0.9768587356055051,1.0072495719890535,0.9510547148170387,0.8598675359656018,0.8179124824613336,0.8176236926780718,0.7766540817090632,0.7250408054595284,0.6902514434259394,0.6617192713625807,0.6491753675340004,0.6265795106136642,0.6119959105734318,0.5989034048832027,0.5996941151244843,0.5988541138823696,0.6023251835168407,0.6117963333476996,0.6498018524644441,0.6824512285119975,0.7173309086333993,0.7626591071563983,0.8306965538781136,0.888791777292102,0.940126063216706,0.9499836249311775,0.9752768874672166,1.0155048760700678,1.0350217545410125,1.0611928182292236,1.050735921872619,1.0167309586376172,0.9778581037150976,0.9341884190574739,0.9135349293351996,0.8669555855588129,0.8436718337395459,0.8188566410643333,0.8150861881763162,0.8277974425391955,0.8335447812254888,0.833925802658454,0.8380498622604543,0.8582667256226985,0.8563696661039685,0.8785819047250356,0.8690472308272259,0.8621307605387094,0.8580351357802086,0.8453744892122476,0.8590224934258988,0.8663892045258536,0.8774805790458056,0.8828448108629711,0.8728042173361638,0.8521376254279636,0.8480199724109077,0.8473843589232536,0.8522322516128412,0.8911080186299388,0.9304936377048277,1.011468292890832,1.0363582326457033,1.0971108737775226,1.1624882672708714,1.22854404420203,1.3130415264020374,1.421213135004241,1.5238962262843836,1.5571170325665116,1.5688475621411877,1.5879136025652791,1.5818124766110244,1.5736390777829705,1.567866540970388,1.5502802426141684,1.5102212675637592,1.4730505294953447,1.4364703311778344,1.4006189510960465,1.364543188754801,1.3203859768913597,1.2619791305795813,1.2115713671261081,1.2201693793641362,1.1642314088550805,1.2474967971080675,1.1676638035241331,1.1432723558788054,1.0707662237213622,1.1253582824546098,1.050719288946026,1.0297586310594098,1.0362952337709659,0.6042413025658089,0.6516020000000006,23.60213,14.605495,Maryland 132_11kV,3
mascot3311kv,0.8412716491385852,0.8311737067104117,0.8194893629202109,0.8101401281828451,0.8027255913803375,0.7936034595307724,0.7836423004261606,0.7741439529497727,0.7694789256397759,0.7638336005545031,0.75949538618208,0.7545717723719461,0.7549243179394001,0.7534413060205176,0.7495992924916847,0.749613145879617,0.7522374534028224,0.7564323935383811,0.7611712800009321,0.7711451002801337,0.793674654022907,0.8080063674334877,0.8311578350880071,0.8457574625785484,0.8751357782806695,0.8958968381145314,0.9188467779028464,0.9438884720821267,0.9896003843315143,1.0265198708958412,1.052235054385809,1.0746815985889755,1.094700078596575,1.099939049067227,1.116709124454831,1.1297286100632762,1.1404780959648075,1.147339147508298,1.1460691543282993,1.1493494572753573,1.1572394253504243,1.154817928098469,1.1537666690377029,1.1522686856847282,1.1552398569941358,1.1546501675212344,1.1531747324755737,1.1544196987512698,1.160099877314012,1.1576227582954108,1.1564773981451164,1.1540905847033949,1.160389375791473,1.1580879098891297,1.1549384657812871,1.1523280834488938,1.15326227920165,1.1515835803545218,1.1423927498795554,1.1334757847974568,1.1345528499793445,1.1301809205220261,1.1279178954830547,1.123839305167718,1.1274131528997549,1.1350546774801469,1.1326680696731177,1.1282824436072425,1.1239767599933073,1.122927229439758,1.1219387752123118,1.1139525129901917,1.0952467333934248,1.0827566455234896,1.0778081403084534,1.07194400464742,1.0651325707928863,1.0596795804147736,1.0525684680091105,1.0432606074754422,1.0318359946127453,1.0249974883076296,1.0203976513998094,1.0124351456036562,1.0006567213430009,0.9945533648095706,0.9810885892538874,0.9707507044202028,0.9540642471788164,0.9371752276356835,0.9202627308162313,0.9030126469226522,0.8904183281882176,0.8752994643174006,0.8606943134749219,0.8490820906823335,0.8398046927442293,0.6438590000000011,39.7503,36.31693,Mascot 33_11kV,2
matraville3311kv,0.9973402657913408,0.9893618126417,0.9705682233261672,0.970577396164183,0.9784234006027449,0.9502665342983305,0.9169011271034943,0.8871416600367324,0.8675963740587952,0.8468501421826914,0.8354585346562879,0.8255601308786945,0.8189135114151449,0.8100502844363506,0.806396279610531,0.7990017601501026,0.8005376923041497,0.8016133847230676,0.8069537083014101,0.8112508847235972,0.8288252716964938,0.8423979351825943,0.8533147596069728,0.8625410317665904,0.8954217764635234,0.9331396374501139,0.9581918543423569,0.9753618818752726,0.9904272938001923,1.0193477776755138,1.0352672289222014,1.0322549771011567,1.0306067747739265,1.0306863449052721,1.025505170246652,1.0197841762547069,1.0193606917337583,1.0147538946704955,1.0088604253133013,1.001869347532779,0.9984575818056253,0.9967385787759203,0.9947386673861632,0.9896890592217341,0.9881340956527452,0.9846392414081677,0.9811024321083198,0.9784857990502526,0.9769755049142206,0.9810546188249281,0.9757521836234525,0.9717014272276746,0.9736451685033023,0.9742176605107564,0.9694422636500444,0.9660278916321346,0.9657421493835787,0.9644473693178122,0.9629071524603029,0.96703999411736,0.968302782343053,0.971369454614913,0.9877267708523716,1.0000594882132459,1.0236956290943384,1.0341853253322573,1.047091345640939,1.0720901848974622,1.0918638632137714,1.125710343998847,1.1614200045253356,1.1859468070192742,1.1993669518017278,1.2092980120941559,1.2132520176209296,1.2116637255938365,1.2054250472476518,1.2011999593972034,1.1950029408980833,1.1859640746790578,1.1764910954791556,1.1695602696714613,1.1553373876012283,1.141120084522787,1.1194743747592792,1.09535457261055,1.076687366288287,1.0571408853478452,1.0717090881490623,1.0760776432024957,1.073892970381542,1.0377706386302568,1.0140782901432954,1.0129752472290585,1.0165663251186725,0.9855088334926864,0.8082219268654253,1.0119040000000001,37.497147855,33.722438,Matraville 33_11kV,0
mayfieldwest13211kv,0.8968614003816239,0.8897682380235665,0.8698714840198871,0.8670662463325728,0.8494871840416222,0.8391289034266924,0.8332227002942113,0.8286210429651668,0.8105077694286907,0.798730969058388,0.8041794735400866,0.7936587014515264,0.7807070231095145,0.7808228384035875,0.7805679960823871,0.7828669208836795,0.7714740223123108,0.774613509509349,0.7887746664162779,0.80016188689506,0.8044021388543162,0.8145137533185898,0.8349439212092316,0.8626421865356049,0.917522481347494,0.9572371062907474,0.986674162343431,1.0094832715655524,1.049305893910555,1.073273971477855,1.1066807448596376,1.109742491274419,1.124552091125492,1.1133154511116354,1.1226809000929472,1.1162897521160497,1.082299690225153,1.067677798655667,1.077585517393097,1.080103604327001,1.0776379139597105,1.0842848894908372,1.0882600088684264,1.0870309362062607,1.086205573639659,1.084388787552516,1.0930283414172528,1.090715680635384,1.046724926246603,1.0410488445600492,1.0562833860438154,1.0655266240979107,1.0617635477754594,1.0880804691342927,1.0905758679762032,1.092664515262366,1.0811919451020344,1.048228820906669,1.0548795023862199,1.050113797487119,1.0525312623280947,1.0599870817197046,1.0556446783422657,1.0607512020096261,1.061013422476402,1.0794688261763061,1.0903176935769137,1.111061047130764,1.1066226226221543,1.1166223168443814,1.1398554195419075,1.160442359673814,1.1419726325040547,1.1412174712669392,1.1433832617537245,1.1322305815561615,1.1276621065983692,1.1158780723504123,1.111330321067386,1.0997411838724,1.0875197776979242,1.0782727685789752,1.0695934173033086,1.0514509137997987,1.0302618422315677,1.0131092061574614,1.0007827287280133,0.9901426185068143,0.9776054153038021,0.9780185842070582,0.9536977062186104,0.9318462245261887,0.9301111779397245,0.9089164027066271,0.8909909253128043,0.8792924440100746,0.7815354698022287,0.9639814000000003,23.22948,18.291439999999998,Mayfield West 132_11kV,0
meadowbank13211kv,1.0079298414393862,0.9981035701860889,0.971712418386764,0.961623947948887,0.9570407090303967,0.9295752442235089,0.9011728473009482,0.8853339939537745,0.8635589758525476,0.8412643525071528,0.8239812236873206,0.8119241748473841,0.8015885215964028,0.7912470568299157,0.7824081137268759,0.7763149088587173,0.7737468670268768,0.7724934432147246,0.7716976388164141,0.7741504019350496,0.7773797657757137,0.7851087981130731,0.7949068097526891,0.8190077168496512,0.8476160704804516,0.8804832397206283,0.9086464121831018,0.9406834673913823,0.9700354966244742,1.0072713587569675,1.0228214391189463,1.0251304854555472,1.0355644177070313,1.0499964245926279,1.0470319877935708,1.0424080426285942,1.0399613051979466,1.040239838470397,1.0281481935758556,1.0254759797344835,1.0314399229662452,1.0294153508866841,1.0228662133669257,1.0202168400941916,1.020570491777907,1.0211226689617865,1.020502212758865,1.026247384004796,1.0161181380669269,1.0176146833085729,1.0075816863229627,1.0055993526177918,0.9863526941141305,0.9794493743924949,0.9645746349839761,0.9573338841321415,0.959578216231422,0.9607626295750378,0.9589867076875062,0.95835667811151,0.9612903224543844,0.9599892421683169,0.9638399847053519,0.9738974342345885,0.988277803464704,1.0036070506206023,1.0212722977587876,1.0495959345917916,1.0759716199621236,1.1094142740185506,1.1455898936658984,1.1735520626867069,1.1823917773075538,1.1908491455093229,1.1928294948998295,1.1903118784773357,1.183075574410692,1.1754962008252257,1.1715930265728571,1.1637400232905688,1.1764388442984504,1.1783364592864811,1.1819707820414282,1.1812188775311403,1.1725481735383367,1.15488884534552,1.1416245386798851,1.1184326689914876,1.1210287489082753,1.123820638527121,1.1087541178374272,1.078274071959204,1.0488130195378422,1.0461788943084176,1.034258872345211,1.0073521395844576,0.8070413037979617,1.610474999999999,67.81388,51.60338,Meadowbank 132_11kV,0
medowie3311kv,1.5902325004554896,1.4925020174533683,1.4261205504251098,1.438312876878249,1.3654260768201598,1.252872678676606,1.1785435456677726,1.1476938139661959,1.0918056374255027,1.0224252141260886,0.9580135288379769,0.9034146419560025,0.8697264941248457,0.8303706323059724,0.8038370731955586,0.7909431028685743,0.777843659557694,0.7722700780354173,0.7758229929263714,0.7838150657237879,0.8027766831485186,0.8284470925422351,0.8694060987700182,0.9124015588353446,0.974486543910061,1.034226364397137,1.0808037859552873,1.0508160343366544,1.0247613367303052,1.0191779250506428,1.01576306758885,1.0017115989922545,0.9592403156272233,0.9276432837015688,0.8985039686327322,0.8434729368724505,0.8076890542074141,0.7632661968312835,0.7099384478575259,0.6642955953596329,0.6427210809783973,0.6200219115194606,0.598867555035862,0.6109114252123207,0.608742869226856,0.5804150025237925,0.5891037099132335,0.5923094945397573,0.5764724768235084,0.5993117420887618,0.5692617686578114,0.577721234181117,0.5659086011593204,0.580540678299585,0.5844647485368049,0.6209918812117505,0.5871088743453707,0.6213238107987079,0.6353617755715528,0.6630396074740381,0.6999694252362196,0.7447819583412145,0.7810657329709786,0.8267233754338515,0.8923342073403884,0.9549448112474106,1.0339167711303543,1.106132907494711,1.1911767181247006,1.2987728941442027,1.4004923856381677,1.4625320146868814,1.4981905679519056,1.5077368420997286,1.5077983799354704,1.495446717941962,1.468934550979688,1.4552969599363557,1.42716116467515,1.3993925197579904,1.3702507257386132,1.3509736218024693,1.3181630738164778,1.2844464268697056,1.243822941908794,1.2063627170450486,1.2301433876009673,1.18835879328967,1.2668895014689594,1.2699385733595985,1.2308571081404531,1.1676401381170873,1.3365228003567926,1.288243616631486,1.2702917511279006,1.3388735987867506,0.5979807347055117,0.4823084999999999,13.165165,9.237769,Medowie 33_11kV,3
menai13211kv,1.27155063489013,1.1765474420866266,1.1266768365944018,1.2979427789290503,1.5313433089627695,1.6109531492952402,1.4756825971896093,1.3130665032093816,1.2082637242179384,1.2138096031713363,1.135856616427977,1.031781987928033,0.9697232199128101,0.898287668861137,0.8363677890066702,0.7952869293452569,0.7663021779084428,0.7441962343212681,0.7321343298815798,0.7246304803550424,0.7364833751043628,0.7491869454571565,0.7651087109740605,0.8026938333228785,0.8605314939176606,0.935389701996642,1.001413023241509,0.9711361254556018,0.9331825067678675,0.9559979542618416,0.9653632806124572,0.9677545830444636,0.9547753761027623,0.9508580156553263,0.9369830515171235,0.9198453213064873,0.9004726948750594,0.8670188007987382,0.8354164385388275,0.8149960973694702,0.7963080337917476,0.7812337699141874,0.7714370904093053,0.7628087046098345,0.7286631301118282,0.7144752263475262,0.7091037598802521,0.6968588512521318,0.6974204649099289,0.6943066469474068,0.6912884836285519,0.6906640560964129,0.6921388955777286,0.6932951029507397,0.6951274009042039,0.7068887411622771,0.7197222395991324,0.7223265782616778,0.7375454778418706,0.7404977883273901,0.7623230175398094,0.7896797994344843,0.822612004013053,0.8586533965519498,0.8997170662575509,0.9495030182138197,1.0055712755085673,1.0642266624591623,1.110825924267718,1.1822764564997645,1.2551749754750723,1.305038363847622,1.3415203141425982,1.3608478304686897,1.3660787872084361,1.3503447655304632,1.3115436566289205,1.289640499658715,1.2703215987783187,1.2545303315905487,1.2301218456033933,1.2147430140433135,1.1914478603300052,1.1757220221494422,1.147125942572672,1.1138209395868872,1.0935149764387047,1.0644296286191144,1.077651632116133,1.085261267864691,1.1184916984270423,1.1537801911307672,1.4006482919387533,1.4868841055036444,1.4281250402152315,1.3406800140458157,0.6067475748753789,2.0188200000000007,43.125,33.720106,Menai 132_11kV,3
merriwa3311kv,1.1657028236576736,1.1158456544247501,1.0855190669724744,1.0501383050538162,1.0122149925919064,0.9763279631943754,0.9483913518830142,0.9221466429559739,0.9005838061013914,0.876927173667704,0.85988411505762,0.8504713307060379,0.842251889379689,0.8273192880813519,0.8191565033911766,0.820746244776904,0.8263259325402598,0.831377808904781,0.8390443912222988,0.8482677708071961,0.8665147532654013,0.8870023682107588,0.9108112813185771,0.9267200588750267,0.9642113895553055,0.9955650758579296,1.0292399784913933,1.0518640960054924,1.02731786019665,1.0271096587781816,1.0284393901239772,1.033797685268462,1.015164761324606,0.9950205370448679,0.9652676706836483,0.9280977742315218,0.9052027567288403,0.871343728759291,0.8440552129527065,0.8194961222649757,0.802236136620726,0.785033552412078,0.7729934080259339,0.7594576974579362,0.75001160832889,0.7375000727911185,0.7310869572719959,0.7279328552255221,0.7323228876654362,0.7354174956184261,0.7354824831062629,0.7444974327154057,0.7426813595506362,0.7405212115814911,0.7524842378216646,0.7611075228027292,0.7734606474792434,0.7925410289871113,0.8064407767075619,0.8218328269420963,0.8283731890061381,0.8510207712822682,0.8826298524166457,0.927529039297992,0.9636588371204243,0.998907114445515,1.0383829858919502,1.0901619279349182,1.1477492838692858,1.198940592486225,1.2574477775804458,1.3118718603594093,1.3484066489566728,1.3771757721999203,1.3809650504556032,1.3845383961139999,1.3811101692810053,1.3597012745078076,1.3406496572266315,1.3265231950373486,1.297879746908382,1.2696411822675218,1.237562994936402,1.2063873610141973,1.1814462307070395,1.1489877194562579,1.1592395558881705,1.175281199835094,1.227892155286559,1.207321512769932,1.2964506499149886,1.384997005554561,1.390290664455752,1.3029573321306034,1.241706213552718,1.1602876654313445,0.6401901007693304,0.12842399999999998,3.2476000000000003,2.672443,Merriwa 33_11kV,3
metford3311kv,1.1067017221837183,1.0990276789655504,1.033030125653213,0.9727780219884725,0.929200931841128,0.8777843511218951,0.8378153608073885,0.8027597290773446,0.7771801016335174,0.7535778503918205,0.7348222729248727,0.7208838899574707,0.7123558974174808,0.7061528754476621,0.6973751137789437,0.6978040580805619,0.6997007576778693,0.7023268016114748,0.7068223500837255,0.715391985759404,0.7321323926608755,0.7501273115248058,0.7733217164064762,0.7955155167393788,0.8288756044292546,0.8612116680636204,0.8909818276009189,0.9274257152844358,0.9344250941399813,0.9575453750009506,0.9791760881940942,0.9958495538320181,1.0092413748699103,1.0145914758152248,0.9996898210276608,0.989964774826825,0.982138153807011,0.9669123460242186,0.9557983947096764,0.9192987844655872,0.9009532171162482,0.8733180935104251,0.8644176065218316,0.8555991070849817,0.8531474217836589,0.8465168713428132,0.838123123465919,0.845979183539454,0.8670199222689081,0.867928689133851,0.8696602554565195,0.8778616652886734,0.8916731069557812,0.8990677008212201,0.8989902301774855,0.9120217765285888,0.9167129063455652,0.9307677559749981,0.9478196727075042,0.9704877125302813,0.9913078216624067,1.0160983338230767,1.0435685186052763,1.0781206661049898,1.0994424333005253,1.1293951699865912,1.1935034714139419,1.2567313795731911,1.3138935814449468,1.3715839082306458,1.412206518022127,1.4257496136701584,1.4444965659187412,1.448477815804958,1.4360728421584026,1.4225073887112913,1.4056650834633866,1.3740638632464837,1.3519795279745914,1.3306497324012745,1.3013404714095855,1.2779963316161465,1.2533887039736502,1.229653965606716,1.2030788469469655,1.187509827469488,1.1691449366961788,1.1228603872667295,1.0818973943222445,1.0469937809993055,1.0265598396239914,0.9987039415168891,1.1164311450866828,1.1045967970163562,1.0522176358848137,1.0063308746660917,0.6811366140428681,0.9894930000000004,38.646124,27.548146000000003,Metford 33_11kV,3
milperra13211kv,0.9135550158341198,0.8803875941601049,0.8541221175164779,0.8653205207339354,0.858363933385708,0.8305663524939427,0.7992493091988042,0.7706061286394837,0.7359541607457631,0.7238703406614592,0.7085472316531563,0.6931493131037114,0.6831024415858934,0.6751865822674006,0.6715512879542646,0.6683430032449879,0.6668949385669117,0.6735503730524922,0.6995996240040759,0.7369825857277469,0.7637010972616158,0.8003719654554755,0.8244514164826758,0.8515753413923671,0.9054157212291821,0.9646831545250367,1.0089274529529868,1.0455548577525593,1.0722149776322012,1.1231491774542428,1.1574003469508478,1.1800229649173262,1.1988402187602296,1.2072145481346024,1.2106424338440946,1.2013849058556998,1.1867096415278835,1.183942470407979,1.1741004104898527,1.171296995712107,1.1718848008372276,1.1806197589808949,1.179637412243076,1.1773522898916877,1.1816696464095022,1.18006196647891,1.1742232243825093,1.1531088573625918,1.1162329865897185,1.0995839372243341,1.1179229299873852,1.132998518607406,1.1450790024754278,1.1431331581558428,1.151433368398637,1.1472329956028453,1.1382208505317228,1.1242380093815636,1.1049629382465591,1.0985081735688202,1.0887348504820666,1.0888072919305507,1.073385463696051,1.0704699713026602,1.0759839050652182,1.07702272543163,1.0764552177501108,1.0755298599049192,1.066704172321807,1.0693142560630313,1.0763741124937782,1.0897648520760719,1.0860790002625824,1.090548511265941,1.088539170191299,1.0829059779720343,1.0647925564997567,1.051860530294475,1.0463756247442684,1.0423323085274558,1.0224411212556306,1.0097321270767816,1.004733737207877,0.9982013852014635,0.9729258530537903,0.9588306336694885,0.9482485776606331,0.9309136817595756,0.9144660800099468,0.9258940124100702,0.9097331243770307,0.9521635087711624,0.9304061891564778,0.9101285818288517,0.9365539245956013,0.9340393250638453,0.7588031630238157,1.2564449999999996,42.653816,37.53614,Milperra 132_11kV,1
miranda3311kv,0.929919155416178,0.8872027235353287,0.8554673775286601,0.877843744369175,0.9149628006766791,0.9105173241018212,0.865257097793364,0.8074549413117552,0.7789506426545644,0.7703156396315413,0.7422254737119494,0.7258411292605833,0.7005055861312607,0.671090083610663,0.649575070376148,0.6344171032313944,0.6223707551144065,0.6153029448294991,0.6125845881544746,0.6163481682996216,0.6264085177217036,0.6385084439916423,0.6506892126496503,0.6735181812417657,0.7153975241306996,0.7582778297120802,0.8015104784240622,0.8305009126509427,0.8595880580551721,0.9149943632750367,0.9481959980729351,0.9787103442859252,1.0107270547714882,1.0346334265615789,1.0548663807700804,1.0716859567500328,1.089099587599534,1.0947235390877514,1.1019037396342202,1.1025910474962568,1.106982170420342,1.1064421979877246,1.1114691220941377,1.1090861330379558,1.1039925119113778,1.1002969666796598,1.109601264245233,1.1106948227930673,1.1171191388973671,1.1148143174449858,1.1147091982207291,1.1162675180185457,1.1126843207682027,1.108334850182426,1.1099831559895466,1.105024099087537,1.1039247421186582,1.1102994036566065,1.1096806104615247,1.1130470335983749,1.1123876893175637,1.118835641706781,1.1344615008360464,1.1505458007032665,1.1801792430096045,1.195027459403241,1.2140714178034406,1.2441857450894376,1.2668995626954165,1.3023059939807673,1.3193558409975188,1.3397716980971068,1.320326329040824,1.2912984111563317,1.2738917467916695,1.2560565313957823,1.226823437078629,1.2053704088881232,1.1866477103771451,1.1681062213376001,1.1443362938034478,1.1243849153193994,1.1058516426721479,1.086103284946566,1.054229811508043,1.0191036127624078,0.9905450597160983,0.957041998865437,0.9353395418138771,0.9189767971015952,0.915871169141316,0.9043988428997407,0.9980217725655324,1.0228894607564598,1.0002575541128762,0.9769633280731314,0.7264076022645629,0.8633390000000001,30.6728,24.452443521200003,Miranda 33_11kV,2
mitchellline6611kv,1.1217770300810814,1.0778914394171348,1.0290691664657305,0.9824045119245434,0.9514252353660165,0.9108102729340719,0.8845468558823647,0.8552342265866368,0.8276083828102249,0.8064692063265855,0.792819519539404,0.7737452327175917,0.7653330901892732,0.7565493523537895,0.7548282901698241,0.7480608054441737,0.7466372200206279,0.7480087694526382,0.7609601816939059,0.7750022838772062,0.8069337402747042,0.8291590385890355,0.8431756187447089,0.868036412543943,0.8936762273885036,0.9168143725506325,0.9577562427495985,0.9688294671982774,0.9760032322740537,1.0146766224827914,1.0397240380911512,1.06307022504276,1.059089894756239,1.0604814323967684,1.0454894883810109,1.0123440575167448,1.004031957942304,0.9882817362728176,0.980114909247602,0.963908945140266,0.9450488387439258,0.9277595788164656,0.9162371428890003,0.9121714741992384,0.9011180011358689,0.8970610765263186,0.8912401472657692,0.888566542028367,0.8857388114292275,0.8897488811245875,0.9018020186398615,0.9117941674214731,0.9180540408936712,0.9174956311600295,0.9205022410109357,0.9157784493655158,0.9047778454050691,0.908740394773719,0.9160569333567851,0.9306084831491116,0.9379058079689968,0.9501089627627127,0.9571937981369381,0.9843218781927501,1.0032491404859543,1.042358235377041,1.072596178644953,1.1036385959966846,1.139404311686303,1.188508204250671,1.2332822854840513,1.2563116466615043,1.265839857841334,1.2781341637585941,1.2847384242091988,1.2736748477409305,1.2594570061736277,1.2478346840513395,1.2347766479178832,1.220054247775389,1.194128174024706,1.1816431437223647,1.1684977303539543,1.1449308457856266,1.117526053598638,1.0944974295046093,1.1194109486356758,1.1144432140032368,1.1557032840730388,1.1990859407663876,1.1867762176281313,1.1506689036981173,1.2115364877990003,1.2018689115801298,1.149559559955116,1.1152547975827283,0.7247398821790431,0.31339000000000056,8.91137,7.884765999999999,Mitchell Line 66_11kV,3
mitchellsflat6611kv,1.401328400874295,1.3584906704409008,1.329925867960603,1.289999488376532,1.2405460701053694,1.1769722566985314,1.1232771396855399,1.0692474601997781,1.014236683816104,0.9724152339808351,0.942557529319877,0.924256206444509,0.9045664899374833,0.890853192181225,0.8796652268051411,0.8698332914761553,0.8702024915808936,0.8749350666012876,0.8900004152165939,0.9005383250546515,0.912290502532806,0.9221239200839456,0.9414563782827333,0.9581242096784631,0.9913279622929767,1.0292386382288294,1.064860741298217,1.0813218860794345,1.0756792305088394,1.0967782259284324,1.0947943263707247,1.0727125979437577,1.0204532678204863,0.968802070292482,0.8988763618967258,0.8269508719822538,0.764311539394907,0.7020711376589683,0.6429496251211686,0.588727054319065,0.5563689571608865,0.520996800224546,0.5058651789094625,0.4940447258820246,0.48526336010832555,0.48807166563473764,0.4885167868350682,0.4958178378845421,0.4869776224754347,0.48182829702782637,0.49257344814546766,0.4956475159869432,0.4951300890476015,0.49885658418703893,0.4965358877731298,0.4920814826998612,0.49212909186498993,0.5175099291705587,0.5173381762861335,0.5574864166876135,0.5896012148681984,0.6328221806817864,0.6940859401018941,0.7523128303063048,0.824007463130182,0.9042525321489049,0.9758756083744412,1.0653411744207517,1.1750455878510044,1.2967747802492837,1.4217430789166934,1.5165254403322646,1.5875165591345568,1.6305101880817974,1.6536996307718628,1.6546458608144488,1.6333224411383052,1.6180747220511047,1.5929730268475115,1.5639094197282537,1.5334232501634582,1.506193209202051,1.4635701034078978,1.4386651330683744,1.401213964230954,1.3677861387200552,1.3547476316095606,1.3172129665139303,1.2721212523493761,1.2508234132794416,1.2450593803324144,1.236839798889564,1.3355892133887222,1.3123098547135164,1.2866734822253978,1.2579936194920165,0.5903221005426513,0.064687887205,1.673495,1.0830845174600001,Mitchells Flat 66_11kV,3
monavale3311kv,0.7682703282830428,0.7468428604418423,0.7427479059837423,0.7424755982962975,0.8082200918293171,0.7868739412265755,0.7514253558872461,0.7178862993393343,0.6979862059609427,0.6755940682101639,0.6644767641933557,0.6593631668768936,0.654788400207316,0.6472774026609628,0.6424580680975416,0.6400627797886044,0.6387670992534463,0.6388724094550636,0.6422976368281184,0.6488907686517493,0.6708025359946915,0.6910499898662028,0.7165242521258706,0.7493102337286606,0.7968271847420656,0.8439746620018117,0.8958415176195321,0.9493911014954829,0.9903463868636873,1.038055763297992,1.086070717587519,1.1164858610560275,1.142435745659289,1.1517148142949738,1.1612802139140868,1.1688409289419914,1.1790704263375016,1.1736521685644725,1.1644389795703256,1.1551342974234686,1.1460213182125591,1.131778127876351,1.1222296903831848,1.1179322356244479,1.1132561770359268,1.1086476639916247,1.1050136108328539,1.10561311950055,1.0972197126345582,1.09690542892284,1.0925743066006381,1.0935728732042487,1.0896726861163382,1.0853192211390026,1.0849465293661187,1.0831527746981136,1.0816777971501925,1.079069265748147,1.0769782415807603,1.0738179306049114,1.0781552692957364,1.0820487096139586,1.0921365909045366,1.1040806091086148,1.1228419163150383,1.1354211841673556,1.1585124701502916,1.1821147714027156,1.1951351883574917,1.2274565279650844,1.2593034373536518,1.2924949691463896,1.303997915066807,1.3158927701076433,1.3133397647969591,1.3010914603948198,1.2800497164526334,1.258230863690622,1.2361650443160754,1.2162490144771285,1.1954375264458157,1.1838868830637024,1.187425379359856,1.1478276773274958,1.1068266964424254,1.069035757847752,1.0381022952768146,0.9999649844000145,0.9959998557149905,0.9776653608155178,0.9318906104304094,0.8947871833216156,0.901613072627944,0.8451972456272123,0.8315183583934712,0.7958792760408283,0.739515733102964,0.8733077500000008,31.664479999999998,26.675775,Mona Vale 33_11kV,2
moonan3311kv,1.0340145793611866,1.0094490591985608,0.9837120532135825,0.9633671830993586,0.9415540009847976,0.9205146967791338,0.9055767887914619,0.8919349127632807,0.8769723707871903,0.8753156895805083,0.8679961872224405,0.8604525231434398,0.8661422005479418,0.8596471634268097,0.8562148082061813,0.8631611099368119,0.8695590926840915,0.872531799084734,0.8776717275235371,0.8856277120183285,0.8963305578407509,0.9006183598549994,0.9328900039591861,0.9562775388804976,0.9944482889861003,1.0227384018727084,1.0475507068011416,1.0782007313327118,1.0969337801975843,1.11357468018497,1.1106805723825834,1.1011674091398538,1.0886721087568207,1.0768425566614714,1.0669227415038975,1.059068239927135,1.0455928309616824,1.0288844903772303,1.0170442697183704,1.0140483495236157,1.0000947169357552,0.9833579182514363,0.9683075640782483,0.9792844964192813,0.9684799428782501,0.9734772907724443,0.9711081023977414,0.9714349689090225,0.9668553429176717,0.9580423266692265,0.9528150289181287,0.9499256943532483,0.941322805035752,0.9391592127706798,0.9341898504349613,0.936486629426138,0.9333912625027002,0.9293173619386276,0.9326297389096803,0.9341598480198117,0.9296272279962517,0.93865189347329,0.9367052897574861,0.9490559235063998,0.957884456522141,0.9748405605779794,0.9855993496250841,1.0017507737914657,1.013330582049568,1.0353906567499773,1.0696341056166152,1.1035753191790592,1.1202743005732347,1.1416317573364931,1.1552556495924868,1.1619520485118568,1.1717862752402641,1.1651575409053583,1.1710119637700631,1.168520426425778,1.1586678418675598,1.1443818737701783,1.133577906154424,1.1212702520118683,1.1045383727309306,1.0930266560626969,1.1018436701971095,1.0703170984873638,1.0498908816560837,1.0267741617587425,1.0071640705455251,1.0076696124462896,1.0246301686745292,1.002746366785363,0.9835161648228429,0.9646064210721406,0.7567132352421446,0.03572700000000001,0.92118,0.7051554999999999,Moonan 33_11kV,0
morisset13211kv,1.2380495516657717,1.1693171277687677,1.126056052575018,1.16608858048597,1.1192738757453775,1.0292216932196552,0.9741856472115169,0.9591735406499958,0.9283180909622015,0.8748256830029466,0.8209249011484163,0.7826112786421908,0.7608099809905674,0.7420603479156952,0.728789002764444,0.7208168061235822,0.7182657338454456,0.7197428197109987,0.7243920305322256,0.7365255360887141,0.7622510773540009,0.7829409283911598,0.8087796992704273,0.836675025501007,0.8867164882779544,0.9313259428209659,0.9736882021792677,0.9919700008503107,1.0123805423520618,1.0474673033942432,1.0655279455042665,1.0663673818165618,1.0552252351129563,1.0507288009697036,1.0325332794830049,1.0189897742447722,0.9992848587338964,0.9728316024763467,0.950082301268893,0.9293754405231425,0.912632568496545,0.8980860685427726,0.8819791304137323,0.8722031781363658,0.8564343034039271,0.8476454416240511,0.8512035710702626,0.8481244995846253,0.8510674972252779,0.847776316570326,0.8368304609242372,0.8258848488082151,0.8298643651051195,0.8374663434493749,0.8406607516559944,0.841934016463662,0.8331349993393621,0.8425291524596425,0.8548527013735501,0.8714629686069912,0.8890976259152746,0.9043532491240703,0.928392241341648,0.962324717512235,0.989835353699158,1.0266137221041078,1.0747329181592036,1.1196048171944954,1.1742059309072512,1.2428387130280212,1.298406955911097,1.3324390963218715,1.3522022742352053,1.3653936574304806,1.362001388778346,1.3421747370858,1.3257267516963178,1.3327428984229723,1.3060914562305608,1.2819050703746255,1.258606809970911,1.238031763375154,1.2146945293801779,1.1815305280067339,1.1462482896579729,1.1069969230776107,1.1240088165209756,1.0866819358365072,1.159644988124931,1.1200234318099185,1.0959409903209112,1.0445224809982492,1.1086095904620072,1.0591908004685067,1.046506088387443,1.1013151633007825,0.7154791321960068,0.7220822500000003,25.213105,17.434496000000003,Morisset 132_11kV,3
mortdale3311kv,1.1148267774368736,1.0783984074561046,1.0655511600637602,1.016170040376776,0.9736886570790513,0.9108321339901725,0.8605103325550988,0.8097633984341043,0.76992295324286,0.7352301646066179,0.7028670608064607,0.6794916378079331,0.6633786910945221,0.6501598481279036,0.6401891232869278,0.6338598540940822,0.6328565316107881,0.63070260318949,0.6326801690249774,0.6413445704024857,0.6591313263872708,0.677687162327908,0.7074440827480761,0.7433144332634869,0.8127256782675888,0.8787968583872418,0.9361688796468921,0.9870503949036061,1.0078044206735115,1.0455251785986963,1.0630748809698973,1.0588416634265378,1.061591452721781,1.0676603684980102,1.0571390024053864,1.0421777084522004,1.0342338339270583,1.0204511217452137,1.002169496716749,0.9849409977693983,0.9743394654307183,0.9613690779053293,0.956248507468948,0.9455103265613932,0.9326068684803247,0.9274480284799065,0.921493387468009,0.918605941393588,0.9106395227605856,0.9091183900730074,0.9044209755876154,0.9094376242913842,0.91248165352093,0.8961730801059973,0.9026527895456126,0.9014139823894909,0.9028809425536716,0.910945036823485,0.9092935518161609,0.9127914698437157,0.917735570152656,0.9259322331442768,0.9395484265743197,0.9704099118729246,0.9998811339589173,1.0330486447007674,1.0635840736678295,1.1075605969904745,1.1335958871792826,1.188549518665635,1.2467136921835729,1.2958079150811472,1.3353135020409308,1.3572124722583803,1.3571924207561945,1.3502402662466024,1.3342849881839822,1.3250052880270713,1.3171292341772651,1.31222211125278,1.3274623040257134,1.3424486249614627,1.3319957356867445,1.289068358415151,1.2936553457442659,1.2690274024219312,1.2264739924505224,1.1806793173367172,1.2318934564119395,1.2268981647152546,1.1999540132365474,1.1384124927004473,1.1010492363918172,1.0382906634885587,1.1106519298331194,1.0708473960414222,0.7189857339354079,1.2911209999999986,44.08806,36.456692,Mortdale 33_11kV,3
mosman13211kv,0.8201707621966233,0.8149153882050425,0.7993060548623179,0.7811495196665794,0.7770825542352915,0.7641284150243666,0.7431310465511229,0.7248375587849694,0.7126386747462319,0.7012081879417922,0.6897350732189146,0.6815523758437458,0.6738093020380712,0.6687353056228323,0.6645254175326109,0.6624360412530297,0.6595564860779223,0.6590772455218564,0.6598924530111775,0.6617700858160787,0.6719160917964584,0.6818384491999243,0.6963299290541562,0.7217128324179803,0.7722294950693385,0.8209178498007632,0.8912159463098042,0.9577633468046087,1.026115731488918,1.0801231671559157,1.0894892621692613,1.100271335940762,1.107234731360269,1.114074813792566,1.1108990174228526,1.1031787679019645,1.1015128947600057,1.101081608976112,1.0981626131483517,1.0934291757555812,1.0866573390009395,1.0787562824475754,1.0755058155547432,1.068258091335845,1.0632213699480997,1.0580501232435742,1.0555070484714697,1.0550035074145507,1.053734206264587,1.0528388852425794,1.0484255330559658,1.0489403168612164,1.0431386204923578,1.0384960782500443,1.0302871043457142,1.027589346862189,1.0218384976725345,1.016853652206307,1.0134747234206696,1.011325353519267,1.012057005691537,1.012004414494191,1.019942416273239,1.0376787107482583,1.0509247973359392,1.0711663589125082,1.0913363521429658,1.1162531391892658,1.1501949870493635,1.1875612178180945,1.2296814040662638,1.2799843108990459,1.3089936677220004,1.326856136457764,1.347148391215504,1.3425576253713307,1.3499982189024835,1.341671038479111,1.334725934587632,1.321211771207308,1.3068289796258983,1.2861602029232704,1.2717495759135309,1.2472405339112709,1.2186206496638066,1.1901350023406994,1.156747384933406,1.1198119832980455,1.0890788671349496,1.0565723167627925,1.0170288672332204,0.9717460191175711,0.9228551135358583,0.892135035633127,0.8722273356822665,0.8420573296400842,0.724099462896708,1.7649829999999997,75.27806,67.133776,Mosman 132_11kV,2
mthutton3311kv,1.2809704662954349,1.2030336153448813,1.1654604433526576,1.2419025965138055,1.1617964431742234,1.0529418230472352,0.9953786450374749,0.9703284898180654,0.9258847172800202,0.8619039385072162,0.8042715564065556,0.7600934279963858,0.7302789899583262,0.7087879249016111,0.6943435592929325,0.6810797616978737,0.6723512431384647,0.6661769621377869,0.6665148992076634,0.6686437913233922,0.6768780526001931,0.6910467853978064,0.7127101312664623,0.7432040309359897,0.7999841387122798,0.8600030414393758,0.923974196759684,0.9452657810608031,0.9819234117096236,1.03570849077895,1.072974643206188,1.0862212633319082,1.082046221988959,1.056342513007366,1.0333943936673013,0.995701636555049,0.968005107957465,0.9383501556987978,0.9109506627399175,0.8822036795804229,0.8739929537024236,0.8596918071284847,0.8468575199335764,0.8419387896168692,0.8396531977311373,0.8361765055072533,0.8382390328076057,0.8420684323727543,0.8433262586792647,0.8442146705056712,0.8378448032443708,0.8331148167046889,0.8317545007027294,0.825718228526306,0.8254993217718408,0.8293247299267137,0.8289661938046612,0.8316950074337759,0.8351152229423465,0.8456047966513985,0.8628629468024895,0.8843741147716233,0.9090779757229949,0.9399704288675036,0.9780608194082856,1.0114596898565262,1.0536461203630636,1.10244271892818,1.177709020792527,1.2679682572792632,1.3372750999464096,1.370391804790685,1.3949357193530942,1.4087238367233863,1.3965309351096087,1.3740088925904617,1.3462276350855167,1.3790892068995757,1.3260612437775057,1.2906167974194618,1.2645301108847438,1.239875498135521,1.2167484347717479,1.1865137618122954,1.1536319325306092,1.1212599254107938,1.1748515796561811,1.1529338751929643,1.3116280418111048,1.2982259502679685,1.2427417006528563,1.16032537002606,1.1837855980303935,1.1187049278966557,1.101614942571627,1.1613666633398911,0.6788473849100312,0.5673097500000001,18.337975,12.89197875,Mt Hutton 33_11kV,3
mtthorley6611kv,1.0034019370943927,0.9780504700416379,0.9634936919853834,0.9551304800096952,0.9506322063073505,0.9302847822380561,0.9180130817262047,0.9048198491131787,0.8964905028093361,0.8879359568714642,0.8787632835153052,0.8686957543410173,0.8694119599561011,0.8678787874947328,0.8617707918841275,0.8586538619081845,0.8668215701814046,0.8744057507487559,0.8830116424531341,0.8916796938962919,0.924276750448562,0.9435851361955575,0.9712660993575032,0.995295701612053,1.0279056458155298,1.0586997165287533,1.084107102208991,1.0976319543921877,1.1103211761365068,1.1309247781145448,1.1389063564737487,1.12222432696429,1.1176344406263612,1.0942370280150595,1.0797820858388134,1.070023448622448,1.0489245884237237,1.027767461986223,1.0210124642364597,1.0063671935161749,0.9959950372915033,0.9809792324742873,0.9747383269882459,0.9621327405559759,0.945681487142422,0.9391681817721117,0.9270992965156979,0.9290575647360658,0.9127217582807277,0.910132355476626,0.9070856591254197,0.9137333828535851,0.9177766496110985,0.9207669206225425,0.9237002206362039,0.936323103787419,0.9471076200046579,0.9402801980146545,0.9464373776375373,0.948912784044104,0.9536623672508193,0.9638748015015272,0.9672282711760106,0.9942905107335497,1.0160741237713877,1.0128436859455636,1.0155083554460929,1.0179736960390384,1.0223571090873422,1.0490046694544055,1.068846918204183,1.0874890595098545,1.1058776031593252,1.1167401160355788,1.1207529101072569,1.120610173550705,1.1111058555264146,1.110358981329839,1.1029101233771554,1.0995508028360241,1.094797632842689,1.086389956827765,1.0809278883787339,1.0732053610683443,1.0652778320131782,1.0650637283007873,1.0577719584537255,1.0723751056049118,1.0818617938222885,1.0605899874372953,1.0553177142061687,1.0638673726443575,1.0600168202405937,1.0307349526974994,1.0180627575017804,1.01660959625768,0.7619724834374628,0.2686399999999999,6.3086,4.937854,Mt Thorley 66_11kV,0
muswellbrook3311kv,1.0388760911677415,0.9780295056820011,0.9325785206790741,0.8843583832793958,0.844940211784921,0.8093325970341045,0.7777422432097092,0.7571268830324664,0.7391612146599786,0.7241496116472637,0.7147774933708099,0.7062289428576818,0.7013419369552478,0.6979907576714665,0.691083629336182,0.6882404037001576,0.6914730421854698,0.6977632319298982,0.7100518599207889,0.7243886071837481,0.7536710435851609,0.7829155006108639,0.8056897332270926,0.8116964660875459,0.8229675644981194,0.8468758344297336,0.8719652896045618,0.901326215290503,0.9214324386299209,0.951015051785682,0.9907371611288597,1.009918819562983,1.012533852738429,1.018247804508111,1.0257940024726497,1.020252623702506,1.0182876631555116,1.009998203809241,1.0010110794671288,0.9942466440877565,0.9849382480909372,0.9703641333014067,0.9677492861304382,0.9564558175038277,0.9524216811203797,0.9455477954408339,0.9500137327285922,0.9574400779361624,0.9607635179380843,0.9580227964374998,0.9608097690109958,0.9664212801474369,0.9804385777641765,0.9768719546604353,0.9832473564712516,0.9956743085097304,1.0026834846626416,1.0050258393465303,1.0075641155651769,1.0161266347749602,1.0167183941491231,1.0227942779209382,1.0280049348868352,1.0486885764608538,1.0652295642131082,1.0867024860413128,1.1163103884889978,1.151813098912934,1.1877601627980745,1.2313895021436683,1.2805937367273368,1.313972797404822,1.332981815943238,1.3460387819875592,1.3410175902713357,1.3263335199585948,1.307124643254604,1.2882932171388013,1.2639992851007555,1.2442670625572512,1.2155809943150113,1.1890234558378046,1.2093899852011762,1.2019933476638736,1.2408122445581173,1.2130728577010519,1.1903713716487316,1.1702012000708737,1.172123790067901,1.1786059331110834,1.1353196874278568,1.0832309974375496,1.079329329652877,1.102432976475527,1.03747213852702,1.0022072867314444,0.7168398554899016,0.39141150000000013,16.260314,11.755983549999996,Muswellbrook 33_11kV,2
narrabeen3311kv,0.8481159186259524,0.8077456344369358,0.7969300462741824,0.8057526529272201,0.8539955259879664,0.8401069954136423,0.8026404725823855,0.770692137721411,0.7465912001139525,0.7246287995431178,0.7058514155262817,0.6875106735104306,0.6744910963372555,0.6624379038417798,0.6549262698772841,0.6496130923671348,0.647954555790831,0.6433919892886566,0.6496546161196046,0.6595193474522496,0.6738444860355911,0.6944008472523617,0.7244376434149039,0.7574458933278693,0.8143444864909971,0.8637539915564935,0.9141037699732144,0.9572336064210977,0.9984388025267176,1.0270465514683358,1.0519126574338449,1.069577954256673,1.0863647225818343,1.0951210048318913,1.0911911127137577,1.0930380230146037,1.0959423886676574,1.0860236217905632,1.0795555065826787,1.0730957379693082,1.062211696037877,1.0469239585376735,1.0458259133152483,1.0292304733464679,1.0126195697110558,1.006418948611939,0.9972403957187125,0.9933624230238707,0.9910180810854484,0.982959947809824,0.9843699759301529,0.9929723731212124,0.9871580950875263,0.9835006078456001,0.9877240176208781,1.001415565546174,1.0010584171875783,1.0018004815329173,1.0052972660016468,1.0140257386196603,1.0127578917670597,1.0238384562059593,1.0415404236773707,1.0629638763852423,1.0823815000656392,1.1109599800299037,1.140057264462093,1.1832425353205953,1.2001386467764557,1.2353354541926667,1.279920982148861,1.3179261533550732,1.3327537857511873,1.3535651106281357,1.364102878745662,1.3592062039206012,1.3439398432516543,1.3238451549501082,1.3135293954804526,1.3018766693693806,1.274151231145616,1.2688477364653639,1.2924567851394018,1.2487098388066835,1.196364055779522,1.1460844767572476,1.1169632442123365,1.0782412445635052,1.0899915011991737,1.0964862835000426,1.045410544610604,1.0167572425300986,1.0038010199304288,0.9369572590498007,0.9227981245048117,0.875540107581131,0.7142239168011784,0.3779349999999999,12.71235,11.021830999999999,Narrabeen 33_11kV,2
nelsonbay3311kv,1.2172513106248082,1.1460840748444288,1.0989491474998465,1.106142190273201,1.0555933481602284,0.9818731661496392,0.9345981731304709,0.913049594402635,0.8882240576400303,0.8393427643500457,0.8033079358911225,0.7767738186229328,0.7622026227267782,0.7431754925441174,0.7303659964437453,0.7235682244360363,0.7244377808643654,0.7245097000893872,0.7293602135334701,0.7397962563679771,0.7621400793985745,0.7736856227995518,0.7937957735654939,0.8253449385403181,0.8760629104841413,0.9247387178017025,0.964453029555624,0.977276418796874,1.001955060229046,1.041091523014222,1.066510590174444,1.0807535119693275,1.0882608109819905,1.0977179713801961,1.0842445862017207,1.0718331907128646,1.0537762328001807,1.0278244636438163,1.0017507863683472,0.9711070350718025,0.9491411373630544,0.9349014131565633,0.9082252042538365,0.8935398356172602,0.8767148939493064,0.8566727254889811,0.8476323764822491,0.8338963280668569,0.8326644633406648,0.830485217078995,0.8192319063642274,0.8118410326191253,0.8137210837091958,0.8144467818914127,0.8201820967659448,0.8194699272307393,0.8155693995102054,0.8434174479222424,0.8480556404662714,0.8742368119917368,0.8886492896732362,0.9109343066272905,0.9291306697084152,0.9888196294016814,1.0120449534568552,1.0495041366185367,1.0990682136764802,1.1409207370166496,1.1952743121483913,1.2574684689733464,1.311131363136612,1.3396325676460812,1.3592607481564922,1.3658687862264194,1.3579749779093009,1.345226992744564,1.3386720419349958,1.3547393187653036,1.3108411893118186,1.2770598282877725,1.2497734735035377,1.2219531546556337,1.195674556052561,1.1683148529343061,1.1322920700450283,1.0926706862170732,1.106682054006138,1.066591467069458,1.1891353138444642,1.1404551666528613,1.1013062791903334,1.0457139860538929,1.100735454514044,1.0499744892286165,1.038522177527397,1.1010074417300282,0.7110258451430778,0.9525570000000005,25.07687,19.728108,Nelson Bay 33_11kV,3
newcastlecbd3311kv,0.761508808213336,0.7277561838550513,0.7201004693618549,0.7484453011368731,0.7203746462424134,0.6908501400438417,0.6768107726260782,0.6752643622122098,0.6584754358757733,0.6455787927654589,0.6357966009185078,0.6301017658692385,0.6238010125038567,0.6181439154002663,0.6155649095029728,0.6154318197251238,0.6215754332953146,0.6252653006879896,0.6327665182601004,0.6469011078876554,0.6757658017021061,0.6981688040498892,0.7285220103920489,0.7564716044081989,0.8135074505934463,0.837946725796127,0.8766102938563003,0.9133775524683159,0.9913021352547963,1.0381473278575137,1.0767157505588725,1.0983345902645614,1.1347973087662109,1.1611573104233475,1.1756362731994465,1.1847038734542028,1.1994265623381075,1.2023645820076834,1.2080715364979226,1.2087650514725203,1.2100967842897727,1.2107119996390945,1.207811685210665,1.2075415766263409,1.2038493779863517,1.2013956332357039,1.2098768466637162,1.2099714194495745,1.2177461645205234,1.21713010691763,1.216752125968234,1.2184314987627913,1.224117552607832,1.2155653733228915,1.2125475528594543,1.2122757233153005,1.2079376973828144,1.2060391674762727,1.1986902257777856,1.2000672481660384,1.1992647228484778,1.200454772583888,1.1986815750696207,1.2017310552766125,1.2049792493097966,1.2142979236765576,1.219818760058752,1.2278524016708297,1.2226981738466218,1.2281918624924728,1.2340322307119362,1.2316524328506244,1.1965340830386686,1.1900910769715092,1.1800542868971506,1.1625121835054504,1.1453773782280492,1.1472641576627316,1.1203179199339128,1.1032224062699518,1.0736284057349479,1.0519372206422333,1.0346943789269707,1.0137131824954808,0.9849245415712146,0.9544773506847226,0.9389495981180089,0.9067840903944786,0.9503347220438176,0.9156012252233711,0.873626424556947,0.8352823822953127,0.8166587451871066,0.7883848102611402,0.7770549697006272,0.7760576973356925,0.7672395127031643,0.9570460000000007,45.23334,32.944982399999994,Newcastle CBD 33_11kV,1
newdell6611kv,1.0480563589597558,1.0355208547892139,1.0367219179884064,1.024514147534021,1.0120654163735927,0.9913240220817638,0.98856260104785,0.9808191271740426,0.9696969697987549,0.968338192800066,0.9607787540340417,0.9553093095031574,0.9509607996243474,0.9492171378880109,0.9435650115168649,0.9447514825361122,0.9575386255728229,0.9559787085623682,0.9546682268850382,0.9557731908167795,0.9637062257172299,0.9665496890317411,0.9681413951611733,0.9713323961832543,0.9831159549833111,0.9743863346738357,0.9683869841115452,0.9608938146573875,0.9434668120218556,0.9734911347078781,0.993751345279261,1.000614356323288,1.0186500031520933,1.0219742183559364,1.0154336658038807,1.0191376755584076,1.0136988326124756,1.0009481848952004,0.9921813322443394,0.9882377942210092,0.9826360509588057,0.986528269804406,0.9833850648635983,0.9746476975348121,0.9693011992796703,0.9800902607541597,0.9678313196562057,0.9742530456658489,0.9574123190111312,0.9574323815607553,0.956715403123377,0.9546149858648207,0.9594766751030525,0.9533639967632987,0.9513728974785365,0.9626673767520142,0.9703697218832384,0.9765791599365089,0.9797095681972657,0.992097731078295,0.982472488288391,0.9895692958713231,0.986625639355374,1.0042808965586951,1.0071535970469327,1.0154159282608841,1.0012439828047974,0.9988160579924372,0.9986328067197422,1.00872016993691,1.0202691674322841,1.0237279654213478,1.0325069602243024,1.0447760584573231,1.0298582554953688,0.9938826762845676,0.995857878955883,1.0127976967195975,1.0262882784727714,1.0594205793724765,1.079931452257143,1.0985885141265408,1.0909598704585268,1.0840868887100408,1.0883111143916602,1.072283549139866,1.0644514112624632,1.0597545058792008,1.064049856789845,1.0604834361180058,1.0564895726883337,1.0495075505917029,1.0583606536390437,1.0501493175557852,1.0426871672102187,1.0348446290582876,0.6697421242373776,0.3403584999999998,3.6709899999999998,3.05432125,Newdell 66_11kV,0
newlambton3311kv,1.0320164939052,1.0104936750499551,0.992432120262825,0.9908602359864752,0.9627834897229764,0.9377892430406545,0.9194334791518799,0.9115045337812251,0.8943162933518239,0.8729046530498414,0.8559032619517741,0.8430830376265743,0.8326101264651311,0.8223514357277457,0.8156600991134088,0.8111915763266369,0.8071369095049965,0.8068368440925885,0.8079457613527622,0.8090808517452486,0.8175042470483194,0.8307761455238042,0.8480993947489935,0.8623859389203036,0.8985635239567902,0.9237828560465192,0.9524593675708154,0.9798074940020944,1.013302090337756,1.0373761703134823,1.0501061247860486,1.0517525528080873,1.0439618281448615,1.0363545620038024,1.0285727613967144,1.0188308713477476,1.0118640737439006,1.00038467884693,0.9833880743650966,0.9707859865694066,0.9544596663467814,0.9377959835441361,0.9270720189174068,0.9204351791171118,0.92041216631424,0.9229705137591511,0.9178164518544287,0.921918094763445,0.9340010694360946,0.9323381918779821,0.9287088629833334,0.9221845868201746,0.9222821489329844,0.9264367791212492,0.9371285720406919,0.934854418699698,0.9397892308205608,0.9417026410445626,0.9455444415269616,0.9446924646291736,0.9483625736712881,0.9690815472139038,1.0062379778127746,1.0458486335190864,1.0648896493936686,1.0830579709673893,1.1064417236370583,1.1276260939804883,1.1471160580161894,1.17503049993108,1.2035036691041774,1.2199965830272588,1.2289606270962223,1.2347085024307554,1.2327579797182413,1.2259577262985484,1.2059632239693765,1.2150399118328774,1.1910795681579658,1.1726252165796482,1.1552507579302567,1.144356571904604,1.1343781294888022,1.1214709803821312,1.1035046000793098,1.0845969444763475,1.0872709545989814,1.0765009383725745,1.1209092826699931,1.1134919006583566,1.0939390823798383,1.0749523180140117,1.0649985967920597,1.0442439335364642,1.0233052376218825,1.023607688495036,0.7942860612517608,0.43486427274499995,16.689835000000002,11.6746915,New Lambton 33_11kV,0
newport3311kv,0.8687613391057022,0.8419793592456544,0.8453915534496058,0.8379159086409232,0.9362340894426808,0.9095202579027264,0.8593358730777411,0.8133752108857139,0.7864226528003345,0.7559506463687582,0.7264129379381797,0.7056294254372253,0.6946889858063234,0.6810715749257295,0.6736141949413916,0.6680310308591219,0.6656224807332087,0.6692576322663526,0.6736416766103105,0.6835644992283095,0.6986726239628447,0.7205231642067746,0.7392649072248074,0.7770670497710209,0.8230512850185344,0.8931087199583861,0.9466460654232458,0.9994432053067679,1.0127005664747037,1.052582851306368,1.081806396651414,1.0916021818037305,1.08724546422201,1.0811404833271692,1.0727259206241373,1.0590064802913146,1.043026736144361,1.0273875376692696,1.0107630458030017,1.0008593251332114,0.9956745063400276,0.9804860622953429,0.967886145092597,0.9590736944340198,0.9436846382972657,0.9289162439946295,0.9215168499244103,0.9143130249716247,0.9128493178446853,0.9070889630598454,0.9045297082085744,0.8991369361312995,0.8984188597420377,0.9000982512904222,0.9007571869150839,0.8978991414168465,0.8939673083176659,0.8941230612858739,0.8935593146840033,0.9004277059094965,0.9035428088461119,0.9123018382554837,0.9334329065328824,0.9617591172308374,0.9885757274999515,1.0265176185644296,1.0684923010261258,1.124374932389876,1.1588898012117672,1.2244479755441149,1.2775393483302042,1.350343736422501,1.4024575878066996,1.4456153944021342,1.4553602514568356,1.456686196398585,1.441849909913804,1.4295739296104102,1.4080028582703596,1.3953888879553935,1.3731742817270436,1.3608670570774661,1.388794032937259,1.3305654935275195,1.2800008359431418,1.2344634014037903,1.208854436071824,1.1490496982294813,1.168764077877628,1.146548845164138,1.1070943280238719,1.053805357925527,1.060982923636533,0.9795173081059458,0.9606737555268455,0.9022387790086622,0.6651378296314743,0.4702199999999994,15.3178,12.827328000000001,Newport 33_11kV,3
noraville3311kv,1.2061607700787111,1.3008704329165606,1.3199193687085085,1.2371164776131147,1.1575725356965632,1.0998908178916964,1.1852366745484184,1.1058582028115034,1.025896431299143,0.9541372810267342,0.8915290887262336,0.837375163477836,0.792341317398131,0.7578685063922506,0.7358717630959328,0.7184126937610802,0.7041026014789139,0.6989745668934237,0.7004021865087522,0.7054656259422135,0.7199667899611806,0.7403797003961285,0.7668449866623276,0.7977054456918744,0.8413441664171565,0.8893770846532371,0.9408930462137224,0.9862531308246052,0.965258497072326,0.9705451860533786,0.9832183886475008,0.9971074905207267,0.9907301625564142,0.9853918963980752,0.979262829969123,0.9621955256922703,0.941229131831116,0.9182147279098982,0.8892920368123891,0.8582711973306543,0.8365511307075536,0.8175420253864591,0.7902969403786119,0.769983617877762,0.7601526201525336,0.7388140962929072,0.7328273418301634,0.7198498578832397,0.7146091914109519,0.712777668714435,0.711735480948506,0.7083581760187652,0.7102166086493015,0.7066153838987602,0.711610381957148,0.7111850020252134,0.7179507048039909,0.7307572208801553,0.7539319587514182,0.7692551613918923,0.7958812123099286,0.8227020623149526,0.8725600434102613,0.9242098185039392,0.9596511567903183,1.0145835527848335,1.072175609127592,1.1472355906850658,1.1926689391435847,1.2550975322321856,1.3444924299017567,1.3987717511716125,1.4216416734447161,1.4352916548614891,1.4319075944951458,1.4195050394475903,1.3943259269444743,1.369940978944104,1.3497417411066899,1.3299536456201468,1.3554691613075425,1.3628674501533302,1.341384648925564,1.3212437260114405,1.2892616659114613,1.2629734124110248,1.190803353831219,1.1273340835745689,1.0880711052451932,1.163035487084329,1.2407138077746185,1.1979010831620893,1.251793739916643,1.2412768184499179,1.2757003064467929,1.2543276987142837,0.6768883941236998,1.02121119096,22.500817,19.543303,Noraville 33_11kV,3
northhead3311kv,1.1075577281855717,1.1060225149562923,1.0952092147075982,1.0802935492584693,1.0794260201658947,1.0779211851546597,1.0737451304869456,1.045483262041502,1.026672430600628,1.022561102616716,1.0104539620497623,0.9922008597385066,0.974050834386973,0.9596069629030992,0.9385815747363653,0.9296484146040874,0.9164889444812697,0.8994053817664942,0.8824573044311225,0.8374711334255832,0.8263716479758785,0.7860241777745447,0.7757959303632718,0.7455357897101037,0.7380069528716726,0.7570335023867484,0.7799526562115787,0.8009886654396468,0.8162409308335364,0.8223300251362439,0.8352318734357036,0.8613041507879892,0.9048595932405388,0.9070089183591106,0.8931988717923398,0.8960604853524732,0.9118178693111861,0.9016850248791664,0.9025947325479836,0.9081994688930586,0.9189276563784756,0.9067463444678887,0.9129125155553073,0.9296625389455813,0.9325175805140739,0.9443226351014845,0.9472277710570294,0.9617499436538042,0.9779558034071724,0.9761820380291522,0.9873594529886768,0.9910902936960049,0.9879955583695028,0.9992029476597292,1.0134035076005155,1.0063084175680443,1.0088270870966785,1.015845866873682,1.0240649868513596,1.0320909482861103,1.0331221299773685,1.0354831185805875,1.0467050584145552,1.0574093116595569,1.0616622414843289,1.0655474965747722,1.0764782179559282,1.0862661877145046,1.0927563079785658,1.1060658192873265,1.116798087281951,1.1100300752651668,1.097101324081191,1.0711690243466,1.0774492025745908,1.0824730634414996,1.0984882750411578,1.1153758756955092,1.1202975363074836,1.1304250103618187,1.1308970680162742,1.1412442209219351,1.1465085258447751,1.1356851068718585,1.131929433382024,1.128190028246747,1.1151745379760385,1.101921408926133,1.0835993963022557,1.128501426880866,1.1418276022050062,1.13025420453291,1.1495887848999673,1.1206802013465744,1.1249306856408123,1.1080713318807704,0.6846027824924091,0.8691694999999996,16.742752885500003,13.746726200000001,North Head 33_11kV,0
northsydney13211kv,0.6795532988925672,0.6678241653343379,0.6629166887012872,0.6579578517940984,0.6485625980122549,0.6385683761102462,0.6319039603319878,0.6271792140006559,0.6202495207193632,0.6169996667676243,0.6144556625419603,0.6139627997276592,0.6121954095944104,0.6116999199968126,0.6109865654328768,0.6130365323389976,0.6154693611754418,0.6173020649841149,0.6197285570089588,0.6279621763835838,0.6465087644476234,0.6623253642545605,0.6828151147617852,0.715662973893978,0.7817086347745617,0.8230920323829848,0.8687447302664547,0.9192258127966679,1.043962882774655,1.1303931631727977,1.1872326155148771,1.2399867681953012,1.2669386387303876,1.2867473595107297,1.3029821247143405,1.3118582253286053,1.3158614267050481,1.3114938216178957,1.3070001212135043,1.3028257549779636,1.2982965570907699,1.2938300441927384,1.2899192222123055,1.288518867243209,1.2808678142651146,1.2768217356672869,1.2748841232333876,1.2771988586411518,1.277004383465126,1.2731047478703024,1.2714733549019388,1.2687162883269567,1.26966539740194,1.262561522381752,1.2600422015251025,1.2550721841317374,1.2533344741907586,1.248572655605213,1.2428783455854515,1.2375628738333564,1.232625636494966,1.229037944629964,1.2262767341992942,1.224943005928292,1.2231860409968676,1.2250168963294048,1.2311125350678822,1.234418772996591,1.2335915111408957,1.2357292403592932,1.2258802517821077,1.1943516137106103,1.1192281815559058,1.0947763565814743,1.0846587859289563,1.0769933902914417,1.0564875422735325,1.0402381394789366,1.0292471108837564,1.0206700920867686,0.998986489021237,0.9840203976548388,0.9707480036557061,0.9581313633129219,0.9419640330543056,0.921368363469013,0.902685612692997,0.877156840262055,0.8472451582875367,0.8238084233259563,0.7911607198570313,0.7653263060435046,0.7384130500243583,0.7220459307532139,0.7072096170671329,0.6950535371516972,0.7462993375566142,1.6836939999999996,58.854262,49.110183899999996,North Sydney 132_11kV,1
northsydney3311kv,0.6609323822447944,0.646229045645742,0.6315468583834681,0.6226069189753027,0.6176557625205442,0.6079752623025129,0.5986762157794084,0.5904127608410773,0.5850927458999373,0.5793737367416033,0.574784397975483,0.5711268503749422,0.5685142284633653,0.5660175177135374,0.5646407437465155,0.5647725277903681,0.5651884912470618,0.5679773626351247,0.572273849881166,0.5780843977939644,0.6055166358279535,0.6264462770007269,0.6512658124289511,0.6871515225087117,0.7609142967039073,0.80891348339814,0.844470745303526,0.8935571107083335,1.0157062939096178,1.1117584598553878,1.1969297236087602,1.2484858216529402,1.2914174870828494,1.3053503809819191,1.3203315932543422,1.3323955979001552,1.337218574436415,1.3340950825076656,1.3274215017848312,1.3255787271908106,1.3248054543339578,1.322128842631769,1.3180587641058603,1.3151393723749407,1.3130190830575268,1.3099873074634067,1.3074924775935177,1.3114687096797224,1.3184853804254444,1.315083881703019,1.3137751330244183,1.3148675674223018,1.3172494162935922,1.3133368525999511,1.3122993797418336,1.3073227339619855,1.3036503157638426,1.2974731362502292,1.2886421137727955,1.2848892237247145,1.2795540067705544,1.2688104353916176,1.2658397479517538,1.264621906623655,1.263657597233024,1.2607087821033605,1.2622380818264178,1.264524006188065,1.2702909711510308,1.2735827942676934,1.272119883723384,1.2382038491463678,1.1260941379652212,1.0948240700240164,1.0721643339805778,1.0593188770611597,1.0317513621129282,1.0120387931245016,0.9985130193600158,0.9869858287838887,0.9807393971336337,0.9648228063266018,0.9488425150503477,0.9351882629136241,0.9213253276385142,0.9009663182321203,0.8818068573150364,0.8576619311782703,0.8365053410126468,0.8097739492143305,0.7798700630493155,0.7525043281221484,0.7255641876075527,0.7077078638680103,0.6920245476652476,0.6708714879566734,0.7393648395582497,1.7082832499999998,61.406459999999996,56.75137325,North Sydney 33_11kV,1
nulkaba3311kv,1.039714194582495,1.0238903993620245,0.9872086454407393,0.9550667118549696,0.9247934839432764,0.8981177829859837,0.8728988352474083,0.8516851274362295,0.8306668439553139,0.81386375692252,0.8017166329414741,0.7924293554468261,0.7856062692594102,0.7792073478950765,0.774901336640511,0.7747830420288556,0.7798421967976611,0.7851580575354437,0.7924055084034601,0.803681624099379,0.8242918846891469,0.8353258903936049,0.8489653893524773,0.8683328488706088,0.897431337228742,0.919475323382152,0.9423207393617332,0.9679915829675984,0.9854260169644231,1.006036104085526,1.0164542403213168,1.008553583868255,1.0107941502654167,1.019464154757932,1.0102185011955476,1.0011284759208317,0.9877745383007177,0.9762771755935206,0.9634196351905457,0.9513671577150051,0.9415956715242203,0.9224485070510665,0.9078684502742159,0.9071687938363783,0.9015865359321132,0.9077191984238019,0.9217754643026037,0.9301154982957713,0.9438249852781841,0.9449293002052782,0.9466349339503527,0.9423047167822127,0.955417123376402,0.9632957767348911,0.956909821143858,0.963845129083972,0.9687198370196307,0.9821144366617556,0.9801291059377449,0.9902666746720358,0.9931124625910573,1.013595448095754,1.0295428733129586,1.049024431146894,1.070338652104898,1.087545563024415,1.1196485225128168,1.155785371670887,1.1964239841057047,1.2397512266565838,1.2779697932520242,1.2994801555776077,1.310450191172657,1.316700625241635,1.305154296041149,1.291572295914407,1.2697536236124942,1.2500319632714767,1.2357318967452793,1.2180275622574135,1.2055995132097892,1.1865653867622814,1.165218768803068,1.1433552537470586,1.122548217879271,1.1026565162571507,1.102453526965175,1.0721593415160404,1.0589325120439848,1.0325438920426904,1.013953826504332,0.9910600644709786,1.0571117099823881,1.0407201165328284,1.0092534752422109,0.9788710960420008,0.7394416338652264,0.4471639999999999,18.76813,14.60059575,Nulkaba 33_11kV,0
olympicpark13211kv,0.8713350051376207,0.8561168901528398,0.8423768046529443,0.8291462301235509,0.8169274305066655,0.8072570320430884,0.7948477187702438,0.7860178060177901,0.7780820392096972,0.7714154441383926,0.7672980401401425,0.7673837087320662,0.761633671829786,0.7597715792164392,0.7575035302962331,0.7554480129554343,0.7591996043240137,0.7653218229375434,0.7725830942251112,0.7773640028540392,0.797953164111708,0.813130121770021,0.8255497869505637,0.8408808578171367,0.8625195756314863,0.8776664981518201,0.8920320346543212,0.9006857243051771,0.9350586567198048,0.9707956107193658,0.9978425258576983,1.010152409955575,1.0199737992230808,1.0316680061178056,1.0478344233802164,1.0511703068266463,1.0562431993662666,1.0651006145364652,1.0695976312383244,1.0737470138825622,1.0796530634296106,1.0864646138756595,1.0887633482245629,1.089211994385816,1.0892596875620288,1.0914506247650948,1.094375243190045,1.0974624813520244,1.0964319332768013,1.0960885027520333,1.1078793503476925,1.108697328078753,1.1020244325717687,1.100816534344409,1.1014867211988963,1.0983507829663322,1.1010731776172824,1.1015069452621566,1.1009072380107379,1.1019785342473678,1.1006027536109975,1.103132637987348,1.1087207935068715,1.1110545629623634,1.1248775636628383,1.1378010887135157,1.1419286899913523,1.1648242444431411,1.1726222673291697,1.1807282971485997,1.1891559758413996,1.1878770163000365,1.1600244153703814,1.1556745012568301,1.1510232022107758,1.1472181705331084,1.1368968071341337,1.1325293504581,1.1316310155698808,1.1302692840404724,1.1211882660816113,1.112495197571976,1.1081662781965347,1.0991492019685765,1.082040977131018,1.068982462568006,1.055597294304172,1.0298064830700042,1.0134683800621522,0.9929599615597563,0.9766282589914957,0.9520221442030277,0.9369471309212694,0.9190359385950195,0.9041536230726982,0.8882517966926078,0.822892952082826,0.4945328989000003,27.4631,22.409494667,Olympic Park 132_11kV,2
paddington3311kv,0.7961995657360755,0.7796775902678282,0.7651554825306073,0.7519644370698413,0.7397032177679992,0.7307750409787025,0.7204839273015381,0.7100934731384996,0.7041657634873383,0.6988236727751697,0.6922064374116483,0.6873385972726503,0.6826370915714485,0.679472365368239,0.6763082415749615,0.6739187582439289,0.6745718650926233,0.6745718650926233,0.6751398207213221,0.6802132576855116,0.6934019920388168,0.7058410752141703,0.7196722611704429,0.7392329965170035,0.7770569113882609,0.8075782586168759,0.8453299757735192,0.8888675455221778,0.9552685473269149,1.0112944511200312,1.0407966009114045,1.067785118701911,1.0873896886356853,1.0973697565219014,1.1012842833309597,1.104190236771553,1.108644464987382,1.111015999687756,1.1134182392803105,1.1175399908495065,1.1279126330459988,1.1338318248367785,1.1383037206079334,1.1399834900306836,1.148338922080227,1.1500446392964414,1.1499675216460725,1.1502309201280785,1.1513517491732692,1.1509464595625347,1.1502329180864481,1.142828793977423,1.1402612704672972,1.1371399530659505,1.136394635414613,1.1310191054118652,1.1295413023246508,1.1251165743245881,1.1243488679621674,1.1216881605284987,1.1197496580024522,1.1173675763052173,1.11632558000432,1.1186807011518236,1.1251711943629943,1.1298749590055035,1.1357622677377435,1.1499269489937631,1.161894917350217,1.1746759457082299,1.191589505342186,1.2030577091899046,1.202805241870939,1.2110796689223322,1.214876346070408,1.2207954482639336,1.216317228241531,1.2129005722434936,1.2103786538580381,1.2053123349731572,1.19108756537637,1.1778117002936823,1.1653534756289152,1.148891608944609,1.1334229127747186,1.111697894254335,1.0892641798630753,1.0637752090501624,1.0360235045350918,1.0062458830766452,0.9746621862602355,0.9401246268840296,0.9062610026291146,0.8740410402599683,0.8507010180128902,0.8262114071313104,0.7979131180049543,0.7389900000000003,31.97685,28.479387,Paddington 33_11kV,2
paxton3311kv,1.328416379777188,1.2671945821745931,1.2334422349276646,1.1765293827484231,1.1210682606220574,1.0638187568906252,1.0170676200803261,0.9716973276598936,0.9299826096676544,0.8885363900555904,0.8535861758919133,0.8298293177096456,0.8114142275912855,0.7966080877427468,0.7890283793449969,0.7854761678728366,0.7874249106699864,0.7958615119337323,0.7981255599438798,0.8051999366518267,0.8256489823963002,0.84282320615128,0.8634595132080752,0.8958530343876847,0.9346969106053525,0.9814099364287943,1.0237249998665634,1.0593555841136983,1.0852115002934417,1.1161891779097735,1.1105270672507297,1.0983145325086028,1.0531484418098893,1.0225827621415762,0.9937629750403658,0.9400647327670685,0.8861844542457431,0.8383254106331735,0.783911403204674,0.7391255395856248,0.6705899422458759,0.6491586285892312,0.6352960709989047,0.6139042635470636,0.6171823315309698,0.6147798408053626,0.6002347382282605,0.590077066901123,0.5870903293191915,0.5857391451606391,0.5906853191604053,0.5874749337221726,0.5491777692453158,0.5790782078140448,0.6016469417545839,0.6181450137722452,0.6530436440752165,0.6715208879010997,0.6833462945584386,0.6998381017923285,0.7354977171177285,0.7815302132568035,0.7993732812559773,0.8412359552822799,0.9002473521487329,0.9592286008704947,1.0321308836709957,1.1043356993428544,1.191231841130201,1.2890062811359027,1.3856914558222673,1.4630594182737968,1.5072279454042343,1.5387910944651773,1.5538484780519164,1.5442980277517246,1.522381070923882,1.5039079231529302,1.483005500520424,1.4639416570155,1.4343050184543817,1.4080965730635822,1.3855670816298116,1.357782793955333,1.3316740051458649,1.3058041461891985,1.2945043494012185,1.2667439380767127,1.256833707450829,1.2409732447221158,1.232768789591757,1.2267920053886936,1.314731679797743,1.3019844750677354,1.2673274091402702,1.2315029307031924,0.6269391107208462,0.20233850000000006,6.440284999999999,4.605988449999999,Paxton 33_11kV,3
peatsridge3311kv,0.9766714138549023,0.9857215157834488,0.9878716349835104,0.954003242498029,0.937968264088754,0.923220837355285,0.9172532084138267,0.8875704799142483,0.8605364031603082,0.8411232636637044,0.829492278460382,0.8195195600747853,0.8157822582729874,0.8060204369690117,0.7855295192764966,0.77047528492998,0.7716245467167737,0.7748631794526172,0.7777264367463307,0.788676516869297,0.8394947977977605,0.8698470527307114,0.8871189826948754,0.9095040039476433,0.9518059812005807,0.976527602400668,0.996175154282108,1.0162937781883368,1.0125719607074326,1.027478374892418,1.0343091447224797,1.0281421900153813,1.0228185593354644,1.0133907483470717,0.993451804038555,0.9706490724097707,0.9541926639440305,0.938086298037894,0.9376491802565571,0.9388288411798623,0.9446810697466353,0.9396811967404216,0.9389462227670293,0.933799943737083,0.945282184876022,0.9480051888793651,0.9462222297187068,0.9424598177590996,0.9348432592539937,0.935606465227589,0.9418624618602722,0.9530194346253891,0.9701790310781746,0.9706973912166036,0.9849356012693127,0.9927165855639414,1.003367600795444,1.0092066091407448,1.019557402574262,1.0240887844436948,1.0302113424474235,1.036321634877982,1.0511119702939988,1.0619938942266993,1.071562982072522,1.0833882195756452,1.1075113204005493,1.1334504257179616,1.1537427536171632,1.182517795213714,1.207206410762427,1.2233823889293067,1.2209339149860865,1.227970559339991,1.2330205331824966,1.2302334394262218,1.2180135456400236,1.2095690839973565,1.2025342876511749,1.1852610951342004,1.16614143377055,1.1533438508041494,1.1346847120523298,1.1278195748347841,1.1181386234495234,1.1080860140510367,1.094629952430464,1.0681015421460147,1.0431491255001808,1.0251572350266551,1.0416254982087125,1.021935051235739,1.015769828717823,1.0098872824336544,1.0029254533203658,0.9895222706370217,0.7656631093851637,0.46264000000000033,10.413603754,8.60152724635,Peats Ridge 33_11kV,0
pelican3311kv,1.1351646040248782,1.062474166161144,1.0386701398600908,1.0982022805099898,1.0517060070479638,0.9559168162614208,0.915107511154276,0.8935235363517001,0.8725765663439286,0.8266044955206654,0.797985235605157,0.7699205103578742,0.7425038795110446,0.7231955379679871,0.7137917402955885,0.7074009910054662,0.7063550159759764,0.7051985234170944,0.7160731336537464,0.7242627786735529,0.7606306328939281,0.7763903485659047,0.7962816771224962,0.8330395553088796,0.8710906859412978,0.8975902093005765,0.9376913443709456,0.9320450606535514,0.9639518107204947,0.9813366404348142,1.0082643329576373,1.0287538898638957,1.0351199589130422,1.048665690034578,1.0561428559781167,1.0402376770298136,1.0470224402672235,1.0243164957746798,1.0081749825815687,0.999300495987662,0.9898721660684922,0.964264019706059,0.9647006038593274,0.9575677020025946,0.9551386691324174,0.9460758698631108,0.9381298256397389,0.9395414478712037,0.9403417050186639,0.940828591373133,0.9391005943829654,0.9289139153642446,0.9326959832664112,0.9261540622020559,0.9196491183274239,0.9290431253962256,0.9285240793453599,0.9292582978270504,0.9297205976231899,0.9314956485922397,0.9391732404853216,0.9531067062084292,0.9631113710265444,1.0077335211242668,1.0328196711612185,1.0626156813061414,1.105577321431801,1.1369995354061857,1.1742187492653733,1.228595587401079,1.269900228467983,1.2894899198925966,1.301211463799669,1.307548008105771,1.30161624482985,1.2849693248006195,1.2813890428899684,1.307099219373933,1.2635999104529885,1.2353179629114301,1.2039454617022258,1.181052680557094,1.1559107193013076,1.122577866367249,1.0924060986448922,1.0549061196971692,1.0801810534096747,1.0539350605731117,1.1846973294559973,1.1311243025446502,1.0833598528019535,1.0317807991475596,1.058769190841774,1.002209688875158,1.0168203370306776,1.0665344514457822,0.7412480203978726,0.42838999999999994,11.72398,9.02562,Pelican 33_11kV,0
pennanthills13211kv,1.0907463030039486,1.13373423259768,1.0923455736713121,1.0832856498472843,1.1184312710799604,1.056003698140611,1.0077780933093552,0.9566097139340858,0.9067054428574323,0.863860197853409,0.8284370145340832,0.8015322767853292,0.7794910004368663,0.7549873109663461,0.7415084109550103,0.7331880301805892,0.7271033122934671,0.7209835701216603,0.7185893136939028,0.7187774247375379,0.729381256173079,0.7438137654446023,0.7595628723799346,0.7871344706917752,0.8339416692802273,0.8860629670859255,0.9341575782924301,0.9714148873565094,0.972462230500343,1.0040924563291846,1.029133182526935,1.0394483017672,1.035788878082759,1.0318495055781687,1.0250958634567724,1.0198062819330849,1.0125526011904813,0.9948603631555718,0.9718915715390466,0.9534103142113622,0.9342722590438057,0.9167695834676408,0.8981410742596011,0.8817938504402475,0.8685437905025393,0.8608803541130464,0.8599138925698907,0.8606601596444522,0.8649656119398583,0.8744122988531284,0.8721444761312926,0.88580206746515,0.8867571373176322,0.8875904550280099,0.879239973443197,0.8736855366477193,0.8720911053536183,0.8737756155187104,0.8765320415077812,0.8927450885003783,0.8987603590062225,0.9125454373103277,0.9334750362112217,0.9787155013310747,1.001796562480702,1.025170050419062,1.0482787958914157,1.0894818467600424,1.1242057845046771,1.185311579927533,1.2398819493016182,1.2921942121802492,1.317247268952573,1.3393830878439306,1.3458895005585412,1.3342184141089215,1.30463691742816,1.2883977946862526,1.2782251785097112,1.2719709160438848,1.2636137943977597,1.2487060975735333,1.2353489986269683,1.2206072087970508,1.2027684657507225,1.1733856723148495,1.148096237812613,1.1206934577814078,1.1540286565417481,1.181013008235148,1.1699189867532385,1.1199350025940151,1.0752473293325497,1.0707632947273766,1.125841698232255,1.089570667349687,0.7357917427526355,1.8484449999999994,74.80234,55.007397,Pennant Hills 132_11kV,3
portbotany3311kv,0.9343197576325067,0.9517890627379815,0.9439552311997819,0.941178394312973,0.9408873865404134,0.9419874621256187,0.9118293691444261,0.8790009738425197,0.8728847867425504,0.8662530968703184,0.8842794778388832,0.9115648015046942,0.9215583142111229,0.922276203495137,0.9257401626588235,0.9245712195687606,0.9318797216150498,0.9340123397473378,0.9327475686210384,0.9343537372122769,0.9468361127214373,0.9530320477127153,0.950303298680539,0.9202974817295803,0.9395048871020133,1.0040707314449728,1.0071214700350741,1.009025296432458,1.0151305368751236,1.0162948813836812,1.021741051700907,1.0259307303634393,1.0284702132754175,1.0230363403159504,1.0249098242883399,1.0255743824408325,1.0297605746763356,1.0269158664660814,1.0129815063341603,0.9801855218054505,0.9808127806784458,0.9751087191331343,0.989085118508399,1.037490036925033,1.0481097658993415,1.0474470568638672,1.0521505950171477,1.0471368915479584,1.049819893562041,1.0492400597848188,1.046092904374403,1.0444099450982838,1.045866372902669,1.0503084129024998,1.0436256294312287,1.0012921894519882,0.9970511495887987,1.0487695426642092,1.0583050813613764,1.0588944877637962,1.0629416405419991,1.0633992423283265,1.0543453519654096,1.0498981932246503,1.0439806004557168,1.0499294943306026,1.052095517884807,1.05792302212554,1.0654249669867977,1.0689462883931353,1.0555941823861448,1.0285860465522203,1.0033742352590873,0.999494183051344,1.0123905332966479,1.0433890117123727,1.0506935287100025,1.0615785121337251,1.0639455975070276,1.0611796189525315,1.0564715919396457,1.053960705114247,1.0496288606612187,1.0418158812836573,1.0313810941824564,1.0254613311005376,1.0103566918157725,0.9651612323563871,0.9576308972904164,0.9857869189292265,0.9896321794729482,0.986357787678238,0.9793839965561097,0.971486883966821,0.9627866755492047,0.944379047438849,0.881666159093609,0.5432491316300003,16.0127,14.314405,Port Botany 33_11kV,0
pottshill13211kv,1.0177410852430506,0.995370504445526,0.9741123482120325,0.9659297327221853,0.9623742703925603,0.9430601859657991,0.92196960865303,0.8973047180135215,0.8810833479770257,0.858905813501357,0.8387753372017852,0.8256355092172168,0.8226487536941567,0.8097304702761967,0.7954060059109646,0.7898176988443175,0.78760250078004,0.7937335224585215,0.7974623978707219,0.8072735744790251,0.8285814508487473,0.8529048198231669,0.8667713404538365,0.8814477033984304,0.9100334260756321,0.9384828186107267,0.9756199562858383,1.0001002075043075,1.009861239797883,1.0248814533291035,1.0196354341398504,1.020906606001893,1.015544409577773,1.009085869919507,1.0046483959867105,1.009307971241604,1.0098065046750466,1.0052185178679103,1.001349273502991,1.0042772983584243,0.997136588047138,0.9865647813219485,0.9819317618382779,0.9863491961906377,0.9854147799675749,0.9805915247263306,0.9865373405911243,0.9924385821324566,0.9888585978631984,0.9881174942614567,0.9847090677826742,0.9922376279354993,0.9963256144467552,1.0017033232978512,0.9985993597191363,1.0003323510900797,1.0046483959867105,1.006550229267624,1.0046483959867105,1.0052028973398603,1.0057731861244863,1.0207160049009,1.0290805071849745,1.040905858610473,1.0533999560393954,1.0604751886246755,1.0712126275177873,1.089161983700507,1.1037965029778463,1.1253545806687046,1.1491526902322164,1.1651362657317104,1.1600084253201173,1.1613904653579747,1.1609090770887096,1.1497988729533672,1.14947309975931,1.142958264294623,1.141346431904393,1.1391220104015687,1.1189286617537622,1.1134039942757854,1.106153179458577,1.1004570884303717,1.0885384162081906,1.0755495601309846,1.0669744435068784,1.0540771098712076,1.038003504830427,1.0388582726363735,1.050314854243605,1.0757342530241807,1.06439022022606,1.0432775633066482,1.0590464390821586,1.0438204465695835,0.8258311074264456,0.9640389999999994,38.92888,31.5556514506,Potts Hill 132_11kV,0
punchbowl3311kv,0.9587893285039466,0.9336416785506305,0.9042060906730252,0.8838280095912577,0.88475613622011,0.8563085885749149,0.8246990069754786,0.7927998004486175,0.7653338855155376,0.7451101204121763,0.7227476206599994,0.7054815669514374,0.6950156404856397,0.682423375299889,0.6782048740973493,0.6761502553108439,0.6775668148637063,0.6819387399504074,0.6868935878200185,0.7032848957198512,0.7283125156843605,0.7502798201200596,0.7663503854365615,0.779393679284665,0.79888112187173,0.8216817638627244,0.8422751043959903,0.8648712722200513,0.8943480545253581,0.9298026873697025,0.947205670435062,0.9604267614971762,0.9840961528325306,1.0050441590155477,1.009141887027435,1.0066217476976476,1.0157806983968076,1.01764739977342,1.0155808366541859,1.0211250955786528,1.02529745020066,1.0230210988045436,1.0276259087985407,1.0325593628540737,1.0301495931470315,1.0318958547744117,1.0372362993633781,1.0445325792460416,1.0495036421104589,1.0603979981662095,1.0704368529609205,1.072724042145887,1.0718246050224873,1.072942392223553,1.0553752882236216,1.055487974088756,1.0568771345839099,1.052656389760726,1.0505556868297137,1.047997983596629,1.0416026873831283,1.0542648837481663,1.0821791547684865,1.1001072281305464,1.1210074941913073,1.1438919873492597,1.1565441439655366,1.1869577020619217,1.1953500263042314,1.2136753604877215,1.2329983611101238,1.2486337140683432,1.2537713385209115,1.2569839407392573,1.2494468728826515,1.2369841423168426,1.231112135635285,1.2293939450318097,1.2246796761454173,1.217287682674332,1.2176031504702927,1.2047802313856504,1.1959416034702015,1.1791874826662154,1.1628261931301431,1.1381672495707873,1.1143819853167025,1.0919370542520976,1.1075284037085131,1.1123776205743792,1.0958737747832652,1.0678191884717174,1.0352775563514538,1.0212157298841489,1.0134718589294383,0.977593472313659,0.7663982257293156,0.8330744999999983,35.91439,30.560048000000002,Punchbowl 33_11kV,2
pymble3311kv,0.9540836248449461,0.9622753281608475,0.933653233556164,0.9184059946108846,0.9297256641784405,0.8972092183880086,0.8649818093211208,0.8342637867787084,0.8083270417167897,0.780806989912199,0.7592004232288297,0.7425834209098907,0.732418089686829,0.7189712017989005,0.7095433147277761,0.7026626739653895,0.7017174197554312,0.7005706509564494,0.6988011518580197,0.7017106172131733,0.7107730215219575,0.7178290873329511,0.7295932214060483,0.7587970351571948,0.8071968174834377,0.8544692641216306,0.9022597911594029,0.939561793077074,0.987491032967894,1.038650774190583,1.0542144545876195,1.0720293266976575,1.0851155587072294,1.0898724114172662,1.089675245302349,1.0842426193102828,1.0827611516806006,1.0788584158934533,1.0650663325876506,1.050978072355273,1.0420870179953494,1.0326039507952143,1.017645492554995,1.0091719509133907,1.0008227866575146,0.9927089342163173,0.9897412440982176,0.9885999460663144,0.9932180538110783,0.9952156311094834,0.9938238610366784,0.9938996252411726,0.9898879483633303,0.9833415933357531,0.9850869099783582,0.9851879478111766,0.9788258520692077,0.979898514181262,0.982174855629707,0.9865010426751484,0.9943311414070056,0.9987983483443796,1.0157894122569566,1.0316147064016417,1.059665992346047,1.0892551727436877,1.108264537213451,1.1387478226400136,1.166815685044617,1.2039784461655243,1.2393665095300728,1.274799195948794,1.276234510555703,1.2723752278548297,1.2726226408725387,1.2614489541819724,1.2500030106968922,1.2330508145738805,1.218452916534443,1.2091843330312115,1.1945239770039549,1.1828461177441012,1.1800801031454755,1.1664382332014807,1.1486049186716711,1.1307934303018874,1.1088556230011164,1.0769172798670963,1.0867121042818724,1.1058522110891,1.0908187714295154,1.0565094161432218,1.0162266390884211,0.9966328235253936,1.00300449059704,0.9685942414989613,0.7584772939419396,0.7759950000000003,30.60188,26.200707997400002,Pymble 33_11kV,2
rathmines13211kv,1.5415725089253007,1.4402504058912051,1.3645962378653633,1.400701817252768,1.3472002982956306,1.2250233919706282,1.1262889269404972,1.0797221302139077,1.0077179141166275,0.9330561349770606,0.8535526722939102,0.7923164167090866,0.7512980604922709,0.7190919902481036,0.7070069096323003,0.6883529957941323,0.6826713758648765,0.6819885751334036,0.6955877942825502,0.7137967027280389,0.718441616485247,0.7450151640652426,0.7828734981511024,0.8412236483263835,0.9002209552074297,0.9680657753941198,1.0275120393609205,1.0294894813638742,1.0452397587762794,1.0819910892038929,1.063679700959815,1.0498408622961923,1.0360104176731506,1.0207737538838424,0.9948771691310202,0.937134011876035,0.8883683028496323,0.8545666531947246,0.8109143048567562,0.7725492431293288,0.7420707454992566,0.7196711320451079,0.6788721429923633,0.6666088564759102,0.6596097100751136,0.6362228846904989,0.6052774674407203,0.5974501398112201,0.5826772643144446,0.573038717492502,0.5739168447021886,0.5714235517659759,0.5582758617269034,0.5665367921573747,0.5742069053254014,0.5826390909677309,0.6053800511558675,0.6255285561804133,0.6224845228831719,0.6690848524350409,0.6957533732620393,0.7209141701496187,0.7441930423838296,0.7998582489308003,0.8564670291345817,0.94309032074235,1.0139974058856296,1.0949482525258465,1.1863887425026836,1.295009279923512,1.4268174179740323,1.4720556705704266,1.5212532188193286,1.5413468223996845,1.536869826231348,1.510365709238436,1.486733637081365,1.5071784173329197,1.4625687279757307,1.428818404034621,1.4063178521313635,1.3766539714499868,1.3390781287892142,1.296189126033967,1.267456714130688,1.2184792680905134,1.2745187080234408,1.2362065862835254,1.422746134593238,1.3984215269961138,1.3482896177049726,1.2782835554346539,1.31336302607584,1.263512284827969,1.2406348337538522,1.3436641526320137,0.5921402399092043,0.6184499999999998,15.53656,10.530437999999998,Rathmines 132_11kV,3
raymondterrnew3311kv,1.1762652660293595,1.1438962231715664,1.1120592326763163,1.161223020489558,1.0797434898810514,1.0190398261659328,0.9833833705686028,0.9596131544424864,0.9181356382244541,0.8816442617337235,0.8514339216108558,0.82056990152126,0.801686251757012,0.7779713796851674,0.7579408055415776,0.7464517867156706,0.7456859801233527,0.747913428276998,0.7567514824113355,0.7776038118882491,0.8018717130731128,0.8200978588615255,0.832774788192319,0.8619111988430866,0.9056008419014153,0.9418163492619047,0.9766568410459684,0.9764976607149312,0.9936174961877611,1.0201359079966426,1.0348780659306893,1.0120706100874668,1.0065368841296698,1.0164758925720052,1.026024233590885,1.0150182641783922,1.0127767725470838,0.9964409388513057,0.9780684809422105,0.9644109788164236,0.9604490011570108,0.9460868913451979,0.938637030471661,0.9207315323412425,0.9142362537462323,0.9108150081146581,0.9204490494220864,0.9214677400741959,0.9183171619949672,0.9092963638390937,0.9209036777951318,0.9194624120461602,0.9187553754888874,0.9187931845258843,0.9207826598810843,0.9174188866656501,0.9297697102552451,0.9274061082631218,0.9324728815383883,0.9361787228177602,0.954068001743592,0.9705250740924,0.9915244635609561,1.0212926963322515,1.043905905230445,1.0592207594718048,1.0815366511597637,1.1058308490398074,1.1449793287450742,1.19482898378306,1.2297869517061408,1.2409797935948377,1.2468267749876547,1.2407473587790745,1.2349260068195707,1.2210364086916123,1.2129210841650677,1.22557001984367,1.1987500611205697,1.1730649015930974,1.1490391178882988,1.13090324833618,1.108470841879326,1.086593090195811,1.0569814645890268,1.0272287331521683,1.0389187690095052,1.0222726198530052,1.1364417765001604,1.102297160184573,1.0910222234541413,1.0451646059446156,1.0861441605175417,1.0509993416169827,1.055493300031274,1.1045838099639564,0.7613627395355365,0.9903100000000002,23.08964,17.45802,Raymond Terr NEW 33_11kV,0
revesby13211kv,1.2085475200888678,1.1356753458495858,1.0589522690060427,1.1718555649160298,1.1506349199618033,1.0802767224115002,0.9954586223002313,0.9158404030818845,0.8523235895844432,0.7999687833782488,0.7506263394896558,0.718384859467481,0.6920528471279633,0.6788436055036864,0.6712817659694679,0.6646301537126489,0.6662951187925807,0.6671995956912576,0.6778380965162318,0.6915723701699913,0.7094211553086351,0.736038236367272,0.7592469610165914,0.784297383549625,0.8235574758277211,0.8882932592851648,0.9537286709676911,0.9938829786429285,0.9750946024540865,0.9834713603374141,0.9942825089767052,1.0043105878728156,1.0072453710679978,1.0006113454082035,0.9974513786026824,0.9830032878114009,0.9568746477396641,0.9611506742971812,0.9571806963530073,0.9485141061316101,0.9387251127282122,0.9276089878534821,0.9155246807035844,0.9010967445687447,0.8931261998991297,0.8789477236685167,0.8745654533027253,0.8576389247098025,0.8372087525101356,0.8359367136474171,0.845722918528338,0.8577745526483331,0.8594740801743305,0.8399719596126101,0.8322586409570618,0.8321422269121335,0.8172904679354032,0.8138835697652202,0.8321422269121335,0.8511319215407481,0.8646621550376201,0.8852868764732532,0.9044725482730777,0.9375911477691798,0.9662155508291707,1.0044538447002263,1.0458565116359086,1.1025479689993154,1.1486370345889354,1.2222990881133462,1.2854620720858099,1.3409931035310534,1.3520714265637805,1.3625248232188774,1.3655667847768214,1.3565252719473435,1.3488007727032396,1.33561937088419,1.3245411893240047,1.3116767757908696,1.293093862145404,1.2722080398503006,1.2364773224172259,1.2331955806651052,1.2177863882445183,1.1919079056709088,1.1687396171017599,1.1382338353945565,1.121744426446297,1.1719470963972223,1.2173102306040484,1.344597950958293,1.267956140737957,1.1881677026877184,1.3030635452280654,1.259678998588532,0.6954921653980528,1.582434,44.22975,34.460961999999995,Revesby 132_11kV,3
riverwood3311kv,1.1596599099123708,1.1107712245847292,1.1041580743757566,1.034969937164226,0.9996856942673316,0.9323272032051044,0.8728371774268762,0.8227389570940598,0.790096019839502,0.755469750195481,0.730414554386565,0.7060123749258931,0.68799143036081,0.6737392849224618,0.6608853492854961,0.6569314957264334,0.652089749050197,0.6536834808033241,0.6578452317023668,0.662619944988021,0.684468225341547,0.7093537627588666,0.7324437443015889,0.7517326404152707,0.7949042800493389,0.838686671399368,0.8814575746279423,0.9192127292984263,0.9397520506426142,0.9787114391812752,1.0015594188279366,1.0109479652246858,1.0158738552368682,1.0195877445802968,1.0144689653316867,1.0145254299081232,1.0129899470103791,1.0025745276182403,0.9941178751044161,0.9856686845063113,0.9768335320343019,0.9694254501024611,0.9604824460674044,0.9505378443227369,0.946913415115451,0.9455881509615673,0.9489611069213237,0.9457730728640651,0.9452233287518421,0.9480997938591783,0.9402321740966278,0.9362820937849741,0.9388655505823675,0.9401985050414179,0.9414955149600852,0.940984791114156,0.9436906647626443,0.9460267405193603,0.9418325013355837,0.9493825438013896,0.9535549364585817,0.9618580847813328,0.9743901820026877,0.9938313524488204,1.0263343303768109,1.0520317980771652,1.0781115901286882,1.122331344361833,1.1481326509130112,1.2032242454154674,1.2476065067071738,1.2920802119245665,1.3164436462853117,1.3360499544010986,1.337348749636554,1.3280152216004948,1.313196076741614,1.3055717428110212,1.3016878925562865,1.2899378960064316,1.288936641438685,1.2727613034764216,1.2662667154383667,1.2430609409395579,1.2225383158169705,1.2003641171735577,1.178308451293246,1.141029431237801,1.1836709989881917,1.1734361223240144,1.1601412991966369,1.1108508567102695,1.0918627734956914,1.0429923086555883,1.1522652226879118,1.1049824909110177,0.7328469964269281,0.7316550000000005,26.616586747,21.05132,Riverwood 33_11kV,3
rnshospital13211kv,0.8013202960020159,0.7996536843649756,0.7991161740076748,0.7974667631824556,0.795334923312027,0.7923793521830499,0.7908383001559438,0.7894186592915583,0.7899488685447172,0.7897589119873655,0.7877867797369692,0.7877481189158612,0.7898284243565725,0.7876642362176354,0.7890297990677785,0.787702186770866,0.7887161710318847,0.7906846446959039,0.7918271981505829,0.793647973129354,0.8069700594756256,0.8245765819796776,0.8364632841002464,0.8567107826061694,0.8966896632263706,0.9322665433153536,0.9498477476361776,0.9734089099452141,1.0154791477687921,1.038325565463956,1.0542078482218868,1.0713007651007678,1.0925177910548878,1.1164319211528386,1.1385871988602776,1.1553751292533743,1.1670509037990717,1.1738051178291042,1.181179793001317,1.1827502242475143,1.1872759452011157,1.190032620816015,1.187620664389108,1.1923178859131445,1.2071711147088475,1.2019890424058481,1.2072010225894352,1.1982287902131685,1.1874005140360615,1.183083231245092,1.1872851142349803,1.1865525661282414,1.1946480750104655,1.2043814296145965,1.2025151631362672,1.1996728865617814,1.1916851641371988,1.1889526983903618,1.1853998659875034,1.1853960004947799,1.187270668532226,1.1833205661901867,1.1774607503808816,1.174989134834329,1.1790678732572057,1.1733945261110847,1.1623274914109984,1.1405358905803096,1.111493449647815,1.09990340942016,1.0908470358295634,1.082609830309929,1.0655006788844827,1.0547733700863657,1.0431525484784745,1.0376254802733729,1.0104992811771591,0.9909748249637286,0.979826543462999,0.9742850486894102,0.9584174412672306,0.9431883307131236,0.9299177972933477,0.9174626009884056,0.9038466461968505,0.8901318011028168,0.8846784452706173,0.872648677774318,0.8595664115530729,0.8479780320156451,0.8377197209714097,0.8268835749436806,0.8150950630576383,0.8086306195502999,0.8071346962218396,0.8042155002011985,0.7999728000502109,0.2482400000000003,12.49642,10.744742,RNS Hospital 132_11kV,1
rockdale13211kv,0.95316004905642,0.9270962431727358,0.9088133536016273,0.8750883078866906,0.856268290994448,0.8310054222756892,0.8072529561134777,0.7842346875397472,0.7707300058178546,0.7542257634671701,0.7440053023596919,0.7312668821794688,0.7212045333132274,0.7154301171920439,0.7096259199329034,0.7053659161448637,0.7071244368247316,0.7082377721551919,0.7142001197519164,0.7203591242667823,0.7381374907496374,0.7533154346767489,0.7660014964601216,0.7828284462207368,0.8162475958864182,0.8485590524658255,0.8876776003477161,0.9172687157656961,0.9469212127812674,0.9765961734270345,0.9874158821194893,0.998184457034336,1.0082933523350162,1.0135509611743723,1.0166745519392577,1.0163919935743182,1.0291944539934545,1.0313002781675147,1.0303638230313346,1.025418364784515,1.0183763707508477,1.0177277606175663,1.0109130726817237,1.0102259786672136,1.0112269389286974,1.0178886298646692,1.0120959371969842,1.007215502720612,1.0108930477284588,1.0117297213571306,1.0126089313863933,1.013660161711833,1.0080875605964565,1.0065663194885524,1.0060740776384243,0.9999493456222607,1.0006828984788614,1.0073515287159347,1.0087330973959372,1.0131502641817038,1.0173911721573707,1.029128577689313,1.0467024798978075,1.068090256921718,1.0805266104873974,1.0945749301518024,1.1156779543231898,1.139714482285791,1.152659905171597,1.1801518104711468,1.2092819948590219,1.2316313790359001,1.2478142169054267,1.260430441447485,1.2714926436732092,1.2799670988875484,1.2760551323642453,1.274135477130631,1.2692365438755313,1.261929658982582,1.2610012260616037,1.261415021456971,1.247860698533595,1.2232107304967827,1.2094357891050567,1.1915411800460065,1.1656066076976996,1.1346161888110418,1.133905173433637,1.1180015917942099,1.0898475120717979,1.0516957967860867,1.022960549648795,0.986294347791968,0.992029100029458,0.9637920328048281,0.7642397122515158,0.8317807890000019,41.31309,34.8167105,Rockdale 132_11kV,2
rockdale3311kv,0.8724906797037628,0.8413894012269922,0.8159086573511106,0.7869876444730576,0.7596286877054481,0.7311577518210001,0.7088263272077311,0.6884287557046691,0.6727597453175689,0.6578272531735565,0.6442405738355289,0.6352834284141026,0.6260535888513283,0.619583822331574,0.6158157244171507,0.6156109026166828,0.6171287820028633,0.6222464204042382,0.6296309445836151,0.6372230393452895,0.6645449622772592,0.68829196366243,0.7083403049646706,0.7315069064205915,0.7709826934758909,0.8166844130581246,0.8522953712485344,0.8967765882352696,0.9314559152863289,0.9776336948057854,1.0124013170833377,1.0338561817578262,1.0522912379214704,1.07167772598337,1.103996605522687,1.1131246551637024,1.1268267792223312,1.1388874418752741,1.1425613086296054,1.1467107517799824,1.153360772237188,1.1564049285776683,1.154477377789016,1.157876809085685,1.158725936242629,1.1591629295758776,1.1618963466695407,1.1663775121627245,1.1650294367769403,1.1606306441224061,1.1623778175238526,1.161039035805849,1.1565471171701553,1.1526007492637578,1.1497341277185,1.1493293226827346,1.1438632685384844,1.1419952502908595,1.140089007935856,1.139119576329274,1.1305039357982136,1.1325696953798101,1.1384420157824935,1.1439172356687293,1.1485169885526256,1.1573607622128226,1.166756555878142,1.1810276808174747,1.1797817334404304,1.1853415160622607,1.1898378572007458,1.203993917861781,1.1977324166399677,1.2081936108416818,1.2082356864244972,1.193022077347978,1.1832982697653145,1.1752179878227222,1.1720323142515896,1.1665857111945377,1.1686649936343352,1.1670225996796775,1.1573255023486464,1.1371554053329287,1.1275355006824568,1.1101878853055893,1.0829295580868226,1.0489440895527091,1.044979587917515,1.0271623682198388,0.9976226420716504,0.9633811254852911,0.934390734161279,0.8940958165552151,0.9161937479770346,0.8903335586844575,0.7841013489424217,0.3919617500000002,16.743545,14.8126295,Rockdale 33_11kV,2
rosebay13211kv,0.8500283667599421,0.8372531071434339,0.8125254278704355,0.7875894535480565,0.7774258250619333,0.7586964636418915,0.7371967684843823,0.7166560658644238,0.7056677184150795,0.694307992732704,0.6821322815395451,0.671763607258908,0.6661827254567506,0.6615881642826039,0.6576281030755746,0.6540647297173967,0.6526445672907255,0.6526445672907255,0.6531309601802684,0.6540222855322853,0.6609342678195906,0.6717590293457448,0.6888042413456181,0.7080658764942437,0.7498227553355742,0.8014688862659325,0.8615403048748551,0.9222388089538909,0.9774584266643336,1.0265172100908608,1.0457009021584494,1.0609681392323147,1.0737194408455177,1.0826135779923716,1.0877502862561164,1.09126012824401,1.0904730381634022,1.0896446391653438,1.0877834420966797,1.088771438667752,1.0904741100575917,1.0858411535989467,1.0823199681282485,1.0756268755205063,1.0720818868435809,1.0675191107439972,1.0626246024399275,1.057187163178812,1.0508134301035437,1.0488899298413306,1.0442263587027023,1.0432437809173183,1.0402337114020856,1.0393000094602673,1.0353881942554881,1.029216457614715,1.0250653340495803,1.0244279336293618,1.0197117845938641,1.0200119191494397,1.0197211967210784,1.017804548904757,1.0219971303373494,1.0340653196279244,1.0471300711776101,1.0632980006849206,1.0818052808466976,1.1228245942095987,1.1569090597861171,1.1970607840450882,1.2386190222953148,1.2900710128276485,1.31970136907382,1.335119569194141,1.3467752228104237,1.3566004755521563,1.352548955388852,1.350998191035555,1.3449379875108092,1.3329525768385198,1.3190273593124384,1.3039176447698846,1.2895801400896805,1.268101984730958,1.2429050041791165,1.2102394641446381,1.1759140121399574,1.1382208452515437,1.1054681047813164,1.0751953500729794,1.0374571328738467,0.9920383873561146,0.9561299316736505,0.9221211468405752,0.8987526230446364,0.8693427644793136,0.7207036087772414,1.0257142500000003,41.891034,36.19108005,Rose Bay 132_11kV,2
rosebay3311kv,0.9558224901802762,0.942222327155797,0.9263652923534811,0.9184679779607188,0.9125253407690171,0.9004727303599668,0.8887909668002028,0.8770996831161227,0.8685972120786091,0.859979796527482,0.8534628815512658,0.8461548236060369,0.8416516149587765,0.8360973849806871,0.8329592678999364,0.8283292422710251,0.8294897619736067,0.8290987994242296,0.8319562348698012,0.8319921724828693,0.8405839364838379,0.8499852690086545,0.8598709091908664,0.8743220030179648,0.9047255703712941,0.9422344843261067,0.9792691372938747,1.0101576345779146,1.0101576345779146,1.0101576345779146,1.0101576345779146,1.0101576345779146,1.022806170569332,1.036465165801812,1.0440016278276296,1.0477945057963653,1.0516898246369086,1.049536760375542,1.0472087622006647,1.0441178520471461,1.0403662870300545,1.0365001043464206,1.0352993574749996,1.030722737923034,1.024987658300115,1.0218797385112117,1.019677483970941,1.01405118781613,1.0101576345779146,1.0101576345779146,1.0101576345779146,1.0101576345779146,1.0101576345779146,1.0101576345779146,1.0101576345779146,1.0101576345779146,1.0101576345779146,1.0101576345779146,1.0101576345779146,1.0101576345779146,1.0101576345779146,1.0101576345779146,1.0101576345779146,1.0101576345779146,1.0101576345779146,1.0101576345779146,1.022806170569332,1.0433423363578753,1.0640349508404445,1.0799805831606568,1.0941802737423674,1.10581700018632,1.1096144265017995,1.1184965323237732,1.1319704814838287,1.142387681842245,1.152123437134299,1.1639673947281453,1.1670905057940584,1.1644231643330112,1.1507805937293287,1.1402095610826377,1.1310490040372028,1.1212855191122817,1.1094645883679832,1.095124123069048,1.0851615177616345,1.0689622952521798,1.0577847982174495,1.0471053199657727,1.031193305357459,1.0101576345779146,1.0053829637827583,0.9905306661527928,0.9761194039447055,0.9561956356578291,0.8630793467506399,0.31122249999999996,18.03896,15.73951,Rose Bay 33_11kV,0
rothbury13211kv,0.9424099284264652,0.9392974981680353,0.9127406617229545,0.885236543798066,0.8694002212541536,0.8515904122143816,0.8359557549607357,0.8188369966706772,0.801310505147558,0.7942727814212018,0.7883541824629406,0.78130106126279,0.7790856676925897,0.7761357878750867,0.7728651899106811,0.7712144355320025,0.776118332593769,0.7778186144539704,0.7845165246117306,0.7861071863478835,0.7928282823832208,0.8005146862981637,0.8129930868089205,0.8345259349892951,0.8475990839500979,0.8652688299358119,0.8980218859794535,0.9254677343742813,0.9411951008843974,0.9610920087690461,0.9722678873517949,0.9775922605871064,0.9869625307707084,0.9967770834959604,1.0000033183971029,1.0013795431332415,1.0165944814336891,1.0203125356091465,1.0130173077967555,1.0137072897666777,1.0074425550410826,0.9938142780895596,0.9879256938350736,0.9801993101994823,0.9811347199122786,0.9876612909053942,0.9776110807705033,0.98643205978038,0.9902906616767562,1.0071758494185867,1.007421038225134,1.0082159284542151,1.0220721433274305,1.034514500602493,1.0477436814101704,1.0451022196013329,1.0500688936625722,1.0619293751604255,1.078951133471263,1.0711356977156512,1.0811377467696874,1.0894125317344905,1.0913811995968126,1.1001359264553447,1.109504379207577,1.1248200322989468,1.1321006210782343,1.1451622427316654,1.1754496076180334,1.208351432094428,1.2228875938426684,1.245531643646196,1.265827199163075,1.2686395905456709,1.263331685001229,1.2574342651872794,1.2451120762254104,1.231319176233639,1.2254542497899537,1.2035678875133957,1.1949038219279589,1.186532474298451,1.1675844538991378,1.1474205569989762,1.1222414772507927,1.103938173516674,1.086040403834536,1.0630717477827853,1.0361209350231004,1.0080372213645208,0.9775340435961426,0.9459818228830958,0.9783489220224082,0.9752448445351396,0.9479792981142088,0.9229274457160047,0.7544457578434526,0.31660600000000017,10.96778,8.570112,Rothbury 132_11kV,0
rouchel3311kv,1.1524386595779874,1.1390199132133965,1.0902460800406402,1.0334467484295295,1.0311347775071895,1.0050909868297677,0.9693737001038917,0.9204587341658458,0.9040827602137437,0.8799637759100917,0.8619557784655838,0.8513233414191,0.8376191095283702,0.8140069167667373,0.8104097512158556,0.8120475110303581,0.8053243593847752,0.7992463795364536,0.8020634479399669,0.7968596705927776,0.8093309530426621,0.8316630638868898,0.8445490149610303,0.8555627007509644,0.8758920860949226,0.8800058905336673,0.8963134952100043,0.9428717396226216,0.9344597886885191,0.9596097889222076,0.9746814804007828,0.9904457490688313,0.970641017686455,0.9861671084860079,0.9719861320319066,0.9755805584221358,0.9361577159619776,0.9438538385338411,0.9173500549193401,0.9173500549193401,0.9007139863038156,0.8964993378922712,0.8948767958082682,0.8704169133387956,0.8791551167144417,0.8832074952790812,0.8855425787220517,0.876967443984695,0.8942054726479117,0.861526044703038,0.857972455972795,0.7835050374259993,0.7926451655028839,0.7908387575740231,0.7608236691744393,0.7720385341134282,0.7487849644270688,0.7572279779305554,0.8190984675013775,0.8277114558226537,0.8280654902936012,0.8595481250739322,0.8919649706212177,0.9188847345223282,0.9498358813980605,0.9661073521700347,1.0002847605911234,1.0431088089543883,1.107194695365669,1.1542996196688993,1.2256900320395645,1.3019603887953042,1.342314244947093,1.3724877012562966,1.3970244951315993,1.3965703080649785,1.4452907547729703,1.395820053909142,1.3865027585064158,1.4158515284958093,1.3856392352929228,1.368527237283979,1.3148744551995468,1.2833543902025444,1.2341163584484396,1.2548642152484226,1.2359791134852733,1.1888199422938572,1.1649231758886482,1.1157323597568765,1.1015688429617048,1.0572137790373008,1.1472637478997463,1.1400789006215888,1.0599921641565135,1.0639030727884335,0.5386906777747675,0.15418932962499998,1.06284,0.8826760000000001,Rouchel 33_11kV,3
rutherford3311kv,0.9680944999173312,0.9546478707447725,0.9291696750616902,0.9006829018792913,0.8725811318549244,0.8367114443125109,0.8080507774549918,0.78697923935845,0.7638479994425246,0.747680424681079,0.73876616220969,0.7314973271227769,0.7277785260050312,0.7198780362941292,0.7189260590511638,0.7249678881203842,0.7283382814062311,0.7313888738087242,0.741464443594985,0.7587872225363569,0.7904290707062263,0.8153463251606398,0.8381507506565334,0.8648819993947425,0.9122959591178942,0.9680971265122271,1.0069596614255303,1.047784078059831,1.0769110203970744,1.0928660534216212,1.106808848751196,1.1193403277973337,1.1169541004665322,1.1199316885945811,1.1112616307860093,1.10938926924588,1.096265996256938,1.0851356812205442,1.078477584520322,1.069186160217677,1.0524821448400266,1.0484237246517099,1.0405490747530763,1.034539627925782,1.031890608801766,1.0320530216381354,1.0329442053265474,1.0248400170726102,1.0119148054893061,1.0101873188888306,1.0161418418815733,1.0236586776123895,1.0315785544594362,1.0329090656641033,1.0479234100529558,1.0506768380855829,1.0499404983566731,1.0541767262592974,1.062937854852127,1.0679186347980327,1.067576774688335,1.0684981899811528,1.0680585996421506,1.082796875516927,1.0868174816325806,1.0921857938129393,1.1071970524094217,1.1349126686592386,1.1605239992550198,1.1814297068383357,1.1953534071248146,1.206883656417678,1.209157974320587,1.2109153745225163,1.2009451546312737,1.190182660170422,1.173603899234934,1.1587513041799422,1.1449865057860862,1.132063028091092,1.111322752541544,1.0950393731548598,1.0771164169690004,1.0594495915022342,1.0395284400125508,1.028520511195825,1.024010377816541,1.0029764746980565,0.980890168523078,0.9534341176614969,0.9337775564194721,0.9074485244581703,0.9833053755395983,0.9761243741857047,0.9519599146790232,0.9278571547510699,0.7585296348541599,0.7897297499999996,29.20532,22.076345000000003,Rutherford 33_11kV,0
sanssouci3311kv,1.0103310284148785,0.9858708956871536,0.9675875043739612,0.9473651073441276,0.9125082868224765,0.8663429140531695,0.8108131345908536,0.7823315877168862,0.7538000208922647,0.7305828422636967,0.7080926803192397,0.6836437433915351,0.6710964344151751,0.6629490749198402,0.6554385916976481,0.6496751738751758,0.6448796255420943,0.6395183595808093,0.6384596847312346,0.6395183595808093,0.6480996143722856,0.6725816163669907,0.6974329406879529,0.7234678005452215,0.7715518675784416,0.828460637795178,0.8822972454879633,0.9350351467721135,0.9560272205768962,0.9783332357177091,0.988005185204288,1.0096057999383077,1.020716492650794,1.0191361224827646,1.0178760667559168,1.0073097395368966,0.9942513689663334,0.9853831507015182,0.974264812799019,0.9703758264675055,0.9640823299637427,0.9595379953166002,0.9403208048255197,0.9309218224401595,0.9227229157792456,0.9121715252365378,0.9126437110459071,0.9096249494790308,0.9065761462129431,0.9079616353870228,0.9052411173106609,0.9022213563248733,0.9054057646260711,0.9001477590460829,0.8945527568254991,0.9001554800008045,0.9076337577940468,0.9124337053683196,0.9129518441167696,0.9233639855429814,0.9315688749395357,0.9377013815166513,0.9672754666045531,0.9897088874927438,1.020923839294719,1.0508134450655262,1.0867460906692008,1.1380333375048841,1.184756364280081,1.239536644545376,1.2984679652933144,1.3530969795983228,1.3915847080132775,1.4103914909950435,1.4246163376045988,1.4221470798961526,1.4182545125144375,1.40750449327362,1.4019877775727572,1.3830283094584386,1.3905411386584774,1.3897955017394783,1.406663015628736,1.3734825528782746,1.3558030070303517,1.3228131803618193,1.27726101927125,1.2284647682631682,1.249965853349935,1.2465585287050318,1.1961549254256902,1.1384941447823378,1.081115541815475,1.0363030844344854,1.046265699313783,1.0304857479485343,0.6807552754603868,0.4428630000000003,16.46849,13.746319999999999,Sans Souci 33_11kV,3
scone6611kv,1.0911789220095287,1.0272945331567842,0.9910109394993141,0.9433467748333464,0.901497571275424,0.8616146263263339,0.8478599471057687,0.8258799973750044,0.7985419779146637,0.7762595165060242,0.7589472200908676,0.7513458053384476,0.7394310082535427,0.7301918150217936,0.7287675973506056,0.727161314540197,0.754927791890866,0.7887567566792555,0.8016491185292034,0.8403238421941078,0.8657990701912326,0.8880711658747426,0.920632855076569,0.9494407682482988,0.9877436359391273,1.0228317085029381,1.0571325944465348,1.0898601700585246,1.0688212810240758,1.0921378516170308,1.0795024924615675,1.084750759388888,1.0639883558076697,1.0393242647019012,1.0367307497399365,1.0194490443501292,1.0081548251315522,0.9832417293285679,0.9431974682812732,0.9185097951455276,0.9001577962635218,0.8803984966310608,0.866630351682582,0.855297669822639,0.8523052607241035,0.8498500240798865,0.8443341974042993,0.8352974380923205,0.8509151237083701,0.8447426379592275,0.8423272833519406,0.8560969402818539,0.8587803084219654,0.8694000650236707,0.870533616248379,0.8788203653698886,0.86536686402282,0.8793971751139049,0.9004274802567102,0.9252093641152838,0.9329792658241449,0.9519610443590314,0.968144748301894,0.9959260915194875,1.031982473004874,1.0501864953106541,1.0662187794656657,1.100749793806369,1.131379440958024,1.1840462506969522,1.2369791118438407,1.2826996480301585,1.3218137142212718,1.3471530686029902,1.3523768590780094,1.3485793984221266,1.3422412847711882,1.326986532061906,1.3080477829320543,1.2827464274854004,1.250008774460283,1.2159613630593387,1.1881933617634,1.1736993828654467,1.1425919021456168,1.1052992997143132,1.0926932200938433,1.0822628437307085,1.0930899747863219,1.1788502329722501,1.1703496008468421,1.098754838744329,1.1322966640591048,1.160006361967282,1.112346530504046,1.1088013178092309,0.7249881215869035,0.4760279999999998,16.3458,12.932721,Scone 66_11kV,3
sefton13211kv,1.1056223488148944,1.0683706126371584,1.0275957748973028,1.0430969782648218,1.040079936038116,0.9910107521665515,0.9404748273374184,0.8939229395507026,0.8572072309592916,0.8240103863564578,0.789250894594824,0.7644710686707402,0.747135036528872,0.7316442433948263,0.7207728006287404,0.7153450537147159,0.7156957143777352,0.7218313427003921,0.7212542219580532,0.7302467969874787,0.7472146413612846,0.7656960249041768,0.7910639927574962,0.810258235184643,0.8446810955001375,0.8865916420378169,0.9181687022422506,0.9496155869963497,0.9530675471801014,0.9817549997779518,0.995223745026926,1.0047140802803662,1.0063706672566657,0.9975777194275063,0.9975333979237203,1.0074680139157233,1.0073087057166854,1.0037704097429747,0.9959275867531864,0.991526498048382,0.9906330621203762,0.9835182197324165,0.9777421184385328,0.9713905385907874,0.9656458364890256,0.9719176718759167,0.9724849775064219,0.9786088871419881,0.9687621245470136,0.9776783230533918,0.9775517307305639,0.9834941554090174,0.9893479324291505,0.9962852181286097,0.9968133306752726,0.9951053234508982,0.9894658931789654,0.9916585899356734,0.988512624457864,0.9941222790302789,1.0066926901500386,1.0173442985755603,1.0346382002195575,1.0497477531807133,1.067572509017394,1.0820327445662983,1.1032425679664757,1.1264522352780246,1.1311493566743056,1.151186651847001,1.1733470509003454,1.1927317564041289,1.193730560340938,1.1984753889670454,1.1955616201625705,1.1921712864145826,1.1776878477789632,1.1697395799879764,1.1616114446788932,1.162498892267539,1.1519604473327247,1.143640168571287,1.1365538049134933,1.1274766534516292,1.1132672830847787,1.091967558380163,1.080560317437886,1.0647742691572204,1.0578838903230594,1.0901459677240648,1.1122041196068444,1.192256219463714,1.165859017942032,1.1157440333581172,1.1606915007597178,1.1420892235793165,0.7912964807829506,1.1701634999999997,46.0618,34.51529,Sefton 132_11kV,0
singleton6611kv,1.0113348579218686,0.9776779260987043,0.9589114603255862,0.9398273918829049,0.9145697020421564,0.8862554847843479,0.8634194065024599,0.8470287678976763,0.8270065423582212,0.8068476136348642,0.7966373370960875,0.7896985028874713,0.7970236047594585,0.7967129954287395,0.798210390213004,0.7954588300097075,0.8037437901020879,0.8091449359189455,0.8195012879652537,0.8400762090976265,0.8673746073975274,0.8885113566338455,0.9097547256304792,0.9277903444812144,0.9453151061149734,0.9570874548998682,0.9779447905200088,1.0014128210018851,1.0028451703587302,1.012839591670691,1.0168578027210633,1.0194190652089081,1.0358988407481606,1.0309324912688262,1.041245514231354,1.0456792265466957,1.0347119746777573,1.0173585854183003,1.0066670445719919,0.9992669949802109,0.9839592989785272,0.9697478708313464,0.9611665014420777,0.9454180329743314,0.9294070887594984,0.9184509319587575,0.9176160154972839,0.9315118843564928,0.9263562024220259,0.9125825961966157,0.9360133271694389,0.9300298863630213,0.9283887868056635,0.9352754089707038,0.9442132441391379,0.9642037490684581,0.9540770651176685,0.9668800692671349,0.9798745588758774,0.9830780048652461,1.0053904989056663,1.01336756748174,1.052171219590366,1.0604695629582006,1.0987167184047475,1.1161106355156858,1.137895100302599,1.160655054187994,1.183843730087297,1.2134784393888594,1.2337061096872672,1.2418848017675213,1.2398790750492035,1.2380754118089128,1.2378862596209121,1.2218055596014474,1.208950336635312,1.2003038548849387,1.1906038036463782,1.1768662568822312,1.1592423612757239,1.1386728198505145,1.1347262181051834,1.1070023897811385,1.0855703103475898,1.0668719397539144,1.0703329948482465,1.050601347800432,1.035821776022392,1.0221591572596278,1.0126974360288288,1.0427900301854627,1.0377464867874657,1.0286936093530585,1.020955059823292,1.017804996300877,0.7753270311473033,0.43253149999999996,19.76767,14.95259,Singleton 66_11kV,0
singletonnorth6611kv,1.4983729522046445,1.4056323044784667,1.3258542789628238,1.2550080077185615,1.1717613472979198,1.1053785847110358,1.0442466841078342,0.9882620646677787,0.937016107195051,0.9028342818197858,0.8744495398558503,0.8482909653757214,0.824725696985931,0.8069061636570031,0.7936074531817274,0.7831053751744144,0.7764408226598173,0.7723860186436975,0.7710635143142599,0.774412736702711,0.7920220080117708,0.8082369298492065,0.8265800300725842,0.8443798402059082,0.859491593228249,0.8958080252344457,0.9196319353401896,0.966814607803402,0.996844737039746,0.9938218243261028,1.0028597417383998,1.0214637418304555,1.0249096777554865,1.0140958743527124,0.9892725152399343,0.9527496072092514,0.9109615797272155,0.8728684449182229,0.8360090064239808,0.8078389594443951,0.7701925295879737,0.7465256689052022,0.7237714358313941,0.7071215366452757,0.6888462609940074,0.6820120571659021,0.6812970587189799,0.6686995815438443,0.6661907833617503,0.6560915125196176,0.6601320126061029,0.6644057879619445,0.6616867539363679,0.666527176560052,0.673639315879049,0.6933274691999896,0.6870837343995443,0.707952527469331,0.7203636200695497,0.7422069184346082,0.7573276260083794,0.7829463162013164,0.8095183269630273,0.8422785075882365,0.9148074275336288,0.9517582475347228,0.9959718900226281,1.063845322668774,1.1370296907886128,1.2223799757959422,1.3023280991818045,1.364372722682989,1.403132902031508,1.42595262090884,1.4321720983338186,1.4336278508651255,1.4262296971401556,1.4178577072658778,1.405394989083652,1.3890104490541588,1.3803024181101538,1.3710465427958605,1.3527823331521616,1.323246548892694,1.2825982104324107,1.2441174733888845,1.2190538760751732,1.198860388774226,1.1651105009341003,1.1436959810483862,1.1313454623705566,1.264305232730781,1.3981453746652435,1.3665341828169795,1.357469653902576,1.4589540309994375,0.5851197143604621,0.6774935,17.8308591355,12.94673445,Singleton North 66_11kV,3
somersby13211kv,0.9298790441703526,0.926462932760708,0.9475851348148032,0.9325191128908883,0.9083317286335747,0.8703897932255299,0.8610368769271347,0.8422556182138666,0.8306988503307517,0.8257127103456088,0.809636748589047,0.8056399288330669,0.7948198720616879,0.7915343722404534,0.7914602133531965,0.790640384080372,0.7991409903931848,0.8104089403238167,0.8240638756165523,0.8358409114423313,0.8518995453813694,0.8715703433486557,0.9100079903694184,0.9375094805738431,0.9848048110944216,1.0176835310167018,1.0592810528477745,1.103649453939939,1.1411505811512175,1.1725991561230276,1.200962748183302,1.2174634355870904,1.2143024690129005,1.2111828659893158,1.2081861781930423,1.195950666380927,1.169151244980854,1.14937084490999,1.135293899267739,1.1065947251712516,1.0903371990575739,1.0907903804101946,1.097993981035997,1.093271015608462,1.080328175792824,1.071032476390426,1.064673959459003,1.0606350408634555,1.0435245907476016,1.0329240662003936,1.023625347521436,1.003055917524761,1.0012520699658432,1.0249387358132531,1.0534098611180087,1.0573483214605495,1.0467308676939826,1.0248544211542943,1.015596855221765,1.023783274558871,1.0182313882358525,1.0185582220538263,1.0139044935884975,1.0156167466221109,1.0083949770808451,1.0200262422815185,1.0127019493487424,1.028941599495297,1.0357034861721577,1.058249792797682,1.0708460676955753,1.0706995803079402,1.064254725060568,1.059597940063421,1.06174615079203,1.0621673623055274,1.055651132662806,1.0463834065054196,1.0236751438255385,1.0133467658259157,1.024690725790695,1.0286745884675808,1.0175304404080692,1.0093891916641762,0.9980579058770014,0.9944138437867824,0.9941414104195977,0.9704763234729763,0.9447457982921327,0.9107984685756771,0.9294014428457866,0.9236553536069807,0.926928581696132,0.9176093698646864,0.9312432682738669,0.9327664938681871,0.7687830012546497,0.5814120000000004,17.3257556,15.4054674536,Somersby 132_11kV,0
stives3311kv,1.0655851119593496,1.063790018997444,1.027772486786915,1.0279650587285751,1.0455785357975997,0.992140635641786,0.9383276133509009,0.8890345301236855,0.8472585404684959,0.8111715711183765,0.7800257374184958,0.7526616618616848,0.7310188732166988,0.7130199187051596,0.6979734009326045,0.6868385324835696,0.6758315240073443,0.6716976118633285,0.6699245319298079,0.6696781458880365,0.6826654993939418,0.694693864449633,0.7094311101375709,0.7395753307680728,0.7990303176005843,0.8506646933501228,0.9179636964575372,0.9516745415007369,0.9648941997309809,1.0098333470398888,1.040395369363266,1.0509533129113944,1.0556795156342123,1.054728153835741,1.0502336425175918,1.0462344196829039,1.0479921516907174,1.0426247120890009,1.0296739268989896,1.0145278758854857,1.0009921209203771,0.9838810884662319,0.9726336495045085,0.9604097911788155,0.9461523352243321,0.9389349470397989,0.9334228532487697,0.9340848587451354,0.926510474780559,0.9236749295725278,0.9225929596284179,0.9235382719677838,0.916959935216933,0.9134191035907188,0.9075576057976429,0.908829906795861,0.9018362283590585,0.9008699645802432,0.9010403078284613,0.9082350750127861,0.9123816345277959,0.9186001313902541,0.9365422820337713,0.9572033602684317,0.9736430043112125,1.0044981404797821,1.0336556014564995,1.0717722787203252,1.109423954959981,1.1691798301129301,1.2341734061023546,1.2985841939057594,1.3405622417238174,1.3664712899925489,1.3707124037448417,1.3636305285376746,1.34051537338784,1.3228400062581218,1.3115979193478846,1.2940260511436241,1.2740844631064783,1.258248930223539,1.2444080722297628,1.2241965207093173,1.191792290123983,1.1656803524927566,1.1375319767228302,1.104693058091362,1.1595204184883936,1.1806737969794512,1.1560593087616553,1.1193185585279868,1.0742329221386004,1.0776487107025703,1.1057802375024375,1.059776621116238,0.7158008230776685,1.0723692500000006,44.542410000000004,36.458731,St Ives 33_11kV,3
stockton3311kv,1.0158010514347413,0.9541300292253501,0.9501950670216784,0.9742479796745223,0.9154900234039667,0.849464205301327,0.8305338649878407,0.8068842273944724,0.784056529904103,0.7476414735010632,0.7244004623488637,0.7091435784438976,0.7042361131275484,0.6970144590206088,0.6910513887306683,0.6904089901627557,0.6922373196035732,0.6981834116658097,0.7107218179181348,0.7258700114770753,0.7452108253611334,0.7617454101621126,0.7878144107207454,0.8229615942488573,0.8722332633867372,0.9224831760741936,0.976273128209011,1.0052803006937165,1.05161850585342,1.0879828602171513,1.1064491081735368,1.1013057409341895,1.0738124088951033,1.0506805423859422,1.0327655458366491,1.0125394724465016,0.9905160268659219,0.9653343212218192,0.952395384435825,0.927783007834757,0.897492200171897,0.8871156859868051,0.870048428085361,0.858938301500749,0.8569634572253616,0.8605345883369286,0.8553542533505998,0.8408832925694979,0.8335246564220125,0.831399105288635,0.8222574044340832,0.8291621042383029,0.8340439440974713,0.8370525685435672,0.8440574534104338,0.8404842021341162,0.8397916624306073,0.8469132748052574,0.8558506243206809,0.8726747187761497,0.8829040937340947,0.9070380349285391,0.9404009092833935,0.9758704684373187,1.0274840389770215,1.0810041149659448,1.1400779113525907,1.1916826207595983,1.2611739571130103,1.3579671748531377,1.436787536170202,1.4835105358693108,1.5259780414182738,1.5346936276617293,1.5236114740248878,1.4999158213380852,1.4841762765655642,1.4831801777129605,1.4332427086436075,1.396151033068039,1.3632387865567601,1.3317321556533295,1.3043607771976335,1.2643703354188844,1.222625199382161,1.1789599561051474,1.1669611572958831,1.1168858004217195,1.1902512381444152,1.1331339333495503,1.0763972250105822,1.0097031669254886,1.0409869517351662,0.9799409344045519,0.9577801359751444,0.9623827251124207,0.6446629024762746,0.2225599999999999,8.72202,5.873222500000001,Stockton 33_11kV,3
stpeters13211kv,0.8108895623352752,0.797546043723094,0.7873691688439485,0.7777607904137621,0.7696932429160077,0.7598453612568161,0.7521769107845427,0.7470835233569981,0.7432299883532273,0.7387398481628301,0.7351652869470157,0.7337800078395157,0.7322684842838795,0.7307015032559078,0.7325280034953308,0.7292771724381727,0.7351771549844359,0.735590727085816,0.7368053200971353,0.7419054478917616,0.750791509776997,0.7601317526920126,0.7732865827737735,0.7894573657043605,0.8299060571332855,0.8576333053884765,0.8816451916637406,0.9123252188710711,0.9604695351470577,0.996597670535006,1.0359741018785276,1.0639191915517248,1.0833656626785915,1.0939022863883248,1.101865517528136,1.1082205869173998,1.113848044280159,1.1198010313598779,1.126926823276426,1.1335929910372697,1.1397143160621417,1.1425406340724107,1.1461280197701924,1.1486443005709448,1.1547419784939474,1.163203623813576,1.162469920086176,1.1617353350274384,1.1610678376190702,1.1603633505250759,1.15728264176779,1.1553713685944265,1.1567588670079652,1.1608584562510647,1.160248210090043,1.1582087935744212,1.1570910839700488,1.1540760980680365,1.1529722383720853,1.148425465156264,1.1448047212666443,1.1441420449506376,1.1431559602705885,1.1409846526157894,1.1387345727190175,1.1374892807200143,1.1404524926646258,1.1401854088444583,1.1413995029741182,1.1415445961204242,1.1495396427451092,1.1542988548304494,1.1428049262903863,1.1424274177622118,1.1431907444945808,1.1451202743033222,1.1321888055175036,1.1246991227750305,1.1147331483390526,1.1071073546648267,1.0976283401904912,1.0898533896578098,1.0785789350002006,1.0681019869026984,1.0487203015153952,1.0299784756222568,1.0139157771272573,0.9985694135644726,0.9774275955904891,0.9513759969786618,0.929251062322323,0.9045484363782565,0.8829650260514198,0.8625025984431941,0.8455027836932469,0.8289798421522216,0.8232143012566827,1.2578265000000008,61.14716,53.474214,St Peters 132_11kV,2
strathfieldsouth13211kv,0.9562582580871167,0.933201048000621,0.9196723035081531,0.9000810497739687,0.8818304201115983,0.863828970824059,0.8470734081827194,0.8290357172073559,0.8159732794483749,0.805431115900701,0.7972967579198551,0.7903233975610431,0.7848074978259111,0.7807100949620812,0.7800753138927414,0.7812212557992042,0.7855052191686707,0.791495890169687,0.7977022006941275,0.8127875316171624,0.834381556582487,0.8488022911291786,0.8655487870536757,0.8844951935571427,0.9198172992430909,0.9459069555099804,0.9713570715092724,0.9849201264715879,0.9950014186093983,1.013661030271021,1.019947649945737,1.0142878834382323,0.9989610691182989,0.9904428265243455,0.9867923097492245,0.9746248789854118,0.9681724739402428,0.9608654015629211,0.9535290675551883,0.9494320459569143,0.9363731346446839,0.9326369269943199,0.9236631811835387,0.9149773438916706,0.9068503415146146,0.9040488712691275,0.9047607930296852,0.9133645276122859,0.9060238255475913,0.9060550697488514,0.9080703087966095,0.9104273697860404,0.9108787701317274,0.9110683043688518,0.9183337720231258,0.9149380562534192,0.9257308149089564,0.9401969123675068,0.9448321922547078,0.9549862033441328,0.9621745829023722,0.9809884208847343,0.9907127282902156,1.0134124911006754,1.0359194751061416,1.0685153171270596,1.1022588449806097,1.1360715744846397,1.1694375886867932,1.204350741684294,1.2400834456115506,1.2728627304971198,1.283167144188244,1.287200701452874,1.2934627936290601,1.2924461772650677,1.2845717209523126,1.2831431132505884,1.2760312904544413,1.2675856259067593,1.2581620748269604,1.2516635521723187,1.248683153621045,1.2572934152015112,1.249173404677269,1.2382193802206651,1.221216937016888,1.2013012421181537,1.1700569279264053,1.1384763621826914,1.1056472031287359,1.070610743976676,1.0377799193727362,1.0149021081892353,0.9941159659623795,0.9748263139108356,0.7526265651446178,0.7782749999999997,28.105095,21.989424,Strathfield South 132_11kV,0
summerhill3311kv,0.9069878026670244,0.8860610820604541,0.8663324965148576,0.8493763401555464,0.8300790667576365,0.8093461821988022,0.7901882680210555,0.7764879361784871,0.7639836185830441,0.7517312132579768,0.7456080414024425,0.7390121301534925,0.7317809050966825,0.7278618281049416,0.7243900383233247,0.7259833651201503,0.7265460099072875,0.7288612406379968,0.7343184241913805,0.7441819925948321,0.757369547081433,0.7712230232374159,0.7903144384147865,0.8257349543153625,0.8654735906108295,0.8981478691400555,0.9345651208253898,0.9766383444756694,1.0133879441010483,1.0435607444611164,1.0514789556005786,1.0512662992030426,1.0480418707728596,1.0341669394811819,1.021745725908003,1.0113131531993176,0.9995037125905789,0.9849246490556225,0.9668326462974463,0.9549195164490087,0.9412665043144227,0.9261337739762268,0.9101668075258323,0.9060035413818175,0.9059506431102646,0.8970144613871007,0.8867475387564856,0.8845773905268415,0.8896526401475793,0.8943666961688599,0.8923096355726678,0.8893673492091408,0.8883785132127111,0.8925191380373154,0.8916514697918215,0.8968581651365032,0.8964533711541478,0.9066934215668915,0.9152259425768979,0.9304337547951083,0.9453638140295068,0.9693248397334664,0.9969998381608043,1.0288070251639856,1.060516326067977,1.0981825176823434,1.1355136874040717,1.1780551128655943,1.2230203879690453,1.2664221310710189,1.308432547383078,1.3454575006663188,1.3765857440311422,1.3911086390599683,1.3987522874697578,1.4024003521753816,1.3990719218900547,1.3850033334112841,1.3711480316889484,1.3592686358359576,1.346326273169195,1.334456171568267,1.321919269172472,1.3142058778089156,1.3003016954204398,1.2754497897453396,1.2523296795045356,1.2219973320172264,1.1807485184803141,1.1378455033624304,1.1000146595032532,1.0596923176584374,1.0250678772506931,0.9919268553923339,0.9615472265662433,0.9352384941234073,0.7094862385678109,1.122521750000002,38.630713,35.30878045,Summer Hill 33_11kV,3
surryhills3311kv,0.7922539093572378,0.7735161815067865,0.7614069589698729,0.7509271353920258,0.7396787745324397,0.7279165452212293,0.7209814769958739,0.7143104301353208,0.7106676373373869,0.7038853942703173,0.6997869639916018,0.6993708114074602,0.6980188466232495,0.6973570936757624,0.6957540699117286,0.6965327128812386,0.7002869920032267,0.7041263737644186,0.7120133050961249,0.7229846324289804,0.7373176104483504,0.7482014741195613,0.7692025569257077,0.7871293816464354,0.8411538169862401,0.8697212160110024,0.894320939117178,0.9196216928453624,0.9817516319192159,1.0107136778390335,1.0320617953995859,1.0614827669266587,1.1056912334132003,1.1181638506764642,1.1305341724274156,1.14437328104197,1.1496778815711992,1.1569289136364544,1.1652231241053035,1.1687853976312217,1.1780665487647581,1.1787575841582185,1.1818175584799786,1.1870125357121966,1.18769676095676,1.1866669397371619,1.1860688819201144,1.1923117386367172,1.193213505866483,1.1924391739140965,1.192039794604239,1.1908786849998596,1.1946206076688342,1.190912701217397,1.1880028420438564,1.186916664865278,1.1840802716911996,1.1820694112529797,1.178641431736216,1.1764411486915443,1.174159702702084,1.1697220219897309,1.1636697957358766,1.166130744840819,1.160203591657877,1.1609455438914515,1.1611018055704485,1.1600813961737122,1.159507481344315,1.1629120788518494,1.1643997761511644,1.1648168244656827,1.1340796247731393,1.130824616959166,1.127108636225144,1.1256012740924937,1.108052057220112,1.099464116255997,1.0917049381762742,1.0826509759201988,1.0692212160490155,1.0607869752151577,1.0497366467080187,1.037552404194929,1.0276110147621613,1.011248002961066,0.9870612286466541,0.9655207627418233,0.9445462618384003,0.9254721691990629,0.9022713753558325,0.882300171979618,0.8582062550046585,0.8363618782245624,0.8202890518048087,0.8121901352089629,0.8207331748499536,0.7081000000000006,31.53044,27.212266,Surry Hills 33_11kV,2
swansea3311kv,1.2813307688543922,1.1896461283946298,1.1753596493663354,1.316873750216923,1.2420335142205259,1.1173964815490378,1.0462420137254453,1.0019675627040097,0.9702206958914913,0.8843389038509578,0.8125423413229261,0.7757552711644949,0.7519541361130437,0.7308408786448851,0.7172525311948441,0.7095620514945349,0.7060436737328436,0.7044316029944276,0.7112243359436375,0.7192679866092887,0.740859395115151,0.7602712476289394,0.7790740359252768,0.8153727009946535,0.8645345034528182,0.9194991358553057,0.9655553511958737,0.9449129049516823,0.9744087413802769,1.005182978198885,1.032984336085307,1.0327830994492886,1.023616179431538,1.012622804462724,1.0026634217452737,0.9780830536806231,0.9583096049560433,0.9319896123036491,0.9272181035432483,0.9104234973829084,0.8970456788570875,0.8834866223914345,0.8636615368818551,0.8540521700315413,0.8437612642438903,0.83144027881489,0.8227536716437261,0.8156331954051511,0.8061178589919991,0.8052430347163536,0.7999365988185633,0.7991610383936583,0.7891278862013775,0.7810001857734292,0.7841459317766885,0.7888442497700605,0.7933803707948238,0.7983405255737642,0.8017807660782515,0.8190867505498615,0.8323655094992932,0.8674901037063425,0.8942137294803596,0.9334963971954444,0.9660546434247875,1.01024751022609,1.0698337920683665,1.1225892835289488,1.1979911658701292,1.2661055044423855,1.3259357827320493,1.3539991194805825,1.379227671814239,1.3928243187749605,1.3834572592580319,1.3642555456729744,1.350576359085577,1.3774950512486244,1.3294487255265395,1.2978690649776745,1.2587069070457648,1.2277970803516571,1.2073172718892595,1.1760757574340006,1.1504693277105154,1.116965184775698,1.1399008827497754,1.1041538587716258,1.2790865895389343,1.2186451245064962,1.2095839856897972,1.145441884140974,1.155836811575661,1.0917063694203384,1.0891688518310991,1.1910189731184553,0.689819730675218,0.558237,13.14155,10.0623225,Swansea 33_11kV,3
tanilbabay3311kv,1.1950335922326838,1.1257920683360303,1.0661534082323592,0.9988376304406282,0.9366721876754281,0.873792682390666,0.8441387439452273,0.8173847549988539,0.7831063258671284,0.7540725338456963,0.7314320935364403,0.71119876530639,0.7013217717555722,0.6884451058147866,0.6825156483144458,0.6852557224400548,0.6891731895659399,0.6957810571181915,0.7049552506574687,0.7186130821579031,0.7463437243441222,0.766289588564496,0.7851922330652518,0.8081099159682124,0.8615232082835909,0.9197062878140198,0.9668129990317571,0.9969834404443018,1.0167026032842619,1.0466014895341567,1.0580413590865019,1.0545718723718143,1.0370872667596396,1.0256431113272608,1.0090663182735282,0.9866615005931794,0.9359020621684078,0.9021164926667249,0.9013412092742947,0.8876288957642559,0.875095454641772,0.8556219575633656,0.8395825027636986,0.8254460924896708,0.8194416413971459,0.8096841800117898,0.8057681418321367,0.806146145651914,0.8018364193457355,0.8056358489512564,0.7730829492453415,0.7690685811911373,0.788580025484613,0.7859576157997668,0.7920140378144065,0.8014092418910221,0.8126337249776664,0.8105362783008814,0.8271309500902736,0.8419952997400758,0.8454237670293095,0.8592706953693466,0.8911418176721791,0.9276708535932474,0.9759250234340537,1.053943701473344,1.1028443043736706,1.1713828493246825,1.248938435870862,1.3344947683945911,1.4309463995134366,1.487744580523098,1.5141048829189458,1.5203476295649914,1.5127497967441101,1.4970190882446723,1.4748602807026279,1.449055273177081,1.4294603543815807,1.407078204238359,1.3776795241357993,1.3491356773674534,1.3309397719305418,1.2980037588692237,1.2738001403819854,1.2440710133844646,1.2367731128038517,1.1981961151127123,1.1839105261136276,1.1560046429942379,1.1645450823929209,1.1220622022630053,1.2101636617697666,1.1779548793452477,1.1177114397464585,1.0619774624091847,0.6514888749088428,0.35179,10.32184,8.566619,Tanilba Bay 33_11kV,3
tarro3311kv,1.0080897889792209,0.9746551965644131,0.9565081350782019,0.9555604377531,0.9318411416844606,0.9005321584857565,0.8735741020369497,0.8665430235073832,0.8375698504713537,0.8186290221165012,0.8000141942937166,0.7826216113293575,0.7747443229578189,0.7637598323101522,0.7651100661230954,0.7756277268831343,0.7891185122215821,0.7965922917662552,0.810565129997469,0.8401812318006772,0.8786616167425463,0.9063721209365988,0.9330724664256268,0.9510180173897776,0.9721321561777095,0.9990414585303327,1.0177514439155018,1.0293842451132313,1.0509458067222583,1.0681390913479365,1.0782579194393453,1.0741205124560989,1.0763322029246845,1.0788938477832923,1.0707706263014156,1.0612537437483296,1.052126222155796,1.047270100504358,1.0367055754733632,1.039485615400642,1.0344355168663915,1.0249376883389303,1.02435922324331,1.0174619181806634,1.0043157888632799,1.004728975612408,1.0108619328509525,1.0104532440341352,0.9965620648466134,0.9896817927955674,0.9999870036416697,0.9986215878202026,0.9981766820058654,1.0049718774686356,1.0069353419915557,1.007463921775199,1.0023830973503338,1.0000173300666235,1.0001398869255194,1.0059639947769237,1.0141987917673927,1.0187546732452804,1.0255949125863761,1.043570218330694,1.0486395716560155,1.056307197105303,1.0726193195706573,1.0808558113802331,1.090938377867204,1.1086516440016112,1.1295408160090075,1.1317856717010786,1.1288346778644847,1.1280903159125255,1.1244324143738091,1.115353589821529,1.1106630648120683,1.1207631093478543,1.1065979746241292,1.0926104368281482,1.0719413458525975,1.064554182366169,1.059913134367648,1.0567034871687044,1.0455466807447256,1.0314554793271011,1.040087557536315,1.0327140244668604,1.0644294637146654,1.0457961678217826,1.0632488694234024,1.043097519972586,1.045843198950737,1.0132353829819103,0.9889904936389419,0.9976089875562336,0.8232379367765204,0.5427470000000001,19.6062,16.2649575,Tarro 33_11kV,0
telarah3311kv,1.1881983334395922,1.1631631189693084,1.0809855976512837,0.9976920661268021,0.9271592372838694,0.8679446031045128,0.8340749656965807,0.7970070011695627,0.7696184790026274,0.7446059671700255,0.7259174267694074,0.7121623705637373,0.6996400653073009,0.6914144850317299,0.6860461907652786,0.6844822592295997,0.6867457836893792,0.6907109251789754,0.7045166500897709,0.7129495858108311,0.7281901535475939,0.7437119420515468,0.7617760002651015,0.7809614652330734,0.80619382105105,0.8246039750017273,0.851906286248693,0.8796563848923432,0.9042474702790857,0.9352358766499419,0.9578972892123415,0.9680241579674924,0.9747500731710403,0.9761529979774618,0.9679051731715693,0.9582473087452833,0.9554319387046345,0.9459892440773986,0.9334919657308249,0.9197311891389411,0.9180153111155405,0.9104665145861749,0.9060139637093076,0.9013108880595219,0.903128770281255,0.9139823258188382,0.9141921653828531,0.9165142945611189,0.923310807759488,0.9276546708738659,0.9343476895164258,0.9369083017275059,0.9440474692189736,0.9539178510567929,0.9525311101451118,0.9530771516864001,0.9554578127044909,0.9606658653714516,0.9646817753591691,0.9638464604275977,0.9708437322761749,0.9806075392264353,0.9942341755774059,1.0205555376916655,1.0574108191895037,1.0815076871954907,1.125244968632074,1.1730184905863845,1.2407290116431362,1.3118515443876961,1.3666407336823394,1.415568870367658,1.440878524236188,1.4446440052116174,1.4326296258140394,1.4148893864868572,1.399553064468263,1.374769538474682,1.3586017643629922,1.3402643314284355,1.311875213922141,1.2804805823239789,1.2529909511871173,1.217977892313136,1.1854438821546265,1.1752358194644366,1.172172734983054,1.130819222138701,1.093402406917188,1.0450247435380056,1.0078177262062633,0.9670557503723551,1.1499620335924516,1.1612435615210177,1.0945677793536441,1.0162753245436367,0.6729045582807527,0.3257055,13.17277,9.5347735,Telarah 33_11kV,3
terreyhills3311kv,0.7260921048880489,0.7108312460702635,0.7043616923803535,0.6995366366073666,0.7328337972424878,0.7265003765838091,0.7110539278188678,0.6940196439051808,0.686649498192569,0.6787072570513882,0.6699659201283227,0.6633251589486614,0.6599101434843402,0.656060469202701,0.6533573724451535,0.6496458413559167,0.6513324630777736,0.6537995901167788,0.659781616415322,0.6694784262389633,0.6959735219391311,0.7218863841109573,0.7565980571848785,0.7885935810962847,0.8271257075073827,0.8646241985797516,0.9101819734427519,0.9438355525908113,0.9823290057648527,1.008643478588038,1.0478217393518985,1.088475070780458,1.1230462493795794,1.1611176702319652,1.1993971952995774,1.222658976405739,1.2435002288737627,1.250279674297351,1.246078519286263,1.2444795022097546,1.249136414352993,1.2460040547073021,1.241603111762248,1.2387585443393085,1.2377012570487913,1.2334906455648302,1.2291189820799926,1.2256674369804967,1.2247419776288138,1.2240722101123933,1.2218635939536933,1.2261463570017426,1.2368665952865012,1.2319828100554624,1.2308403048518515,1.2294384858445944,1.2211066780980318,1.2139929185282743,1.212147551346723,1.2129959933544296,1.2065192788614192,1.207247476107222,1.2125934479901301,1.2122628963749844,1.2120066296915857,1.212627089649533,1.213130808928609,1.2149898999974105,1.2056961190653506,1.207607079571849,1.1862464729864992,1.166382765810784,1.1392367714049945,1.124119903094413,1.1089816002415318,1.097254711859249,1.0804621109418293,1.0657447940136038,1.0521270222430699,1.0390517665436243,1.0236767112603449,1.0141844635124977,1.0174870551473822,0.9931702862337751,0.9585131527278732,0.929200447853853,0.9187999686083088,0.8931822681670251,0.8864354196583114,0.8712582844942157,0.8445898653721444,0.8128469217090298,0.8090195451044437,0.7806943980104802,0.7674894372347046,0.743597737553985,0.7609386557717275,0.3829954999999997,15.115535000000001,12.021955,Terrey Hills 33_11kV,1
thornton3311kv,1.08255357878718,1.0857838161755238,1.048374458890699,1.0128985631707064,0.9805726382826974,0.937429385836828,0.9031525336489906,0.8853402452550229,0.8642162031943622,0.8447783294753531,0.8142755717177269,0.7937730068824199,0.7813292048694407,0.771719568259086,0.7641759289895617,0.762561237636773,0.7603309565926026,0.7599344959598358,0.7603309565926026,0.7603309565926026,0.7746630700097137,0.7958107352870173,0.8145256411650916,0.8553724510293815,0.8968937355087023,0.9373172697050517,0.9768691385727408,1.0012032869290124,1.0266366327809984,1.0475395188933427,1.0538795358487232,1.07502291314392,1.0876459498145412,1.0828601814573107,1.0532544112298252,1.036642477508103,1.0226258454529187,0.9945862516169379,0.9692408116756247,0.9597077946663575,0.9465587681103432,0.916991762379923,0.9061956897269313,0.8901777702603021,0.8679903153018468,0.8558259585707824,0.8514485460037686,0.8611011085222503,0.8738711594174674,0.8854752532985856,0.8731956473451041,0.8750142345606553,0.8864594456186039,0.8894365704528883,0.8894626535162151,0.8989464580968497,0.8943463166986434,0.9197522126724761,0.9297978055980449,0.9220552989515317,0.9334819041286048,0.9406129725858537,0.9627567699041386,0.9783643930635826,1.0065841597660234,1.0259863836837964,1.0654964335830865,1.1099978958080248,1.1544029035499181,1.2191941069057874,1.2593030814603545,1.298032743682939,1.3098429333786996,1.3248119007065549,1.3218254723686331,1.3134501326318244,1.3067898319950195,1.300627020422396,1.290232663977777,1.274684841086386,1.2566829448243486,1.2434111582933056,1.2193260069379293,1.1983466802346057,1.1678809093819487,1.1519936840902774,1.137884559629123,1.1232429803022106,1.1153165508344542,1.0996824396213556,1.0654964335830865,1.0305374855800264,1.0427765409140703,1.0479059380791373,1.0225059905638534,1.0102688882323103,0.729203288043929,0.830996,32.31286,22.3020225,Thornton 33_11kV,3
tigheshill3311kv,0.8912920301653388,0.8757542537665303,0.8622718349323109,0.8601788541907414,0.8480728339567939,0.8320703678912893,0.824876841829176,0.8169413993669737,0.8061105937768133,0.8019782427994494,0.795509673727892,0.7869400215452594,0.782478067634326,0.7775937815823992,0.7754993536641892,0.7749865500467099,0.7759875226053524,0.7697950852294565,0.7757424849375727,0.7815991501373187,0.7989916988727307,0.8163776436807012,0.8394790252614733,0.8642473887856894,0.8974032817678995,0.9282640760892971,0.9513989296572949,0.978827066472426,1.012118850246505,1.04338976257898,1.0836580102583033,1.098224497067828,1.0900462244849702,1.0873963457054796,1.0973992349036792,1.0977513880875651,1.103375139782863,1.088515166926465,1.0687798502053323,1.0660114828930911,1.0758251102437808,1.0697321212080124,1.0579330149100252,1.0477897615862937,1.0490189933590026,1.0437249227572196,1.0379119665345373,1.0405840681124994,1.0371486149723164,1.0241160480217566,1.017810481787109,1.0202707338380634,1.0144713262896818,1.016704596115182,1.023032628325619,1.0271547440318112,1.0411550661843303,1.043248797185041,1.0352939440512046,1.0253111325111293,1.032158239425784,1.0487858886000296,1.0604025408317759,1.0666327407986467,1.0754870415766562,1.0820677057099237,1.1115664649259303,1.1378686271649399,1.140865928886323,1.167966765882962,1.1832778960826718,1.191132658949597,1.189582492267816,1.1971657345551274,1.1940202254464691,1.193967647641331,1.1783922497913615,1.172436530389382,1.1599140684705813,1.1427099159278122,1.1299229568509388,1.126255324090848,1.1123968325501759,1.091640198251803,1.0770039535340181,1.0536575282704332,1.0430222651488914,1.0213650916547112,1.0289886610442929,1.0020668349146398,0.9784782980862579,0.9582307754236911,0.9492511490799151,0.9296287374996189,0.9053858489475082,0.890732101788062,0.7534795525519645,1.133425,21.83459,18.723899,Tighes Hill 33_11kV,0
tomago3311kv,0.8181202042925606,0.8105740557014312,0.7982405458057126,0.7938111369768477,0.7917464706371523,0.7857855089473245,0.7814082793851523,0.7700261969473439,0.7612489169401502,0.7565912517755436,0.7518185588503888,0.7480411054664728,0.7474813971468769,0.7449450145860472,0.7435163121319179,0.7467414717144173,0.7566608773736887,0.7727027104517977,0.7972926324529533,0.8335043239317359,0.8882274541766095,0.9219210130522306,0.9534057257851485,1.0138069582135099,1.1052426423553272,1.1744748740281092,1.240838737442362,1.287752420434661,1.3422694787413911,1.3799220673053576,1.4003764095833717,1.4168614538758495,1.4196837579217736,1.4210812682346339,1.395145497509264,1.3859920686732299,1.3369831776617362,1.345387151970135,1.3647148899684705,1.3739845414151022,1.3846106472797266,1.3909631469518362,1.388338017375111,1.391605412447598,1.3937508279271573,1.3793933201710993,1.363060402963449,1.3576500735421222,1.322168401351055,1.3010303102667728,1.2851434826243828,1.2742921502435942,1.2761586426551783,1.262054924914337,1.2157733293328499,1.1633014684234242,1.1330661346291329,1.1116029617842123,1.094563916085864,1.059427122292071,1.012884430186895,0.9808240731644721,0.9532137393288145,0.9286715857585681,0.8856015573843465,0.8458975517801458,0.8238907786802409,0.8122392829359281,0.7859525039220857,0.7773054570494856,0.7720447620389085,0.7668954753737174,0.7534624469985137,0.7427285256608647,0.738735943668352,0.7322407691235515,0.7586721461116371,0.7530612832148652,0.7492370012150468,0.7477965399868582,0.7778895334472072,0.85464751577277,0.8592911725610969,0.8711291949530026,0.8703760395507897,0.8583872852469623,0.8488479817018239,0.8484379465161018,0.8439253419962791,0.8488365351528214,0.8479495851445632,0.8366740173446747,0.8340796624143676,0.8260160072828419,0.8189152741629038,0.8069578000437311,0.6396257762449666,0.5062100000000006,10.67283,9.677318,Tomago 33_11kV,1
tomalpin3311kv,0.37626683419156554,0.3627310000046915,0.3517636035583012,0.3504808391379748,0.35240316702874236,0.34649065733864576,0.3433931696817491,0.34311297864451007,0.3582033304101897,0.3540887985876141,0.3494429410681731,0.353223095360408,0.354833873710778,0.3522792992875366,0.34970671164928224,0.35750836762964255,0.3718268443460471,0.3937585741249922,0.39956543299187186,0.410566027193999,0.4568952517848836,0.6808497984878192,1.1114303079963257,1.1870667888909217,1.2656774598686624,1.297638101062372,1.3053017980744916,1.3108798997579147,1.3329263310083488,1.3301680965246439,1.3290690863824266,1.3469436117997922,1.3433246468527282,1.3311698963897676,1.3394910508175235,1.3248204485311228,1.309032344363378,1.3142561912276656,1.3397332975853493,1.3522820031284617,1.338160712228168,1.3141756577609944,1.3448922804564083,1.3108007884194481,1.2962751347080075,1.283074872363514,1.2986067306618323,1.277350561720056,1.2759876869106386,1.2738186690055366,1.2665769440551207,1.274914111393182,1.2847233337268078,1.2994744026321767,1.2864154531468952,1.2361521889239375,1.2558179296829735,1.2739283838902637,1.2865175452030901,1.287621709468689,1.2970551418103031,1.288592950089953,1.307320915523507,1.2789888519985997,1.2504024348556817,1.273141799541074,1.2528672614266938,1.2449830028625133,1.2340520913929587,1.2435476639285348,1.2193923794092807,1.2167079291072584,1.2038503192200094,1.1763360999385168,1.1466803683039146,1.1249977966522706,1.1438427397048818,1.130614236083019,1.1298871603915992,1.1294573343639784,1.1421457932738097,1.1356309383992573,1.1422263801673136,1.1567551874894553,1.1431124386445237,1.1487689647776291,1.1476136389388638,1.1416404364546597,1.1086087750464213,1.065360775535655,0.7601442866581767,0.5139257413673834,0.39909960345027135,0.3742330322541211,0.35903518664459527,0.3630932914542662,0.5618131546652639,0.28919949999999994,1.70869,1.2604582500000001,Tomalpin 33_11kV,1
tomaree3311kv,1.2219431631694249,1.1483378106147528,1.1052570087674294,1.2115579364007385,1.140880796655751,1.0343550584771808,0.978993838433445,0.9528654889756234,0.9145196145822995,0.8490448632630201,0.7838491779010814,0.7454880014507044,0.7157004836391515,0.6936837321226036,0.6756275930239639,0.662994934810208,0.6543210832058813,0.6512631875426271,0.6550203813006338,0.6573415453671736,0.6739490478495864,0.6912303356482216,0.7139983587240595,0.7398434163186101,0.7915771226790992,0.8476097004979617,0.8899668374086911,0.8843977824816189,0.9210388024917228,0.9768103094616543,1.0095329215375566,1.0251431297543032,1.0343387394261379,1.03774913660541,1.0328866840536348,1.0135758513283553,1.0036412734466282,0.9839704149507984,0.9718850438931902,0.957392832363761,0.9572726844443893,0.9461907883947569,0.9334388622234758,0.928924221462521,0.9148359625104828,0.9118620810925997,0.8995408441767975,0.9051619284448814,0.9002892316459653,0.899652915052961,0.891334800135936,0.8910169281037792,0.8864226061754292,0.8979186407211827,0.8892036748344931,0.8835850763183353,0.8839338754280018,0.8758581360752123,0.8767723951812338,0.8848608329746251,0.8846716845813882,0.9011600081047798,0.9227579855831055,0.9473175154596605,0.9787119867710635,1.0209948839060639,1.0683865996533382,1.1180521776879098,1.1852483334029618,1.254653112301733,1.3235438778580626,1.3474785495183077,1.37451909686134,1.3899934962350031,1.3796702671358991,1.361262200709551,1.3619334958764675,1.4346552355820545,1.3553882708530878,1.3073392895769032,1.2738889206489008,1.2489785608471033,1.2210533612748151,1.184952186795925,1.1479939590217594,1.1095928422625463,1.1365455706680885,1.0909784688858188,1.2966921966870446,1.2415871630521111,1.1330244672513208,1.0485676468297986,1.099181498347504,1.0296900927072348,1.014798842237821,1.0930762288017597,0.6870858930400128,0.707080999999999,17.19664,13.026580000000001,Tomaree 33_11kV,3
topryde13211kv,0.9304801550844418,0.9186728299821695,0.8810219963204333,0.883733669633651,0.8939420906174473,0.8540129618576318,0.8150852759024644,0.7821220834812479,0.7560531314643586,0.7339789675606002,0.7136787454647505,0.6961297321887526,0.6815900348390519,0.6720682892512065,0.6648418584984563,0.6609600197493765,0.6583933111173887,0.6582689379037299,0.6603439507329008,0.6669090372267527,0.6843775010269685,0.6989161540431157,0.7184381170343626,0.7438353662208768,0.7945845874661234,0.8388084479748028,0.8809376956145248,0.9135703901177722,0.9561137125995398,1.005068109007813,1.0413218062536973,1.0628033181815968,1.0772769336174066,1.0871189517226922,1.0958954367247933,1.1027229689856346,1.1082832116171255,1.105873746513617,1.1016394637710905,1.0951440936529504,1.0894536345710815,1.084461619228797,1.0845944141874286,1.076108024129919,1.0749147078235326,1.072348311517779,1.0830404372001354,1.0828316797576845,1.0831942693591807,1.0863672761498568,1.0894886913442567,1.0885692748399662,1.0859073994304662,1.0855103528305476,1.0896217116266964,1.0893183126900403,1.0853135916567123,1.0847922991197536,1.0828206649114092,1.0831492431656033,1.082237709128904,1.0851304909440147,1.0948001412702353,1.1046447935865704,1.1185103744627276,1.129869279739244,1.146667132385967,1.1740819869178496,1.1887694824942634,1.2194904853301907,1.2444871595562856,1.2594645608589476,1.2420859528225332,1.236979923818456,1.2325645233898352,1.2237159990622681,1.2077180449503997,1.1883433517390027,1.1771053440753367,1.167082116452827,1.148651387518568,1.1336520879019854,1.1225683637372403,1.1074669858141954,1.0868350274334309,1.06834729016521,1.0466090992305288,1.0208998150903466,1.0186596178722913,1.022037586422937,1.003493302893,0.9705166974334484,0.9387704584154332,0.9436975622251831,0.9449458543043583,0.9222770039918295,0.7738164637779484,1.0858564000000006,48.416075,35.593538499999994,Top Ryde 132_11kV,2
toronto3311kv,1.122031544308995,1.0664226043469442,1.0249719610355255,1.0398009133909387,0.9915536417212706,0.9171951041703422,0.8944178640314545,0.895256337476058,0.8479648438228676,0.8040476905827189,0.7792205231278949,0.7571245260754772,0.7374555857898588,0.7206566564368307,0.7131932208406672,0.7073557049236265,0.6963100680644217,0.7026722150708589,0.711997806945131,0.7156759974018678,0.7357998852065541,0.7472981730225117,0.7646292071167582,0.7847580546460039,0.815679671623302,0.8567089001222526,0.9000674977903858,0.9031622601815111,0.921143623858387,0.9571093810918836,0.9865876268771437,1.009598910711206,1.020590380611651,1.0283526064424127,1.0565012022840337,1.0726285539472555,1.0775941836284602,1.078758030074612,1.0815626587554066,1.0696448817325586,1.054975457219756,1.0537329828003978,1.0582318599044696,1.0606338117195595,1.0576113105699956,1.0517713955384094,1.0521441297374712,1.0523336907811627,1.0444378394003127,1.0548799265189073,1.0504666111930607,1.0473483147431126,1.0410527549468895,1.0387884578840287,1.0382185876837438,1.0331664542898085,1.0113271682695668,1.0132081877140078,1.01853721456353,1.017819106874116,1.0212799950334686,1.0206652731612582,1.0225346575654193,1.0283776641974287,1.0372338028534258,1.0687564035893689,1.0926072980210118,1.1245501409082457,1.152794683748616,1.1951498039006712,1.220241535776146,1.2183130253020615,1.2173954127749682,1.2166253295415792,1.2097459109458495,1.1882898955470844,1.169882427090095,1.1802820414948734,1.1534049782257192,1.1263394475623507,1.1054270036724638,1.0884643753124432,1.0735022578616737,1.0537688641636476,1.0312726804399883,1.0048129817403784,1.0321127911170014,1.002449837143419,1.091934068108174,1.0620054656838644,1.0670259021514106,1.0243003830578943,1.06653467982001,1.0241430411717716,1.0034322020731483,1.0401579776027332,0.7761564008845421,0.39902099999999985,13.66027,10.624695,Toronto 33_11kV,2
torontowest13211kv,1.3071206596084337,1.2370852316479277,1.1917007417661818,1.2354119398934575,1.1707955757661617,1.0728748465316291,1.0204755818893883,1.0085931414232385,0.9703233556901996,0.9304369903876,0.8883111593560248,0.8592309703005553,0.8345952976476392,0.8119468337628424,0.7939375315416689,0.7828677466454719,0.7771427087449111,0.7723581332324796,0.7749770635754466,0.7814447621934183,0.8023033237382203,0.8213073790256685,0.835510624072688,0.8633407833398834,0.9191452792039285,0.961401027487815,1.0074596449202617,1.012862264753221,1.0080890853583946,1.0291243962143164,1.0287511125645445,1.0247241086449326,1.0132455194013157,1.0055655126361227,1.0040151616410338,0.9869631646192918,0.9737439836590621,0.9468483893408391,0.9093343827287264,0.8822076132136988,0.8558809286466081,0.8336574963094073,0.8132871425739675,0.7892875119119253,0.7825060406303761,0.7460422080187747,0.7300800427964651,0.7339068999668986,0.7448881185307042,0.744549619414568,0.7327286635963981,0.7437141088985082,0.7392417582639446,0.7470838354816051,0.7513895751757401,0.759909686903789,0.7618057195630041,0.7825201679370762,0.7849874587909882,0.8073772662853547,0.8401384961065587,0.8634899432773996,0.9225191416745738,0.9494231497301749,0.9832206411986086,1.0410300365645724,1.0794052535901246,1.1209541864041495,1.1718231729260238,1.230442673969807,1.2918322565680043,1.3240594722068917,1.336533312819536,1.3519865298665046,1.3418840422234528,1.3268915700462744,1.3070201353218978,1.3115876118034693,1.2822165761723328,1.2486422582107695,1.2362622395461997,1.216766646542997,1.1986968744887563,1.1703585001378252,1.1434131750785046,1.109478359057856,1.1340496860611555,1.10680939748236,1.2440340698479826,1.2165543473563785,1.2344433111197388,1.1918197412873934,1.2359370451740492,1.184302303891994,1.1838065791860544,1.2257499851948919,0.706356200677127,0.6860629999999998,19.3712,14.600774,Toronto West 132_11kV,3
turramurra3311kv,1.0013300936681533,1.020427581346596,0.9777786645930207,0.97477022073684,0.9963298240522583,0.9515044181074734,0.9043663801710927,0.8536512913818667,0.8276254930040041,0.7963183844232454,0.7708562426639568,0.752225360143743,0.7321062389759184,0.7200526318893131,0.7086098765054473,0.703736689018698,0.7064368771631383,0.7066311094268143,0.7017490064326753,0.7038827420480182,0.7194572733505259,0.7294654219310919,0.7463584095957893,0.769101733953867,0.8161730505733291,0.8824392895496027,0.9380844010303026,0.9717070270536372,0.9949596073996156,1.0339921579045235,1.060127393320633,1.0686448016841552,1.0761438917933892,1.0756117195006354,1.073179982730484,1.0660840348307141,1.064089664963595,1.0581329900928762,1.043334020107568,1.0367360093164972,1.0240678040381967,1.0144455812559023,1.00556854540813,0.9941917931019679,0.987829200390952,0.9807172666547506,0.9774610877949039,0.9766714230057912,0.9718575819895964,0.9677356559852998,0.9714014993883424,0.9709221952426054,0.9671646978832953,0.9611240640750016,0.9532423782712962,0.95794349611597,0.9534060820742338,0.9503932393447618,0.9522195925354338,0.9589381424359517,0.9663003248558208,0.9701989422878933,0.9760805844135897,0.991386717156743,1.0075989552771265,1.0251579461388318,1.0500372299130825,1.0819732003258486,1.1096713960379625,1.1584597838137864,1.2003063250615116,1.246664938654393,1.2815255935374337,1.3014055192413003,1.3118895486041926,1.3034839931380449,1.2856005018853294,1.2682998966342793,1.2620552997857029,1.2465846903705884,1.233861702428006,1.2202963859712566,1.200667567412498,1.1854989080859182,1.1609419350664536,1.1348143583740686,1.107466117691854,1.0749175166730205,1.1054178230559124,1.105115782827706,1.0897857280378747,1.0539055701175366,1.0118293266059628,1.0156800965238022,1.028706077609998,0.9949003829571909,0.7470967809857568,0.8177699999999997,36.271,30.365816000000002,Turramurra 33_11kV,2
umina6611kv,1.2390305488171858,1.3573102354172595,1.4000509944961514,1.2495134763144917,1.135514267774397,1.090235494708442,1.211423491206151,1.1027917102123075,0.975219251911069,0.8905396263666522,0.8184122727427059,0.7594284964233888,0.7144400854869901,0.682667097858902,0.6615563669847836,0.6486739158650086,0.6415498264980292,0.6431122091159887,0.6476866543519176,0.6593954198961471,0.6819051766011779,0.7082195984453077,0.7360443997527587,0.7633133270111829,0.8119479852257631,0.8617689745197468,0.9151392154469195,0.9666831862393493,0.9193842877379579,0.9343892372006842,0.962665854281306,0.9760092213893697,0.9622677403723521,0.9692119404924896,0.9640545450015846,0.9534381614309198,0.9416050014603772,0.9178185578590313,0.8993853571792415,0.8743445174398856,0.85736883349406,0.8415571960933739,0.8309132305542993,0.8142456126430272,0.8026715315039026,0.7997926006283158,0.786815038115168,0.7868920913672933,0.7791061450377181,0.7889290720272311,0.7918715406665098,0.8007733339437167,0.7894739898706893,0.7850229063448179,0.7919554446581537,0.7892018623683178,0.7948329835035169,0.8017266668010818,0.8039734216988104,0.814584362798235,0.8290914445921782,0.855586023946516,0.8925755027965553,0.9312437999699184,0.9659520967374474,1.0071674317646786,1.0604328504985938,1.1248977083797578,1.168012632412389,1.2378211619759052,1.307952901539591,1.3588619183376365,1.3879367738703847,1.3981094194225547,1.388563426806898,1.3676129273891613,1.3455405143635368,1.3204594103436005,1.3012553220991931,1.275888511563232,1.3364730995984502,1.3145191491062784,1.318479021636525,1.2651631617477619,1.2656711592745615,1.213926293165489,1.1328487524083997,1.057563546031176,1.0384738681874537,1.2043459538659145,1.354768700095354,1.2675473793535657,1.34879224006154,1.3541519721424322,1.3811627427711775,1.3212955900905745,0.6534271174393056,1.321549249999999,29.450435,22.443845,Umina 66_11kV,3
valespoint3311kv,1.0796936829873722,1.0772950425293817,1.0755961976823682,1.0710205205038499,1.0684797490768008,1.0678560008049145,1.070869832037745,1.0721620817053699,1.078447167739642,1.0790113411898414,1.0801294662042562,1.0807545742461175,1.076384483665769,1.0864406726760334,1.07628027888285,1.0768669323245648,1.0705014172741172,1.0634576065632213,1.054203434938304,1.0404656708980466,1.0064014772311127,1.009683929243783,0.9954755637699659,1.0004993416060013,0.9943636286716878,0.9793653216910493,0.942717221196896,0.9539211873407668,0.9133264360812455,0.909918038803661,0.9018970888047381,0.8966952695642492,0.895226723797092,0.9125334253675631,0.9182607421542266,0.9202932090992816,0.924991384195614,0.925619164757908,0.9245626690957015,0.9349444559337213,0.9261557965476309,0.9311348607440004,0.9372837044114045,0.9463586121059274,0.9459711957521857,0.9486922171440133,0.9538392233652425,0.9471989762916357,0.9496569766328954,0.9539546761766581,0.951063108648566,0.9464019529757389,0.949851181978325,0.9510882580138493,0.9545253808083828,0.9550682880261501,0.9531073565081863,0.9499800377611362,0.9529062830160121,0.974335542642694,0.9696155021965657,0.9805563473700067,0.9820579596681245,1.0019183039474417,0.9910487997182338,1.0033014138263217,1.0101520539147708,1.0069491078700021,1.000376198590118,1.004181463303334,1.0062909659711827,1.0076481648032762,1.0018156656477606,0.9902044413492452,0.986475254213222,0.9883369358673065,0.9863625472349943,0.9878327896326786,0.9889612729371139,0.9948339192953872,1.0067023108253714,1.0271414572785769,1.042486843374004,1.0512527619647556,1.0472235174634028,1.0586026227996146,1.0540539169363599,1.0639364762544794,1.0595695665204081,1.0531882206826348,1.044910640639829,1.0565298951398758,1.0539277221317043,1.0648444699629234,1.0626897849536263,1.0788346238278805,0.7613534023440941,0.49512849999999975,6.29402185785,5.367342257080001,Vales Point 33_11kV,0
wamberal13211kv,1.2019199906906683,1.3621324239524402,1.3307950613169712,1.2236055618929134,1.14452168519944,1.1143980159678755,1.1787058850031007,1.088705237060987,1.0047953249745885,0.9228278872112313,0.8554283109746674,0.8101722443534818,0.7708518325955388,0.7425178619603948,0.7212941843750657,0.7014095907897956,0.6917870181122843,0.6882561323324566,0.6855090611241371,0.6882561323324566,0.6990943186981057,0.7191852740506325,0.7441731866241086,0.7741010350713872,0.8244330335442959,0.8912391309368701,0.9498174823077896,1.0071444643080443,0.9769759694034071,1.0033312173752218,1.0219594548109443,1.0367799509963624,1.0167761884028443,1.011588270756535,0.986328846088685,0.9636538413648394,0.9503730062971983,0.9424766272761376,0.9200637218030773,0.893664034851932,0.876379778268956,0.8548533508834039,0.8337015894154721,0.8163506525683906,0.7978765983835762,0.7922959394900531,0.7729868184833603,0.7734921554866228,0.7644349741849291,0.7459168613709619,0.7398170952492142,0.7423116873244251,0.7433675624866521,0.73703785538792,0.7362822084858844,0.7378001948112132,0.7412862288863652,0.7498730641420593,0.7622992740642567,0.7749003042630843,0.7857697434077286,0.7999648318463781,0.8282152244886375,0.8600774466228581,0.8966426814470418,0.9418181298187086,0.9884737783998261,1.054500248539696,1.0844880724223538,1.168692543420906,1.2439246901052305,1.3236202092053764,1.381475947536226,1.4007357023387423,1.4021074082958105,1.3977730094422636,1.3748096125655143,1.355919603742152,1.330708615338901,1.3113375225525952,1.376165483675481,1.3302213800426739,1.3403153608868068,1.2868669169902236,1.317823673761778,1.248817142346181,1.1862928697767907,1.1264814380880832,1.090617419463376,1.2361593221477685,1.3194823508463713,1.232584459096947,1.3515771545629034,1.274600767804179,1.333904812192865,1.2627217359549117,0.6708024327530522,0.5831319999999998,13.13996,11.38152,Wamberal 132_11kV,3
waverley13211kv,0.7849636641319058,0.7564192332484434,0.7354279620409012,0.717873449423525,0.7026387153945362,0.6854029067241115,0.6716961973836256,0.6583225884318841,0.6484973249812237,0.6402165206932662,0.633042312737279,0.62878239804491,0.6250135065551207,0.6209958568271741,0.6179015013557195,0.6167459125836148,0.6148408374349826,0.6143706595822759,0.6143706595822759,0.6146965109383538,0.61830282904974,0.6317578446747417,0.6519701677114416,0.675901748366227,0.7147254959229513,0.7688188620852081,0.8373753476638507,0.9123277340944593,0.9924543992437043,1.06545045860344,1.0949326658969727,1.1079075000883223,1.1099269334790451,1.1079416655707186,1.1062031889483561,1.0967401940808557,1.0927861386845636,1.0990065155462652,1.10352072202797,1.104127425189929,1.1005843081982796,1.0927173852254988,1.0846556645062495,1.0749540392861034,1.0739477409218097,1.0704817844006687,1.0680037885505478,1.0621948761254372,1.0618199404561104,1.06047121566191,1.0590788650421425,1.0566937198054334,1.0532333089997616,1.0514472995249438,1.0499220119706596,1.0469023864779106,1.043435989759834,1.0387878987631205,1.0382461447419646,1.0393097136150622,1.0393160559387766,1.04248424657432,1.057866717201023,1.0830558982208465,1.1049813000206512,1.1162069569066932,1.1371251522108614,1.1656739845963346,1.1999253207176068,1.2357459771183557,1.2740305091731217,1.3130375098214753,1.3378708966331476,1.361046708149818,1.3666285128130238,1.3797984766894082,1.3851500115394868,1.3886123619898656,1.385763580912568,1.3746789169839018,1.3552082619131718,1.3359906444121874,1.3166581203025813,1.2880420159982662,1.2600642545103824,1.225845766003026,1.198776920649528,1.1583580602800065,1.1272841866359715,1.082350627866349,1.0474015798402412,1.0013032682181933,0.9488540587006337,0.9000582203289622,0.8631591698309288,0.820361113240948,0.7041748467798018,0.9599930927000004,35.65136,30.907989999999998,Waverley 132_11kV,2
waverley3311kv,0.7680504215567009,0.732922255720551,0.699565488909359,0.6748140350917667,0.6561267844641376,0.6404504914518586,0.6228226765128286,0.6122343012612732,0.5980152298934682,0.5900434391793632,0.5804022951713255,0.5719082458143323,0.5651242919010182,0.5605246426551398,0.5544183573722808,0.5534175240102408,0.5548845047586307,0.5545880544508222,0.5559034866622984,0.5590452874669101,0.5673930168121002,0.5786806502971619,0.5983676304677886,0.6274501554986975,0.6770928655143876,0.7431609035791031,0.8177370109675458,0.8986727226144658,1.0045692409976756,1.0776860093222282,1.1458290409025087,1.159597067062549,1.1622105015995794,1.1392301265531883,1.1205717588216728,1.1137275370295003,1.1149860332185226,1.121117254314534,1.1370383059499285,1.1436726719419157,1.1467361700512957,1.1487012596722297,1.148279218799729,1.1420945176972228,1.1393872443253117,1.138774585187952,1.1343552882841053,1.1382020140063929,1.1306347311044234,1.1311764869379946,1.1238902261577828,1.1207378109083777,1.1146164118869908,1.1044656750944322,1.0993804372218166,1.0993804372218166,1.0914565038898731,1.0881940968259411,1.0927988565465556,1.087744853827452,1.0805005891461343,1.0785038148055126,1.0888819897577249,1.0999300779034207,1.1174100727441925,1.1377258201367955,1.150014449054422,1.182062968438536,1.2179098944563895,1.2635010826159618,1.2997662780390808,1.3249217054179052,1.3139690194999227,1.3250198795722359,1.3408452010916065,1.3598481739407908,1.3406683506353891,1.3463520432208045,1.3504246230117471,1.3375776302822,1.310220787763739,1.2935564130736728,1.2762406447338206,1.2486053618371284,1.2282448503449175,1.199148998845871,1.1850193655445047,1.154725842402714,1.1420999429256729,1.086644256683935,1.0593660448136544,1.0065523428333751,0.9523383692008853,0.8918183915850012,0.8393688135820607,0.7951567666412206,0.6933302939283024,0.6258719999999994,26.0007,23.7372635,Waverley 33_11kV,2
westgosford13211kv,0.9254372200320473,0.9574739080304511,0.9589427142953829,0.9020257564619416,0.8712690863654199,0.8302896471118109,0.868503854340743,0.8381535286286103,0.8036573340069769,0.7641903597912483,0.7310196608881805,0.7046473222713148,0.6855965114421426,0.6721160286979223,0.6611465060062032,0.6549902099888698,0.6569131135903447,0.6621818078526843,0.6709259987612909,0.6875787814303361,0.7161361071822944,0.7365475468522106,0.7591486462496201,0.7847493698368353,0.8288099249431049,0.8589082576577779,0.8965306468345586,0.9333509376361003,0.9482979743041144,0.9806956451410259,1.0251775582165075,1.049738524660017,1.0768912942484767,1.0956585522820816,1.1078214133242301,1.120284029664401,1.130715571829563,1.13199379761014,1.1299723398737513,1.130949159513084,1.1280499385976404,1.1201252416960406,1.112583989228821,1.1108364782634306,1.1129143901582335,1.1166055542766513,1.1156699987290064,1.1138988889723715,1.1134118022720756,1.1091460787629972,1.119815483520713,1.1155076482426216,1.1144624283150173,1.113639706009939,1.1161168643335078,1.12015903521637,1.1155007742406493,1.113816736923524,1.1104300814300638,1.1134812292325191,1.112057106619257,1.112580292543949,1.1151151159127946,1.1183540504573934,1.1203155408336616,1.135377193362116,1.1423452493722004,1.153233697282981,1.144463940264259,1.1645122848954856,1.1701458375459024,1.180759325550033,1.17476931591086,1.175407491413005,1.1695320850727016,1.1583455295736316,1.1338319386828408,1.1184822501981173,1.1028616619506837,1.0875106202162526,1.1054232036159952,1.0787488806062746,1.0769350649571447,1.051751100436282,1.0416859195469352,1.0128437618405588,0.9746040393384364,0.9402538633829395,0.9178086146504973,0.9582783395454832,0.9916496857374129,0.9452357000115449,0.9588463967171634,0.9413552303584143,0.991249452194536,0.9677212231262271,0.7880713218464316,1.2969920000000001,49.194680000000005,35.9154635,West Gosford 132_11kV,2
williamtown3311kv,0.9432106150238165,0.9148946232649298,0.9122661273296153,0.9005147358442792,0.8710679339741931,0.8401123012244691,0.8240770091794042,0.8128165221580163,0.767971877038092,0.7388297065204467,0.7314734183752527,0.7174572869464372,0.7113552281621898,0.7025243309361527,0.7055548804200957,0.7137997742761621,0.7648307806357242,0.7691949199449853,0.7831670958177467,0.8005610614235608,0.8466808108683669,0.8726821505860864,0.8969969460825699,0.9179697940126557,0.9656732244748306,0.9877001589162042,1.0213086633971316,1.0493683117284363,1.0805527826598496,1.1039760543533752,1.1242669184780913,1.1244370300044002,1.1314931495170129,1.1087328392355829,1.0943079770748587,1.0699885730529062,1.0593276812899126,1.0492228494101419,1.025528076223482,1.0201762564340255,0.9968616359785559,0.9719941241787494,0.9634900366128477,0.9596439680139237,0.9460629368291184,0.9426722361411065,0.9477401111747156,0.9410711738539951,0.9313116452883973,0.9219153238256559,0.9264985970007384,0.9196775661365398,0.926294787319801,0.9334543611233967,0.9244000475658095,0.9361091351555894,0.9194004738068782,0.9404727335244737,0.9537705101690961,0.9670967411127077,0.9871065099438565,1.0314704928629927,1.0465116791630014,1.0821619064009929,1.09786935296733,1.1248033458850923,1.1433626781588386,1.1599780263601938,1.1833747160707297,1.2319102298340692,1.25666134212977,1.2768478748789225,1.2827443202402284,1.2834480910471762,1.2880209658332,1.28401706874756,1.2681352737033746,1.2681749248013843,1.2481448180774408,1.2271543491538364,1.2033894499593059,1.1895246193506965,1.1666433032432317,1.1510969729833438,1.1168276972388176,1.0897008306387814,1.07231950214866,1.0386413005093431,1.04493063887571,1.0224079003580422,1.0106038977768712,0.9735837963197452,0.991169633671646,0.9543212328376279,0.9327506795472861,0.9241819571733252,0.7271432918739946,0.1544860000000001,7.43298,4.252113142855,Williamtown 33_11kV,0
woywoy6611kv,1.2237356023295674,1.2612560954859597,1.3076832218070744,1.2134703044733937,1.1220456412245734,1.0784489796077317,1.1427142516060382,1.056992227961707,0.9797075304898385,0.9216003911601497,0.8709920193054551,0.8183866883557886,0.7812430216967999,0.7569701762456605,0.7349784041299751,0.7262531639477913,0.7188844209075493,0.7135563312463884,0.7213490238678725,0.7297391910873583,0.7448341686046284,0.7634966947135602,0.7808154391214495,0.8103109015721041,0.8520687457772786,0.9014412505878331,0.9402785065307296,0.9876502716905272,0.9462107735525439,0.9605942260211057,0.9820231255015909,0.9904190040898112,0.9773317688926362,0.9785529076395594,0.974534274422478,0.9709955270785258,0.957608914010308,0.9414149370378532,0.9236068542634909,0.9010515397276206,0.8871764962928256,0.8723064957743499,0.8662354554979592,0.8555095347279379,0.8547345194906878,0.8469679395585467,0.8405804709778243,0.8426643150769999,0.8489482812228482,0.8555456174371824,0.8544802808977616,0.8629542403539606,0.8521317316783849,0.8399670438241214,0.8519592418935851,0.8509457117143346,0.8558690646603047,0.8598368200629984,0.8644397446091531,0.8785686085083966,0.8935476434340301,0.9090547819379486,0.9327860783828944,0.9745929882586136,1.0083154733846023,1.0363140689590689,1.0688133974069098,1.1115422464495384,1.1426550700397502,1.1866084941418125,1.237743540703514,1.27937020381131,1.2970638180337966,1.313488041071412,1.3088966502850892,1.2892507280773176,1.2626513775029404,1.2395954185888372,1.2181460841053287,1.1976589786464311,1.2339313637804121,1.2208965248321642,1.2015686545780841,1.1812148357164838,1.149245408332161,1.1234413850950136,1.0603625091428055,1.0126394640924579,0.9867869714820803,1.0968104391009803,1.229993756883981,1.1973061422366211,1.2343688284684369,1.2783527364070228,1.3016065546010622,1.2763112099966145,0.6990577873473091,0.8466397000000003,19.02313,15.608552499999998,Woy Woy 66_11kV,3
wyong13211kv,0.953276448138061,1.0112645874321582,0.997741287105647,0.9354849460373745,0.8890825611102287,0.8598382250648744,0.8970641598831737,0.8489118236591996,0.8013741058850726,0.7548126416762391,0.7183257977445372,0.6878783860204308,0.6712782263847346,0.6553402246121895,0.6496979915375761,0.6436894281945555,0.6456187563685072,0.6546604731100346,0.6645083851783531,0.6819395016806913,0.7148257917343553,0.7422814194386579,0.7794211151657486,0.8094238859160948,0.8681594628204679,0.9210716151578905,0.9676208991409764,1.00543059547178,1.0109749644923465,1.044695512322017,1.0696985095558573,1.0810112888886245,1.0863391743582331,1.0892568000777394,1.0868792285743047,1.0772211623328762,1.0683337429093234,1.0576552322960333,1.052026451455514,1.041685318816164,1.034458152463452,1.0215799673240111,1.016283348794201,1.0136745098431437,1.008520438727922,1.0065777521296757,1.0077317423438548,1.0091088218770854,1.0029239931211467,1.0016025012490402,0.998686615384221,1.001427003754611,1.008255738014817,1.0096812765122514,1.0068802532000298,1.0098598492354014,1.0041694159086447,1.0094656111194578,0.9981471957623322,1.0019451300853908,1.002843259192887,1.0033074658555523,1.014184223369806,1.0309634364565383,1.0411435764965413,1.0534762831310394,1.0831126350610947,1.1202871711144478,1.1414022623652151,1.1990817459762886,1.2482572648329464,1.2808529587995248,1.3020461777184047,1.3150480164079847,1.3081287288375505,1.2971748287543314,1.2800256630103541,1.2578871985142412,1.246308905336664,1.2267361509758978,1.2287198115705036,1.201819904360695,1.1902136109040102,1.1585538820458612,1.1431402868556424,1.1092731626895138,1.0786922067600913,1.035332629778688,0.9952336272777635,1.0092067292515188,1.0389589633140721,0.9853070561773063,1.0039533955090953,0.9846599878584575,1.0266580939525154,0.9912292548876355,0.7382373688110087,0.9886102499999997,37.3783212,27.566700499999996,Wyong 132_11kV,2
zetland13211kv,0.8363198548682277,0.8208837167166416,0.8056225768117726,0.793587431952372,0.7863372517374606,0.7720501611323294,0.7605619576216146,0.7478118930958539,0.7359224173304261,0.7270748341502737,0.722168135593698,0.7135643341732307,0.7073960480449217,0.6996701788571515,0.6985244481133234,0.6958981314142637,0.6945710378352739,0.695037654544082,0.6933151893683108,0.6954945286862712,0.7105968904176295,0.7235931005975351,0.7373459722921325,0.7529974649913906,0.7794742026563949,0.8012650014147199,0.8268483336782236,0.8497103725344461,0.9213160330555422,0.967896486466926,0.9935416628385972,1.0335534686743775,1.0597433444362172,1.073362371909004,1.0895063520143868,1.100879507819398,1.1181096487736903,1.1284884251651304,1.1315102231283078,1.1349979020172989,1.1398902137383398,1.143735199092691,1.151790297391986,1.1545947252130186,1.1568350412800403,1.1561647257384793,1.1610075408780705,1.162768653306279,1.166111378306072,1.1684095119149578,1.168908485822537,1.1695037701966624,1.1730906154488157,1.1700990545707877,1.157733152009434,1.1415391167592615,1.1455984781552941,1.1462004888218296,1.1447615235453674,1.1435015195016183,1.140737872728839,1.1364534214722941,1.1398244903031922,1.1415539602359057,1.1456490512373934,1.1471368931909711,1.155441335661256,1.1613746619787642,1.16743589676299,1.1726030615429193,1.1769205954466881,1.1788084433089567,1.1685240196279818,1.166160426108564,1.1632114320553655,1.1562045828808227,1.1439823871913404,1.135254148697573,1.1323306378252083,1.1223653156591356,1.114232496296916,1.1097762407426417,1.106122407101372,1.093853121689822,1.0753665391157097,1.0688929315525082,1.0510542288085991,1.0285000245622935,1.0043025209037268,0.9805886292504532,0.959009068567618,0.9380097664246594,0.9176605258788572,0.8967199099586488,0.8816941471345515,0.8634527694750787,0.8146143969019034,1.2717530000000004,61.63096,51.936122,Zetland 132_11kV,2
