path,size_bytes,extension,sha256
README.md,277,.md,883b117fbb52e646a026a21bc386d6dc5b8ce4541ab16b9cc3b22d804d094a7a
derived/candidate_sites.csv,1463,.csv,fbf8650bd5645b2665d4e017c45237e1ab45b4fc3f25a9e6985475118c1789b8
logs/failed_downloads.csv,973,.csv,7e6789c3bea4c09cf9e8189746df0acde150e58326bc9701f2517c5268703b06
metadata/ausgrid_archive_inventory.csv,214775,.csv,353e28b2f9dc3756bdcb2b0f5351994e941c54eee324dfabe3b95fbdb29f46ae
metadata/bundle_summary.json,262,.json,49e435e69b55bac8ef163a1824ddc45443a7591a26d7db519b8f403da48473ba
metadata/core_validation_report.csv,1294,.csv,2d64b2bf559391c40b8d5edc81d4406fba970aaf0b6b647c21f89ab74e7c21b3
metadata/core_validation_report.json,2248,.json,2baa03d9e30412f21abf592da49f7f2b9c3e7c69caa9dc99d7474ff32fc08e6e
metadata/download_manifest.csv,150094,.csv,2817ebbcdf86963022b48828c2b7788eba20511de3e63e75d68297a9799952eb
metadata/download_manifest.json,202210,.json,8b6a705241007cf32ab88cbd416027ef928b0049220688f670db3ed2b761f5bb
metadata/source_and_licence_register.csv,1543,.csv,cec5b56001dd56d0329217c2b37137b6c0a86c66e3c224736e742d008618331d
raw/ausgrid_zone_substation_load/ausgrid_distribution_zone_substation_2015.zip,15777271,.zip,0a0a5842ad091496dea7364b7e4a6a2e5aa16f0e2212596d1ace56bce3cb3318
raw/ausgrid_zone_substation_load/ausgrid_distribution_zone_substation_2016.zip,15833816,.zip,e13e46c306fb07ab4282cc03369c10dc8fc55206bc5fbf62fe6d4785998ef055
raw/ausgrid_zone_substation_load/ausgrid_distribution_zone_substation_2017.zip,17102641,.zip,d0cce7f5fbc37d054f3551c10ee2e757c703d1d95114cc403f8fd113c47e9c25
raw/ausgrid_zone_substation_load/ausgrid_distribution_zone_substation_2018.zip,17201000,.zip,26f6b14f023557f37470dde1d7b3efb04bc370b5cdf426c22dc298bde36bd5c7
raw/ausgrid_zone_substation_load/ausgrid_distribution_zone_substation_2019.zip,17625593,.zip,4c580a712506c4d00a64b0f3f6112ad0ea3a596a1edf83faa2883ecd3c672790
raw/ausgrid_zone_substation_load/ausgrid_distribution_zone_substation_2020.zip,17891999,.zip,974bf919c0ca62150974f10725eef7eae0794b0c1b97104d8de8b6e1b2346864
raw/ausgrid_zone_substation_load/ausgrid_distribution_zone_substation_2021.zip,18822066,.zip,3575ecc55877600b4cd3b08ccecdbe233987e30bcd4d26a58aa3434716659287
raw/ausgrid_zone_substation_load/ausgrid_distribution_zone_substation_2022.zip,34037291,.zip,7ba3d2ed54fe711bfdf5795ed028b511f3a9922f6685790951a992b8c290e249
raw/ausgrid_zone_substation_load/ausgrid_distribution_zone_substation_2023.zip,20317086,.zip,21e8ecd13cea198448c134a21c460e7ac619f0852748f84f4bdabf40f3de231e
raw/ausgrid_zone_substation_load/ausgrid_distribution_zone_substation_2024.zip,16986827,.zip,30be21ff0222b7398e225964b713f7827ca0f1f5c39f348f476b7540335cb045
raw/ausgrid_zone_substation_load/ausgrid_distribution_zone_substation_2025.zip,24418004,.zip,47a1a3168bd5bf4ff7e064fd2d8fe9764142b8ced55af548f3c091f8430c8440
raw/ausgrid_zone_substation_load/extracted/2015/Aberdeen 33_11kV FY2015.csv,90441,.csv,1dbe1429ec886434651e9ba40c2dd3745aa9dd43966767e2eb171f302b4f184f
raw/ausgrid_zone_substation_load/extracted/2015/Aberdeen 66_11kV FY2015.csv,293910,.csv,7f427b2da1eb9122d7677b5a377719e0cc03c81478069450c3070f1814970e17
raw/ausgrid_zone_substation_load/extracted/2015/Adamstown 132_11kV FY2015.csv,309145,.csv,02215c0f92c3baa32f413470e12057de6b634d4ff9d3cae590dcedbc875f9c2e
raw/ausgrid_zone_substation_load/extracted/2015/Argenton 132_11kV FY2015.csv,319749,.csv,57026816af8c611c2154bd272908692ddb0bd05983ed127ba4c09b70544ad760
raw/ausgrid_zone_substation_load/extracted/2015/Arncliffe 33_11kV FY2015.csv,299247,.csv,cff7f549db6b8b9db3e45257d4a51eb39fbe5ede5902c10502c21fb52c92dbbd
raw/ausgrid_zone_substation_load/extracted/2015/Auburn 33_11kV FY2015.csv,309106,.csv,e8edbb0ab4b2a2347a3c5e21b296d97aa8994397959ad75ac859a012c8c0332f
raw/ausgrid_zone_substation_load/extracted/2015/Avoca 66_11kV FY2015.csv,325528,.csv,13a13a35fb352b85e90028e83c9b1e574546c7a1c5451e38f5bfadad8189eb7f
raw/ausgrid_zone_substation_load/extracted/2015/Avondale 33_11kV FY2015.csv,292006,.csv,0b02c0eef1a28a1de4451ba1cf49f9d24663140dbb31281ee175f12fa8d48a0b
raw/ausgrid_zone_substation_load/extracted/2015/Baerami 33_11kV FY2015.csv,260547,.csv,6c762eb7878c4ffc27e864adcbba9eed75821ccabd74dd4ef41047382a83ea9d
raw/ausgrid_zone_substation_load/extracted/2015/Balgowlah North 132_11kV FY2015.csv,322787,.csv,54d98f1d31c6cd7b2c31dfb8947f30373665f0409e123d6c1b49c122fe9abb4c
raw/ausgrid_zone_substation_load/extracted/2015/Bankstown 132_11kV FY2015.csv,321826,.csv,c2265de71731bcfcdcc32dcd43146ab0df9cde3c14f052ceedcc6e00ee7c2d92
raw/ausgrid_zone_substation_load/extracted/2015/Bass Hill 33_11kV FY2015.csv,315257,.csv,2bd04b97880bff8ad46b35b0e646ab772eb90ba5c8d1aaf193857ecd524af578
raw/ausgrid_zone_substation_load/extracted/2015/Beacon Hill 33_11kV FY2015.csv,310064,.csv,c9c1dfdcb5d980abbea9ba27ec43c868a8775602e0c4a076e63957b51d929771
raw/ausgrid_zone_substation_load/extracted/2015/Belrose 33_11kV FY2015.csv,313639,.csv,b60c3c22b97179902f4061e0b20992d81b2f424fc5dc3cd8be342fb98787e7c6
raw/ausgrid_zone_substation_load/extracted/2015/Berkeley Vale 132_11kV FY2015.csv,331169,.csv,6d449734c5dad738da2f2c5bf56d210848e200ace9f8261d8400aedb110b6721
raw/ausgrid_zone_substation_load/extracted/2015/Berowra 132_11kV FY2015.csv,305081,.csv,f93f3f6cf9965ab062f3eeb9f7f570290a8557a6c26adc79e09e2eb5a8d26aa7
raw/ausgrid_zone_substation_load/extracted/2015/Blackwattle Bay 33_5kV FY2015.csv,321150,.csv,d0a32a80f33385e820e6b8c28518383f0b9dda88b864d7df60bc6a568a2a45eb
raw/ausgrid_zone_substation_load/extracted/2015/Blakehurst 33_11kV FY2015.csv,301239,.csv,677b247d430da6a2f9bc88065644acdd8612977ae503bf326642cd330ddfe905
raw/ausgrid_zone_substation_load/extracted/2015/Botany 33_11kV FY2015.csv,325119,.csv,0210d361bb4005140d4a07841693d5d5ecb4052505ff636c79ef1b52ae30ee01
raw/ausgrid_zone_substation_load/extracted/2015/Brandy Hill 132_11kV FY2015.csv,283778,.csv,3d08bd89830c07f5f9f090bdcd707d2369dd6e93dbfaf5482e3e4094bbf58250
raw/ausgrid_zone_substation_load/extracted/2015/Branxton 66_11kV FY2015.csv,290084,.csv,68525f1a5ffcd94902499fc31bd7487e61123275f97f6eb0ed80bcc377da6c47
raw/ausgrid_zone_substation_load/extracted/2015/Broadmeadow 132_11kV FY2015.csv,295519,.csv,52a8d5a6e5f1a80e24a39adb36a3d45ddeed5bd9ee83bfcb75270bda4e50abaa
raw/ausgrid_zone_substation_load/extracted/2015/Broadmeadow 33_11kV FY2015.csv,294543,.csv,a49bde390fefb8bfa75abd3d7fc2e6d6c030500a8daa61125568a1e7612f5730
raw/ausgrid_zone_substation_load/extracted/2015/Brookvale 33_11kV FY2015.csv,325279,.csv,835bd94d071724dc2d46e4f2f3e64673d683f85c5ee67034fdf408aea1f1548e
raw/ausgrid_zone_substation_load/extracted/2015/Burwood 132_11kV FY2015.csv,328213,.csv,56fb93410681f5f1b0e45ecc31e49ee0b2f79723b0bdd949efc04ca8cc15c07d
raw/ausgrid_zone_substation_load/extracted/2015/Campbell St 132_11kV FY2015.csv,329673,.csv,17c36be6a2830e7355a75a540c684c918d7295cb4dffa4a7aa555e19b8af5b69
raw/ausgrid_zone_substation_load/extracted/2015/Camperdown 33_11kV FY2015.csv,141935,.csv,4383593b56cbb15905267d6bc87ee4e07959649c8cb872d42db53fdd29860adc
raw/ausgrid_zone_substation_load/extracted/2015/Camperdown 33_5kV FY2015.csv,309815,.csv,84029c49dbb6c01e121ae33d27d819da8573a4484be424cbe437e1774ca2d38f
raw/ausgrid_zone_substation_load/extracted/2015/Campsie 33_11kV FY2015.csv,328616,.csv,e8a160e83bb00a9ead8a56977b52e0b8ce908ca74663fb37b3d151ab46297a70
raw/ausgrid_zone_substation_load/extracted/2015/Cardiff 33_11kV FY2015.csv,296960,.csv,dcb1e84c39b14613393b84be97bc2c7a6c7826f0940a3ef3ca994d6afd7baf58
raw/ausgrid_zone_substation_load/extracted/2015/Careel Bay 33_11kV FY2015.csv,294291,.csv,2d52044757fac11cfa8ecee138889d77624ad9ee8fecbf0243f12fbd7e8ae1ae
raw/ausgrid_zone_substation_load/extracted/2015/Caringbah 33_11kV FY2015.csv,313272,.csv,dd2b074e70e39581be9ce3b127ea7005598d53615ca5aa3c74006750dc7bdb93
raw/ausgrid_zone_substation_load/extracted/2015/Castle Cove 132_11kV FY2015.csv,330441,.csv,883503c868c05cf1f541faaae3b4659be5a228856efa702b2cc81cce1b4e3119
raw/ausgrid_zone_substation_load/extracted/2015/Cessnock 33_11kV FY2015.csv,283843,.csv,8441fa8b896caddc716cb7498f840f255258aeb0b5854fa25be4933810bd662b
raw/ausgrid_zone_substation_load/extracted/2015/Charlestown 132_11kV FY2015.csv,322448,.csv,ce3a38605a8fd7791b5ddf7c4c18eb08527a4ac9dbc8c38a0b3087ae65d12ec7
raw/ausgrid_zone_substation_load/extracted/2015/Charmhaven 132_11kV FY2015.csv,328019,.csv,2b42cb97c8910396924ecf0bc350b71578c93df50f2f81fd491725650e92eebb
raw/ausgrid_zone_substation_load/extracted/2015/Chatswood 33_11kV FY2015.csv,329345,.csv,b02d75390bf5e7ed7bfeb34e3ea1e09b9592228cccc32eff5468d99ef8b0ffd6
raw/ausgrid_zone_substation_load/extracted/2015/City Central 132_11kV FY2015.csv,331478,.csv,53de84aae16056ef598d1acbe188abdf50c99fe966eeb2ac66834fe1266743d8
raw/ausgrid_zone_substation_load/extracted/2015/City East 33_11kV FY2015.csv,329338,.csv,105d530a12d8eac5e825bab2b8b79f862a8995cc29d1b02a0c864fa9a52d1b7e
raw/ausgrid_zone_substation_load/extracted/2015/City North 132_11kV FY2015.csv,329292,.csv,c5af8e079b8ad92ea1bcb669577516e93c9d6adaaf96c6b5aef4a9b4b104024a
raw/ausgrid_zone_substation_load/extracted/2015/City South 132_11kV FY2015.csv,332774,.csv,728d7a9212e27ec24f4917bc058ba994270744c0fac7fff7b3e765141bdbc1e7
raw/ausgrid_zone_substation_load/extracted/2015/Clovelly 132_11kV FY2015.csv,329346,.csv,c7d5eaffc9fd1de1eaf3a2fc952e1f33d530ef71a8a4376b0009831daf7862a2
raw/ausgrid_zone_substation_load/extracted/2015/Concord 33_11kV FY2015.csv,327848,.csv,394773617ef5c734326d0cad7d4a37a40c557e88819858ba2e36f8ebda3181a4
raw/ausgrid_zone_substation_load/extracted/2015/Cronulla 132_11kV FY2015.csv,328578,.csv,de046b258c193bf2070cf8c9e1264f27927814c1038a325ce82eeca845339739
raw/ausgrid_zone_substation_load/extracted/2015/Croudace Bay 33_11kV FY2015.csv,297325,.csv,e8cc821931150a954dfbd7fafc733f85b66de779b37cdfa3f6004574326cc8e5
raw/ausgrid_zone_substation_load/extracted/2015/Crows Nest 33_11kV FY2015.csv,321086,.csv,6172e3ed72d42d35a0e9c89dac99361a47cebec58d291e6568aea76a5a36b7e5
raw/ausgrid_zone_substation_load/extracted/2015/Dalley St 132_11kV FY2015.csv,329301,.csv,ea73d899e90c2349603a225d08ba8a243a38953f371a0acc57bbbcbb20892b16
raw/ausgrid_zone_substation_load/extracted/2015/Darling Harbour 132_11kV FY2015.csv,331901,.csv,a76857e6955f22ec131260090467e65047e0273f7693e0b22ce3f50bf644ecb0
raw/ausgrid_zone_substation_load/extracted/2015/Darlinghurst 33_11kV FY2015.csv,329673,.csv,eeb37120ac7e5b260f965c19b6c46be79fe0d2e0e071409461c0f68172428835
raw/ausgrid_zone_substation_load/extracted/2015/Dee Why West 33_11kV FY2015.csv,329626,.csv,444c31d63caa011caf7aa34b7704dc24bddedd52e9539d415d72657ba2a88581
raw/ausgrid_zone_substation_load/extracted/2015/Denman 66_11kV FY2015.csv,292627,.csv,34000e38187905628de3eafda7a33965396c2e81f4fe82b721ec102618e3fa32
raw/ausgrid_zone_substation_load/extracted/2015/Distribution Zone Substation Information.pdf,90986,.pdf,d9a9cd76b8ba1dc935f5ca33ed57f4ea0c54c44fbce60cb0bdfa2437ceb0cbc5
raw/ausgrid_zone_substation_load/extracted/2015/Double Bay 132_11kV FY2015.csv,330076,.csv,ac3df582f912970645be9e73bcfad7060267fc9bdd7515481d1134d95356512e
raw/ausgrid_zone_substation_load/extracted/2015/Drummoyne 132_11kV FY2015.csv,328943,.csv,8f170356a54825b880184fadec46867006fdf5f41f3a38e4478ee2351a3ca7e2
raw/ausgrid_zone_substation_load/extracted/2015/Dulwich Hill 33_11kV FY2015.csv,330441,.csv,a18a8f7d7d61d9907f95f45f716cecdbd5322cdb5260e487c90a387594d395ff
raw/ausgrid_zone_substation_load/extracted/2015/East Maitland 33_11kV FY2015.csv,308617,.csv,10c1d045375e149c70048581ba8bb4f21240d6efa2d664850c293c5a94449025
raw/ausgrid_zone_substation_load/extracted/2015/Edgeworth 33_11kV FY2015.csv,294901,.csv,80b872e511150814bc7aa1aac5938f9fc8857238e2f3eb5539cddb354abd5aca
raw/ausgrid_zone_substation_load/extracted/2015/Empire Bay 66_11kV FY2015.csv,289922,.csv,5dde2dec2467e051df30338bbfb7102905de11d0ba5be4cbb18598ad7d069cc2
raw/ausgrid_zone_substation_load/extracted/2015/Enfield 33_11kV FY2015.csv,307473,.csv,ccad994f238f387c98bee8ec45eb6132417fb86f3372ef2d34dfe13331d630ec
raw/ausgrid_zone_substation_load/extracted/2015/Engadine 33_11kV FY2015.csv,320250,.csv,4e486dd4e4275c13d23a0b877a7e9bf8bfc5afbe9113fbeada78d6ebbd1c31f1
raw/ausgrid_zone_substation_load/extracted/2015/Epping 66_11kV FY2015.csv,327850,.csv,1a04d1a8292288ef0d01ded92ba1a672b3c13d055e10e09b76e08a6331b73c95
raw/ausgrid_zone_substation_load/extracted/2015/Erina 66_11kV FY2015.csv,321067,.csv,82c9a58b4869ad1187277fc7317d8d94b2de21b728d8608d85cb7e6e239ee76e
raw/ausgrid_zone_substation_load/extracted/2015/Five Dock 33_11kV FY2015.csv,326739,.csv,e0f98ec05b892a7a5e5b69cb416e6a90a86685818c0206d26a65bd728a09378a
raw/ausgrid_zone_substation_load/extracted/2015/Flemington 132_11kV FY2015.csv,330076,.csv,55f24f54cf366be14bb5e65f48b861736ca5261cfc23dedb8c621f31bc152ebf
raw/ausgrid_zone_substation_load/extracted/2015/Galston 132_11kV FY2015.csv,293665,.csv,cd1d1bbd6feea93f1d65ba4f28d73ea4906233e91ce6bc3ce1e8926bc6d7d610
raw/ausgrid_zone_substation_load/extracted/2015/Gateshead 33_11kV FY2015.csv,294732,.csv,f1849f3c38a4003b9f3ea649bfdd14177385acc9cb085bbd0f296ca82566fcd1
raw/ausgrid_zone_substation_load/extracted/2015/Gore Hill 33_11kV FY2015.csv,329402,.csv,f5eb586c74bc78a62e12b845ac57841998a87afe907e54cee54134a0cd4d2d99
raw/ausgrid_zone_substation_load/extracted/2015/Green Square 132_11kV FY2015.csv,330806,.csv,6ca8d87e3e8feb4e3b861699ce086de1ee7d55cf4cfdf802a4aa98f736c99ce6
raw/ausgrid_zone_substation_load/extracted/2015/Greenacre Park 132_11kV FY2015.csv,330768,.csv,92d4ccc8ebba449fd818578a1ec6bd937546f959bbf175d15c534f8585a2a822
raw/ausgrid_zone_substation_load/extracted/2015/Gwawley Bay 132_11kV FY2015.csv,323714,.csv,4a42c57ca11e375295ebaa63a9021453eba6bec81578fe4688fc7723a499e88a
raw/ausgrid_zone_substation_load/extracted/2015/Gwawley Bay 33_11kV FY2015.csv,321699,.csv,455208d6f12fad3e4584f6e790719c970add91c104d7fedf94cf4faf62df5ed8
raw/ausgrid_zone_substation_load/extracted/2015/Harbord 33_11kV FY2015.csv,300144,.csv,60ac3a39e0cfb3657d1f33c8c8b92f2b34b2441bc33d7f8860f091972d339e12
raw/ausgrid_zone_substation_load/extracted/2015/Homebush Bay 132_11kV FY2015.csv,330806,.csv,20e74809c2210c833f1698cb178caa8efe7adeba8751fbfdd4bae2c05e7b07e0
raw/ausgrid_zone_substation_load/extracted/2015/Hornsby 132_11kV FY2015.csv,328972,.csv,51e85d4c6427b87ff47cf9478fde2b65b46482d9fe8fbc030055fbcb425760cc
raw/ausgrid_zone_substation_load/extracted/2015/Hunters Hill 66_11kV FY2015.csv,329663,.csv,6dfeb5266eb3139a7b5d89d6ea8dca79c27a2ff42b1cc9f9c7ec578d6ddcc810
raw/ausgrid_zone_substation_load/extracted/2015/Hurstville North 132_11kV FY2015.csv,189619,.csv,8a7f27185cc64ab581f783eba2180b365fd86b37785701051c759bab6c1d62af
raw/ausgrid_zone_substation_load/extracted/2015/Hurstville North 33_11kV FY2015.csv,304075,.csv,7bcce416a355f756ea9df0deddd09f19fe4a22c9a151e6519c615b40fab80e9d
raw/ausgrid_zone_substation_load/extracted/2015/Jannali 33_11kV FY2015.csv,259355,.csv,85cec08001bac4940dc4542532df22822b76943f9faaf8e97468bd6d88282500
raw/ausgrid_zone_substation_load/extracted/2015/Jesmond 132_11kV FY2015.csv,327705,.csv,97f002cc8e014615ae8aa0e9248600876f2f21485cdc4b86655a622c8ebe1b27
raw/ausgrid_zone_substation_load/extracted/2015/Jewells 33_11kV FY2015.csv,293249,.csv,86806aadfaeac92ebaf4f42635bd9fc8026616f0602d61ca38ecb65f6135afc6
raw/ausgrid_zone_substation_load/extracted/2015/Killarney 33_11kV FY2015.csv,294344,.csv,7fa89e6a21bcc54b87197d24fb97e4923a4204331af65d797908a0634e9b6fd3
raw/ausgrid_zone_substation_load/extracted/2015/Kingsford 132_11kV FY2015.csv,329711,.csv,0edae5fe62dccd3dafa1ffdb42455fb0696479637fbfd5af72c209537abc47a0
raw/ausgrid_zone_substation_load/extracted/2015/Kirrawee 132_11kV FY2015.csv,327131,.csv,b843ec67bc50b4260bdda3df94e4ff630037495f2e7f5b26a2a6b91285808113
raw/ausgrid_zone_substation_load/extracted/2015/Kogarah 132_11kV FY2015.csv,328141,.csv,a87b8a73b0c9006d965862393b2a13ccf1b3e0e59118ff9f04bb377dfc6e88a5
raw/ausgrid_zone_substation_load/extracted/2015/Kotara 33_11kV FY2015.csv,303636,.csv,9b531b12fd0a5295bdabf9b397d6a4a377b43a21c89eea93ce0bd3190af5933f
raw/ausgrid_zone_substation_load/extracted/2015/Kurri 132_11kV FY2015.csv,310940,.csv,738b39b863af47e436e52cc4bfc5d0bddcaee8b2b62d313162361a8f389cf3ce
raw/ausgrid_zone_substation_load/extracted/2015/Lake Munmorah 132_11kV FY2015.csv,298467,.csv,d81df190f73eee0cce8256f4ab884c9178250002203d1de56b0725d92ee6692f
raw/ausgrid_zone_substation_load/extracted/2015/Leichhardt 33_11kV FY2015.csv,325109,.csv,e6443c991c7f1dc3146c0a3400fb76ee2f3211f6453dd353e3e2f6bc68633c8d
raw/ausgrid_zone_substation_load/extracted/2015/Leightonfield 33_11kV FY2015.csv,316401,.csv,33eb7f4cf9aeb2fc6c72dcd28fd116963037d190148aed19f0622679de9e148c
raw/ausgrid_zone_substation_load/extracted/2015/Lemington 66_11kV FY2015.csv,294331,.csv,a61fcab9d3de37fa730dbbf719ca34ba588a5224f03638cb9f027b32965628a3
raw/ausgrid_zone_substation_load/extracted/2015/Lidcombe 33_11kV FY2015.csv,305587,.csv,63386b1dec4092e0202c6b98704e72e6d62d44375ac2e4b4299fa54239af8074
raw/ausgrid_zone_substation_load/extracted/2015/Lindfield 33_11kV FY2015.csv,322365,.csv,ce530608b5c5dc9a14246810003d5e4fb0efe9fb0d64e223ed01af4eccbc1e7e
raw/ausgrid_zone_substation_load/extracted/2015/Lisarow 33_11kV FY2015.csv,312281,.csv,a2c01a19e4e75f5d006d508e473cded45f56f12058b5059928b41b55831f80e6
raw/ausgrid_zone_substation_load/extracted/2015/Long Jetty 66_11kV FY2015.csv,327955,.csv,06adb41f428b4771a6be0741f26226fe72b6fb39b086e0ada45821f064ff5fb2
raw/ausgrid_zone_substation_load/extracted/2015/Macquarie Park 132_11kV FY2015.csv,330768,.csv,792bad39f84b659f24b296094e2e91f771ccef13913e5e3aaaa450b0e8869986
raw/ausgrid_zone_substation_load/extracted/2015/Maitland 33_11kV FY2015.csv,297880,.csv,a8424529a99ddfc0ab9ef39b32628099c90a0ba517aa51cc30f2f54b8809971d
raw/ausgrid_zone_substation_load/extracted/2015/Manly 33_11kV FY2015.csv,272255,.csv,818fb868107cbc4cc070fc69fd80ba0843bc890ae59146eed62a57e54cbcdb89
raw/ausgrid_zone_substation_load/extracted/2015/Maroubra 132_11kV FY2015.csv,328538,.csv,63eac907dc91379142fa07b29cdb5e502606e93564eec2bfd7dcffc1396d3e4a
raw/ausgrid_zone_substation_load/extracted/2015/Marrickville 132_11kV FY2015.csv,329270,.csv,eb9d4b43b6697756e1959cd0219895d94ca2def0a91bf4975b48eda38ebff8ef
raw/ausgrid_zone_substation_load/extracted/2015/Maryland 132_11kV FY2015.csv,294966,.csv,ff347529aedbced2d321da145882a5f11dea5feccc198bf988846c505484062c
raw/ausgrid_zone_substation_load/extracted/2015/Mascot 33_11kV FY2015.csv,327483,.csv,e6490607bb16e477b13fadd9c1cc68e7bd226460d04cfc63567cedcf6eb940b7
raw/ausgrid_zone_substation_load/extracted/2015/Matraville 33_11kV FY2015.csv,328175,.csv,d86f69b0cbab38a6c302ad6b08b62fc7d19a944c3131421f1ec7ff3a03605e8a
raw/ausgrid_zone_substation_load/extracted/2015/Mayfield 33_11kV FY2015.csv,168771,.csv,a970566c813902eb9173e9a6029873a66e560fd43e09bb4f4707841c514b2d45
raw/ausgrid_zone_substation_load/extracted/2015/Mayfield West 132_11kV FY2015.csv,310394,.csv,6048bf05e89093df0f7c99b73e12e0e173d39fd2b0b3a7fa4b3817b597ff290d
raw/ausgrid_zone_substation_load/extracted/2015/Meadowbank 132_11kV FY2015.csv,328540,.csv,8a4438570d8488fde7d883d812be34d1fa1e6eb9ecc3f79109f1b5a3c27a7069
raw/ausgrid_zone_substation_load/extracted/2015/Medowie 33_11kV FY2015.csv,209244,.csv,fe881b80ae357758b8ec87ae59c4bc7f354005a6f88c5d0cd1882182848fbdee
raw/ausgrid_zone_substation_load/extracted/2015/Menai 132_11kV FY2015.csv,323332,.csv,60ba9f30d8aaf20504b2236f3f3af415bca045efbb520b5946dbf1d2f5fcb29f
raw/ausgrid_zone_substation_load/extracted/2015/Merriwa 33_11kV FY2015.csv,292824,.csv,13b81e86f7ec87c40292b601523f7d1191f6b2f5110b1f34c8f26926a1416744
raw/ausgrid_zone_substation_load/extracted/2015/Milperra 132_11kV FY2015.csv,327749,.csv,41df8225ffc80c97c6c54a99b985d99859f17f613089a8f5bad1fd817e46596d
raw/ausgrid_zone_substation_load/extracted/2015/Miranda 33_11kV FY2015.csv,323077,.csv,ba4cba0e96640a1cc7bcddb5d03a684530b52388cc1575456420e58956d8be42
raw/ausgrid_zone_substation_load/extracted/2015/Mitchell Line 66_11kV FY2015.csv,294556,.csv,2b3a9cb3052c7c53171dd62cd66b38ace5d47c19f7adb1269cdf8a3eb77e1f61
raw/ausgrid_zone_substation_load/extracted/2015/Mitchells Flat 66_11kV FY2015.csv,282457,.csv,83e43bf416ac2d3f5126f1e8d31386f2c7a68140384b9f7c0c35d9e3fbd23e72
raw/ausgrid_zone_substation_load/extracted/2015/Mona Vale 33_11kV FY2015.csv,321224,.csv,b97a06216296ef53356bbd1b058887e21469ec4b99bd1a73d809ad2b6f33a849
raw/ausgrid_zone_substation_load/extracted/2015/Moonan 33_11kV FY2015.csv,293138,.csv,001ad61b914d2d296f11ee4b915e75210dccb7d673502a68ba6082ac7999ee31
raw/ausgrid_zone_substation_load/extracted/2015/Morisset 132_11kV FY2015.csv,298899,.csv,cdb104cd6e22ba518cbff0ba329d7df522e3365bd7f6b82dd630dee8bed670e7
raw/ausgrid_zone_substation_load/extracted/2015/Mortdale 33_11kV FY2015.csv,326707,.csv,de09996ff6fe3e63b3cd6e68cb6eb75f7caf9e0a193652902eebe77895315fb5
raw/ausgrid_zone_substation_load/extracted/2015/Mosman 132_11kV FY2015.csv,327760,.csv,39f09f2b1fdce0abd30feaf720ff14a4ff6dc65f59cde9f819d738b9e9e38725
raw/ausgrid_zone_substation_load/extracted/2015/Mt Hutton 33_11kV FY2015.csv,292474,.csv,1a6bde1184fe6951f9e45cb1bd5bdbfd7375ee0ebf06a5888dcb3696250c8136
raw/ausgrid_zone_substation_load/extracted/2015/Mt Thorley 66_11kV FY2015.csv,293457,.csv,ff13cc5a6573357721eb122ff8dd8c0c3c64a52252008e84943c15ffc7f8a74c
raw/ausgrid_zone_substation_load/extracted/2015/Muswellbrook 33_11kV FY2015.csv,294566,.csv,1b2e3ead7617359750900df79698e41000e70f6a4dd849c718a2548ed8352285
raw/ausgrid_zone_substation_load/extracted/2015/Narrabeen 33_11kV FY2015.csv,293745,.csv,b87498d25fabcec6505451fa0828738f3733f0e35376ac528c21f8b141f0a881
raw/ausgrid_zone_substation_load/extracted/2015/Nelson Bay 33_11kV FY2015.csv,315540,.csv,07e484d6efb29a7f6de88d7a854c12fb41a8d2421e528e62b19d41e73d046f62
raw/ausgrid_zone_substation_load/extracted/2015/Newcastle CBD 33_11kV FY2015.csv,330029,.csv,767342587368f2092d2f5c47884426c8472b0b75adad8a773d6bb53c66bdfc4f
raw/ausgrid_zone_substation_load/extracted/2015/Newport 33_11kV FY2015.csv,294596,.csv,cd6a621030a1c74766517962f4ebd1edfa95cd31edb3738d49bdc8ab3bf99707
raw/ausgrid_zone_substation_load/extracted/2015/Noraville 33_11kV FY2015.csv,305489,.csv,6e1e29b5004b36fbb17a8a1cdb16f2f900d8969930a2587f1968a303f02cb568
raw/ausgrid_zone_substation_load/extracted/2015/North Sydney 33_11kV FY2015.csv,329673,.csv,b83e3d366c5e3b79aeb2349c411b3806abbc8d75a0fa32aa26d6e0cb054416f8
raw/ausgrid_zone_substation_load/extracted/2015/Nulkaba 33_11kV FY2015.csv,295355,.csv,1439f41ece036b5ee0e95c150b224eb93cb2cbf2327ea7bfd63ed966e7cf8e55
raw/ausgrid_zone_substation_load/extracted/2015/Paddington 33_11kV FY2015.csv,328823,.csv,7f6ff3f65fd8968cec0fc83e005d6d33e34c280721128d8bb3d3ec1db4402165
raw/ausgrid_zone_substation_load/extracted/2015/Paxton 33_11kV FY2015.csv,291710,.csv,aec23559ffb9b17751ac0459c657cc814743eac5ce2275501d59597c91d39e7c
raw/ausgrid_zone_substation_load/extracted/2015/Peats Ridge 33_11kV FY2015.csv,292830,.csv,42f65668190fd3201800fdc41509cd8235486fbfca13c110b4f4ef5717eb07b6
raw/ausgrid_zone_substation_load/extracted/2015/Pelican 33_11kV FY2015.csv,290773,.csv,4028904c3e6dd7e8a26a7be68a7ca5766c326a76617265b293692a85875e22b3
raw/ausgrid_zone_substation_load/extracted/2015/Pennant Hills 132_11kV FY2015.csv,329635,.csv,43e358186765a2461780e8c0e7bd5d032326045808caa45808a41be1c662a40b
raw/ausgrid_zone_substation_load/extracted/2015/Port Botany 33_11kV FY2015.csv,294340,.csv,a78128c938a84b467a808c36d62c1a7c27e40425dbc3fe3069e92ccfee52eb8e
raw/ausgrid_zone_substation_load/extracted/2015/Potts Hill 132_11kV FY2015.csv,329980,.csv,f1766a78e4f44ab76ffcf7646f7fd14e1da1c6a13472f4e59f3fcf40658f782c
raw/ausgrid_zone_substation_load/extracted/2015/Punchbowl 33_11kV FY2015.csv,328006,.csv,395ff571422357b05c5c0b7a6000333a77eb7f25d580b1902c0e236917eaff1f
raw/ausgrid_zone_substation_load/extracted/2015/Pymble 33_11kV FY2015.csv,321409,.csv,7255f98be3b0bde402015d084f371a6825ebd0e0170f42d65a1697b14a1d6b73
raw/ausgrid_zone_substation_load/extracted/2015/Rathmines 132_11kV FY2015.csv,294944,.csv,b1b44c0f6c5593b13b735927c64f2216789cc6407fbecdc0f3282b8ace64c651
raw/ausgrid_zone_substation_load/extracted/2015/Rathmines 132_11kV Temp FY2015.csv,51304,.csv,e95a5aa148e8e913f7c849a3d4df17e03b8f3faaf10844996a78ce22125ed792
raw/ausgrid_zone_substation_load/extracted/2015/Raymond Terr NEW 33_11kV FY2015.csv,312754,.csv,22eabd83a07dbf17a5ee37f62845261aab9047fd7fa71e9e3996f6a300d7c430
raw/ausgrid_zone_substation_load/extracted/2015/Revesby 132_11kV FY2015.csv,326014,.csv,8e91406fb4fd952c5131072614823c976221cdd0f3a319479c4a698f96d6059c
raw/ausgrid_zone_substation_load/extracted/2015/Riverwood 33_11kV FY2015.csv,313617,.csv,48e69799ed9e73d82e1c08c276392877684669c3b066e86141796617fb3a9e8e
raw/ausgrid_zone_substation_load/extracted/2015/Rockdale 33_11kV FY2015.csv,300712,.csv,2a6ea3a146a6f498904617929c885e2820b1791544812366280f58834709de7e
raw/ausgrid_zone_substation_load/extracted/2015/Rose Bay 132_11kV FY2015.csv,197862,.csv,e59ef167bac863d5135680b15ed541d2f30ae14695ad426197fe8d7c36437b18
raw/ausgrid_zone_substation_load/extracted/2015/Rose Bay 33_11kV FY2015.csv,309444,.csv,fe584af0509e51fdfbbc4303cece10898a59e95e53d7c7f8d36d20a6e29edcd7
raw/ausgrid_zone_substation_load/extracted/2015/Rothbury 132_11kV FY2015.csv,294338,.csv,07a29f28513ab98c55ce04c4e4390e8bfd36b7357f366ec7e834b3c0c3dbe63e
raw/ausgrid_zone_substation_load/extracted/2015/Rouchel 33_11kV FY2015.csv,292334,.csv,d2c078f00e29f272192239523d1f571be0daf33fb28409f4f6cf43502acf2bfa
raw/ausgrid_zone_substation_load/extracted/2015/Rutherford 33_11kV FY2015.csv,320131,.csv,6ef319bfb95adaad8e616fe5b0f927ead8b4f212ae47bd769682f9eca78a80c5
raw/ausgrid_zone_substation_load/extracted/2015/Sans Souci 33_11kV FY2015.csv,294098,.csv,9248f6196e291ae90c927e0c340ae52ff4db1f5da1d2e7a49a91a4c03ad55d1f
raw/ausgrid_zone_substation_load/extracted/2015/Scone 66_11kV FY2015.csv,296009,.csv,ed931ce86eb03e74222ba61d0779d6134dfcb9343cb5783822725f3fb0eb451c
raw/ausgrid_zone_substation_load/extracted/2015/Sefton 132_11kV FY2015.csv,326883,.csv,13036ab381fb8059474b356743a1429166f95a47d30649534ae2502dd0c090d8
raw/ausgrid_zone_substation_load/extracted/2015/Singleton North 66_11kV FY2015.csv,296392,.csv,8453bf2dae42559471926eef06d0b3bf1d6ed7f5f32b7fc8a72531876f08dfed
raw/ausgrid_zone_substation_load/extracted/2015/Somersby 132_11kV FY2015.csv,304644,.csv,2b28db750482fa3289222a17030be079c1c404fcbf0707d18934a5836aded7c6
raw/ausgrid_zone_substation_load/extracted/2015/St Ives 33_11kV FY2015.csv,324952,.csv,2c4b50b52ed0dec51c73c7751f5dde92e82196f2409a053984bac37f70c21125
raw/ausgrid_zone_substation_load/extracted/2015/St Peters 132_11kV FY2015.csv,329639,.csv,40117c9b83840c3306273c4413c8fcd1593ad46b379f5f90cddb14455c968be0
raw/ausgrid_zone_substation_load/extracted/2015/Stockton 33_11kV FY2015.csv,293252,.csv,74f31b667ab22f2c403f8fa00f40af45d0a099ba71a89b2236d504270d18cb02
raw/ausgrid_zone_substation_load/extracted/2015/Surry Hills 33_11kV FY2015.csv,328540,.csv,38b184f14f30a0c7c26278859ae787a9db15d114d6c7dd66b22943c72f73de69
raw/ausgrid_zone_substation_load/extracted/2015/Swansea 33_11kV FY2015.csv,292176,.csv,821afee4a03312409ac9ea94d4565434fb5287cc16fce6ddf6e7a732dc089010
raw/ausgrid_zone_substation_load/extracted/2015/Tanilba Bay 33_11kV FY2015.csv,295054,.csv,c171c360e8b05ddd86a5b39076a1d592c8ee1e43806e042aa4b216a8baa1c4ec
raw/ausgrid_zone_substation_load/extracted/2015/Telarah 33_11kV FY2015.csv,291859,.csv,d1837e9605a07e01465f57ce13697c9f0c62563dc05674b860bd66d7e8b0f7eb
raw/ausgrid_zone_substation_load/extracted/2015/Terrey Hills 33_11kV FY2015.csv,298208,.csv,2e3fd0b9f0d5190bc9bb060e0b0fdc4583af189d6083a37c5aefcc0de896d828
raw/ausgrid_zone_substation_load/extracted/2015/Thornton 33_11kV FY2015.csv,313533,.csv,025b30834371ee5860b9d053f252fb98e7308cb11a24485f28b5d7c6b43b69cc
raw/ausgrid_zone_substation_load/extracted/2015/Tomago 33_11kV FY2015.csv,294020,.csv,f417dfdced636b6e03a9768cbd974a0f03097a7c961d46db5a19a40390b07f71
raw/ausgrid_zone_substation_load/extracted/2015/Tomalpin 33_11kV FY2015.csv,291957,.csv,a67ee8e341ae8278e47c27fd8e219fd1a513c3df60874d4f036738388e8d4296
raw/ausgrid_zone_substation_load/extracted/2015/Tomaree 33_11kV FY2015.csv,295303,.csv,01669360783517c245e85886e075779f62b3d72340ad41d60d0562331744c50a
raw/ausgrid_zone_substation_load/extracted/2015/Top Ryde 132_11kV FY2015.csv,326970,.csv,3699c6d19c554cdacd8749a1f10df3e89ecffcf74ce1ee5ccd1e7f431cd3918b
raw/ausgrid_zone_substation_load/extracted/2015/Toronto 33_11kV FY2015.csv,292357,.csv,087fa1e28441fceca37bc390b3ec067f903a86ab2db5c1b796f047ca7bb87038
raw/ausgrid_zone_substation_load/extracted/2015/Turramurra 33_11kV FY2015.csv,326695,.csv,2dfa2173916289f2281ddfb8e45b1d82913cf46b17296bb38f8d48aa5f0c75a1
raw/ausgrid_zone_substation_load/extracted/2015/Umina 66_11kV FY2015.csv,311824,.csv,e5a48126c5a83c43c4e3b1685bb9a6dfdf1b949c85d93eb17ae9e532c6a3a97e
raw/ausgrid_zone_substation_load/extracted/2015/Wallalong 33_11kV FY2015.csv,148073,.csv,3f9dd6a276fd8ee8062926a95fd53bb02899cfe72ea1239ed14ff0048e13efed
raw/ausgrid_zone_substation_load/extracted/2015/Wamberal 132_11kV FY2015.csv,294543,.csv,de04a3b8d4696c5c311eecfc316fc3123f158a82edb015936f34c1c5bfa95ffd
raw/ausgrid_zone_substation_load/extracted/2015/Wamberal 66_11kV FY2015.csv,91624,.csv,e560e1becfe7dfe7443534b8fa4f90ebd694255796a1f1b48f7f8977a482a3a8
raw/ausgrid_zone_substation_load/extracted/2015/Waverley 132_11kV FY2015.csv,227743,.csv,94b09613593e1e8b40c4caa5db9de7bd8671caa42e7033d4539d862572df4a76
raw/ausgrid_zone_substation_load/extracted/2015/Waverley 33_11kV FY2015.csv,295001,.csv,027ed233a48bde16c5bae1398b639cc452bec3541ea5db281d26d27cb4cbec17
raw/ausgrid_zone_substation_load/extracted/2015/West Gosford 132_11kV FY2015.csv,328447,.csv,e566d43e77bffd3ee8b772a327823ea606b8b90c146934844d2135ace4d15acc
raw/ausgrid_zone_substation_load/extracted/2015/Woy Woy 66_11kV FY2015.csv,299233,.csv,b3395dc59bf20694f9dad8ae92ac9de77188368226e563f16155aaa9d260c26a
raw/ausgrid_zone_substation_load/extracted/2015/Wyong 132_11kV FY2015.csv,320313,.csv,a1e54cec4a2985b94a4b92cb89032ecff213505616f4618123dd28ce0c56bd3a
raw/ausgrid_zone_substation_load/extracted/2015/Zetland 132_11kV FY2015.csv,326677,.csv,4be0ecd212e0dd0b3f0e5fd37fd2f0f981a94bf8a6a89c5aa701168ed7fb3b12
raw/ausgrid_zone_substation_load/extracted/2016/Aberdeen 66_11kV FY2016.csv,294805,.csv,4f64bf6717d0e7323b4d8c33f84b4693f1229fabe2477c88d6e238b6b83647a8
raw/ausgrid_zone_substation_load/extracted/2016/Adamstown 132_11kV FY2016.csv,308718,.csv,f8859a7a4d69bc46bb27b289d30fca134ab90c5952d13619f549c06bb8c92b9d
raw/ausgrid_zone_substation_load/extracted/2016/Argenton 132_11kV FY2016.csv,324945,.csv,7fe1f73523acd24057695d14be1ce3553689b8195c93f4ad748931e501e30de3
raw/ausgrid_zone_substation_load/extracted/2016/Arncliffe 33_11kV FY2016.csv,307886,.csv,d3d542e57cda1f40055e78e2ab0e315246cff04a25ee074e47bd3132d173e1a3
raw/ausgrid_zone_substation_load/extracted/2016/Auburn 33_11kV FY2016.csv,309959,.csv,177021faa074ae1bf7632c72e9266aef0d79cf3fd3705699537ee62b3584138d
raw/ausgrid_zone_substation_load/extracted/2016/Avoca 66_11kV FY2016.csv,325991,.csv,1e30d1487bfb51f0a498533773ee9f860f477e556c2bc65b4266585aba6af993
raw/ausgrid_zone_substation_load/extracted/2016/Avondale 33_11kV FY2016.csv,294812,.csv,7f8e21fdb18625d14a70358c90105f11580358fb182976bdd809fd7f2e3adb11
raw/ausgrid_zone_substation_load/extracted/2016/Baerami 33_11kV FY2016.csv,293613,.csv,308b3052669b65b3e58d59ee7b64add0e23e0828cc296aa69ec683d554e776ac
raw/ausgrid_zone_substation_load/extracted/2016/Balgowlah North 132_11kV FY2016.csv,326700,.csv,7aa9c0a7ad985847af08e0b286b1a7f067710e5f23cb8a926a18700d4cdf9e74
raw/ausgrid_zone_substation_load/extracted/2016/Bankstown 132_11kV FY2016.csv,326173,.csv,f6edd5e10d8de77b3fbe4573bad4a10be2a46a1b3e3d065196484fe60ef554ee
raw/ausgrid_zone_substation_load/extracted/2016/Bass Hill 33_11kV FY2016.csv,318726,.csv,7fc6d63d77e89c37ac8244500f8ed759e6dd0afca72f14d7874f3bd85de34317
raw/ausgrid_zone_substation_load/extracted/2016/Beacon Hill 33_11kV FY2016.csv,312540,.csv,97ebc5ba4eabd2dcb601a2d89ec2948fb00d7604d00d2ae1e95e8bd3d1187368
raw/ausgrid_zone_substation_load/extracted/2016/Belmore Park 132_11kV FY2016.csv,50711,.csv,6a51d70cb0249955eed3cbea71b4015a80df7d040780fff29cf28e19394b2f03
raw/ausgrid_zone_substation_load/extracted/2016/Belrose 33_11kV FY2016.csv,318308,.csv,b0418b768640bbcfb623e7b00b25b883829f48fa7b50b3c7b8aed0d4caf8b865
raw/ausgrid_zone_substation_load/extracted/2016/Berkeley Vale 132_11kV FY2016.csv,332129,.csv,5c33be19c27b766330eb51a42f0817a50918f87f8e4feda9abd43d33a1a8de6c
raw/ausgrid_zone_substation_load/extracted/2016/Berowra 132_11kV FY2016.csv,305643,.csv,d35e58fc671fb5564d8a3401f67e211d6465ad48eddd6acff60d1ca3fb03457a
raw/ausgrid_zone_substation_load/extracted/2016/Blackwattle Bay 33_5kV FY2016.csv,321943,.csv,a3dc4a0e3d7722a37da40874759373a605f0c49fdeb4e90d0695c8f219aca25e
raw/ausgrid_zone_substation_load/extracted/2016/Blakehurst 33_11kV FY2016.csv,305152,.csv,0399fa8f9ff1d5fe1ca7836241ca56dc2f344bba593e8a207c487ddb3eb91ae9
raw/ausgrid_zone_substation_load/extracted/2016/Botany 33_11kV FY2016.csv,321150,.csv,68de5e5c3e4e386dbe238ea32c8ce006256601b34a913148e0d18bbce7643108
raw/ausgrid_zone_substation_load/extracted/2016/Brandy Hill 132_11kV FY2016.csv,296269,.csv,ff5ca053500e792492b0f2acd693223ee3d3a01f67befd7c701bc8ce010024d6
raw/ausgrid_zone_substation_load/extracted/2016/Branxton 66_11kV FY2016.csv,294874,.csv,19fb774bb23e7066813495c328f43cdac8e60810043dfe0f6e695e121b539a2e
raw/ausgrid_zone_substation_load/extracted/2016/Broadmeadow 132_11kV FY2016.csv,306562,.csv,2c14eda618ed7e05bbb0d91b7ab11cb0661fd26f9c2f3152876e568f3425ab18
raw/ausgrid_zone_substation_load/extracted/2016/Broadmeadow 33_11kV FY2016.csv,295907,.csv,257d1c18d914e0e6afa95a5a6be5073ccd8848b6571c5700d587edfb8072fe09
raw/ausgrid_zone_substation_load/extracted/2016/Brookvale 33_11kV FY2016.csv,328958,.csv,0f44d61872067b7aed3d602bc1981b3f13b735dcab727cd218d97ed19980d6d6
raw/ausgrid_zone_substation_load/extracted/2016/Burwood 132_11kV FY2016.csv,329129,.csv,c9fab0cc60c51a251cee650fdd576ec814a827ecfcee259701a0fe752a7dd4ee
raw/ausgrid_zone_substation_load/extracted/2016/Campbell St 132_11kV FY2016.csv,330729,.csv,a6b9a718a2b8b3164227fc32b24dfe20faac82287e8a81b31d1af2672a7dd518
raw/ausgrid_zone_substation_load/extracted/2016/Camperdown 33_11kV FY2016.csv,294680,.csv,61af4cd16c35b4e9c4a6221b8a0f555f242b2935af34e0fc7617c3b3edba3955
raw/ausgrid_zone_substation_load/extracted/2016/Camperdown 33_5kV FY2016.csv,301907,.csv,342336b5876289c3d49bc31c7789b2daa4e59284e6c752f6ec47214e03c8dced
raw/ausgrid_zone_substation_load/extracted/2016/Campsie 33_11kV FY2016.csv,328915,.csv,2f908b9ebf248d4e351502b9e4440b3b305d20a09ccc5c723ce22360b64d9fca
raw/ausgrid_zone_substation_load/extracted/2016/Cardiff 33_11kV FY2016.csv,303258,.csv,8998153eaacbc331c4d713c37fccb77138c459e6187249e2fe3cb17b7911b6d4
raw/ausgrid_zone_substation_load/extracted/2016/Careel Bay 33_11kV FY2016.csv,296361,.csv,707909b54698b3ba9b0d2bd3698a58ac311247a66f852217b95eb79f4aaa7207
raw/ausgrid_zone_substation_load/extracted/2016/Caringbah 33_11kV FY2016.csv,315115,.csv,dfebca7e7baf21cf2cc1e9d7dd5d9cac8596dad575b1eaea51b667a3908cca45
raw/ausgrid_zone_substation_load/extracted/2016/Castle Cove 132_11kV FY2016.csv,330745,.csv,db4202014a14b59bfd572f5798b818922e11544726980fafb9534fce9b7133b7
raw/ausgrid_zone_substation_load/extracted/2016/Cessnock 33_11kV FY2016.csv,299520,.csv,a8d307a037f96ed5d3f98830b2031f11d420c43e372d11b51f90ff489edcd39f
raw/ausgrid_zone_substation_load/extracted/2016/Charlestown 132_11kV FY2016.csv,323035,.csv,26e9cbf524ea9914c8b8d1e29557283446d7498c991b73fab0b01403896a346a
raw/ausgrid_zone_substation_load/extracted/2016/Charmhaven 132_11kV FY2016.csv,328079,.csv,36f27fdf54e2948e55519542b1a02f2ba2d5b37d1a9c73859564e4750202993b
raw/ausgrid_zone_substation_load/extracted/2016/Chatswood 33_11kV FY2016.csv,328111,.csv,e0b9abfa89551ffbcf20b6991dabda7699a87086940266988e81907c16e10b7f
raw/ausgrid_zone_substation_load/extracted/2016/City Central 132_11kV FY2016.csv,329960,.csv,506a793b435cdfe6163574e08d9b1164f7d5252b920212946f528e06af332171
raw/ausgrid_zone_substation_load/extracted/2016/City East 33_11kV FY2016.csv,328035,.csv,b063001dae8b70e264c4f02a2cae0e07c47cc2f4f3dc4af5949410f977d0f7e2
raw/ausgrid_zone_substation_load/extracted/2016/City North 132_11kV FY2016.csv,328803,.csv,f333f12e1bded364e198aab92fec44f8dd81131bdb253bf35d710bcbb1f4e51c
raw/ausgrid_zone_substation_load/extracted/2016/City South 132_11kV FY2016.csv,331539,.csv,d132eae9fcd3788a4d427df2ea6df420c4116e327a313743a90888ffc569d027
raw/ausgrid_zone_substation_load/extracted/2016/Clovelly 132_11kV FY2016.csv,328111,.csv,8a0e524320b5fb1107a92c62bac84c03b6c37744dd63140b321f8b09b3f10eba
raw/ausgrid_zone_substation_load/extracted/2016/Concord 33_11kV FY2016.csv,327379,.csv,fc905736596e1d4c8e1fe3a23b288616e22056acf8190d6ef995b7a691cda60c
raw/ausgrid_zone_substation_load/extracted/2016/Cronulla 132_11kV FY2016.csv,328088,.csv,02ae8107cf9bb0f950565c42fc617caa022cd3ec8aabaa78e4823e07549fe80a
raw/ausgrid_zone_substation_load/extracted/2016/Croudace Bay 33_11kV FY2016.csv,299221,.csv,eaea7c3b1aed61b41aad649c60f896a5b905f27d35b3cffd0fe1ed4c8829a123
raw/ausgrid_zone_substation_load/extracted/2016/Crows Nest 33_11kV FY2016.csv,321571,.csv,0f93a633e2955b6954f0e3af379c52ccb6421af05f0d1c61c087fcefa8c2aa22
raw/ausgrid_zone_substation_load/extracted/2016/Dalley St 132_11kV FY2016.csv,328575,.csv,9dade326ee83e35423f6e441f1d09b15d5dc81f2bd3107fb05efead4a8d0f053
raw/ausgrid_zone_substation_load/extracted/2016/Darling Harbour 132_11kV FY2016.csv,330649,.csv,0d586805e893f6c571cc2917b5d069f041169367157d59488d2384cb67d290ba
raw/ausgrid_zone_substation_load/extracted/2016/Darlinghurst 33_11kV FY2016.csv,329209,.csv,066e841005229016d32c03adb4f9612c502be71651bf5f2674d84dab12b34414
raw/ausgrid_zone_substation_load/extracted/2016/Dee Why West 33_11kV FY2016.csv,329204,.csv,94a5a74cc412e7c11c214533b350632762a8e7a142a4e69c7862081c1d535630
raw/ausgrid_zone_substation_load/extracted/2016/Denman 66_11kV FY2016.csv,294073,.csv,75eff1277a467d516528b49dd8268d6cf8ff8a6bcdb419a44485f3163bdc1bb2
raw/ausgrid_zone_substation_load/extracted/2016/Distribution Zone Substation Information.pdf,22568,.pdf,aa8ec19b3cc6d7de5669fdfa810491efc7bd33d7d9bbc1832667ea492c0df52c
raw/ausgrid_zone_substation_load/extracted/2016/Double Bay 132_11kV FY2016.csv,328843,.csv,b3669c32395c1c623ba51e2960d7fc6d54e6dd61f10964ad9aca229cc23934d5
raw/ausgrid_zone_substation_load/extracted/2016/Drummoyne 132_11kV FY2016.csv,328477,.csv,c627f9d0c3ef5bc57378026e1dea63bf58c7631761dabb1e6b606c58122d5840
raw/ausgrid_zone_substation_load/extracted/2016/Dulwich Hill 33_11kV FY2016.csv,329209,.csv,037b411a137c7181722cb831c5c5e012509be96bc496a117484f98c9276c72ff
raw/ausgrid_zone_substation_load/extracted/2016/East Maitland 33_11kV FY2016.csv,239104,.csv,c7d971627e83d55e7538a3d3892af5d37a69ca66a25fe4526915bba2a5ad713f
raw/ausgrid_zone_substation_load/extracted/2016/Edgeworth 33_11kV FY2016.csv,298337,.csv,6ff50316a21935c6d5c09200145e40fd00c7f4596a5aeb65a9927459e46db460
raw/ausgrid_zone_substation_load/extracted/2016/Empire Bay 66_11kV FY2016.csv,295576,.csv,2f76a04dd951a58fd4de7f271eabc7d430541a411c1b861e0176a553293febf0
raw/ausgrid_zone_substation_load/extracted/2016/Enfield 33_11kV FY2016.csv,310024,.csv,a1646aac907a68bb3de8e8d574f0deb2696de17d7e357c3d57df2e5b23e4390a
raw/ausgrid_zone_substation_load/extracted/2016/Engadine 132_11kV FY2016.csv,49247,.csv,e818d28e8794457fa8427c116ec79f6ac1b44c1faf20fc9b69699557e72f15f3
raw/ausgrid_zone_substation_load/extracted/2016/Engadine 33_11kV FY2016.csv,314540,.csv,b943639d2b83015cb3d3df0391fb1376527e515c0c36d5fc1b297bf8dc053b30
raw/ausgrid_zone_substation_load/extracted/2016/Epping 66_11kV FY2016.csv,329205,.csv,60f603b5996fef23901c62d49f8d59798098ab01075870e7385ed50b8c56930f
raw/ausgrid_zone_substation_load/extracted/2016/Erina 66_11kV FY2016.csv,320241,.csv,59f8473280f3b4d0b9c1f68229b95fcb8a7f63080f1c970931c0e8271248cbcc
raw/ausgrid_zone_substation_load/extracted/2016/Five Dock 33_11kV FY2016.csv,325545,.csv,cbd863e7f5a2255b515a3fd790b8cc956c1277a7e547cf26bb2acbc8e23c7f35
raw/ausgrid_zone_substation_load/extracted/2016/Flemington 132_11kV FY2016.csv,328843,.csv,61e44ac6cb55b0ea537c8e2a8684fee6daeada4f98e88cf250c2112e49e26010
raw/ausgrid_zone_substation_load/extracted/2016/Galston 132_11kV FY2016.csv,294812,.csv,87bff208a3f9a9c909bc7b6290c073e5fc2d44db47407bec0c2192d381cbe1ec
raw/ausgrid_zone_substation_load/extracted/2016/Gateshead 33_11kV FY2016.csv,293070,.csv,7d0ddc43eb29a43d25dadb52a4587fdb72c4b325296062119e4d653333531e05
raw/ausgrid_zone_substation_load/extracted/2016/Gore Hill 33_11kV FY2016.csv,330303,.csv,e981b14cdb380eec153ff8e959b5574b988b9a163d7c7592aaba700934eaf059
raw/ausgrid_zone_substation_load/extracted/2016/Green Square 132_11kV FY2016.csv,329575,.csv,8de1302151db7b932a186bb1cf23f09a50d1d5d01139655d4c2c1325064cacca
raw/ausgrid_zone_substation_load/extracted/2016/Greenacre Park 132_11kV FY2016.csv,330307,.csv,127c6fbc12efd8f71bfb0ed3e5795d452ea982f1c500d0039962067ee4c194c3
raw/ausgrid_zone_substation_load/extracted/2016/Gwawley Bay 132_11kV FY2016.csv,324281,.csv,59c8d5df033e2487a5cf573710f55458e024c9cf2b8fe667483c0300e05b5985
raw/ausgrid_zone_substation_load/extracted/2016/Gwawley Bay 33_11kV FY2016.csv,322027,.csv,96367f43730232b8f18ae1183e73ffe1fadf72144971de0024ba3abee7f52ca0
raw/ausgrid_zone_substation_load/extracted/2016/Harbord 33_11kV FY2016.csv,299794,.csv,d4c1f7efc24a64bda9a90e900d20fc6a6881f5b7cc00b32b7510f8071caec521
raw/ausgrid_zone_substation_load/extracted/2016/Homebush Bay 132_11kV FY2016.csv,329575,.csv,6813caaf13b41ba13a5812d1e4cd5f2151e61750d59069e9cde93268d37ee347
raw/ausgrid_zone_substation_load/extracted/2016/Hornsby 132_11kV FY2016.csv,327745,.csv,114d9355e684892ddbae33d2e18a87ff1e016fd3b39d37cb5e95e50187fab71a
raw/ausgrid_zone_substation_load/extracted/2016/Hunters Hill 66_11kV FY2016.csv,329209,.csv,58b398fd8e878fa52f8affa240ca61e35664efde98696891541cfe8fde3c2230
raw/ausgrid_zone_substation_load/extracted/2016/Hurstville North 132_11kV FY2016.csv,305156,.csv,e96a7a36d4dcb0c2626620ba640c36a9a9ae53ac859c5e4ec62bfc350b841c47
raw/ausgrid_zone_substation_load/extracted/2016/Hurstville North 33_11kV FY2016.csv,265575,.csv,5d48d4ee6c2d0d36745bae3582b323776fda01919ac2cc4dbf59c9e00fa3a57e
raw/ausgrid_zone_substation_load/extracted/2016/Jannali 33_11kV FY2016.csv,314152,.csv,045b48c056e3aae843cd52f159545d49b4b492cf458efcaebfbd542f2be79cfc
raw/ausgrid_zone_substation_load/extracted/2016/Jesmond 132_11kV FY2016.csv,329933,.csv,b803f8c730547106b7ac430ee4a6051145257791f8dfe545907757550e86d737
raw/ausgrid_zone_substation_load/extracted/2016/Jewells 33_11kV FY2016.csv,295140,.csv,536a35b286aca0f88276574a8f491cb01852ec82f87b46991a99485706733bb8
raw/ausgrid_zone_substation_load/extracted/2016/Killarney 33_11kV FY2016.csv,294674,.csv,d1c1b4e4e466ecf3b38d55fe5fcedbf872c9b147f84e4ef29c922481a9ceaec8
raw/ausgrid_zone_substation_load/extracted/2016/Kingsford 132_11kV FY2016.csv,328397,.csv,65c439c0927a6a1c42d25f037652263d559054c727717f024a471a9685c6c770
raw/ausgrid_zone_substation_load/extracted/2016/Kirrawee 132_11kV FY2016.csv,325919,.csv,f24859f6f0b9f6eceff0de396de9e6eeedb2a58d30a72be36ef6d021af4b5589
raw/ausgrid_zone_substation_load/extracted/2016/Kogarah 132_11kV FY2016.csv,327577,.csv,170dff818e3ad337c62769c7a9b3beda7aaadd93d73d06a756523a114b0e249b
raw/ausgrid_zone_substation_load/extracted/2016/Kotara 33_11kV FY2016.csv,308055,.csv,d8fa1a9edfdc77e0928b13eb592dc8d30bef3da2bf40239fec685f14df48a276
raw/ausgrid_zone_substation_load/extracted/2016/Kurri 132_11kV FY2016.csv,315352,.csv,0abaae5e3b032013c14c35bb0995aa748109d0bc874919e724a88c1d0ea18d2a
raw/ausgrid_zone_substation_load/extracted/2016/Lake Munmorah 132_11kV FY2016.csv,299560,.csv,6eee02682f6053ecd74959fee65e7cc4504115e3ce82d0ecb36ac6a3e4a78c41
raw/ausgrid_zone_substation_load/extracted/2016/Leichhardt 33_11kV FY2016.csv,323388,.csv,22708e8bd5a09c405dda031156f7b92aaeda57a346b455acdbce01d6663ca485
raw/ausgrid_zone_substation_load/extracted/2016/Leightonfield 33_11kV FY2016.csv,318274,.csv,1cc7e8b9a60f0c98a16961df7b5ed555f713f32acec97414945271e59b407a72
raw/ausgrid_zone_substation_load/extracted/2016/Lemington 66_11kV FY2016.csv,295136,.csv,e5bc69821ee55d6dcd7b510438ce1750c03fecf3d4d86f77bf79ad3b711688b4
raw/ausgrid_zone_substation_load/extracted/2016/Lidcombe 33_11kV FY2016.csv,307288,.csv,c00e7216ce08870d51cee92edcc9c02352fe7661d49a2b0b877533820511c2fe
raw/ausgrid_zone_substation_load/extracted/2016/Lindfield 33_11kV FY2016.csv,322537,.csv,6401a1fef1a913e902d634efc853d2e6f2b3d68443df0c6483d1d777e13b6e5f
raw/ausgrid_zone_substation_load/extracted/2016/Lisarow 33_11kV FY2016.csv,313701,.csv,141a090498f02a07347045cdc759225d19430e3bc4d3a243f5d322a98eafb24e
raw/ausgrid_zone_substation_load/extracted/2016/Long Jetty 66_11kV FY2016.csv,328186,.csv,46d1b81bcf8d04a0c0a63b3d6ed23ec89a45b6023e0e9fc4329bdf8917029d9a
raw/ausgrid_zone_substation_load/extracted/2016/Macquarie Park 132_11kV FY2016.csv,330307,.csv,62890623fa20d6736dcd3c7eb6aa81a2f3baae23e1491ae03022e2bf9d8e06e4
raw/ausgrid_zone_substation_load/extracted/2016/Maitland 33_11kV FY2016.csv,300830,.csv,0c31992c3c4be4219fc6c8497f5f42130c144802dd9ee6431a635b012499f278
raw/ausgrid_zone_substation_load/extracted/2016/Manly 33_11kV FY2016.csv,311046,.csv,a0aa8d266af713c7327f00abd573001322a518debecdc085411adf95e5d8ad09
raw/ausgrid_zone_substation_load/extracted/2016/Maroubra 132_11kV FY2016.csv,328095,.csv,7ef6edb50b1cd1cfcad6d4a9ee80fb6fd52dce083da7a7a6c8b036320bb29a27
raw/ausgrid_zone_substation_load/extracted/2016/Marrickville 132_11kV FY2016.csv,329575,.csv,83fe5ee50a7067a19e9dfd3df0d00e401de48fc348dcbbf365f273cedeedaf26
raw/ausgrid_zone_substation_load/extracted/2016/Maryland 132_11kV FY2016.csv,296739,.csv,9070e8efca27949b46abd68808eaf6acb1e31dc00b69f2990c4d26bebae4a402
raw/ausgrid_zone_substation_load/extracted/2016/Mascot 33_11kV FY2016.csv,327005,.csv,fd5c1c3121e67941d7a2612c51c01491a33712c9a687e2a23630a82c800ed163
raw/ausgrid_zone_substation_load/extracted/2016/Matraville 33_11kV FY2016.csv,328477,.csv,a3760ff911c21b65851c6d7d54feb571cde268be3630f0a40aebb9194c339e3a
raw/ausgrid_zone_substation_load/extracted/2016/Mayfield West 132_11kV FY2016.csv,317906,.csv,eb95546261a86354a9aabe039dd23ffce8b424d7c24d8f2f8651155daff95709
raw/ausgrid_zone_substation_load/extracted/2016/Meadowbank 132_11kV FY2016.csv,328822,.csv,c9ba9df8585e3b35331804be96520b75123b045e20dba50d093cdc2a033db3d6
raw/ausgrid_zone_substation_load/extracted/2016/Medowie 33_11kV FY2016.csv,294351,.csv,cc9ca308b4cd6a6e74989c95d4dd2832f07a3fd1ad1778aa5e84bac7457d09b5
raw/ausgrid_zone_substation_load/extracted/2016/Menai 132_11kV FY2016.csv,325604,.csv,71fab601504c58d4b9d3768bc81f3a98ada626ab99a20d94b6db60b2d7e79915
raw/ausgrid_zone_substation_load/extracted/2016/Merriwa 33_11kV FY2016.csv,293319,.csv,d9f31f028d8684172fde805197e93e73307e7301aff9c8c1093085d4b4e6308c
raw/ausgrid_zone_substation_load/extracted/2016/Metford 33_11kV FY2016.csv,214263,.csv,64eecf36773545192ad849271b668a52bed037b1f229c37821a4a249d5c2e296
raw/ausgrid_zone_substation_load/extracted/2016/Milperra 132_11kV FY2016.csv,327881,.csv,36f4aab2941817fed26d127fe70808b29fcab38831cbd41146327dc4f4c99a5c
raw/ausgrid_zone_substation_load/extracted/2016/Miranda 33_11kV FY2016.csv,324435,.csv,dd1bd51e7b628e314d4d2ab9479863639526578da58affeef84cc535c6546a2d
raw/ausgrid_zone_substation_load/extracted/2016/Mitchell Line 66_11kV FY2016.csv,296635,.csv,79e24f07329e669d38af112337f071998965db1331da114e7b7c2b550da75432
raw/ausgrid_zone_substation_load/extracted/2016/Mitchells Flat 66_11kV FY2016.csv,297092,.csv,2c3e3c823253a036100bb144dd46f0ea84b39ac3bc24583d0e301669243225f1
raw/ausgrid_zone_substation_load/extracted/2016/Mona Vale 33_11kV FY2016.csv,325180,.csv,25445760388189fe6faebb0153f67749ed69bac325a20f23b5fd91a5b9624bde
raw/ausgrid_zone_substation_load/extracted/2016/Moonan 33_11kV FY2016.csv,293737,.csv,b1637e5549be5c1728ba5fe5b27c7538580b93f0c5f0d44104c2acd4cdb970fa
raw/ausgrid_zone_substation_load/extracted/2016/Morisset 132_11kV FY2016.csv,304241,.csv,f7a679373842a3b5e533db72bc05b41d92a466e2139bdd6135d3e1bde542ef13
raw/ausgrid_zone_substation_load/extracted/2016/Mortdale 33_11kV FY2016.csv,327292,.csv,eae5729cc1385dd5fd8bb35fc6fba9dc8dd7f3498a56bfdae97cc169aac90d86
raw/ausgrid_zone_substation_load/extracted/2016/Mosman 132_11kV FY2016.csv,326627,.csv,77644ec99fc6b4c93032f43186331a64dbcb6d32ce4e1e2f587630cfb725d946
raw/ausgrid_zone_substation_load/extracted/2016/Mt Hutton 33_11kV FY2016.csv,296496,.csv,ccdc492a16b34a576a774de11567b4585576f10f46f92fe97de4a320632e85ec
raw/ausgrid_zone_substation_load/extracted/2016/Mt Thorley 66_11kV FY2016.csv,295502,.csv,ca9a3c993a3b66d3bf28d1b8e4979fb02fe759d8d373a1c783a948a0d26ffa0d
raw/ausgrid_zone_substation_load/extracted/2016/Muswellbrook 33_11kV FY2016.csv,296407,.csv,dc00a89996f5bc44768544684959b1ad19bb713e8c4f6a559ab2b16b1cc9e7c9
raw/ausgrid_zone_substation_load/extracted/2016/Narrabeen 33_11kV FY2016.csv,293872,.csv,40971132a232df0819cc6f77167cacbc8a98f438bd61a9c8262ff5df0c28c751
raw/ausgrid_zone_substation_load/extracted/2016/Nelson Bay 33_11kV FY2016.csv,286297,.csv,0b17b04e39253ca375e58ed4c3ad8ae8d7042f437f8651aaaf287affe3082c2a
raw/ausgrid_zone_substation_load/extracted/2016/Newcastle CBD 33_11kV FY2016.csv,331767,.csv,6377906f6445eed6a453ab258f967365b4d67df3d8ae9129fbdd09ba06a16692
raw/ausgrid_zone_substation_load/extracted/2016/Newport 33_11kV FY2016.csv,293825,.csv,a5b2a0928a07b696f8d5f6422cc8b02666c01b662bfada2c1f9dd27204b6fa56
raw/ausgrid_zone_substation_load/extracted/2016/Noraville 33_11kV FY2016.csv,306412,.csv,57bcb113652f04206c3f03985d2d174e11b83220084430c810ef483619b565e3
raw/ausgrid_zone_substation_load/extracted/2016/North Sydney 132_11kV FY2016.csv,213883,.csv,3b87cb3d1e35181ecad701c639c82a92762c80668ad07860e36569f46c1f9e52
raw/ausgrid_zone_substation_load/extracted/2016/North Sydney 33_11kV FY2016.csv,318140,.csv,bfd270077ced3e51e424cb774b896a4def8d7f21b19629338a624679741cd0bc
raw/ausgrid_zone_substation_load/extracted/2016/Nulkaba 33_11kV FY2016.csv,298750,.csv,2dc67f403dd331c5bf3ee6f3f9a4233b6ae4ec90004d8093aafcd334eedbee76
raw/ausgrid_zone_substation_load/extracted/2016/Paddington 33_11kV FY2016.csv,328366,.csv,35baaa5e6f0331e642b8e1951cd051657ceee6df71488bf057d8bfe61275d723
raw/ausgrid_zone_substation_load/extracted/2016/Paxton 33_11kV FY2016.csv,198761,.csv,acc341c4faedb612c94e90cb934951d2edbea115bd2c26fee2cf456c9d718bee
raw/ausgrid_zone_substation_load/extracted/2016/Peats Ridge 33_11kV FY2016.csv,293946,.csv,8d555087562c23fb76e473df9a0c953e2e5e9c6e20acbe444013001e42fbb501
raw/ausgrid_zone_substation_load/extracted/2016/Pelican 33_11kV FY2016.csv,294583,.csv,bac45c2b727fb2ec2554f365ecc0392c766b4b08cac049fea9e2b0c3bf7cbe59
raw/ausgrid_zone_substation_load/extracted/2016/Pennant Hills 132_11kV FY2016.csv,329941,.csv,700b80823c1862ad1480edf5e31b20c0453d508dd3e417874b3bc850492d4fda
raw/ausgrid_zone_substation_load/extracted/2016/Port Botany 33_11kV FY2016.csv,293950,.csv,b5e69a90e2211420bfda299a2610028c59f245727936bb9f351d76644eb948c8
raw/ausgrid_zone_substation_load/extracted/2016/Potts Hill 132_11kV FY2016.csv,331033,.csv,2b120d8c229f518670a5cabe1b75a6fac74c6a62a1113dcaae30844eee120d2a
raw/ausgrid_zone_substation_load/extracted/2016/Punchbowl 33_11kV FY2016.csv,326768,.csv,1cbe62913ac19ab38765a91b72e10ae4db3baefd4249e8caf229da1cee99a2e5
raw/ausgrid_zone_substation_load/extracted/2016/Pymble 33_11kV FY2016.csv,322397,.csv,64fa3dd6ea08029be875b445b304e38abf0c6a047306a46fdb0104cc42ce2b41
raw/ausgrid_zone_substation_load/extracted/2016/Rathmines 132_11kV FY2016.csv,295975,.csv,692c6ef9d76b2d8236691db74f8f1b09bd5313a0624b6fd16f2bd9f97c79f5cb
raw/ausgrid_zone_substation_load/extracted/2016/Raymond Terr NEW 33_11kV FY2016.csv,313105,.csv,2a4606f40696ce1d92d3da42821f2882f7f28dad0a1028a304d6d6ea3c21bd60
raw/ausgrid_zone_substation_load/extracted/2016/Revesby 132_11kV FY2016.csv,325917,.csv,f611218ea7580bb1e10fd223e65c0dd8994123f82217a250d485d13b6c44c6e8
raw/ausgrid_zone_substation_load/extracted/2016/Riverwood 33_11kV FY2016.csv,312617,.csv,2b0d804c3eb56f249718e792397a9b77f6ebf9593846b4b801c9581a88cc9e2d
raw/ausgrid_zone_substation_load/extracted/2016/Rockdale 33_11kV FY2016.csv,300674,.csv,e5cdcf90df670148234d30047179f938ca327b19df7c06dc7cfafe6ccd04cfdb
raw/ausgrid_zone_substation_load/extracted/2016/Rose Bay 132_11kV FY2016.csv,291870,.csv,b22dbb930572c90e8d2e8fe68498d3c00a9b014a9c86971b13ec988e0a7b4348
raw/ausgrid_zone_substation_load/extracted/2016/Rose Bay 33_11kV FY2016.csv,292103,.csv,0dad3eff0a02f9edce7fd6aaf92216f47e3a7c015c239207ca3e7757bb6ea9b7
raw/ausgrid_zone_substation_load/extracted/2016/Rothbury 132_11kV FY2016.csv,295045,.csv,6d3fcb1e1e5fb4e36d4dc6a6c972a8d6b3d0eb5d18dfc1ea20e4a9bedd9ccd3f
raw/ausgrid_zone_substation_load/extracted/2016/Rouchel 33_11kV FY2016.csv,294075,.csv,13f04346fc342878f97a59599a2adc451241029a40c0c20aa10281d668e2dfbb
raw/ausgrid_zone_substation_load/extracted/2016/Rutherford 33_11kV FY2016.csv,320187,.csv,a5baa7f79a34496baf1751ddc922a2985977d1e7ce605fcb7e749d2d9f7ecedc
raw/ausgrid_zone_substation_load/extracted/2016/Sans Souci 33_11kV FY2016.csv,295699,.csv,51ddab68f072dc9f6ca71e7ea3dfcb85b770c83cc1615cce91ad33dc654c6ff8
raw/ausgrid_zone_substation_load/extracted/2016/Scone 66_11kV FY2016.csv,296711,.csv,92accad1a62765d77932bb424c1cd673f082810dd35ade53bee8b9d54b0f8585
raw/ausgrid_zone_substation_load/extracted/2016/Sefton 132_11kV FY2016.csv,326547,.csv,f3140fbf90d371b457753e75ceadb6ede4c2385ada9feb7375e87ae4a44c54d8
raw/ausgrid_zone_substation_load/extracted/2016/Singleton North 66_11kV FY2016.csv,297491,.csv,99cbda5975356065c759445aa83b42ad8c5d6edefafbd9b2b486234f4d4d7db7
raw/ausgrid_zone_substation_load/extracted/2016/Somersby 132_11kV FY2016.csv,307766,.csv,7fce3fde4f55535ba9ff468ddc9f2dc9e892422600d0ea28dfa39fea309b52fe
raw/ausgrid_zone_substation_load/extracted/2016/St Ives 33_11kV FY2016.csv,325655,.csv,fe3ab14a41af556fee5bf90f5b672267c3949dd7147e5775ac6ed574e6a583ec
raw/ausgrid_zone_substation_load/extracted/2016/St Peters 132_11kV FY2016.csv,327516,.csv,4519ab13d1fe85be064021bc7f3753502711ac72b90621b702f31dfa663ce0a4
raw/ausgrid_zone_substation_load/extracted/2016/Stockton 33_11kV FY2016.csv,294805,.csv,73f1c8d8468ea25721dc4210f7dfa25ba72bc9232aabf80bb465450be9a31f44
raw/ausgrid_zone_substation_load/extracted/2016/Surry Hills 33_11kV FY2016.csv,328075,.csv,27a82ebd9c260b9a2245d88c8d1c96be619605b27d8414bb4e1647b001afbb59
raw/ausgrid_zone_substation_load/extracted/2016/Swansea 33_11kV FY2016.csv,294623,.csv,3cb42eeff5d77bfd3720d903f2e56d4b47448ec289f6766a4a4d8c6971422ccf
raw/ausgrid_zone_substation_load/extracted/2016/Tanilba Bay 33_11kV FY2016.csv,295903,.csv,9e9782d11d8e51475e80fdccc085f710a73f340eb40f280331b9607fe4cfd152
raw/ausgrid_zone_substation_load/extracted/2016/Telarah 33_11kV FY2016.csv,294868,.csv,5e3ac1605845af1da45e8e048024bafbc4e047af3d8c6e1afe689e96cddfefc7
raw/ausgrid_zone_substation_load/extracted/2016/Terrey Hills 33_11kV FY2016.csv,298288,.csv,5086d6e2b65b7680c133dd0f8aa40d93f44156f1e745a22d45b86fd63a288def
raw/ausgrid_zone_substation_load/extracted/2016/Thornton 33_11kV FY2016.csv,312333,.csv,7f8cc85eb45a8f03ae1314afa0465ffe01fcb16e77fe4628cf47b74a119fe11a
raw/ausgrid_zone_substation_load/extracted/2016/Tomago 33_11kV FY2016.csv,294351,.csv,e216a908361c05a1ec19759bb655022055a67990757373285630af6b8ccc4b12
raw/ausgrid_zone_substation_load/extracted/2016/Tomalpin 33_11kV FY2016.csv,269731,.csv,cbbe644eb47f646adb7b3f91299a3dd57b14f3b1b376994ef2f43ff3c29ba4c7
raw/ausgrid_zone_substation_load/extracted/2016/Tomaree 33_11kV FY2016.csv,296089,.csv,a19a0dcf5421f35427e0d0f2fa92f9a9d0036a26309b502c2f36bc3a54deed6a
raw/ausgrid_zone_substation_load/extracted/2016/Top Ryde 132_11kV FY2016.csv,327329,.csv,af879ecc168e1aac84fc3e7f68b01b58848e0107fa6c7a0707db97e8d262c731
raw/ausgrid_zone_substation_load/extracted/2016/Toronto 33_11kV FY2016.csv,295025,.csv,b73732741ac02fa065cf2c28b9da0604ef71dbd3a13cc4ef3410314841926892
raw/ausgrid_zone_substation_load/extracted/2016/Turramurra 33_11kV FY2016.csv,328251,.csv,0f1d50612dc532a64a15522947fbe91d904cbc4c7765ded4be2b90fdbef7f7c7
raw/ausgrid_zone_substation_load/extracted/2016/Umina 66_11kV FY2016.csv,311538,.csv,9c66e747c3e701a90e4c00ec078f82aafad12110415211d68544505a13c9101a
raw/ausgrid_zone_substation_load/extracted/2016/Wallalong 33_11kV FY2016.csv,112968,.csv,14d71bab143f7526070991922f8c0cbf019027da6e1d805d1af3e90157c018e6
raw/ausgrid_zone_substation_load/extracted/2016/Wamberal 132_11kV FY2016.csv,295822,.csv,5ca1bca47d077e824accd07fee00ad559daa1bd0dda4100c3c7aa4beede47165
raw/ausgrid_zone_substation_load/extracted/2016/Wamberal 66_11kV FY2016.csv,131628,.csv,0fd8bf507a970eb2b8dc252e53dbbbeb358f9cb356c769a3e0b6cebdc2a2ab41
raw/ausgrid_zone_substation_load/extracted/2016/Waverley 132_11kV FY2016.csv,320757,.csv,ac1ffda6c0f75549a2f3e381463c7832378bd8f67b897670ad148b11afc076eb
raw/ausgrid_zone_substation_load/extracted/2016/West Gosford 132_11kV FY2016.csv,328799,.csv,49b69c9c3e751b890e0ad04d2bd65895f5c92c86e12b8666fd29ad041d8a4176
raw/ausgrid_zone_substation_load/extracted/2016/Woy Woy 66_11kV FY2016.csv,298286,.csv,9e44559e43affc710a1153d655bc816b48b1ada4c5e4da5c40e82a6265e32616
raw/ausgrid_zone_substation_load/extracted/2016/Wyong 132_11kV FY2016.csv,320695,.csv,97ad061e2adcd78195f971343742c2e853474bcfc0c69b1e524580b213753ae0
raw/ausgrid_zone_substation_load/extracted/2016/Zetland 132_11kV FY2016.csv,326977,.csv,898da797be66f88b85ca923107ead8d031d5b489fa8ad0394bd0ec71b5bcce82
raw/ausgrid_zone_substation_load/extracted/2017/FY 2017/Aberdeen 33_11kV FY2017.csv,48749,.csv,99ca984899d7905aa9d95df0efeafd06d526b5583642e2b4d91db5fbaa3a217c
raw/ausgrid_zone_substation_load/extracted/2017/FY 2017/Aberdeen 66_11kV FY2017.csv,294001,.csv,d1bc8423dbfd2ee013643eacf056300a6cc24bbe47ab0d3c5a88e0bdef0c3e3e
raw/ausgrid_zone_substation_load/extracted/2017/FY 2017/Adamstown 132_11kV FY2017.csv,311237,.csv,16033c39d1c59c8f2c91b41c3cb03c0f973f01480db47ccf9afe069937788a2b
raw/ausgrid_zone_substation_load/extracted/2017/FY 2017/Adamstown 33_11kV FY2017.csv,49114,.csv,676dd053f28a9ef9e010d4053b31c14e462c47dec556d631b674ebcdf35aa62f
raw/ausgrid_zone_substation_load/extracted/2017/FY 2017/Argenton 132_11kV FY2017.csv,324913,.csv,70b7a338cb1d66ae4a7d3f8eb96288aeea56d244d3e83bd6c6e3df8ce35bb419
raw/ausgrid_zone_substation_load/extracted/2017/FY 2017/Arncliffe 33_11kV FY2017.csv,309171,.csv,83ba4aaaa4d06bc6c0ea5cd49b8fcfe0c89da68a8b85c4d096540c1603251d04
raw/ausgrid_zone_substation_load/extracted/2017/FY 2017/Auburn 33_11kV FY2017.csv,308912,.csv,cc7e4bf1e92de0573d9f2a0f424d61b06c8b004e861160c582f7724662436493
raw/ausgrid_zone_substation_load/extracted/2017/FY 2017/Avoca 66_11kV FY2017.csv,325277,.csv,8c2fbdb7a1c51db97621c15baf13ca9be29b22a18f3dfd47c69a93dc06c3766c
raw/ausgrid_zone_substation_load/extracted/2017/FY 2017/Avondale 33_11kV FY2017.csv,294269,.csv,17922d540801874b9e7f4cdbef3747389ea91f5c8eac1b3dff69d709805f8ae0
raw/ausgrid_zone_substation_load/extracted/2017/FY 2017/Baerami 33_11kV FY2017.csv,293279,.csv,9041d0d9174d27c19a864956d39747c4302bfe4f9215a53cd4afae5ae31bf100
raw/ausgrid_zone_substation_load/extracted/2017/FY 2017/Balgowlah 33_11kV FY2017.csv,49114,.csv,882de2f34a1c101d9318d21b9ebf868365ea6a7053b0a6f26e733d31da3823e9
raw/ausgrid_zone_substation_load/extracted/2017/FY 2017/Balgowlah North 132_11kV FY2017.csv,325754,.csv,1f7d6c7f650fb8213738264e5ffae0f676e81d89131cadd2436d2cba080f9ecf
raw/ausgrid_zone_substation_load/extracted/2017/FY 2017/Bankstown 132_11kV FY2017.csv,251733,.csv,f8c2c7400ea956b54caa163087c21873038048bbbffc0dbde54362c48f4a50d6
raw/ausgrid_zone_substation_load/extracted/2017/FY 2017/Bass Hill 33_11kV FY2017.csv,312603,.csv,b041dd207c5c12ef15a014a2a92eb8d08b2fbc55a9933ca2a45e6c5ed27458b6
raw/ausgrid_zone_substation_load/extracted/2017/FY 2017/Beacon Hill 33_11kV FY2017.csv,310357,.csv,f1f907f69d0d89ad20a52023126dfd35905b83ffe6dddb296b79b6fdf1062836
raw/ausgrid_zone_substation_load/extracted/2017/FY 2017/Belmore Park 132_11kV FY2017.csv,50574,.csv,dae5e87a256e4bb016cc5dc3dedf1729e59fbe9274d8e8415b75778e76ec010e
raw/ausgrid_zone_substation_load/extracted/2017/FY 2017/Belrose 33_11kV FY2017.csv,317360,.csv,0f016f16c435ea7354da7d894ab177654b67006555df98ca736c2895a54459f5
raw/ausgrid_zone_substation_load/extracted/2017/FY 2017/Berkeley Vale 132_11kV FY2017.csv,331208,.csv,db614c3689fec0e879720024cd1a43f1b856258c2efa6cff1dae24302dbc1fa0
raw/ausgrid_zone_substation_load/extracted/2017/FY 2017/Berowra 132_11kV FY2017.csv,305944,.csv,67df116c5851d3a0250855527ea13037008c5b8e0630f8c653fb7caf668d6864
raw/ausgrid_zone_substation_load/extracted/2017/FY 2017/Blackwattle Bay 33_5kV FY2017.csv,319752,.csv,59cc5a0d87dcdcd51a286dd2a370ee6204004b34b071ed810cf7d759d9adf9e8
raw/ausgrid_zone_substation_load/extracted/2017/FY 2017/Blakehurst 33_11kV FY2017.csv,302341,.csv,fa111686253869ade913ecd4ea69ea68f4749a05c13c2ad674e2dfc64f10d682
raw/ausgrid_zone_substation_load/extracted/2017/FY 2017/Boolaroo 33_11kV FY2017.csv,48749,.csv,b8cf3db32fce83854e2afb7d23ec728e316d244f921404d71b0483d25080744b
raw/ausgrid_zone_substation_load/extracted/2017/FY 2017/Botany 33_11kV FY2017.csv,323060,.csv,d8e34e6bf4b6659d1c344434fd2bf207b5280a860d4db5e2c7fd215b269d259c
raw/ausgrid_zone_substation_load/extracted/2017/FY 2017/Brandy Hill 132_11kV FY2017.csv,295465,.csv,881f409b1e689563d38851d567f719cc4246c9dc55baff50fdb828daf80ad5ec
raw/ausgrid_zone_substation_load/extracted/2017/FY 2017/Branxton 66_11kV FY2017.csv,294599,.csv,faed34cb7c3651b0285d03e62318c1d4331bd92583285c39150ff4b341befd05
raw/ausgrid_zone_substation_load/extracted/2017/FY 2017/Broadmeadow 132_11kV FY2017.csv,315416,.csv,fb0187c2cbf10ce502df5895d3b7dcbe11086432292d296b6a963884b0c4d50b
raw/ausgrid_zone_substation_load/extracted/2017/FY 2017/Broadmeadow 33_11kV FY2017.csv,218488,.csv,8f340f2938e4f90784c717545d80791752f08a9807389c88582a17c25952dd3e
raw/ausgrid_zone_substation_load/extracted/2017/FY 2017/Brookvale 33_11kV FY2017.csv,327690,.csv,29a84091e5b3b1db2ae4594330f7c314e09cf20cfe226f5276e6fcaab46e6a45
raw/ausgrid_zone_substation_load/extracted/2017/FY 2017/Burwood 132_11kV FY2017.csv,328229,.csv,4c84a6550bbf5ce133e18b526f692d38885096482622e4ccf29f2a592a91bdc9
raw/ausgrid_zone_substation_load/extracted/2017/FY 2017/Campbell St 132_11kV FY2017.csv,329721,.csv,071aee6d9daa9073970910e784a874f25f26b83645ed6f7425992b20f659dda1
raw/ausgrid_zone_substation_load/extracted/2017/FY 2017/Camperdown 33_11kV FY2017.csv,299385,.csv,49b3a4c1b398e099640837e856479a2b62df169e683699edc8e38003791d3df4
raw/ausgrid_zone_substation_load/extracted/2017/FY 2017/Camperdown 33_5kV FY2017.csv,294359,.csv,329b1eacd70149d3df3381c6acca6d4083dc89a7dfc77f4c9fe1fb095d0baf25
raw/ausgrid_zone_substation_load/extracted/2017/FY 2017/Campsie 33_11kV FY2017.csv,328664,.csv,d5c15ba9d99b0886beedc57d7afc04b86c18255749feaf36db11b6eee7d1036e
raw/ausgrid_zone_substation_load/extracted/2017/FY 2017/Cardiff 33_11kV FY2017.csv,294754,.csv,4862799f27da7078960033f2e6a17ac97acf2928403fa18e0e29513d9664daa8
raw/ausgrid_zone_substation_load/extracted/2017/FY 2017/Careel Bay 33_11kV FY2017.csv,294983,.csv,51d189621cc6afd0fa13b8a3f75836a7b611fbbeb1e7c96220146577b6db25fd
raw/ausgrid_zone_substation_load/extracted/2017/FY 2017/Caringbah 33_11kV FY2017.csv,315885,.csv,493c7218b7f36772c48ec48673963ec6743991c233ad2448bd864ddad9e3b26e
raw/ausgrid_zone_substation_load/extracted/2017/FY 2017/Carrington 33_11kV FY2017.csv,314709,.csv,aac7faad9e59eb7649dc40e692dfb524075094fb45fc442cacf47c9adbd9690a
raw/ausgrid_zone_substation_load/extracted/2017/FY 2017/Castle Cove 132_11kV FY2017.csv,329721,.csv,e5a2b83cda1bec0a0422245dfbb908128265c29ef4d91c017d1cfdf6364bc60c
raw/ausgrid_zone_substation_load/extracted/2017/FY 2017/Cessnock 33_11kV FY2017.csv,298277,.csv,bc9eb93abe62e0aa8d95abd9c17d25467c7a646abc58f34a2e304abec5d5d661
raw/ausgrid_zone_substation_load/extracted/2017/FY 2017/Cessnock South 33_11kV FY2017.csv,50939,.csv,96a0264b92b0d24a15a91c199b13f2f6b0170530c59e4327b5d178bd27834030
raw/ausgrid_zone_substation_load/extracted/2017/FY 2017/Charlestown 132_11kV FY2017.csv,323927,.csv,1f461005bdf62ad78ca720c26914461415bea1f3bcfff476fd4197c7239bee9c
raw/ausgrid_zone_substation_load/extracted/2017/FY 2017/Charlestown 33_11kV FY2017.csv,49844,.csv,59ecd8537a325824bb9bc9384d7ba30cdb835d198dc12da6fac2b7de4f6a3ad0
raw/ausgrid_zone_substation_load/extracted/2017/FY 2017/Charmhaven 132_11kV FY2017.csv,328863,.csv,437f31d921c692226ef0e6dcb7cc9c2d493c3e431bf19de9e32059578aa4d6a2
raw/ausgrid_zone_substation_load/extracted/2017/FY 2017/Chatswood 33_11kV FY2017.csv,328626,.csv,8087673a0750edac1e93524e087460debe990cc66afcd8ff0aa7278c4f7a6ba3
raw/ausgrid_zone_substation_load/extracted/2017/FY 2017/City Central 132_11kV FY2017.csv,330210,.csv,c273098a2d240cfdc9ed5c6cf79773ebaac16d823f550bd18897354beb006a28
raw/ausgrid_zone_substation_load/extracted/2017/FY 2017/City East 132_11kV FY2017.csv,49479,.csv,b42c127c63868e86e551da86fddaa7ce3b5087cb64edae734789a27a4d498838
raw/ausgrid_zone_substation_load/extracted/2017/FY 2017/City East 33_11kV FY2017.csv,328475,.csv,5e3b63e806b3805133ddc891b72432cf254e5a0588ae81ad58cd0f296fe72ac6
raw/ausgrid_zone_substation_load/extracted/2017/FY 2017/City North 132_11kV FY2017.csv,330108,.csv,c62946c31babf49e31c7718904e1fa2e0423416d9046377d38d460aa796df2db
raw/ausgrid_zone_substation_load/extracted/2017/FY 2017/City North 33_11kV FY2017.csv,49479,.csv,eade33ea8553478638099c88420d1da661fe28357bc426ec2c8ebe9845fe964e
raw/ausgrid_zone_substation_load/extracted/2017/FY 2017/City South 132_11kV FY2017.csv,332071,.csv,411690a2d326b6904b641b03d08bc2bc820763f28775313cbe6f0b81a5e3bed5
raw/ausgrid_zone_substation_load/extracted/2017/FY 2017/Clovelly 132_11kV FY2017.csv,329394,.csv,0a38902728feafa8a92d57bbdd3344302389b5ee29d509ad3414dcc220f732eb
raw/ausgrid_zone_substation_load/extracted/2017/FY 2017/Concord 33_11kV FY2017.csv,327896,.csv,cc7b0226fc2346f3018498759e794189eb049aa2d3366232242b0f4e7b958aae
raw/ausgrid_zone_substation_load/extracted/2017/FY 2017/Cronulla 132_11kV FY2017.csv,329394,.csv,6a17cd9c58e6c72bf63f9939227222a9e41681c5b9915fe9070abaa20823c4d7
raw/ausgrid_zone_substation_load/extracted/2017/FY 2017/Croudace Bay 33_11kV FY2017.csv,296030,.csv,c1ef344bc6c91524af8db1d45e9d2a89312b6bb5e7a0d7d32e86d04ef01f60dd
raw/ausgrid_zone_substation_load/extracted/2017/FY 2017/Crows Nest 132_11kV FY2017.csv,325537,.csv,7e889a3b4a2f941df16dfb45b1dee5f9ee2482d17bb80dbecb7fbf7eb11bec51
raw/ausgrid_zone_substation_load/extracted/2017/FY 2017/Crows Nest 33_11kV FY2017.csv,294533,.csv,7043ca630822c42689509d34df32c7103661fbe2e6bf69efc2677049c295d8ed
raw/ausgrid_zone_substation_load/extracted/2017/FY 2017/Croydon 132_11kV FY2017.csv,48749,.csv,1ad404714426b6004511ae300cea8e0bb080a15de5f559f234180da50518817c
raw/ausgrid_zone_substation_load/extracted/2017/FY 2017/Dalley St 132_11kV FY2017.csv,328992,.csv,a1d65582264ef50006d947fd88f4a05a554442e7e79905f8c64b726b57137798
raw/ausgrid_zone_substation_load/extracted/2017/FY 2017/Darling Harbour 132_11kV FY2017.csv,331765,.csv,2c34772414a322bb0ee7eeb2e272466b63287e4bbd3a96a0b7c16e6d9dfa7f81
raw/ausgrid_zone_substation_load/extracted/2017/FY 2017/Darlinghurst 33_11kV FY2017.csv,329721,.csv,cba74c20ac165b9521c35f0ad4a4b1264a2470f61b79955c63348513a0a2e58e
raw/ausgrid_zone_substation_load/extracted/2017/FY 2017/Dee Why West 33_11kV FY2017.csv,329711,.csv,0c3c26a157802b076ea0b4de85d34d9e729bd81829e774ac32a424cfb8bccbbb
raw/ausgrid_zone_substation_load/extracted/2017/FY 2017/Denman 66_11kV FY2017.csv,293264,.csv,6685b620c2d94ca64965846cf235e989b13e1110d2b14038892915f68ded8306
raw/ausgrid_zone_substation_load/extracted/2017/FY 2017/Double Bay 132_11kV FY2017.csv,329356,.csv,b6aca655aa6f07659ad03cddc10495f4e40c67bc3a289641468149c82c69c049
raw/ausgrid_zone_substation_load/extracted/2017/FY 2017/Drummoyne 132_11kV FY2017.csv,329759,.csv,161be423d501c8e228d3ee6b72d8ade1510b36ede6ef9c74128a4500ab7b5f22
raw/ausgrid_zone_substation_load/extracted/2017/FY 2017/Dudley 33_11kV FY2017.csv,48019,.csv,76e8f16d51a9d3066053213835217f38beed6a327a4c60767d089760184dfcaa
raw/ausgrid_zone_substation_load/extracted/2017/FY 2017/Dulwich Hill 33_11kV FY2017.csv,329721,.csv,ec03995436e857f744b5173f4122b0ded8684829e0f192a5a64b370feee1a636
raw/ausgrid_zone_substation_load/extracted/2017/FY 2017/East Maitland 33_11kV FY2017.csv,50574,.csv,3bd5d711714a0ccb1c46160e9bd8b8997bb3a0bfb0626d53a5fd4bd1c61c1b52
raw/ausgrid_zone_substation_load/extracted/2017/FY 2017/Edgeworth 33_11kV FY2017.csv,297880,.csv,df6b4a8898d2e929f22a09ab477fe07bf6116f16ad79a70a87bb2f9c868dfdf5
raw/ausgrid_zone_substation_load/extracted/2017/FY 2017/Empire Bay 66_11kV FY2017.csv,294949,.csv,e60607ba865a914731d5b554ba97884f444c768729cb685381468e0398df6629
raw/ausgrid_zone_substation_load/extracted/2017/FY 2017/Enfield 33_11kV FY2017.csv,311307,.csv,657a1df3e392dea03d437c2ea8c0b2ba299c251d598020c799e7515eded79075
raw/ausgrid_zone_substation_load/extracted/2017/FY 2017/Engadine 132_11kV FY2017.csv,222502,.csv,922ce87be6aab14d1281523534d827b5890d81bb155840c884709e85e7196e54
raw/ausgrid_zone_substation_load/extracted/2017/FY 2017/Engadine 33_11kV FY2017.csv,301954,.csv,3cd87a5368f0eeb60b36d8d967a96a493c25ec2808a2c9b80f916292d1e374fa
raw/ausgrid_zone_substation_load/extracted/2017/FY 2017/Epping 66_11kV FY2017.csv,328242,.csv,65bc4fc828c00d61d024a82d32898f28d443e4b26d188d734a7e1e6b1fed38a4
raw/ausgrid_zone_substation_load/extracted/2017/FY 2017/Erina 66_11kV FY2017.csv,321364,.csv,b9673bc9f5e54fbf4030fc9b791ac09a232be14b202828877ee57240a4ea5e62
raw/ausgrid_zone_substation_load/extracted/2017/FY 2017/Five Dock 33_11kV FY2017.csv,327769,.csv,66f967d9499b01c0af2ff623240fd5164389b6d2daaed2ece726f2f5773a3305
raw/ausgrid_zone_substation_load/extracted/2017/FY 2017/Flemington 132_11kV FY2017.csv,330124,.csv,c92e651604e87dd002b2169b165bc2681bf7f57cf819cd222ccfb5278fcd3674
raw/ausgrid_zone_substation_load/extracted/2017/FY 2017/Galston 132_11kV FY2017.csv,294126,.csv,2f96d6030ba45a9bcc0e340877b9bcab30baee95b609bf3a3819dcde8a3fd9bb
raw/ausgrid_zone_substation_load/extracted/2017/FY 2017/Gateshead 33_11kV FY2017.csv,296892,.csv,25c0c9e29d4c034e190d063ff4aa2fae9ce1898450a783718d1a5131e20ab829
raw/ausgrid_zone_substation_load/extracted/2017/FY 2017/Gore Hill 33_11kV FY2017.csv,329402,.csv,094716960573b561d6c45622b6f3fae50fc2081f76f5fb9070d703eab07ef13f
raw/ausgrid_zone_substation_load/extracted/2017/FY 2017/Green Square 132_11kV FY2017.csv,330086,.csv,c85e5837e4ce6fb5b4283c1b27d6799ecc47166652f50c9ecf9080be4a577b24
raw/ausgrid_zone_substation_load/extracted/2017/FY 2017/Greenacre Park 132_11kV FY2017.csv,330816,.csv,7554b32c9871d4a1ca04afb9c7f23f5a812a0046479eca60e8174b474b1c2224
raw/ausgrid_zone_substation_load/extracted/2017/FY 2017/Gwawley Bay 132_11kV FY2017.csv,324860,.csv,4b55cf15030908a99c27b73514d304a17086fde74fc67088d5f9e9d8e9783cd7
raw/ausgrid_zone_substation_load/extracted/2017/FY 2017/Gwawley Bay 33_11kV FY2017.csv,322959,.csv,329cc2e26fa219eae624cc94cab7030a62a3399432ecad6cc384fd80ec8308c6
raw/ausgrid_zone_substation_load/extracted/2017/FY 2017/Harbord 33_11kV FY2017.csv,300021,.csv,a67d50c36aed4787be3eb28cb8397b07a4f9327b03b31a8903f59cf8d9cfa486
raw/ausgrid_zone_substation_load/extracted/2017/FY 2017/Homebush Bay 132_11kV FY2017.csv,330086,.csv,127dbfb88da806a87c4a2b51c306cec06eefac5dea4a34c53c865218118b78f3
raw/ausgrid_zone_substation_load/extracted/2017/FY 2017/Hornsby 132_11kV FY2017.csv,328261,.csv,035f3cee01adc9f87e7fa0ec08aa457c0593cc0d53976f78432c45ad73d43180
raw/ausgrid_zone_substation_load/extracted/2017/FY 2017/Hunters Hill 66_11kV FY2017.csv,328924,.csv,fd6f2bbb4f0a158f39cc9df4de217261a090f8e0ee62358f47b5ee48426865f1
raw/ausgrid_zone_substation_load/extracted/2017/FY 2017/Hurstville North 132_11kV FY2017.csv,318235,.csv,d2a2a53ce72db7643c7d105116f576c88fb5094b07ffbb4e77c642f881aad6b0
raw/ausgrid_zone_substation_load/extracted/2017/FY 2017/Hurstville North 33_11kV FY2017.csv,51669,.csv,8981b332e7fc80af3b7b1350c1d762da039be3e2652091e8199bf71c168cc54c
raw/ausgrid_zone_substation_load/extracted/2017/FY 2017/Jannali 33_11kV FY2017.csv,315507,.csv,f84d5c2d81a34c1823e66f9536ed78ccdc86d2c0ea9094a8908838111120db8b
raw/ausgrid_zone_substation_load/extracted/2017/FY 2017/Jesmond 132_11kV FY2017.csv,329037,.csv,27da41a16e5da6730a265067c78d70b6945b3e65649a7f6662c91d46b88dc67a
raw/ausgrid_zone_substation_load/extracted/2017/FY 2017/Jewells 33_11kV FY2017.csv,294519,.csv,0f0283c1556fcd61ead9f08e7c4df2e93ca0b4248433d4bb4eb031472e805b63
raw/ausgrid_zone_substation_load/extracted/2017/FY 2017/Killarney 33_11kV FY2017.csv,295081,.csv,176bbdba5e5fb901eb3f2f21f80941eccf0823e57c46cf9f9d8a60593c77bf9d
raw/ausgrid_zone_substation_load/extracted/2017/FY 2017/Kingsford 132_11kV FY2017.csv,328559,.csv,a84445808280b20febd0e39bca7c2eae0380de6c6ff7c74b07bfdd2e6d9cabcf
raw/ausgrid_zone_substation_load/extracted/2017/FY 2017/Kirrawee 132_11kV FY2017.csv,326464,.csv,a8a50ace44fd501856d1a3f0374c4b8cc8d37916a21e9804c61d5401ecfeca9f
raw/ausgrid_zone_substation_load/extracted/2017/FY 2017/Kogarah 132_11kV FY2017.csv,327957,.csv,b2b0ce02f38b5d7375c098b8102cc3a80fd8f3f3588d3c31ea7759b034873913
raw/ausgrid_zone_substation_load/extracted/2017/FY 2017/Kotara 33_11kV FY2017.csv,305558,.csv,b70dd2491c70ecd17f2f18daa1aa1bf93dcb5c9ad9d565e3c427a729ef227234
raw/ausgrid_zone_substation_load/extracted/2017/FY 2017/Kurnell 33_11kV FY2017.csv,48384,.csv,7b0eec07ab3dca56cd6c8e8502db10ce3fede9e1d985b5ffea28b14fb2497e07
raw/ausgrid_zone_substation_load/extracted/2017/FY 2017/Kurnell 33_6.3kV FY2017.csv,48749,.csv,e96960cf634d4d3aa6d0e71b0401cc34c62c443e730e5df092d0991f74090f99
raw/ausgrid_zone_substation_load/extracted/2017/FY 2017/Kurnell South 132_11kV FY2017.csv,296191,.csv,b712dab0bd73f96e5873982fc402fd78c679fb410d2aeebe056dc8737b22bfd4
raw/ausgrid_zone_substation_load/extracted/2017/FY 2017/Kurri 132_11kV FY2017.csv,306036,.csv,e9707e9edf9524b6afedecdf942066aae36af955fdfc105cf9323df4da9c5f80
raw/ausgrid_zone_substation_load/extracted/2017/FY 2017/Kurri 33_11kV FY2017.csv,47654,.csv,f930ba0f71c7cd9375bd9744458d594a8016c9d6d0fe9eed235612e7bb6dbfd0
raw/ausgrid_zone_substation_load/extracted/2017/FY 2017/Lake Munmorah 132_11kV FY2017.csv,302472,.csv,2ef3061d223fa18591d21818cdd112c804425dc175ec7b2f8cdd97c2bfe1bfc5
raw/ausgrid_zone_substation_load/extracted/2017/FY 2017/Lake Munmorah 33_11kV FY2017.csv,50574,.csv,b857dd9e1132c8ecc2f3f261a5258b535f901850355e4718fb714235c1b99e03
raw/ausgrid_zone_substation_load/extracted/2017/FY 2017/Leichhardt 132_11kV FY2017.csv,49844,.csv,80ff15a0a501442b6966fdca0cf31089572a11ad5ef02f3e6304528410418c47
raw/ausgrid_zone_substation_load/extracted/2017/FY 2017/Leichhardt 33_11kV FY2017.csv,316338,.csv,341f788de4d0f98708a23e3cf34cf126f9560d05bea543caac21ed1830372f57
raw/ausgrid_zone_substation_load/extracted/2017/FY 2017/Leightonfield 33_11kV FY2017.csv,319588,.csv,86e0ff8af0656974ac7b8f67ff61c7930087d3869faa58debeb4e3d4b008c496
raw/ausgrid_zone_substation_load/extracted/2017/FY 2017/Lemington 66_11kV FY2017.csv,294366,.csv,4c23e0c3e75daa0342286d9d6283a6f2a0634bcf25d0323175e9f42eec8cb3f8
raw/ausgrid_zone_substation_load/extracted/2017/FY 2017/Lidcombe 33_11kV FY2017.csv,304234,.csv,b822851d046a46d000063b4127c87ef09ecb66c193457e827e910e78c3570347
raw/ausgrid_zone_substation_load/extracted/2017/FY 2017/Lindfield 33_11kV FY2017.csv,322819,.csv,712477a375be5ee0d8b1d6613f8b01e8a034de0b0052b2a01f776b9d4cadf972
raw/ausgrid_zone_substation_load/extracted/2017/FY 2017/Lisarow 33_11kV FY2017.csv,316265,.csv,a10b3608b0b709929c2679ed8ba55ed1c5a1caf2ecb3273a61ce496306218b0c
raw/ausgrid_zone_substation_load/extracted/2017/FY 2017/Long Jetty 33_11kV FY2017.csv,49479,.csv,b6b673cf2b4028f07740f4a7504769483aac3192c5719d971d94175838e05cee
raw/ausgrid_zone_substation_load/extracted/2017/FY 2017/Long Jetty 66_11kV FY2017.csv,328595,.csv,5f5dbb0c26c5fbe30101d00ae3ddb7057f3873226ab6668532df2c738ddac7ba
raw/ausgrid_zone_substation_load/extracted/2017/FY 2017/Lucas Heights 33_11kV FY2017.csv,295147,.csv,7f67731b6aeefb32885dfb49fd6f1eb0aff0a4aceb29559cbd1a95841bca2768
raw/ausgrid_zone_substation_load/extracted/2017/FY 2017/Macquarie Park 132_11kV FY2017.csv,330816,.csv,89f60aafd887f3934b396890ec16c68d9a497f2f886d5e08eb2a1bf587cef79e
raw/ausgrid_zone_substation_load/extracted/2017/FY 2017/Maitland 33_11kV FY2017.csv,300015,.csv,521ee12290e61a980aa2de50447b405625654cd02728cde9948038b4daa44983
raw/ausgrid_zone_substation_load/extracted/2017/FY 2017/Maitland Central 33_11kV FY2017.csv,51669,.csv,8c344f894c68c966b222c7d55c64d77a8970817af0ac42ba9644bf854d77a95b
raw/ausgrid_zone_substation_load/extracted/2017/FY 2017/Manly 33_11kV FY2017.csv,309323,.csv,37285fa2f6098d480e506cefdd8c714bfecbae830958b738a52b47cc2681a9e8
raw/ausgrid_zone_substation_load/extracted/2017/FY 2017/Maroubra 132_11kV FY2017.csv,328626,.csv,c263176a855a76d5caefec26486008041040f82cdd5b7d834436ef63dec5906e
raw/ausgrid_zone_substation_load/extracted/2017/FY 2017/Marrickville 132_11kV FY2017.csv,330854,.csv,94298a3cf321945591e4ebafa04b60861047e83a94aaeddb15aa41487870adfc
raw/ausgrid_zone_substation_load/extracted/2017/FY 2017/Maryland 132_11kV FY2017.csv,290967,.csv,0ea1d0d94d3277f942c25f43d490a41d1d7ee4053de89cc2b0baea2781421939
raw/ausgrid_zone_substation_load/extracted/2017/FY 2017/Mascot 33_11kV FY2017.csv,327531,.csv,25b64bee831a6f24987ba881ef0f97354da8f688158cf64a6ad2f66ace96b924
raw/ausgrid_zone_substation_load/extracted/2017/FY 2017/Matraville 33_11kV FY2017.csv,328991,.csv,9a8a7860354af5bf6dde0c6d6fa33d230044b2193f4f08eda684493f316771f0
raw/ausgrid_zone_substation_load/extracted/2017/FY 2017/Mayfield 33_11kV FY2017.csv,48749,.csv,6d9f8782f8e075122fc6c413e004d9771716ece0d73d338d23114d1954f36e3d
raw/ausgrid_zone_substation_load/extracted/2017/FY 2017/Mayfield West 132_11kV FY2017.csv,317869,.csv,62d6d1013a8ca192d133d9efdf481aa34e9d4ceb1a3a4e0b0b667610e1a1ea3f
raw/ausgrid_zone_substation_load/extracted/2017/FY 2017/Meadowbank 132_11kV FY2017.csv,329347,.csv,b11f123c306410d489f973389add4d795c5e426612bd0b2065b3a0bd55748a42
raw/ausgrid_zone_substation_load/extracted/2017/FY 2017/Medowie 33_11kV FY2017.csv,293925,.csv,f690b61de417986ac162e40bd6276f8aadfd18d385b2809d17375dc0c8516990
raw/ausgrid_zone_substation_load/extracted/2017/FY 2017/Menai 132_11kV FY2017.csv,326256,.csv,aa32c9248e73a71dabf0ffa774fbe04ef0801ad72d81882992ba190bfd2952e5
raw/ausgrid_zone_substation_load/extracted/2017/FY 2017/Merriwa 33_11kV FY2017.csv,293125,.csv,89ef6567185db2cb94f92c816d02674850b0e5afe62df1b07ea529d71db19d17
raw/ausgrid_zone_substation_load/extracted/2017/FY 2017/Metford 33_11kV FY2017.csv,306414,.csv,e6e843656641d3fdabf6096c6baa0f554c19451a1afdd7b7bf8707bc8b26b5ab
raw/ausgrid_zone_substation_load/extracted/2017/FY 2017/Milperra 132_11kV FY2017.csv,329163,.csv,8dc812ff7008bfd2a9c830783718aa1791468aa2d551e5de72ba81eef06938e0
raw/ausgrid_zone_substation_load/extracted/2017/FY 2017/Miranda 33_11kV FY2017.csv,323575,.csv,a0a0389b98c91bd7a0b60fd98e688527d97990d19e77c460971d4fc5d54f2378
raw/ausgrid_zone_substation_load/extracted/2017/FY 2017/Mitchell Line 66_11kV FY2017.csv,296250,.csv,e736a8007b04d20e63f9a2a2a7fbd7d5c6c2d44f97b88fabf9883762b9f9d6f5
raw/ausgrid_zone_substation_load/extracted/2017/FY 2017/Mitchells Flat 66_11kV FY2017.csv,217140,.csv,3a369a09bb1fb3ad9e99968362b6d9d59ad23d136d73950d9c606340c87ca30c
raw/ausgrid_zone_substation_load/extracted/2017/FY 2017/Mona Vale 33_11kV FY2017.csv,325469,.csv,a8a506136517aa1ee9088db7f50246d9de969d1830bbc57595ee8a2268ea1669
raw/ausgrid_zone_substation_load/extracted/2017/FY 2017/Moonan 33_11kV FY2017.csv,293194,.csv,23e54f5422ff5a93262d1ca8b33c05d9eb1c8aece9f8b758aff39cd5ba53b46c
raw/ausgrid_zone_substation_load/extracted/2017/FY 2017/Morisset 132_11kV FY2017.csv,302792,.csv,b09d70f0098a7c6db2b2b43c3e4fe12c93f17ff01f66bcb1a4c52fea677638a6
raw/ausgrid_zone_substation_load/extracted/2017/FY 2017/Morisset 33_11kV Temp FY2017.csv,50574,.csv,42b1e8f2a7d9bd6d5ceae480ba1def17e0866bfe5b0d040269653874beffacc4
raw/ausgrid_zone_substation_load/extracted/2017/FY 2017/Mortdale 33_11kV FY2017.csv,327633,.csv,0b469422cb9817f55a4a5696ff24030ac56ec2bf408bbe830207d8f40332c939
raw/ausgrid_zone_substation_load/extracted/2017/FY 2017/Mosman 132_11kV FY2017.csv,328664,.csv,5095a4e2758c0abf056f1e909d6efe422eb006a11c54a3c645e79e2c9ffae64c
raw/ausgrid_zone_substation_load/extracted/2017/FY 2017/Mt Hutton 33_11kV FY2017.csv,296041,.csv,dbec9b9f6b8cff4c8ef90717609bf5cecf57b4aedd3786c1febcf2f1f0dea9f1
raw/ausgrid_zone_substation_load/extracted/2017/FY 2017/Mt Thorley 66_11kV FY2017.csv,294731,.csv,ed7d6cfa17f5aed166705d9b6c5e0e71962df6a33fe0f50ab6d8bab1472e854f
raw/ausgrid_zone_substation_load/extracted/2017/FY 2017/Muswellbrook 33_11kV FY2017.csv,293742,.csv,62c2a3a26546acd8af1483ba2ae174641a830ceae6ec536a4543a2af630ad50f
raw/ausgrid_zone_substation_load/extracted/2017/FY 2017/Narrabeen 33_11kV FY2017.csv,294195,.csv,08ff8ea040956d286f3ab20eed4ea509937c5a92262359d1efad4c8bbefd9b18
raw/ausgrid_zone_substation_load/extracted/2017/FY 2017/Nelson Bay 33_11kV FY2017.csv,317168,.csv,14ec27ebdbe693f3068bab3f023028b882066cdc76ea308b41889c775ba75149
raw/ausgrid_zone_substation_load/extracted/2017/FY 2017/New Lambton 33_11kV FY2017.csv,285100,.csv,0326bdec5f7ac3030c17e8160266bd2efdbf2be847572943408d036411786bf8
raw/ausgrid_zone_substation_load/extracted/2017/FY 2017/Newcastle CBD 33_11kV FY2017.csv,330862,.csv,a88296029aa6676d88372fce8a8107b88d8d1167c97ba2a63ddae19399948c4f
raw/ausgrid_zone_substation_load/extracted/2017/FY 2017/Newdell 66_11kV FY2017.csv,293636,.csv,19ab8c9c593d0f8ac742cd579fbde95997ee4a7a981d38b1229f91ca70d6ec59
raw/ausgrid_zone_substation_load/extracted/2017/FY 2017/Newport 33_11kV FY2017.csv,294515,.csv,946041878c9851478541c583752194af0c4e08f21e627192858829d17a3c70f9
raw/ausgrid_zone_substation_load/extracted/2017/FY 2017/Noraville 33_11kV FY2017.csv,306539,.csv,254b8d4c0a43249b2ceb9dbf0727321d8a8a4132a681d6686a9718889f8992eb
raw/ausgrid_zone_substation_load/extracted/2017/FY 2017/North Head 33_11kV FY2017.csv,299117,.csv,911348e46d56dfce5c1dbb4a11d238b6815d57aa29c8facaf6aba4788f547ef8
raw/ausgrid_zone_substation_load/extracted/2017/FY 2017/North Ryde 66_11kV FY2017.csv,49479,.csv,5a2f273e89b30afc5f9d2a39d06c09d37de0b753d470dede0cd63b07fdd8537d
raw/ausgrid_zone_substation_load/extracted/2017/FY 2017/North Sydney 132_11kV FY2017.csv,330845,.csv,0c06856021bf30e4420ee568ea188e02f330f2c4b9199e8881539348dbd92d15
raw/ausgrid_zone_substation_load/extracted/2017/FY 2017/North Sydney 33_11kV FY2017.csv,283571,.csv,18c6bda68f94e93738282db79154a50bb53ad61522770f3fae84cc81b3e47098
raw/ausgrid_zone_substation_load/extracted/2017/FY 2017/Nulkaba 33_11kV FY2017.csv,297990,.csv,38675b60951601b30f62cfd94a2d20c916786564002edb691a12c4386039eb6f
raw/ausgrid_zone_substation_load/extracted/2017/FY 2017/Olympic Park 132_11kV FY2017.csv,50574,.csv,d6a8763167fb971ed9573d269949e1b0bf08c3e7926e32e393fbc0328a795d4f
raw/ausgrid_zone_substation_load/extracted/2017/FY 2017/Paddington 33_11kV FY2017.csv,328983,.csv,d9ce825476a8f919c387932c38d41c8f578b2cd0575ff393b05ca818a3e0719c
raw/ausgrid_zone_substation_load/extracted/2017/FY 2017/Padstow 33_11kV FY2017.csv,48384,.csv,e1c7c3fe1fc1fd8f3e28a6b16c1982f3b4f4ed0a54ce9e37577ffe4a1a011194
raw/ausgrid_zone_substation_load/extracted/2017/FY 2017/Paxton 33_11kV FY2017.csv,290583,.csv,872d462eb22ef050bd206f2e6a178336ea9500d9f70dde0185b2061e62763726
raw/ausgrid_zone_substation_load/extracted/2017/FY 2017/Peats Ridge 33_11kV FY2017.csv,280381,.csv,ec433ea7609a74f07b7eed0daef945609f9850aa99a9fbcde8116a1a319df98f
raw/ausgrid_zone_substation_load/extracted/2017/FY 2017/Pelican 33_11kV FY2017.csv,293840,.csv,d1de1c1618c9496201707beeca4b13fc818b3bd840cd91c10a232a3e7c9a8245
raw/ausgrid_zone_substation_load/extracted/2017/FY 2017/Pennant Hills 132_11kV FY2017.csv,330451,.csv,dd2d7ffb19b6749e456302a75c6ea8b8a0459948e6722aa1bdad59e1eeccaef0
raw/ausgrid_zone_substation_load/extracted/2017/FY 2017/Port Botany 33_11kV FY2017.csv,294410,.csv,db01a4eb054cc4260398d96c2f621344bf1dfc94c5d45f12da23f80c5111ab4e
raw/ausgrid_zone_substation_load/extracted/2017/FY 2017/Potts Hill 132_11kV FY2017.csv,330132,.csv,3ab0c3a3dd2a375e4f577565d6220197355911ba4e8719990cb9322942378501
raw/ausgrid_zone_substation_load/extracted/2017/FY 2017/Punchbowl 33_11kV FY2017.csv,325306,.csv,dd14cea4559f05ba7a3abe407c0351a47f31d2ce81575e13a6e14ff7823cc1ed
raw/ausgrid_zone_substation_load/extracted/2017/FY 2017/Pymble 33_11kV FY2017.csv,324087,.csv,b37c4bccc993958bf3e0d048b70a2fdfb8e345cf87a8f79c83e7ea71da1719d3
raw/ausgrid_zone_substation_load/extracted/2017/FY 2017/RNS Hospital 132_11kV FY2017.csv,295845,.csv,ca898dae7ed585a975b79cb9e22970d689088cae21e6163e5184cdd04617b731
raw/ausgrid_zone_substation_load/extracted/2017/FY 2017/Randwick 33_11kV FY2017.csv,48749,.csv,284a6bec502f39d08fc5ade8cbaef7757d0d68c1b78aaea91926b99a0309d921
raw/ausgrid_zone_substation_load/extracted/2017/FY 2017/Rathmines 132_11kV FY2017.csv,295762,.csv,45a66ba5282d7e8daa2d1aeefe3cf3df2b0ea4493387aa47c8f25feda8ac0d8c
raw/ausgrid_zone_substation_load/extracted/2017/FY 2017/Rathmines 132_11kV Temp FY2017.csv,51304,.csv,6987af582acdf62823de4b1cfd4aed7b3fb6bfd54191d7dafd2f68f186406756
raw/ausgrid_zone_substation_load/extracted/2017/FY 2017/Raymond Terr NEW 33_11kV FY2017.csv,312041,.csv,630ae39f6b4544b2282dd0bc89d6018937332d0e6994027c18d93ae6e8ebfbab
raw/ausgrid_zone_substation_load/extracted/2017/FY 2017/Raymond Terrace 33_11kV FY2017.csv,51304,.csv,b48fbfb778c5d3ff6c516a9c7f961ee0297ca7143980b83f593ce8e7eae3da32
raw/ausgrid_zone_substation_load/extracted/2017/FY 2017/Revesby 132_11kV FY2017.csv,327234,.csv,86b58cb1155a1babee01bb28eebfc0800e8001fa1105ddef3af595bb41463aa8
raw/ausgrid_zone_substation_load/extracted/2017/FY 2017/Riverwood 33_11kV FY2017.csv,316410,.csv,72af0cd5e0a978127bf11005f6999a02efd09cbfcf6241a74bda6c32649f0975
raw/ausgrid_zone_substation_load/extracted/2017/FY 2017/Rockdale 132_11kV FY2017.csv,49114,.csv,7ebe816f0aaff390ef4eb08002009cd73c60accc5d59ee006a272dfd3aa017d6
raw/ausgrid_zone_substation_load/extracted/2017/FY 2017/Rockdale 33_11kV FY2017.csv,303351,.csv,1f192315c11f34a4caf04bc43ef4d35fe5b3473c4d6117a33f50e7fa8860c377
raw/ausgrid_zone_substation_load/extracted/2017/FY 2017/Rose Bay 132_11kV FY2017.csv,328285,.csv,029eb5f00daae047902b83c6284fdd017c874ebeae43b2ac03b8f5393876b079
raw/ausgrid_zone_substation_load/extracted/2017/FY 2017/Rose Bay 33_11kV FY2017.csv,50093,.csv,1be5aec9892715a8a3af3bccc1561b907c50e90c45449867216205d7fbe4f6d5
raw/ausgrid_zone_substation_load/extracted/2017/FY 2017/Rothbury 132_11kV FY2017.csv,294584,.csv,03391aa8e656f214f1e367d2fa39fa2a3659922fedc02dd19bada705e7900859
raw/ausgrid_zone_substation_load/extracted/2017/FY 2017/Rouchel 33_11kV FY2017.csv,293160,.csv,1d08de2bbf968acb6a48a1bfa144d2787c396859c7f5a1b0cee4377154e2533c
raw/ausgrid_zone_substation_load/extracted/2017/FY 2017/Rutherford 33_11kV FY2017.csv,321431,.csv,733656b29db8153fd2c992a6fa79b6cc9a85a4a0e6d8361537fad9ede3408987
raw/ausgrid_zone_substation_load/extracted/2017/FY 2017/Salt Ash 33_11kV FY2017.csv,48749,.csv,098b1b4e732ea8ff80c3dc42a4ac679f8648b04cf17f8bba305eab995833bca2
raw/ausgrid_zone_substation_load/extracted/2017/FY 2017/Sans Souci 33_11kV FY2017.csv,296365,.csv,62a31705635123bb9ed102a229119671ae147ef397d13bc171db9842672d7e8b
raw/ausgrid_zone_substation_load/extracted/2017/FY 2017/Scone 66_11kV FY2017.csv,293628,.csv,94b87d3bb834354caddfc3a62f46a5c98f1ce34ef1f649e6aef6987f7e35a833
raw/ausgrid_zone_substation_load/extracted/2017/FY 2017/Sefton 132_11kV FY2017.csv,327874,.csv,1d4058bd7040fbb79e8e26083584e0fdef09b530a028cc13944375de39cec397
raw/ausgrid_zone_substation_load/extracted/2017/FY 2017/Shortland 33_11kV FY2017.csv,49114,.csv,1009d9da62e4d67bac109aa5066e59ba36bc4ca90d8f74211693bbd746b200fa
raw/ausgrid_zone_substation_load/extracted/2017/FY 2017/Singleton 66_11kV FY2017.csv,301189,.csv,3015a8dfc1d496150b15df24e62d1f9980a105bb551a5b3d30c871ad18c18aed
raw/ausgrid_zone_substation_load/extracted/2017/FY 2017/Singleton North 66_11kV FY2017.csv,295608,.csv,463ccaedb22ccb35f5cac2233c40c908817b8bac470d5cae8518a37065dc0409
raw/ausgrid_zone_substation_load/extracted/2017/FY 2017/Somersby 132_11kV FY2017.csv,306348,.csv,c763eac29a25de91601d677dae4646b8d2b0f32f11259ccba263da4e326d599d
raw/ausgrid_zone_substation_load/extracted/2017/FY 2017/St Ives 33_11kV FY2017.csv,327387,.csv,f5976d718cd1ce22c749aae44b372f9e49ec913ecb4f5f956de552aba773b9b3
raw/ausgrid_zone_substation_load/extracted/2017/FY 2017/St Peters 132_11kV FY2017.csv,329615,.csv,2436934cc5a2d967dc136f1d039b952da270967e4ebb810e5ccfb0ee963c75bc
raw/ausgrid_zone_substation_load/extracted/2017/FY 2017/Stockton 33_11kV FY2017.csv,294001,.csv,eba0259b58ad61e9741d0dcfdee547483bcf7ef471ed89a9b679aa1c7f282686
raw/ausgrid_zone_substation_load/extracted/2017/FY 2017/Surry Hills 33_11kV FY2017.csv,330124,.csv,2720411be4f1499e46be044420f1163b9a45e21ec794d42aa43f8464fadcb5f0
raw/ausgrid_zone_substation_load/extracted/2017/FY 2017/Swansea 33_11kV FY2017.csv,293261,.csv,9373d98cc91d3a20875a9bdd341ab694d1b3f21c8f031ef30e2318c6bb1c4017
raw/ausgrid_zone_substation_load/extracted/2017/FY 2017/Tanilba Bay 33_11kV FY2017.csv,295173,.csv,6f19280c91609d33c7f471796d49c97df27b71e97b9822decc52d2423411d4ee
raw/ausgrid_zone_substation_load/extracted/2017/FY 2017/Tarro 33_11kV FY2017.csv,313979,.csv,4e0efd98305ef54218226789ebd6d9adf8c675f5eb6336086033b3316bb18ee1
raw/ausgrid_zone_substation_load/extracted/2017/FY 2017/Telarah 33_11kV FY2017.csv,293592,.csv,2e3634a35b6758c18b2baf39b0129e6cd16acd260590c431dde95c0bb1f78b4f
raw/ausgrid_zone_substation_load/extracted/2017/FY 2017/Terrey Hills 33_11kV FY2017.csv,298930,.csv,a4f63f8f5ebc51d3d0dda04aed155f09c40a4c77e70843a96d26edb968727052
raw/ausgrid_zone_substation_load/extracted/2017/FY 2017/Thornton 33_11kV FY2017.csv,307658,.csv,12c5e74a1875553eaa3b8fb65f17e0d4da9505ff1426a4607cdb3328d9df05eb
raw/ausgrid_zone_substation_load/extracted/2017/FY 2017/Tighes Hill 33_11kV FY2017.csv,49844,.csv,338c43bda3760af6da74d85ab394e6a9f06a8bfe48416a1a378303e1cc4ca97b
raw/ausgrid_zone_substation_load/extracted/2017/FY 2017/Tomago 33_11kV FY2017.csv,293402,.csv,8002fd4971861bb6ead9d50cc02f64c7a9588196ea1b2b0104f3fd14466c1b55
raw/ausgrid_zone_substation_load/extracted/2017/FY 2017/Tomalpin 33_11kV FY2017.csv,270978,.csv,fe530d00b0f06bc839f7550c3b068a73bdd064524d62c8d56151a61b11798803
raw/ausgrid_zone_substation_load/extracted/2017/FY 2017/Tomaree 33_11kV FY2017.csv,296202,.csv,8d8eb80cbbb0e412400758d5714c9377750f5b6bd6bc61d24a041072eb696d45
raw/ausgrid_zone_substation_load/extracted/2017/FY 2017/Top Ryde 132_11kV FY2017.csv,329082,.csv,c1ae5cf474ff8126258267d3e9c1c30b70758c157d916d3c0f440a00c0a08555
raw/ausgrid_zone_substation_load/extracted/2017/FY 2017/Toronto 33_11kV FY2017.csv,294459,.csv,7cd2166a3a1a58b2a39aaf69a2674653c772265e26cb2b76b23f0d3c4a43171b
raw/ausgrid_zone_substation_load/extracted/2017/FY 2017/Toronto West 132_11kV FY2017.csv,50574,.csv,f1e795aadf7a62ae0ec99cbfdb281c456eafefd78603cc8d58fb87a7f3faca13
raw/ausgrid_zone_substation_load/extracted/2017/FY 2017/Turramurra 33_11kV FY2017.csv,326565,.csv,8267ab91b89b6a1ceb7514332b422bba9a010407f42fb79c48534806099d3eab
raw/ausgrid_zone_substation_load/extracted/2017/FY 2017/Umina 66_11kV FY2017.csv,311318,.csv,a66dfc41f7673c053e930011f65498f0f610179949b26add0214224829516d78
raw/ausgrid_zone_substation_load/extracted/2017/FY 2017/Vales Point 33_11kV FY2017.csv,295099,.csv,a5678540df52597a1ee3aadc553d7215594c08a346df8c7b0c4c746cc5150775
raw/ausgrid_zone_substation_load/extracted/2017/FY 2017/Wallalong 33_11kV FY2017.csv,49114,.csv,f2bd77ddf1a9f3a753323f15e43c4ad20eb2cdaa5b5bfdc139851aaae66dc160
raw/ausgrid_zone_substation_load/extracted/2017/FY 2017/Wallsend 33_11kV FY2017.csv,48749,.csv,35aaa85d6f8d9abbe9f2423938c5e536928c53f4d3dae87b36595cbf920f35c7
raw/ausgrid_zone_substation_load/extracted/2017/FY 2017/Wamberal 132_11kV FY2017.csv,295049,.csv,9e94877243cb5a835a1db723838d475105a269841a432a25edff02d571a13de4
raw/ausgrid_zone_substation_load/extracted/2017/FY 2017/Wamberal 66_11kV FY2017.csv,92345,.csv,44c62aa013849e35ebcbf9944c56caa53a7a10c1682e4adffe6c935deda03518
raw/ausgrid_zone_substation_load/extracted/2017/FY 2017/Waverley 132_11kV FY2017.csv,321698,.csv,cbc76b802194074d7b04215f8ab89ed79665081cc4be8c37c27a4ab71b4e6519
raw/ausgrid_zone_substation_load/extracted/2017/FY 2017/Waverley 33_11kV FY2017.csv,48749,.csv,b8eeffdd15588e42f3369c95826d39db5c7468e5336da715a3daee345e63bf75
raw/ausgrid_zone_substation_load/extracted/2017/FY 2017/West Gosford 132_11kV FY2017.csv,330854,.csv,5489156015c574554581532d1a70e8cb45bfb2b2d79e28e7b40afc0e9d5888ad
raw/ausgrid_zone_substation_load/extracted/2017/FY 2017/Williamtown 33_11kV FY2017.csv,295096,.csv,2c7b6590c6673a4cd954fd89db6cf21150208c3b21f3bdc73ab5e9f4428fc733
raw/ausgrid_zone_substation_load/extracted/2017/FY 2017/Woy Woy 66_11kV FY2017.csv,298368,.csv,567a6e6794f6bb94f86628a07dfd6c05656f1b7f0964568ba7f21477c9fdfe58
raw/ausgrid_zone_substation_load/extracted/2017/FY 2017/Wyong 132_11kV FY2017.csv,322387,.csv,6be0c435ad0b38c205eea3a762c33223cf9d556d06e98ed581a70c67e4d7e367
raw/ausgrid_zone_substation_load/extracted/2017/FY 2017/Zetland 132_11kV FY2017.csv,329029,.csv,cf0ff7ef209d60bb8b7a2151cc515893348000ee05286a4b5d94e1728afed4e3
raw/ausgrid_zone_substation_load/extracted/2018/FY 2018/Aberdeen 33_11kV FY2018.csv,48749,.csv,96647adcaaf054fe2c94cd1ee2360eb39b4cc87310caebb8fda0f1cbbb9edffa
raw/ausgrid_zone_substation_load/extracted/2018/FY 2018/Aberdeen 66_11kV FY2018.csv,294001,.csv,c0e42b639edce4978900f754c53888a56f2acaca6abccfdc5ab295ea91d7721c
raw/ausgrid_zone_substation_load/extracted/2018/FY 2018/Adamstown 132_11kV FY2018.csv,310815,.csv,b9d9228f4e31f35654e59fe02d48cc279f7ccffb26161be4fb6bce9edf28f1cb
raw/ausgrid_zone_substation_load/extracted/2018/FY 2018/Adamstown 33_11kV FY2018.csv,49114,.csv,d7c258cf7ec0f4098aa33be80b504e97709df78779f000703914f1f559048297
raw/ausgrid_zone_substation_load/extracted/2018/FY 2018/Argenton 132_11kV FY2018.csv,322496,.csv,47061ca186c5c3df8801a82a40c94b8e304743bfea391b6bc2c8c99ba04275f2
raw/ausgrid_zone_substation_load/extracted/2018/FY 2018/Arncliffe 33_11kV FY2018.csv,298850,.csv,ccd2454b09a67a85bcf5310ae3b8d1cbccf6d1525debca90e35b377397670694
raw/ausgrid_zone_substation_load/extracted/2018/FY 2018/Auburn 33_11kV FY2018.csv,307865,.csv,b064d3f78543b17ac25f0f0d918847a2404d2fd111e728c25eee261170e79766
raw/ausgrid_zone_substation_load/extracted/2018/FY 2018/Avoca 66_11kV FY2018.csv,325030,.csv,b3d7b00a0e786f6a4112086798434d550915762547f982aa944ae9ee2b357073
raw/ausgrid_zone_substation_load/extracted/2018/FY 2018/Avondale 33_11kV FY2018.csv,294047,.csv,97fadaebdb11d98244cc33b262fa37c62cc3f588b0c7e226db47e4231283bac6
raw/ausgrid_zone_substation_load/extracted/2018/FY 2018/Baerami 33_11kV FY2018.csv,293377,.csv,d3c133bf3183c45f0f6f9c12577e4befd28195b6728c1d68065621d27a541ee1
raw/ausgrid_zone_substation_load/extracted/2018/FY 2018/Balgowlah 33_11kV FY2018.csv,49114,.csv,12e21aaaa041be7b7f81095126530ebb709e98abecd9403cfb3acc6b9309f83c
raw/ausgrid_zone_substation_load/extracted/2018/FY 2018/Balgowlah North 132_11kV FY2018.csv,325624,.csv,d72ed3235f43a93470b28706b50edd05a6040735bcc8764f703d531b592827fa
raw/ausgrid_zone_substation_load/extracted/2018/FY 2018/Bankstown 132_11kV FY2018.csv,329662,.csv,c3079ea9870873cd2a6b725f21093425b0a103a0d0842b3c12344a38fa13d6c0
raw/ausgrid_zone_substation_load/extracted/2018/FY 2018/Bass Hill 33_11kV FY2018.csv,313101,.csv,64861d89d3fc0df4b921021c92bfbc170273b89b48b56cd7967475cdaa3e7929
raw/ausgrid_zone_substation_load/extracted/2018/FY 2018/Beacon Hill 33_11kV FY2018.csv,310866,.csv,57c7f7e8a0a3e3e7de5209891b8b659db8887b9dd11dfce2499f8fc87dba4360
raw/ausgrid_zone_substation_load/extracted/2018/FY 2018/Belmore Park 132_11kV FY2018.csv,50574,.csv,07a1bf4ac39c58e7548c3748b39335d4530294e32e4ec460f4b82d367f1eae40
raw/ausgrid_zone_substation_load/extracted/2018/FY 2018/Belrose 33_11kV FY2018.csv,313519,.csv,bc0aafe8a8be35e331e14049650223d85b941d4ffc3b6c533ee6e34f1f946589
raw/ausgrid_zone_substation_load/extracted/2018/FY 2018/Berkeley Vale 132_11kV FY2018.csv,331221,.csv,144aa87584945e77491d8fc184decf569193bc1b1993f222482846d411d2765b
raw/ausgrid_zone_substation_load/extracted/2018/FY 2018/Berowra 132_11kV FY2018.csv,305430,.csv,f82f5054a94ae059da05204f505966639fa8f983327864a8e8ba7b4e56e78aff
raw/ausgrid_zone_substation_load/extracted/2018/FY 2018/Blackwattle Bay 33_5kV FY2018.csv,316925,.csv,63d735990e42716f3366284b4a18e988e7c209b57f3f19ae3de2d2e272862326
raw/ausgrid_zone_substation_load/extracted/2018/FY 2018/Blakehurst 33_11kV FY2018.csv,302306,.csv,a2804ef4f249afcf75cc09a4f0a94a27a27595c6619c797e9838cfc45372209f
raw/ausgrid_zone_substation_load/extracted/2018/FY 2018/Boolaroo 33_11kV FY2018.csv,48749,.csv,187c403a2a5ce826795b2580f18d8a1dd837d8142d0316c988abd56c9b00e098
raw/ausgrid_zone_substation_load/extracted/2018/FY 2018/Botany 33_11kV FY2018.csv,323133,.csv,7f800437e0beea107fcd7cdb6bac187c3d0f424874f63c6a3e6a6f4890ff4383
raw/ausgrid_zone_substation_load/extracted/2018/FY 2018/Brandy Hill 132_11kV FY2018.csv,295461,.csv,160100fd3d98e114d57d787a8b610e786a577f72c5c29207adfa92ea7e5a7818
raw/ausgrid_zone_substation_load/extracted/2018/FY 2018/Branxton 66_11kV FY2018.csv,250068,.csv,ab2442314f7c13b192309b4d22f3eaf670d6b678bbf5d5a65a06c7bf09663269
raw/ausgrid_zone_substation_load/extracted/2018/FY 2018/Broadmeadow 132_11kV FY2018.csv,314107,.csv,6d355e2403251136c260b7de5e49ec0a07ff84a04cdb45f611fedd2179fded54
raw/ausgrid_zone_substation_load/extracted/2018/FY 2018/Broadmeadow 33_11kV FY2018.csv,295096,.csv,1c5284ea9aa55633514400c9f6e256da9921a950491f3163a44c3da83643d335
raw/ausgrid_zone_substation_load/extracted/2018/FY 2018/Brookvale 33_11kV FY2018.csv,328140,.csv,eece57a44038db16632279516c766b3cc41928b1e1db2874b6629ed4fe4a112c
raw/ausgrid_zone_substation_load/extracted/2018/FY 2018/Burwood 132_11kV FY2018.csv,328269,.csv,ec653853d7dc5ddd9d0a6f470e28b90b21ec87efd3fe1795b0ea37de1384734b
raw/ausgrid_zone_substation_load/extracted/2018/FY 2018/Campbell St 132_11kV FY2018.csv,329697,.csv,79ba75fb7e83e90da268c059b2a601e7209ba0c625b996989892007b8f77254a
raw/ausgrid_zone_substation_load/extracted/2018/FY 2018/Camperdown 33_11kV FY2018.csv,317851,.csv,1939d256630d8f5a6007c0cdc01808bf2bb2daa17ca541e7c914a9d6d09cf1b4
raw/ausgrid_zone_substation_load/extracted/2018/FY 2018/Camperdown 33_5kV FY2018.csv,293687,.csv,7f993c095fd55a5d1729063120b0bce4ce01308fc92aac053306d862bfa6a1ec
raw/ausgrid_zone_substation_load/extracted/2018/FY 2018/Campsie 33_11kV FY2018.csv,328666,.csv,3e09692fe96b49a9dfd8acac1750dfbba9d8cb48c022cf02adba730c3498e4f3
raw/ausgrid_zone_substation_load/extracted/2018/FY 2018/Cardiff 33_11kV FY2018.csv,296110,.csv,2ff0b4e5692b57f861d3d27196be480847139134335f5433d436bcd7a12435f6
raw/ausgrid_zone_substation_load/extracted/2018/FY 2018/Careel Bay 33_11kV FY2018.csv,294490,.csv,3b6b0f31ed101ea85158d6fba7c956476b79877438288e535cd357d1f7678d34
raw/ausgrid_zone_substation_load/extracted/2018/FY 2018/Caringbah 33_11kV FY2018.csv,319082,.csv,9a6c841e0cea756c6086852a5db1f9e43f6cc0237b1b9ef929970511ad0f1179
raw/ausgrid_zone_substation_load/extracted/2018/FY 2018/Carrington 33_11kV FY2018.csv,268755,.csv,6766604f3df641802408a531311356b17447f227abbd9fbe05f0cf43c023b3e0
raw/ausgrid_zone_substation_load/extracted/2018/FY 2018/Castle Cove 132_11kV FY2018.csv,329721,.csv,8fd55e2dc627c4c807bef76fc9500862202e22dee31b82a6b8fae148c0bd5deb
raw/ausgrid_zone_substation_load/extracted/2018/FY 2018/Cessnock 33_11kV FY2018.csv,262480,.csv,9a008e2eba3595e54c4d07e72ff9f050e50c3b97ce14083bcdf50c57c5681687
raw/ausgrid_zone_substation_load/extracted/2018/FY 2018/Cessnock South 33_11kV FY2018.csv,109089,.csv,01c01c01b891570eca204821783c10080d311346c4b87b85594622cef77213ea
raw/ausgrid_zone_substation_load/extracted/2018/FY 2018/Charlestown 132_11kV FY2018.csv,323788,.csv,4dd257df00ec00d6c6bef1e085213b92ee921df869d25e10d4b37f0d7afed544
raw/ausgrid_zone_substation_load/extracted/2018/FY 2018/Charlestown 33_11kV FY2018.csv,49844,.csv,22ac1b83c390d2fe6ef26ea69445d491bc619164b2209013c3067c5d39913e9e
raw/ausgrid_zone_substation_load/extracted/2018/FY 2018/Charmhaven 132_11kV FY2018.csv,329308,.csv,79fd0b072616cb35274e15f43f85205e3b5c2a94c2cd3977c6995402809151b6
raw/ausgrid_zone_substation_load/extracted/2018/FY 2018/Chatswood 33_11kV FY2018.csv,328602,.csv,e841a6274e40dda5d747c3f2775307d325f2719e24e003b5d09586d8272a3f3f
raw/ausgrid_zone_substation_load/extracted/2018/FY 2018/City Central 132_11kV FY2018.csv,330086,.csv,ace11bc44e280a8d6bce05b8bf78c1445eb5c4e2f4649d3e002883646a81883a
raw/ausgrid_zone_substation_load/extracted/2018/FY 2018/City East 132_11kV FY2018.csv,49479,.csv,91b8e8e13dcf163788101faa11abc9c556c38a8a62cef4163b659dedfdcb8e7c
raw/ausgrid_zone_substation_load/extracted/2018/FY 2018/City East 33_11kV FY2018.csv,328005,.csv,01c1e056cf95f0f253eb6acf95c8758e5519a8c6982073c4f663a510b878bb02
raw/ausgrid_zone_substation_load/extracted/2018/FY 2018/City North 132_11kV FY2018.csv,329356,.csv,868e3e651962a3ced57cff5633d5e3b37455433dab17754321b156803bf78e98
raw/ausgrid_zone_substation_load/extracted/2018/FY 2018/City North 33_11kV FY2018.csv,49479,.csv,84f4485c84edfb91bd8dfa388a557e5c0c7e811b8360eb2e64ccda96f3c17f81
raw/ausgrid_zone_substation_load/extracted/2018/FY 2018/City South 132_11kV FY2018.csv,330605,.csv,e8c236ccf2099edecf101dbab27f59ffe0b05a8c7f0fd7726c8526c213eedfca
raw/ausgrid_zone_substation_load/extracted/2018/FY 2018/Clovelly 132_11kV FY2018.csv,328626,.csv,f8311da1d244aaff09eb59210ce0af21c0d774b6a5a0fe7376b451b6ab3d67be
raw/ausgrid_zone_substation_load/extracted/2018/FY 2018/Concord 33_11kV FY2018.csv,327904,.csv,e5cb68633072273955828c25f44702385ce95cc6cf769dad6d73494239bc9c56
raw/ausgrid_zone_substation_load/extracted/2018/FY 2018/Cronulla 132_11kV FY2018.csv,328623,.csv,7e1e007d0b1ce2593734907fcea599f205456e47c09fe30e26dd77e03397a3bb
raw/ausgrid_zone_substation_load/extracted/2018/FY 2018/Croudace Bay 33_11kV FY2018.csv,296246,.csv,0658ee7509115ba9b1fdbdc9d22dc8aab54a58ad291bf092c5a852aa6567f0de
raw/ausgrid_zone_substation_load/extracted/2018/FY 2018/Crows Nest 132_11kV FY2018.csv,326280,.csv,ce3c7bc08dc88aca9eebb82f0dd7f3146af4f4eca8f1de153355b8308c8674e1
raw/ausgrid_zone_substation_load/extracted/2018/FY 2018/Crows Nest 33_11kV FY2018.csv,109508,.csv,ba033f6f705432c7a0e975e8db790fcf02d6354ace31920e93c8e0af394196dc
raw/ausgrid_zone_substation_load/extracted/2018/FY 2018/Croydon 132_11kV FY2018.csv,223410,.csv,665e8a1497b9b3425229416ecdae012e12529cd55d5ffd5e52d24ff58e44b1ec
raw/ausgrid_zone_substation_load/extracted/2018/FY 2018/Dalley St 132_11kV FY2018.csv,328983,.csv,d5bdb4e3d79356481f5c989725500a91c8180b9708ebb80a32e3db7a74208f9c
raw/ausgrid_zone_substation_load/extracted/2018/FY 2018/Darling Harbour 132_11kV FY2018.csv,331189,.csv,e2a740bbe89dfccb378e50715b83a7a7be1d177575642318e723ffd1523e25a7
raw/ausgrid_zone_substation_load/extracted/2018/FY 2018/Darlinghurst 33_11kV FY2018.csv,329713,.csv,e51dbf72a58d72cc6a05ca7b97be4b74303bccd16f27b5ba989dc5d5ae22e5e1
raw/ausgrid_zone_substation_load/extracted/2018/FY 2018/Dee Why West 33_11kV FY2018.csv,329715,.csv,73b2477862f6135862433afc9a2aed67b525d2accb9d73425369a0b23636039b
raw/ausgrid_zone_substation_load/extracted/2018/FY 2018/Denman 66_11kV FY2018.csv,293271,.csv,fe14ad6a0ebd4129281ab19324636288ea9f788a637dc1e662a4c91df2e9835f
raw/ausgrid_zone_substation_load/extracted/2018/FY 2018/Double Bay 132_11kV FY2018.csv,329364,.csv,14ad44f06dc494c568a50e644779f105e87818d26f068f222db78dfa2429f3bb
raw/ausgrid_zone_substation_load/extracted/2018/FY 2018/Drummoyne 132_11kV FY2018.csv,328999,.csv,333d116acf5861e55dbd7a89a906035b926d13deea5f2086a45ea6a8ab553bef
raw/ausgrid_zone_substation_load/extracted/2018/FY 2018/Dudley 33_11kV FY2018.csv,48019,.csv,34755e991c49b056bce69a7d903e25cb4cc12eea7ae3c64e89ed9371701e22a1
raw/ausgrid_zone_substation_load/extracted/2018/FY 2018/Dulwich Hill 33_11kV FY2018.csv,329721,.csv,db5539448bd388cf933b41455a8c8c49a11702e508437a5546aa7dbfb8596b11
raw/ausgrid_zone_substation_load/extracted/2018/FY 2018/East Maitland 33_11kV FY2018.csv,50574,.csv,ca6d846eb73778a22bab8787ce5a9cfaf41609d6d977364530987ac22a655892
raw/ausgrid_zone_substation_load/extracted/2018/FY 2018/Edgeworth 33_11kV FY2018.csv,291013,.csv,ac5fccf4912c26e52e6ce5563eef623bae63129fff966d037817de6349c7394e
raw/ausgrid_zone_substation_load/extracted/2018/FY 2018/Empire Bay 66_11kV FY2018.csv,294819,.csv,8c8a01161f64b5338597675235a0347727b532a4d9682dee30a40173e21fc0b8
raw/ausgrid_zone_substation_load/extracted/2018/FY 2018/Enfield 33_11kV FY2018.csv,310069,.csv,0a20968fa8a90405898d54b3a8bbbb260e4e0f0e69698fb733960bb9ea64401f
raw/ausgrid_zone_substation_load/extracted/2018/FY 2018/Engadine 132_11kV FY2018.csv,313298,.csv,be4d79b375f9d1a689ea49922c79a04e4805dee0221bd01edf763833ed1e2bc7
raw/ausgrid_zone_substation_load/extracted/2018/FY 2018/Engadine 33_11kV FY2018.csv,293000,.csv,ce753ebbf523dd231441b6925a60a64586faa9b60db1b6b26a8845009442594e
raw/ausgrid_zone_substation_load/extracted/2018/FY 2018/Epping 66_11kV FY2018.csv,328273,.csv,14dbee346fc6cf66ff82477562a434f93c263c36f8bfba6c48433767a934cf6e
raw/ausgrid_zone_substation_load/extracted/2018/FY 2018/Erina 66_11kV FY2018.csv,320300,.csv,c183f1b702b3c0ee69c6a62f44760e22fcdfda5d7961925ddd6967e164e1141a
raw/ausgrid_zone_substation_load/extracted/2018/FY 2018/Five Dock 33_11kV FY2018.csv,312208,.csv,aab978687af740c4fad5f547ce35822a758dc8ae9d5a66f0dfde7aaf3b00ca61
raw/ausgrid_zone_substation_load/extracted/2018/FY 2018/Flemington 132_11kV FY2018.csv,329364,.csv,64c3e631ff993128ce6534d7e2c5bbcb3401a15692e100918714e83f6796a6fa
raw/ausgrid_zone_substation_load/extracted/2018/FY 2018/Galston 132_11kV FY2018.csv,294020,.csv,3915d04eca000da37b101a647a9ae19b202b0467b287194bdaea7f2b8161ccd1
raw/ausgrid_zone_substation_load/extracted/2018/FY 2018/Gateshead 33_11kV FY2018.csv,250665,.csv,1b1f52150766b327cfed06f6949764f4d9231bb05492518a38b5e943d41c62bb
raw/ausgrid_zone_substation_load/extracted/2018/FY 2018/Gore Hill 33_11kV FY2018.csv,329402,.csv,e41b934d08d012e6bb3c93ffdd9f7187c863446b999ed7a562e37f1565427d32
raw/ausgrid_zone_substation_load/extracted/2018/FY 2018/Green Square 132_11kV FY2018.csv,330094,.csv,ca7a2ecaf9d04e4437282a9e24bc30b30283beb38f498ed661094f691565837b
raw/ausgrid_zone_substation_load/extracted/2018/FY 2018/Greenacre 132_11kV FY2018.csv,49479,.csv,d86cec60d1493d2363187017bda4edf540ba78a629c937a9c5b38ec579c42622
raw/ausgrid_zone_substation_load/extracted/2018/FY 2018/Greenacre Park 132_11kV FY2018.csv,330824,.csv,b20ef8890ab3636ca8d23533e36e9ea835c17c19713efb5db1586b67e7fa2a24
raw/ausgrid_zone_substation_load/extracted/2018/FY 2018/Gwawley Bay 132_11kV FY2018.csv,324159,.csv,184439a2aaf087756809500cd5d70efc8dc7fff2a1b0941d4c20f1af29a8ea4e
raw/ausgrid_zone_substation_load/extracted/2018/FY 2018/Gwawley Bay 33_11kV FY2018.csv,321533,.csv,4dc634201db6c401c8d373995636961a9146017e6691f7f6c8d6b446b12b2e9e
raw/ausgrid_zone_substation_load/extracted/2018/FY 2018/Harbord 33_11kV FY2018.csv,298988,.csv,6226da06eaf63ef23f5a8b17f3fdb8681adfc1c2cb0df790fd48b30e2fe6d75d
raw/ausgrid_zone_substation_load/extracted/2018/FY 2018/Homebush Bay 132_11kV FY2018.csv,330094,.csv,4a83417d4003242d45f7384db3b4f5b087df3ebdbef1de96b5a0266a7e10f7c2
raw/ausgrid_zone_substation_load/extracted/2018/FY 2018/Hornsby 132_11kV FY2018.csv,328269,.csv,3d54c85e1d4dd03816ee20214a4a67046304d63f4a9dd4f19eb9820a2352b0ef
raw/ausgrid_zone_substation_load/extracted/2018/FY 2018/Hunters Hill 66_11kV FY2018.csv,298466,.csv,feb5702536597955ff20b325d55a49cea320e369e233904af67e26d87715d467
raw/ausgrid_zone_substation_load/extracted/2018/FY 2018/Hurstville North 132_11kV FY2018.csv,318352,.csv,7f2da9d90bee91b096374699bbabb6b2790a2d682d130e659a5ff621167439b7
raw/ausgrid_zone_substation_load/extracted/2018/FY 2018/Hurstville North 33_11kV FY2018.csv,51669,.csv,e6da4498e655e506c346fd76debbb18ae92e4aa89e4ff8aa8564bbe1490b066f
raw/ausgrid_zone_substation_load/extracted/2018/FY 2018/Jannali 33_11kV FY2018.csv,312138,.csv,c1a0bd9a3f7eb6bad63bbe16d5674c888aab5e20dcef35c8e45d68c672132a6d
raw/ausgrid_zone_substation_load/extracted/2018/FY 2018/Jesmond 132_11kV FY2018.csv,329036,.csv,00819f7a8d2804f5827a4eb79e7041568253843fa52b6fd0a79a5cc2f54a9cbd
raw/ausgrid_zone_substation_load/extracted/2018/FY 2018/Jewells 33_11kV FY2018.csv,294043,.csv,714e66d932eea13c6328f45bdce27e7311ccffd93a7772e74657c0688def13c6
raw/ausgrid_zone_substation_load/extracted/2018/FY 2018/Killarney 33_11kV FY2018.csv,293546,.csv,0e062f67cefe50801ad521e7f118de67960e56992b05fb734929ce5efc9a626e
raw/ausgrid_zone_substation_load/extracted/2018/FY 2018/Kingsford 132_11kV FY2018.csv,328591,.csv,3924dbe892d32cd6fb26cfcf617df0daace32397bead866ebe8dd6a1acc20b86
raw/ausgrid_zone_substation_load/extracted/2018/FY 2018/Kirrawee 132_11kV FY2018.csv,326796,.csv,d3953df47c64d601d4cfbd591886bf7597de566b5f1b348eb115ce6addc13db0
raw/ausgrid_zone_substation_load/extracted/2018/FY 2018/Kogarah 132_11kV FY2018.csv,328261,.csv,9743a0957972c1efab2308800918caaf177db63317e9e6e05168fb0b55e8a62b
raw/ausgrid_zone_substation_load/extracted/2018/FY 2018/Kotara 33_11kV FY2018.csv,256791,.csv,4d6406e4d9e14ab84dae1ccaa9388845335d3f235a4e65a31ad49439dfea8239
raw/ausgrid_zone_substation_load/extracted/2018/FY 2018/Kurnell 33_11kV FY2018.csv,48384,.csv,880c828b224fa9cc86eb8b00182231ea5455df38dbece591f009cd95c15a185e
raw/ausgrid_zone_substation_load/extracted/2018/FY 2018/Kurnell 33_6.3kV FY2018.csv,48749,.csv,5d0cfab49122a80c5046f7f970bb77172f040dea60d3968529d8e590ebb12355
raw/ausgrid_zone_substation_load/extracted/2018/FY 2018/Kurnell South 132_11kV FY2018.csv,296191,.csv,a03ae84d494919248fdb88abbedc2ccf1fd4761389e40d1654b5d5a214e0986e
raw/ausgrid_zone_substation_load/extracted/2018/FY 2018/Kurri 132_11kV FY2018.csv,313849,.csv,595c1bd4d4640a1eb66b8dd0f34850aedd816b4cde2c1622f0153fe6cf54d070
raw/ausgrid_zone_substation_load/extracted/2018/FY 2018/Kurri 33_11kV FY2018.csv,47654,.csv,1eae1e7f24d9b1d8a5b49cd26fc67e09b1780f58e0d1422a7cdec004846712e0
raw/ausgrid_zone_substation_load/extracted/2018/FY 2018/Lake Munmorah 132_11kV FY2018.csv,301215,.csv,59eb65337e243fb2fa51114f05534cd786878822b2eb80cf287b586f25a0074b
raw/ausgrid_zone_substation_load/extracted/2018/FY 2018/Lake Munmorah 33_11kV FY2018.csv,50574,.csv,a4cd4100bfff3bc5f81824ea5bfd671671eb0d502377da61ec0233fc664662fb
raw/ausgrid_zone_substation_load/extracted/2018/FY 2018/Leichhardt 132_11kV FY2018.csv,169677,.csv,5233ac77b3598bed16fd1071755c5902faa34303ce57e285b81074b4cdfc5834
raw/ausgrid_zone_substation_load/extracted/2018/FY 2018/Leichhardt 33_11kV FY2018.csv,305964,.csv,6afa226c1958193236a6b88df5e0cc620d224441deba73487895c999f768cbaa
raw/ausgrid_zone_substation_load/extracted/2018/FY 2018/Leightonfield 33_11kV FY2018.csv,318476,.csv,86ff46e6e6af46fdbbc0841a5e867abb5856d1587e44a9cfd2a0eab6d8688c05
raw/ausgrid_zone_substation_load/extracted/2018/FY 2018/Lemington 66_11kV FY2018.csv,250007,.csv,4d6fc2daad9d306f9e6df9b25366123df7a7457924686fcfd29828e74282ffef
raw/ausgrid_zone_substation_load/extracted/2018/FY 2018/Lidcombe 33_11kV FY2018.csv,306869,.csv,1d5d138edf0b6304dde618a9ba90645b2e7603085a53dc3b54ad88a6045af9ce
raw/ausgrid_zone_substation_load/extracted/2018/FY 2018/Lindfield 33_11kV FY2018.csv,322272,.csv,ea921b742de4e9f9cd4c97c3b49c1a3f7dee05277d65685b3d3ac081e4644608
raw/ausgrid_zone_substation_load/extracted/2018/FY 2018/Lisarow 33_11kV FY2018.csv,310853,.csv,e1cc408a63ad418f407d4e9da4f4f4037d06af9e9dc0dcd30b19c961ebfab87b
raw/ausgrid_zone_substation_load/extracted/2018/FY 2018/Long Jetty 33_11kV FY2018.csv,49479,.csv,254ff4e18fa6d592ba048225129532b7c8c2d020e75b330ad8034b8870a12c2e
raw/ausgrid_zone_substation_load/extracted/2018/FY 2018/Long Jetty 66_11kV FY2018.csv,302487,.csv,abc1620006ba40efc8dcbe97d0ee6d12215f4fc2bc0176a3b72e823fd60a27d1
raw/ausgrid_zone_substation_load/extracted/2018/FY 2018/Lucas Heights 33_11kV FY2018.csv,295154,.csv,0350326a43ac79c366ccfabbf0f9177431a8f0be1574787539251344603b6f9d
raw/ausgrid_zone_substation_load/extracted/2018/FY 2018/Macquarie Park 132_11kV FY2018.csv,330744,.csv,c5fb0c04f7855d29857e502e5aeecc77af298a15d9c406382cf0b268f11be0ff
raw/ausgrid_zone_substation_load/extracted/2018/FY 2018/Maitland 33_11kV FY2018.csv,300141,.csv,bbc0b4113eb580fe3565d74f180e92c13c2b16a5ec7a408a9d9196cc71fd87bb
raw/ausgrid_zone_substation_load/extracted/2018/FY 2018/Maitland Central 33_11kV FY2018.csv,51669,.csv,0bc7a08888df247ea345f65b52f483721fab95ee40d9072b7190fd97c1313207
raw/ausgrid_zone_substation_load/extracted/2018/FY 2018/Manly 33_11kV FY2018.csv,306465,.csv,5032f6c0b946c6aae6ea7302dafa99158a6b1540c94fa357d2e266931c28ccc9
raw/ausgrid_zone_substation_load/extracted/2018/FY 2018/Maroubra 132_11kV FY2018.csv,328641,.csv,26758edc5205226537b789438b2c3b3b7381c41f6a6ba52ad8e374e2df068b92
raw/ausgrid_zone_substation_load/extracted/2018/FY 2018/Marrickville 132_11kV FY2018.csv,330102,.csv,f5147a652254d195b6e026dde0f690eda881fb89ba6bf30b1f38b9317005a6bd
raw/ausgrid_zone_substation_load/extracted/2018/FY 2018/Maryland 132_11kV FY2018.csv,295941,.csv,adca8fa1cdf54acb9e1ead4c9b22539a289fdb0637cf73bec3cd7d5db79e3ca4
raw/ausgrid_zone_substation_load/extracted/2018/FY 2018/Mascot 33_11kV FY2018.csv,327539,.csv,d3783a18cbb70d15e31b8c094741c155f089914ef6ec4c04204995ef0fa6e4e2
raw/ausgrid_zone_substation_load/extracted/2018/FY 2018/Matraville 33_11kV FY2018.csv,328998,.csv,24eeb6753c36bad5d02aaf9da1ee4fa71660a184471718f978a4d3c9a1e50332
raw/ausgrid_zone_substation_load/extracted/2018/FY 2018/Mayfield 33_11kV FY2018.csv,48749,.csv,0f4628579380ffd3f78a524112871627a66803672258cc0342193605053c9eae
raw/ausgrid_zone_substation_load/extracted/2018/FY 2018/Mayfield West 132_11kV FY2018.csv,318220,.csv,f13bfbb4717261ff66e4fb7b65e250c532369420e645a244fa87541486aee3ad
raw/ausgrid_zone_substation_load/extracted/2018/FY 2018/Meadowbank 132_11kV FY2018.csv,329356,.csv,ef814b014cf1119fbc3a5711b59e0dbd0f9944e058ab4d5b8ef3797b169c1a06
raw/ausgrid_zone_substation_load/extracted/2018/FY 2018/Medowie 33_11kV FY2018.csv,293744,.csv,2bc2bcad0c58a993e5be1045ea17ec6730b6eed0adfe7a56845e3c9960d79dab
raw/ausgrid_zone_substation_load/extracted/2018/FY 2018/Menai 132_11kV FY2018.csv,325886,.csv,9bac537c39ee0204dda47108df9e9d4de123048a5a8d0c843fc5b6e98d42e2ac
raw/ausgrid_zone_substation_load/extracted/2018/FY 2018/Merriwa 33_11kV FY2018.csv,292943,.csv,9035291b032d2127e30630a273cf5ddcc61133cfde02b728342cb65011e755d3
raw/ausgrid_zone_substation_load/extracted/2018/FY 2018/Metford 33_11kV FY2018.csv,313666,.csv,bae5c7af0f619980f82bfc28c208c9cbec7b560171dd8a186a3111d009689208
raw/ausgrid_zone_substation_load/extracted/2018/FY 2018/Milperra 132_11kV FY2018.csv,328545,.csv,7ca4a3c4b0693a1cb8ac20b272b26138bc3859dcfc0d71bde48506a0f86e7225
raw/ausgrid_zone_substation_load/extracted/2018/FY 2018/Miranda 33_11kV FY2018.csv,323059,.csv,b1b48fe740218e1818a1d8dfe77967d9d5283f1c0ed8fbdc145bee6a80dc4047
raw/ausgrid_zone_substation_load/extracted/2018/FY 2018/Mitchell Line 66_11kV FY2018.csv,295889,.csv,5cf92d02c653192fef500f6dbbe624f7fefa3201756564871c621a1c51864a52
raw/ausgrid_zone_substation_load/extracted/2018/FY 2018/Mitchells Flat 66_11kV FY2018.csv,294413,.csv,950b742c085c1e31ae040305b0bbe8c0d3ee6e6fdcdaa4d013ba315f0637d4bc
raw/ausgrid_zone_substation_load/extracted/2018/FY 2018/Mona Vale 33_11kV FY2018.csv,325551,.csv,1fef8bfdc5df4fcd487c78e4b36015a71af0d42e3203155ebdc76610d81c1eab
raw/ausgrid_zone_substation_load/extracted/2018/FY 2018/Moonan 33_11kV FY2018.csv,248604,.csv,d8dabfe15033801ce9919b94138a32b99c3127438b9a03f8bafdb79af61c033f
raw/ausgrid_zone_substation_load/extracted/2018/FY 2018/Morisset 132_11kV FY2018.csv,301999,.csv,837cae44b5d1987e9bec7d1c797cf027f4a092da71bde52dd19dc4fd6d923ed5
raw/ausgrid_zone_substation_load/extracted/2018/FY 2018/Morisset 33_11kV Temp FY2018.csv,50574,.csv,c56343f0d0a733edb13922efdbadff1871eb47dd54dbb3760f783554722bc899
raw/ausgrid_zone_substation_load/extracted/2018/FY 2018/Mortdale 33_11kV FY2018.csv,327917,.csv,30cbcf365496dfa44855298c53e48243a2ab533cba9eddbe1d71f7e07f599457
raw/ausgrid_zone_substation_load/extracted/2018/FY 2018/Mosman 132_11kV FY2018.csv,327896,.csv,0a03b2015c3e8f7c2bec44b799a9656c4cde08624a14b7fd844e5659d4d3af5c
raw/ausgrid_zone_substation_load/extracted/2018/FY 2018/Mt Hutton 33_11kV FY2018.csv,294525,.csv,b7c7e25b010b47909be3f0d27c0ba944210916b9e538f838ef1dce27f5929172
raw/ausgrid_zone_substation_load/extracted/2018/FY 2018/Mt Thorley 66_11kV FY2018.csv,294731,.csv,4de75456b75ce45c9c0575245074fd42f161b2d95eb15745062d82d30f3de13a
raw/ausgrid_zone_substation_load/extracted/2018/FY 2018/Muswellbrook 33_11kV FY2018.csv,295369,.csv,de384797befb7e566b1774a3d85c316e0bbeebfdda3adfa4a611ffce484bf3f1
raw/ausgrid_zone_substation_load/extracted/2018/FY 2018/Narrabeen 33_11kV FY2018.csv,294098,.csv,23b786e8b5481fdaf59cdbd8faf1307908af9244ec9a09ac12ddffc923029d9d
raw/ausgrid_zone_substation_load/extracted/2018/FY 2018/Nelson Bay 33_11kV FY2018.csv,315885,.csv,c1438ce8330d300cb57b41105fa87192694499179b1984f28735eebd1be6c7ed
raw/ausgrid_zone_substation_load/extracted/2018/FY 2018/New Lambton 33_11kV FY2018.csv,296380,.csv,bbf1c2e43d54372693576dba557df8019c472c678a73f3561f2855b12a6cadca
raw/ausgrid_zone_substation_load/extracted/2018/FY 2018/Newcastle CBD 33_11kV FY2018.csv,330862,.csv,12fc1e1ff91701b36f5b93eef1b5a649534db3115b907d3111f7bd7ebea4ba50
raw/ausgrid_zone_substation_load/extracted/2018/FY 2018/Newdell 66_11kV FY2018.csv,249214,.csv,dfdcd0ea3d5acd062a9fb798cbb088b762434affc251396a18cad9e76be4dc5f
raw/ausgrid_zone_substation_load/extracted/2018/FY 2018/Newport 33_11kV FY2018.csv,294297,.csv,954a69e01faa5f48741d98d89abfbd7096b0b2654f39f73db5d71d43959585e7
raw/ausgrid_zone_substation_load/extracted/2018/FY 2018/Noraville 33_11kV FY2018.csv,307429,.csv,fccbd34d4e424e2a5da2b46a5b7b60f293183422dd3fcfc3eb9449e6cfec211d
raw/ausgrid_zone_substation_load/extracted/2018/FY 2018/North Head 33_11kV FY2018.csv,297148,.csv,1e966047b28d21894d5470325fab4ab1c16e9c4cca62a2c48f61a128cddab77b
raw/ausgrid_zone_substation_load/extracted/2018/FY 2018/North Ryde 66_11kV FY2018.csv,49479,.csv,1218f0c33a1dfc9b94764b5b0b05cbce9487cb098b0545648ac1cc3272236732
raw/ausgrid_zone_substation_load/extracted/2018/FY 2018/North Sydney 132_11kV FY2018.csv,330862,.csv,b5ea95f38d4133ac8654b44e012cb612980d2598fb317ab6db43266405745576
raw/ausgrid_zone_substation_load/extracted/2018/FY 2018/North Sydney 33_11kV FY2018.csv,50209,.csv,7340ac036688f6aa1a474394714f02a20dc42451bb49ca5404b4785b3ed50e58
raw/ausgrid_zone_substation_load/extracted/2018/FY 2018/Nulkaba 33_11kV FY2018.csv,298137,.csv,4f128679f340107ff5db59c6226b0dc1a1111e0e2670eae031be5d91a012008f
raw/ausgrid_zone_substation_load/extracted/2018/FY 2018/Olympic Park 132_11kV FY2018.csv,139460,.csv,168e655472a8fba2e7a0e59db6bfbe85d9381091cb61e03a2c4a056e32b5d240
raw/ausgrid_zone_substation_load/extracted/2018/FY 2018/Paddington 33_11kV FY2018.csv,328999,.csv,288170c01d9cdebdf3ad8a522eb0c885a98c08ac16079b25d6d0d9752ecf4e72
raw/ausgrid_zone_substation_load/extracted/2018/FY 2018/Padstow 33_11kV FY2018.csv,48384,.csv,60b4c2e920f9e0f3d4d9053007f282551e1a048d788b7b06eb6065bb044e379f
raw/ausgrid_zone_substation_load/extracted/2018/FY 2018/Paxton 33_11kV FY2018.csv,292277,.csv,831e842bebb719e5bf3c9edd845e54c8941c3c00dd04a649c24889150d3407ce
raw/ausgrid_zone_substation_load/extracted/2018/FY 2018/Peats Ridge 33_11kV FY2018.csv,295134,.csv,3f03798160265a9cbd99a0286fabcc13d200487b4d3510c534b6b07db8e96206
raw/ausgrid_zone_substation_load/extracted/2018/FY 2018/Pelican 33_11kV FY2018.csv,293685,.csv,46260797bcc6992be1d9775a0ff7273262f3e9ca9c95028541eb80bbb33cd0c2
raw/ausgrid_zone_substation_load/extracted/2018/FY 2018/Pennant Hills 132_11kV FY2018.csv,330459,.csv,687b6b9c07d49051e2ef9b4b85ba62ee0317a24b3b080ea998bf47a02f1ee0aa
raw/ausgrid_zone_substation_load/extracted/2018/FY 2018/Port Botany 33_11kV FY2018.csv,309062,.csv,68ee007ac54bbaae8ddb159d6211c4046b06b935e2c6e44fbb06078b005d4709
raw/ausgrid_zone_substation_load/extracted/2018/FY 2018/Potts Hill 132_11kV FY2018.csv,330132,.csv,fa41192ed7602dbc4545a8f27a535825a843cf4e630bf1ca649781807ac4c455
raw/ausgrid_zone_substation_load/extracted/2018/FY 2018/Punchbowl 33_11kV FY2018.csv,327448,.csv,8488fb138aaf64cbad91857248e0a9a2ef16963ba0204efb121bb6cde0784507
raw/ausgrid_zone_substation_load/extracted/2018/FY 2018/Pymble 33_11kV FY2018.csv,322828,.csv,31a60aac419bba4c712d32f67d880ecdd6c04b708b0903b0409c1bf4177676e2
raw/ausgrid_zone_substation_load/extracted/2018/FY 2018/RNS Hospital 132_11kV FY2018.csv,296142,.csv,0a8ddc5a974d357a2d6663acd1ed1f3e8e0cfb9586111d59130b1819eff7cb18
raw/ausgrid_zone_substation_load/extracted/2018/FY 2018/Randwick 33_11kV FY2018.csv,48749,.csv,0625ff18ccc0ea61b6ae9862370ab477d9b987d8de33ad8a19f94734d49a338d
raw/ausgrid_zone_substation_load/extracted/2018/FY 2018/Rathmines 132_11kV FY2018.csv,295112,.csv,fab72eda398e0d3dfe750807ca5d8fbdca4a4c763e4e331d415deb2db4bcc061
raw/ausgrid_zone_substation_load/extracted/2018/FY 2018/Rathmines 132_11kV Temp FY2018.csv,51304,.csv,ee2fb02cd53cfe3e3fcfd795493534f636e6e2036e6a57b6d6afd2d2fcddaad2
raw/ausgrid_zone_substation_load/extracted/2018/FY 2018/Raymond Terr NEW 33_11kV FY2018.csv,311135,.csv,f81856a95ea80885194327ff2c0900622ecfcfa10221000f7888069780a4c230
raw/ausgrid_zone_substation_load/extracted/2018/FY 2018/Raymond Terrace 33_11kV FY2018.csv,51304,.csv,8a2e574ecb4d2ce3dbd63e01763fdbfbc85e074f033b2c037d76b880f5728362
raw/ausgrid_zone_substation_load/extracted/2018/FY 2018/Revesby 132_11kV FY2018.csv,326176,.csv,441a1d40314cb019f6a3e8ca1ec58e26339fadeac8259eef73ed9b0632ce562a
raw/ausgrid_zone_substation_load/extracted/2018/FY 2018/Riverwood 33_11kV FY2018.csv,314679,.csv,8f1d6eecc0b68447cae5c515ef9150b02611cec5096059f9b723f2409ae3622e
raw/ausgrid_zone_substation_load/extracted/2018/FY 2018/Rockdale 132_11kV FY2018.csv,49114,.csv,7642428ff8a715a78658e23473d56d410c55986a89e2894f98179efac128cbc5
raw/ausgrid_zone_substation_load/extracted/2018/FY 2018/Rockdale 33_11kV FY2018.csv,305173,.csv,9a2eda66a02f89a2d9844fbd55a177606395fa2f90070649e07cffca5b47e2fe
raw/ausgrid_zone_substation_load/extracted/2018/FY 2018/Rose Bay 132_11kV FY2018.csv,328092,.csv,020c1e1172c1a4517342f177a93af60fd4c5c3c4ce6d81c7ee954b9ea6766526
raw/ausgrid_zone_substation_load/extracted/2018/FY 2018/Rose Bay 33_11kV FY2018.csv,48749,.csv,66a6bfd6e351b456e79d15bc3c75b433cc1a8b3e1f128203d821251d5d62cdb4
raw/ausgrid_zone_substation_load/extracted/2018/FY 2018/Rothbury 132_11kV FY2018.csv,294375,.csv,fce4d18f09d1a267337c935afce38f768479defaa2a84da9a0d1675feabe0cf7
raw/ausgrid_zone_substation_load/extracted/2018/FY 2018/Rouchel 33_11kV FY2018.csv,249200,.csv,8e2658678e1034309f7f9d1cbd50cd92353abb9c5cd0680cc7e0c6353f55f59a
raw/ausgrid_zone_substation_load/extracted/2018/FY 2018/Rutherford 33_11kV FY2018.csv,323101,.csv,385b7a56d2eabeafa3df1e9d32f265e39b09a0aa09c82fe194d1f642301dd39e
raw/ausgrid_zone_substation_load/extracted/2018/FY 2018/Salt Ash 33_11kV FY2018.csv,48749,.csv,f04ab9e89ca9d72d57a5dc7df38cb331483772318f13afd449083d34daef8f5d
raw/ausgrid_zone_substation_load/extracted/2018/FY 2018/Sans Souci 33_11kV FY2018.csv,296044,.csv,397beeb0f07850b664b00c8ac9a351f6909fd8eb485d45e8aa0ea38fdf761e18
raw/ausgrid_zone_substation_load/extracted/2018/FY 2018/Scone 66_11kV FY2018.csv,295501,.csv,2980fc4b0986e1c788afd9a34167aaf9c8d7006e50f180b4aff7dd8159bb20aa
raw/ausgrid_zone_substation_load/extracted/2018/FY 2018/Sefton 132_11kV FY2018.csv,327885,.csv,7f232ab8610362e6a762985135870062f7934fd9a3c442db35611d489810f2be
raw/ausgrid_zone_substation_load/extracted/2018/FY 2018/Shortland 33_11kV FY2018.csv,49114,.csv,705731b782c3ba9351aeb6cca44d8b3dbcfcd9e5ec2c70b810e0a40a4b0665cc
raw/ausgrid_zone_substation_load/extracted/2018/FY 2018/Singleton 66_11kV FY2018.csv,301056,.csv,32af0c2e2ea22447e1a24e778b7641989000c4ea21402b377d37b424cb2e121b
raw/ausgrid_zone_substation_load/extracted/2018/FY 2018/Singleton North 66_11kV FY2018.csv,296961,.csv,fbc2a9f4f74f93c2a24a565f191225b18cf97e7a4fde4ff788bd818feb72bf4d
raw/ausgrid_zone_substation_load/extracted/2018/FY 2018/Somersby 132_11kV FY2018.csv,284044,.csv,7f4b053dee928ddfe09a9228e57bc92d8e8b99a3ae30341c6f44b5d19f442dd9
raw/ausgrid_zone_substation_load/extracted/2018/FY 2018/St Ives 33_11kV FY2018.csv,326757,.csv,3ae04d078fbc7af477b7f56ed6ba988f6d15e1910fa25676782f5d37c299035e
raw/ausgrid_zone_substation_load/extracted/2018/FY 2018/St Peters 132_11kV FY2018.csv,324634,.csv,22db78e45e1b4009595eabed974805381026fb5e9c1e710610c70b9a5d0ff57b
raw/ausgrid_zone_substation_load/extracted/2018/FY 2018/Stockton 33_11kV FY2018.csv,293903,.csv,9f1407738e2dce97bf30d52eb343b9a8fc7a1e205257d400700397755f589401
raw/ausgrid_zone_substation_load/extracted/2018/FY 2018/Strathfield South 132_11kV FY2018.csv,52399,.csv,f429bfdc5dfc2a48193c30a9e3ccb6e91ec941547319d45a2edcb5636a0305ba
raw/ausgrid_zone_substation_load/extracted/2018/FY 2018/Summer Hill 33_11kV FY2018.csv,49844,.csv,dfd99d4bed28af7bc97f9f1567c25420f46a6a77e7a328a8a3decf97d1f1b3f6
raw/ausgrid_zone_substation_load/extracted/2018/FY 2018/Surry Hills 33_11kV FY2018.csv,329350,.csv,b18362e9109aa9225e257787a449b306382c19dff3b67168f405bb83f09112d3
raw/ausgrid_zone_substation_load/extracted/2018/FY 2018/Swansea 33_11kV FY2018.csv,293743,.csv,bc4406aa73af6584d58b17f845f642f91c92e7491699e4be79af73cbed8ffcbf
raw/ausgrid_zone_substation_load/extracted/2018/FY 2018/Tanilba Bay 33_11kV FY2018.csv,295115,.csv,bf21f004c0828fe846300f5418598e41783122dc03ec6d49721eb7cc1efd925f
raw/ausgrid_zone_substation_load/extracted/2018/FY 2018/Tarro 33_11kV FY2018.csv,315643,.csv,c2affbb73cbbeee2aeb4c1fe25b3be0ccefc012c7682f0f323cb5d02249ecab7
raw/ausgrid_zone_substation_load/extracted/2018/FY 2018/Telarah 33_11kV FY2018.csv,293478,.csv,932b2e7ffc58f1340cf2b1b5ce7aedd9a10bee85ee5c18e209b9f64183efd73e
raw/ausgrid_zone_substation_load/extracted/2018/FY 2018/Terrey Hills 33_11kV FY2018.csv,298772,.csv,759bdb3d5b48a7a89865e45f2436264bdf9b8a17af5cf33d765b808130a9367a
raw/ausgrid_zone_substation_load/extracted/2018/FY 2018/Thornton 33_11kV FY2018.csv,307947,.csv,72915cd72f9995ff95ca0494eeab5cc428dbe49ef2e74efe2673a92b06af9dc7
raw/ausgrid_zone_substation_load/extracted/2018/FY 2018/Tighes Hill 33_11kV FY2018.csv,49844,.csv,12159f83720f6336d267e8206b9587a39dc3d17f647382fdfea2bbdc51d76230
raw/ausgrid_zone_substation_load/extracted/2018/FY 2018/Tomago 33_11kV FY2018.csv,293290,.csv,897a123dee5d1efa3e56846a940f018f983d399b793b9200436d98562debb1aa
raw/ausgrid_zone_substation_load/extracted/2018/FY 2018/Tomalpin 33_11kV FY2018.csv,271545,.csv,62ede6ceb2aecec041d7ad5f5d5a84b728c0fc588ce2ab65f9cdd3b74a472ddb
raw/ausgrid_zone_substation_load/extracted/2018/FY 2018/Tomaree 33_11kV FY2018.csv,296059,.csv,3a3eada58df8119e7717aa269a403567f7e8f526e21ba6c10e7607ed1267b86f
raw/ausgrid_zone_substation_load/extracted/2018/FY 2018/Top Ryde 132_11kV FY2018.csv,328618,.csv,f9bc658eb253735a023b9defe8003105effff5db3c52bd950916366882c92d68
raw/ausgrid_zone_substation_load/extracted/2018/FY 2018/Toronto 33_11kV FY2018.csv,269101,.csv,e2efce88ad2e7b6baf2ad9dc848cdd8ef521ed02f17c929d5d8f26cf61688c18
raw/ausgrid_zone_substation_load/extracted/2018/FY 2018/Toronto West 132_11kV FY2018.csv,297004,.csv,896c14b97a7b4f54b685a3d60bc3bbebb08d6dcd4c8c90745157df0b3080fc32
raw/ausgrid_zone_substation_load/extracted/2018/FY 2018/Turramurra 33_11kV FY2018.csv,327281,.csv,7cfbf710a035c936f70925b8375d6ad76561c5c50c29de439010d8f2a7255030
raw/ausgrid_zone_substation_load/extracted/2018/FY 2018/Umina 66_11kV FY2018.csv,309317,.csv,c90573760d54ea735b5fde5e16d4ee8c775f9b00451c097cc0aad62a1b7d1f27
raw/ausgrid_zone_substation_load/extracted/2018/FY 2018/Vales Point 33_11kV FY2018.csv,295131,.csv,3ee10ef870f11e962020f1e366e09ec11386eed3ff4fcd4e82f6b76e671070b4
raw/ausgrid_zone_substation_load/extracted/2018/FY 2018/Wallalong 33_11kV FY2018.csv,49114,.csv,cb0b7c1844771892859cc56ba4f4d6650239e6b9ffb763892024d652f6a2c7ad
raw/ausgrid_zone_substation_load/extracted/2018/FY 2018/Wallsend 33_11kV FY2018.csv,48749,.csv,658ca1c22bf7c17852e106e5e910abf5f48fcecc2941d6d9365c8a1475971c06
raw/ausgrid_zone_substation_load/extracted/2018/FY 2018/Wamberal 132_11kV FY2018.csv,294781,.csv,61246285578238322c2c62feb94a691f6a5d89d71259cf6e6a7fcee0bb14f260
raw/ausgrid_zone_substation_load/extracted/2018/FY 2018/Wamberal 66_11kV FY2018.csv,59445,.csv,22eb8a7df1054665188964376962ec49455ee1429b0814c318df10e28413fd1a
raw/ausgrid_zone_substation_load/extracted/2018/FY 2018/Waverley 132_11kV FY2018.csv,320876,.csv,6edb78c48b6d894847ca0c9bd8f332d82b0d2b3c48f14dfba1c076aa12b9c31e
raw/ausgrid_zone_substation_load/extracted/2018/FY 2018/Waverley 33_11kV FY2018.csv,48749,.csv,74b54c77c6c4d294e9ff8722b5c45067d99856f26aead17555223b317c2f2218
raw/ausgrid_zone_substation_load/extracted/2018/FY 2018/West Gosford 132_11kV FY2018.csv,330086,.csv,8dc58e3b1554d03d3344847c9779576a6feee349bc10aaf9bb1baf4d01a5d7a5
raw/ausgrid_zone_substation_load/extracted/2018/FY 2018/Williamtown 33_11kV FY2018.csv,295096,.csv,300b7d684974c0dc956df063186cfbb93c3770e9c9a66f632e79f3a8d1abc528
raw/ausgrid_zone_substation_load/extracted/2018/FY 2018/Woy Woy 66_11kV FY2018.csv,299201,.csv,170179ed078e60ac6614f8d8c6def36b08f63c0c7b0837886a050e42a5676ca6
raw/ausgrid_zone_substation_load/extracted/2018/FY 2018/Wyong 132_11kV FY2018.csv,321999,.csv,0359297fa7c38d82d1c1118d86913c861851279115e4328e52d9266c0890a2c7
raw/ausgrid_zone_substation_load/extracted/2018/FY 2018/Zetland 132_11kV FY2018.csv,328261,.csv,ae01326cece1091170990d796a00799dca869047af40a51821e11f336b5746bd
raw/ausgrid_zone_substation_load/extracted/2019/FY 2019/Aberdeen 33_11kV FY2019.csv,48749,.csv,2961a5ba5254a859004e73fdd4f78fb33147deb9d00db172f1c51eeb7d9f1fe4
raw/ausgrid_zone_substation_load/extracted/2019/FY 2019/Aberdeen 66_11kV FY2019.csv,294001,.csv,ddf0e95578e54242b66cf40034dfd14c263a2576369c8da3389ed80e16412c28
raw/ausgrid_zone_substation_load/extracted/2019/FY 2019/Adamstown 132_11kV FY2019.csv,310984,.csv,9f567b1e7d21f7ee4241def9dee1b817bbe51e9898c1fc2945dbe6b18127ff15
raw/ausgrid_zone_substation_load/extracted/2019/FY 2019/Adamstown 33_11kV FY2019.csv,49114,.csv,58ae38862fad2936f5f76425e126e614277dd8ba9ec3bb7e38b25b659557ace3
raw/ausgrid_zone_substation_load/extracted/2019/FY 2019/Argenton 132_11kV FY2019.csv,319216,.csv,e81adc6baa06211ce2935f2420aaff1fa9e114ce6dca6c4aeb30f10ff66cb187
raw/ausgrid_zone_substation_load/extracted/2019/FY 2019/Arncliffe 33_11kV FY2019.csv,296282,.csv,e77cb3da842faf37a38a82e6b84760d59450f7235080c27331220e98c19e4215
raw/ausgrid_zone_substation_load/extracted/2019/FY 2019/Auburn 33_11kV FY2019.csv,308644,.csv,1bc3da765b4c3ef81fde663761b96ef477cc885086319eab5b671d00b76759b6
raw/ausgrid_zone_substation_load/extracted/2019/FY 2019/Avoca 66_11kV FY2019.csv,325046,.csv,268c2d1cb6124927d73d58fdd3236c48db5137e4dd8f1bcc85ca8e1ff08a3127
raw/ausgrid_zone_substation_load/extracted/2019/FY 2019/Avondale 33_11kV FY2019.csv,285937,.csv,7ef74544a7e07967e4c66f936b3846bc07f798d7bdade66badab70aefd561dd7
raw/ausgrid_zone_substation_load/extracted/2019/FY 2019/Baerami 33_11kV FY2019.csv,293531,.csv,376958ca24f082b4d80d174922bb6fdf5edb70e1fc7e0629abb2ee8a55c369a2
raw/ausgrid_zone_substation_load/extracted/2019/FY 2019/Balgowlah 33_11kV FY2019.csv,49114,.csv,ab1f5f841ad95de2073438d16a1768aec1891dcc1ece6810f46b1d96193683f2
raw/ausgrid_zone_substation_load/extracted/2019/FY 2019/Balgowlah North 132_11kV FY2019.csv,325892,.csv,ad1b971ce42af0929b4cb25ffba2f7c4a771ffc5fc8ae7e194a462d9806a1e6d
raw/ausgrid_zone_substation_load/extracted/2019/FY 2019/Bankstown 132_11kV FY2019.csv,329756,.csv,e4be50eae4c4c14befafbb78a45362d55fa7d2b2b40e66763661f6ff5460648f
raw/ausgrid_zone_substation_load/extracted/2019/FY 2019/Bass Hill 33_11kV FY2019.csv,274028,.csv,e985dc9be222edd6c5194781d9abd33723e7a1395b66b36c62bcee1627c5803e
raw/ausgrid_zone_substation_load/extracted/2019/FY 2019/Beacon Hill 33_11kV FY2019.csv,314225,.csv,b4dbf2943441b6b99c02dabd04d9cbaee165587cd446daab6cab7da507c0522d
raw/ausgrid_zone_substation_load/extracted/2019/FY 2019/Belmore Park 132_11kV FY2019.csv,50574,.csv,acaa4a400b9017e0e077e93576434cdb6e5dbd7a31feec3f87d79d69dd9d2788
raw/ausgrid_zone_substation_load/extracted/2019/FY 2019/Belrose 33_11kV FY2019.csv,312846,.csv,f1cf8b35ee9b51b5d962faffdca6e7369209451517ec8d077060875c191c84d3
raw/ausgrid_zone_substation_load/extracted/2019/FY 2019/Berkeley Vale 132_11kV FY2019.csv,331227,.csv,caac3a12d37080fa4fe563f21b4e969f3a868e962069b717e63c94ec6a492b89
raw/ausgrid_zone_substation_load/extracted/2019/FY 2019/Berowra 132_11kV FY2019.csv,309596,.csv,394b1d761c5bcea1a818774e752ef413f5ac6e06bf1d129ce67c7b0821847e81
raw/ausgrid_zone_substation_load/extracted/2019/FY 2019/Blackwattle Bay 33_5kV FY2019.csv,309354,.csv,22ce93652eb6f78badcfba7cf9a56b63d1cd5a971461e69700dd8df78cbf2863
raw/ausgrid_zone_substation_load/extracted/2019/FY 2019/Blakehurst 33_11kV FY2019.csv,302428,.csv,b1751b90a7b652ffd097b46fa81f118cca2f23e16f79024a0eb157f35d82bbc0
raw/ausgrid_zone_substation_load/extracted/2019/FY 2019/Boolaroo 33_11kV FY2019.csv,48749,.csv,9361cf1202a1d99fae9ed4984f9efe0564d58eadff30e952a770d4c9ab6b2f67
raw/ausgrid_zone_substation_load/extracted/2019/FY 2019/Botany 33_11kV FY2019.csv,302295,.csv,2da72679674e48359ad046a93a2f982246ddd2345375992c1a7c0f8246c9e9fb
raw/ausgrid_zone_substation_load/extracted/2019/FY 2019/Brandy Hill 132_11kV FY2019.csv,295461,.csv,141c3b4872d0d396f5bc2b6b4b2f25f7a7fd580bb4ab05b7c19bbbb74d112ba6
raw/ausgrid_zone_substation_load/extracted/2019/FY 2019/Branxton 66_11kV FY2019.csv,294393,.csv,70869c01c1d22898c2224471625a9e2c870aa152b59bf28187885238bb8a5e56
raw/ausgrid_zone_substation_load/extracted/2019/FY 2019/Broadmeadow 132_11kV FY2019.csv,315246,.csv,7ea3e64f0c1fd2bb8211021963a597561cf934ea2ec50f7caadeb8e2bc9ca27e
raw/ausgrid_zone_substation_load/extracted/2019/FY 2019/Broadmeadow 33_11kV FY2019.csv,82604,.csv,8a2864bade84a5888256be3cb32ad8ad648e859ebcf9a12f9a000274c2b885d9
raw/ausgrid_zone_substation_load/extracted/2019/FY 2019/Brookvale 33_11kV FY2019.csv,328888,.csv,b8a4c981d6638f3dd8b6c97bcd52849efab983331d447ae7b21f9164b9bbcced
raw/ausgrid_zone_substation_load/extracted/2019/FY 2019/Burwood 132_11kV FY2019.csv,328981,.csv,56602ca949ccb2bbc3b19124b845e58f10d1af114022daedf45f815e8c86c671
raw/ausgrid_zone_substation_load/extracted/2019/FY 2019/Campbell St 132_11kV FY2019.csv,330417,.csv,6fc74a07b5f6a0d14eedc7ab37b6df45c3d64dc30864cf9b5fda0794296609f3
raw/ausgrid_zone_substation_load/extracted/2019/FY 2019/Camperdown 33_11kV FY2019.csv,326177,.csv,c604d2e60248942edee41c121db88f7d0c9c1574376f40664d4a850be7fe1110
raw/ausgrid_zone_substation_load/extracted/2019/FY 2019/Camperdown 33_5kV FY2019.csv,294317,.csv,0b6603d753b50477aa4a6eda1de2c4ece75a26a304e711d41d8649c800edb286
raw/ausgrid_zone_substation_load/extracted/2019/FY 2019/Campsie 33_11kV FY2019.csv,328672,.csv,1a2a2991bcd1a6cad65c473b460c7282785e74024e29ebffa6d80d7b15011c6f
raw/ausgrid_zone_substation_load/extracted/2019/FY 2019/Cardiff 33_11kV FY2019.csv,288270,.csv,c9bda9b33b3e38fae175d1c8d5ee03e383a22a6097fc878b323809f37b3a1a1f
raw/ausgrid_zone_substation_load/extracted/2019/FY 2019/Careel Bay 33_11kV FY2019.csv,294762,.csv,07ddd5d94776b156224b81653588eb165ebf7fc371795a2ad1fab1f9405b68d4
raw/ausgrid_zone_substation_load/extracted/2019/FY 2019/Caringbah 33_11kV FY2019.csv,320649,.csv,e25b2afd9296518bf88426a1e0444e92aba7570249ee2350275a84b167153714
raw/ausgrid_zone_substation_load/extracted/2019/FY 2019/Carrington 33_11kV FY2019.csv,140563,.csv,55ca1c5e715233b8289ecb1a4ce3a435bf8c32850ef734f5635880ec81b6928b
raw/ausgrid_zone_substation_load/extracted/2019/FY 2019/Castle Cove 132_11kV FY2019.csv,330441,.csv,e9ee3cc86f8b71d249e40b0ef6efd063f86d70790189257aaf0936bf6c2c3673
raw/ausgrid_zone_substation_load/extracted/2019/FY 2019/Cessnock 33_11kV FY2019.csv,48749,.csv,f63e6065c1f3bf15354afd8aff13a0c69a775805e9b29381096c7378b62e9b0a
raw/ausgrid_zone_substation_load/extracted/2019/FY 2019/Cessnock South 33_11kV FY2019.csv,302247,.csv,8314c456443ad820a8bfcf327267f3da71eab9e7138b95a4d1a7cd738e603368
raw/ausgrid_zone_substation_load/extracted/2019/FY 2019/Charlestown 132_11kV FY2019.csv,323056,.csv,8d717c34155bc71bc3147d99e0c2d32874440aa4096f25df584ee20d9c51ebca
raw/ausgrid_zone_substation_load/extracted/2019/FY 2019/Charlestown 33_11kV FY2019.csv,49844,.csv,34b2a518413b56a736e259597d314fcfe674678ae980229af5454056677148d4
raw/ausgrid_zone_substation_load/extracted/2019/FY 2019/Charmhaven 132_11kV FY2019.csv,329639,.csv,d15b1dcc1ab8ea02aed3286994867d420b117ec08b896011d1088d82d2c0669e
raw/ausgrid_zone_substation_load/extracted/2019/FY 2019/Chatswood 33_11kV FY2019.csv,329346,.csv,af70a941a52e89f682a4fba5475b69598bcacf2fb0649d8fb67bbf870d8aadbd
raw/ausgrid_zone_substation_load/extracted/2019/FY 2019/City Central 132_11kV FY2019.csv,330806,.csv,70b4556110677179eb1f1b9220cd4bacb02bfdb747a6c6803a7abc20b397771d
raw/ausgrid_zone_substation_load/extracted/2019/FY 2019/City East 132_11kV FY2019.csv,49479,.csv,c9751399f58dd5fb21e0a36a2fbfc4a41ca026923e9e58f59446ae26516be26b
raw/ausgrid_zone_substation_load/extracted/2019/FY 2019/City East 33_11kV FY2019.csv,325393,.csv,ba554cf7f4bf613bed3e9494808dd1c2955e64e5070dd6f65fb5547cbb91652a
raw/ausgrid_zone_substation_load/extracted/2019/FY 2019/City North 132_11kV FY2019.csv,328700,.csv,bf5f59e28ef553329a56e7dca403f2a220a0a4b93f5c9ebeec0550a825763403
raw/ausgrid_zone_substation_load/extracted/2019/FY 2019/City North 33_11kV FY2019.csv,49479,.csv,3b5eaad5ebf5c3a2efeab99a29d15cd17f3d4b3c1e655ab85bda76acf5cc7afa
raw/ausgrid_zone_substation_load/extracted/2019/FY 2019/City South 132_11kV FY2019.csv,330995,.csv,fe291eb551823442198d93bb191ad68f209aaf9ebc245ba9cae222499f9a7f84
raw/ausgrid_zone_substation_load/extracted/2019/FY 2019/Clovelly 132_11kV FY2019.csv,329342,.csv,1137e57f6980ba9b21b66e4b53fd82c25286cfd1b0f3701229aaaae710a311ff
raw/ausgrid_zone_substation_load/extracted/2019/FY 2019/Concord 33_11kV FY2019.csv,328610,.csv,f4e3cd03a8cf29e20cf07a41ac576ab0a7e87ffd0544ae94927238b394d5ded5
raw/ausgrid_zone_substation_load/extracted/2019/FY 2019/Cronulla 132_11kV FY2019.csv,329346,.csv,281f28c65ba10d4dd7be84fd5d87f253cbee0018d4c04aa334179e4b831f8e96
raw/ausgrid_zone_substation_load/extracted/2019/FY 2019/Croudace Bay 33_11kV FY2019.csv,298187,.csv,9cbd50c080f6d0c066361fe97ad17722a76fb0c8dc360eee5a22294494eff30c
raw/ausgrid_zone_substation_load/extracted/2019/FY 2019/Crows Nest 132_11kV FY2019.csv,330117,.csv,8595147882a490fb3c75220d4cba4f8a0cceec6f2a56dff36134a55263ebd0b2
raw/ausgrid_zone_substation_load/extracted/2019/FY 2019/Crows Nest 33_11kV FY2019.csv,49479,.csv,b6cb3c7dee98cd7466c983ac496b90cca3a30c71b4d62307dbb8bb01081331a2
raw/ausgrid_zone_substation_load/extracted/2019/FY 2019/Croydon 132_11kV FY2019.csv,327730,.csv,92a141ceab206372673d952fb175ac675cb25a36d6d46cf3fa181f293ad55b3a
raw/ausgrid_zone_substation_load/extracted/2019/FY 2019/Dalley St 132_11kV FY2019.csv,329711,.csv,56498d27e35be94bcc9667079d46d13d4a89e749c0df0455ef49696a18657166
raw/ausgrid_zone_substation_load/extracted/2019/FY 2019/Darling Harbour 132_11kV FY2019.csv,331899,.csv,93b6c74293b3caddbe99c446b88d018e9c1fa6a723b47c9a384a0a60583eff58
raw/ausgrid_zone_substation_load/extracted/2019/FY 2019/Darlinghurst 33_11kV FY2019.csv,330441,.csv,9089ee36b5620f1562944798bf3c9a020eae9e69b81846ca9c95d1e323d2cba5
raw/ausgrid_zone_substation_load/extracted/2019/FY 2019/Dee Why West 33_11kV FY2019.csv,330420,.csv,030bb3254ace198ba88c228968fac3661a5a6cb5f19237555bb2da993b824c0e
raw/ausgrid_zone_substation_load/extracted/2019/FY 2019/Denman 66_11kV FY2019.csv,285207,.csv,f465adfd2e4b31f928badd57ac9486f9c3dc3eecc2430bb4f251acd65c5486f2
raw/ausgrid_zone_substation_load/extracted/2019/FY 2019/Double Bay 132_11kV FY2019.csv,330076,.csv,d1ad49e8313264450be21693eb8818c5d6fb7c870873ca79f2ca89e4521c7f9f
raw/ausgrid_zone_substation_load/extracted/2019/FY 2019/Drummoyne 132_11kV FY2019.csv,329711,.csv,8740fc4c0f255f788b00d8b2bf2b443d63427d004551d2cc91ae1cef0e1d345c
raw/ausgrid_zone_substation_load/extracted/2019/FY 2019/Dudley 33_11kV FY2019.csv,48019,.csv,880e532219198fd93da521188a209e47a7b480f93275e3e7584d3451c3a7a957
raw/ausgrid_zone_substation_load/extracted/2019/FY 2019/Dulwich Hill 33_11kV FY2019.csv,330441,.csv,f8a9a1168273bf0aba96c1321700b17007ba4cb31e7a91fb0e4a26dd0d76906b
raw/ausgrid_zone_substation_load/extracted/2019/FY 2019/East Maitland 33_11kV FY2019.csv,50574,.csv,bdf360103b6db324c68303b13c83dfaed687b6c539dd784df38dd55b7de52448
raw/ausgrid_zone_substation_load/extracted/2019/FY 2019/Edgeworth 33_11kV FY2019.csv,298682,.csv,b077241a0ce109ceb62731159eb29622fd1d9199a219222acb844769fca3c55f
raw/ausgrid_zone_substation_load/extracted/2019/FY 2019/Empire Bay 66_11kV FY2019.csv,294535,.csv,7da1959511b92899824b5ffa00eb8db228e6f87f3180e5a804bb63231ae3df53
raw/ausgrid_zone_substation_load/extracted/2019/FY 2019/Enfield 33_11kV FY2019.csv,311053,.csv,71dc8df95104e6f6c6b357e42e043f79035925918c64a2a66dc903ae4ed9fe9a
raw/ausgrid_zone_substation_load/extracted/2019/FY 2019/Engadine 132_11kV FY2019.csv,316963,.csv,4b9be7ebb80ee07293faad33bdf6941b1a93f0b5e492af4e2a931223b787aa0f
raw/ausgrid_zone_substation_load/extracted/2019/FY 2019/Engadine 33_11kV FY2019.csv,66893,.csv,33f1bff4a6dc5aaf8a90dae2fed2eab0ce604b4a7f16d5bafc8fbc4ade8b7eae
raw/ausgrid_zone_substation_load/extracted/2019/FY 2019/Epping 66_11kV FY2019.csv,328307,.csv,63f47398dc403f9fd25215adc00762446a7461ef236dfea5fe10afee6891b76e
raw/ausgrid_zone_substation_load/extracted/2019/FY 2019/Erina 66_11kV FY2019.csv,321269,.csv,a90b1b231375daaef9a8efc257f712d0d69e9dd41e69a53a0eaaf054d0136cfc
raw/ausgrid_zone_substation_load/extracted/2019/FY 2019/Five Dock 33_11kV FY2019.csv,294317,.csv,e90a9f37e8d7bf980caa4fefc25bb324431062d2d9c9f89bb8fa553e4a5170a3
raw/ausgrid_zone_substation_load/extracted/2019/FY 2019/Flemington 132_11kV FY2019.csv,330076,.csv,17705699f45c0818879f6e20a48ea9824b794e9a6143ab2d13a12cf16fff0bed
raw/ausgrid_zone_substation_load/extracted/2019/FY 2019/Galston 132_11kV FY2019.csv,293382,.csv,f097c41c2b97831c9d34d04fccae1b608d28775088f158191889f7fc1311fcb5
raw/ausgrid_zone_substation_load/extracted/2019/FY 2019/Gateshead 33_11kV FY2019.csv,293233,.csv,0893e0e82ee13748fed013f42d471d5ccc87abec7616059f354e0bc5c9fb1d5f
raw/ausgrid_zone_substation_load/extracted/2019/FY 2019/Gore Hill 33_11kV FY2019.csv,329402,.csv,078d4e36257af21aea24caf5658aa12bdaaa1f8024c659b715be9938a92f3473
raw/ausgrid_zone_substation_load/extracted/2019/FY 2019/Green Square 132_11kV FY2019.csv,330806,.csv,755fedf468543a8b5c6cb833aac86a963b83840a2eb187daa41ea725f24d172b
raw/ausgrid_zone_substation_load/extracted/2019/FY 2019/Greenacre 132_11kV FY2019.csv,49479,.csv,1e189624ba2366087dc6643cb9bcfd731640ae44b90b5e9edce6808c6a022807
raw/ausgrid_zone_substation_load/extracted/2019/FY 2019/Greenacre Park 132_11kV FY2019.csv,331536,.csv,9b11f8ccd4473fec29d589774fe723c3c1089ff9f158de406de680cb387a29ce
raw/ausgrid_zone_substation_load/extracted/2019/FY 2019/Gwawley Bay 132_11kV FY2019.csv,322516,.csv,0f2bd8a958fb84c05b8a17a47d47c7f3ebbd694a5e771ec82703ef3006723611
raw/ausgrid_zone_substation_load/extracted/2019/FY 2019/Gwawley Bay 33_11kV FY2019.csv,321510,.csv,25a5ac84cfb52713dee72576b2dee90aa3394fbe21d2362c159b6ec0ea6e4010
raw/ausgrid_zone_substation_load/extracted/2019/FY 2019/Harbord 33_11kV FY2019.csv,300088,.csv,b955c6c32c9c30f5ca58df71714ce8e4f2768e6744d3369b595dc63d88a8826d
raw/ausgrid_zone_substation_load/extracted/2019/FY 2019/Homebush Bay 132_11kV FY2019.csv,330806,.csv,57f6a40b4d1c3a3288bcc0900e4ec1272921981e9cdfad5e46d560ec2f6a839c
raw/ausgrid_zone_substation_load/extracted/2019/FY 2019/Hornsby 132_11kV FY2019.csv,328919,.csv,09f5cb7780af74d18e4129499a720d608df9ab0ecaae2f62d47104333b94e5f2
raw/ausgrid_zone_substation_load/extracted/2019/FY 2019/Hunters Hill 66_11kV FY2019.csv,330419,.csv,f5143435ef160053565b74371f7ba41be7f4ffb17d0cdfe475e71b6f51ceb1e3
raw/ausgrid_zone_substation_load/extracted/2019/FY 2019/Hurstville North 132_11kV FY2019.csv,318845,.csv,796c61fc2d8ff3dfdecd95ce64c5b1ec1d67bf65452234cf87bce91835ef9054
raw/ausgrid_zone_substation_load/extracted/2019/FY 2019/Hurstville North 33_11kV FY2019.csv,51669,.csv,a0d8536bebbde751e883d5faa21d0684522d61de5ba50bfb35933dd3a61d813d
raw/ausgrid_zone_substation_load/extracted/2019/FY 2019/Jannali 33_11kV FY2019.csv,315746,.csv,85720d2b0b748c5d45774cb91c8de46df5fb3c7f32424fd8a988c7c5a4d9f333
raw/ausgrid_zone_substation_load/extracted/2019/FY 2019/Jesmond 132_11kV FY2019.csv,329037,.csv,0c192025fe00ad1bb194c1f6fa86a51c8676424f01982cd4d52042a1faf8444e
raw/ausgrid_zone_substation_load/extracted/2019/FY 2019/Jewells 33_11kV FY2019.csv,285984,.csv,67cb03ee61ddb7222de11dd09ee2217f09a87f885842f1eb751f5bf4bf67d81d
raw/ausgrid_zone_substation_load/extracted/2019/FY 2019/Killarney 33_11kV FY2019.csv,295500,.csv,1a2b9a1526fafa609882ee4f196b3b8b62c0843788b56a56b9831990a6461cea
raw/ausgrid_zone_substation_load/extracted/2019/FY 2019/Kingsford 132_11kV FY2019.csv,329119,.csv,1fb998d3a48d81e38452dae18cc043ab1d6272d5777ede368c6362cc3c393ab9
raw/ausgrid_zone_substation_load/extracted/2019/FY 2019/Kirrawee 132_11kV FY2019.csv,328420,.csv,70d0a39269a81f7cc6ba758edf38fe9675f927c7630284e96c50c82999520f02
raw/ausgrid_zone_substation_load/extracted/2019/FY 2019/Kogarah 132_11kV FY2019.csv,328949,.csv,4559dc4699a35a3a256b071f01a64f4eddd014fbd59c607a9c653d673e47003f
raw/ausgrid_zone_substation_load/extracted/2019/FY 2019/Kotara 33_11kV FY2019.csv,291771,.csv,01c770f593ee538aecd6bb5f0121774751dbd4b30e2c35e922d306c0ea60614f
raw/ausgrid_zone_substation_load/extracted/2019/FY 2019/Kurnell 33_11kV FY2019.csv,48384,.csv,2bd822e2980acb8e701af9ffec4efc54a0ac54849be0a68a84fe3b4309a01a1e
raw/ausgrid_zone_substation_load/extracted/2019/FY 2019/Kurnell 33_6.3kV FY2019.csv,48749,.csv,5d873953c93e42deb4d05b551a9b34e0184fa3621bae134c5648b870bda73023
raw/ausgrid_zone_substation_load/extracted/2019/FY 2019/Kurnell South 132_11kV FY2019.csv,296191,.csv,ade4232180ba6926f41d2c6126da09a3e85cb01df8f14b8c2161b7d5456e591e
raw/ausgrid_zone_substation_load/extracted/2019/FY 2019/Kurri 132_11kV FY2019.csv,313293,.csv,a8008b8385f6637b06c8a60662c50756c3fe5a579c7617a0a128d65e5362edac
raw/ausgrid_zone_substation_load/extracted/2019/FY 2019/Kurri 33_11kV FY2019.csv,47654,.csv,9adf66c9af21cac8dec7adbbeac3b48d77ead7cbed4fa1b5b0094bfabc907c7c
raw/ausgrid_zone_substation_load/extracted/2019/FY 2019/Lake Munmorah 132_11kV FY2019.csv,303135,.csv,8a723addb1193c09bb14d3fc93106bd428005c1aeac64d7978a539c0831cca54
raw/ausgrid_zone_substation_load/extracted/2019/FY 2019/Lake Munmorah 33_11kV FY2019.csv,50574,.csv,05d2cb2f09771cc71e0a8269e79ca3ab5e902edb0bb7f2d5492ff0d0c51cab66
raw/ausgrid_zone_substation_load/extracted/2019/FY 2019/Leichhardt 132_11kV FY2019.csv,315835,.csv,db56932a692ee6618945ac1bdcc8305ee0ca54f9b36e47f200a9a09b2763d44c
raw/ausgrid_zone_substation_load/extracted/2019/FY 2019/Leichhardt 33_11kV FY2019.csv,127102,.csv,6b3c2b72d56252207efd26ad9fa29aaf86a060099135319fa685f75409dbdd85
raw/ausgrid_zone_substation_load/extracted/2019/FY 2019/Leightonfield 33_11kV FY2019.csv,321649,.csv,3088493cf7eda928e47680eaca845c271c3478e89630ed9e80f63c70d4ab90f3
raw/ausgrid_zone_substation_load/extracted/2019/FY 2019/Lemington 66_11kV FY2019.csv,77653,.csv,0a9d0c68485d2b0dcc426e03f1cadcbda685d8fdc85158273fb5619d2ec85620
raw/ausgrid_zone_substation_load/extracted/2019/FY 2019/Lidcombe 33_11kV FY2019.csv,301734,.csv,3fa87c79057aee26c52605e5e9447f4bf19c1dc3d55dc4f12c48aa6ff27e8a54
raw/ausgrid_zone_substation_load/extracted/2019/FY 2019/Lindfield 33_11kV FY2019.csv,323321,.csv,034361486c97bf700eb51fdbc27d680c5d39c152863bf8c247a3d5a1c5214737
raw/ausgrid_zone_substation_load/extracted/2019/FY 2019/Lisarow 33_11kV FY2019.csv,312325,.csv,9d716f44141a4d03feece706adf36383d6ee06112f8f529ad57d889f571cbab5
raw/ausgrid_zone_substation_load/extracted/2019/FY 2019/Long Jetty 33_11kV FY2019.csv,49479,.csv,49fc4a1e6b4d8358605b7074f676b228ff21b0c7d280e591dd8979fe5cfddce0
raw/ausgrid_zone_substation_load/extracted/2019/FY 2019/Long Jetty 66_11kV FY2019.csv,329291,.csv,c3b32455f42bf4d77676bb74fc6c087edd4a79020dc7792a26de0870ea897e74
raw/ausgrid_zone_substation_load/extracted/2019/FY 2019/Lucas Heights 33_11kV FY2019.csv,295707,.csv,c8e55b2a5c58c77f2e77b97b1d0c683fbbeeced48bb89d55b980bbba0ef204d9
raw/ausgrid_zone_substation_load/extracted/2019/FY 2019/Macquarie Park 132_11kV FY2019.csv,298512,.csv,699b8c805ce27c306abbfa7d057ce701b7eb64116ca201fa0b5c628afb90611b
raw/ausgrid_zone_substation_load/extracted/2019/FY 2019/Maitland 33_11kV FY2019.csv,301452,.csv,31d3e2537678895e8d9008eca94cf916fe1c84ac75229b78a3b7c2fba9dc0e08
raw/ausgrid_zone_substation_load/extracted/2019/FY 2019/Maitland Central 33_11kV FY2019.csv,51669,.csv,be8daa61529b47284da3baf5c8a024542c097c8545c800ed8f81a9ff0607074f
raw/ausgrid_zone_substation_load/extracted/2019/FY 2019/Manly 33_11kV FY2019.csv,309341,.csv,fb8edff8553f88455969ac50056c13d20033d8eb953a9890dd2ad06b00896a4a
raw/ausgrid_zone_substation_load/extracted/2019/FY 2019/Maroubra 132_11kV FY2019.csv,329346,.csv,8b1bd491a823f06ff3a97572e4af8678e6365b1f7b271aeac292d336c9d7129d
raw/ausgrid_zone_substation_load/extracted/2019/FY 2019/Marrickville 132_11kV FY2019.csv,330806,.csv,4e4f1d6b0cbc7652ed7f62877e63398e419e07eea1bd8affdf89c0a3c44912c3
raw/ausgrid_zone_substation_load/extracted/2019/FY 2019/Maryland 132_11kV FY2019.csv,296674,.csv,2b8a2b6c888741cca266b8bade77a278e2804eac56d61322e3706b58559a2ebf
raw/ausgrid_zone_substation_load/extracted/2019/FY 2019/Mascot 33_11kV FY2019.csv,328251,.csv,fbde08e172bbebc89df444d3e4932f5efb9d6c399076ac4323a532ce7f534989
raw/ausgrid_zone_substation_load/extracted/2019/FY 2019/Matraville 33_11kV FY2019.csv,298564,.csv,0fd9ad1b53ba8ffeeeef3966158837e6c169bd9c93f372cf63f7ad474975b3c8
raw/ausgrid_zone_substation_load/extracted/2019/FY 2019/Mayfield 33_11kV FY2019.csv,48749,.csv,699bff29b04615d889a63dfe37843f7fb210f72d06eb6d10dbd1d344f27a6555
raw/ausgrid_zone_substation_load/extracted/2019/FY 2019/Mayfield West 132_11kV FY2019.csv,316781,.csv,bfcf4d7ad3e5f5366b5dec030cd34225c7bd4782f8adbb62cba7517b425486d2
raw/ausgrid_zone_substation_load/extracted/2019/FY 2019/Meadowbank 132_11kV FY2019.csv,330076,.csv,9052c9fe67fe56de0b787fff82600c4b0ffa0f9a08f9639c04b8b8dec6e14bc7
raw/ausgrid_zone_substation_load/extracted/2019/FY 2019/Medowie 33_11kV FY2019.csv,293820,.csv,8b97874af38fa04292cf016bfffb36d25882dcb8339bdbaa6e85f3414a7079b1
raw/ausgrid_zone_substation_load/extracted/2019/FY 2019/Menai 132_11kV FY2019.csv,326017,.csv,72e8454271103d4cd3b7a39c86bf420a8171d6132f0e0db7e6e944edf971dccc
raw/ausgrid_zone_substation_load/extracted/2019/FY 2019/Merriwa 33_11kV FY2019.csv,285110,.csv,79ae5a6e0781be22514e6bd71c77abbe3ddd387f5c655e541568eaa4264ea61c
raw/ausgrid_zone_substation_load/extracted/2019/FY 2019/Metford 33_11kV FY2019.csv,318291,.csv,7abac2f4389aeb224b16e616a3888c14b2a6a747d9a76387c69d49c637157be5
raw/ausgrid_zone_substation_load/extracted/2019/FY 2019/Milperra 132_11kV FY2019.csv,329346,.csv,79c3322fd87b7e333f8a44564e0842a236c917d1cb14680ff8c3165c24598658
raw/ausgrid_zone_substation_load/extracted/2019/FY 2019/Miranda 33_11kV FY2019.csv,323008,.csv,a1a138997c43bf18e6362de9d12e8ac7c355e2a0e8028744aa035997f06e425d
raw/ausgrid_zone_substation_load/extracted/2019/FY 2019/Mitchell Line 66_11kV FY2019.csv,287762,.csv,2043a599795250237bc20a20bf5148b7616d8d0845e3ad56218dd789168db5e6
raw/ausgrid_zone_substation_load/extracted/2019/FY 2019/Mitchells Flat 66_11kV FY2019.csv,270053,.csv,c4f64d5e5703eb438d8446d17dfc9b237c64873754176c84f2045f476fb687c5
raw/ausgrid_zone_substation_load/extracted/2019/FY 2019/Mona Vale 33_11kV FY2019.csv,278466,.csv,a3206a87a157d2dde4eb5ae7b70280bf78081e491c2ed140446c58f0d3af8f87
raw/ausgrid_zone_substation_load/extracted/2019/FY 2019/Moonan 33_11kV FY2019.csv,48019,.csv,38358088ed11c70157d2f437135fc1012a9d04ebed70b0b3624215ddb25a70e9
raw/ausgrid_zone_substation_load/extracted/2019/FY 2019/Morisset 132_11kV FY2019.csv,304518,.csv,fd6e39147dd7f91d6503077482c9aa4e7cf60a69b31b6bcd2266923c29bf15eb
raw/ausgrid_zone_substation_load/extracted/2019/FY 2019/Morisset 33_11kV Temp FY2019.csv,50574,.csv,5bc4a8f093d03317eaedd24efb06ebe1c3510dbf5af53a8cad9143465c6dbf17
raw/ausgrid_zone_substation_load/extracted/2019/FY 2019/Mortdale 33_11kV FY2019.csv,328229,.csv,2b6928d51d54b125064b3dd1619e6a48cf145168057e71ea1e39976a01cc090a
raw/ausgrid_zone_substation_load/extracted/2019/FY 2019/Mosman 132_11kV FY2019.csv,328616,.csv,8f8b37c553b0403052e72b3ab50b1aa029acffb53b92bd7db52e5984910d2187
raw/ausgrid_zone_substation_load/extracted/2019/FY 2019/Mt Hutton 33_11kV FY2019.csv,295367,.csv,de67fead023ece655a3cabc8e307e3d3ae966d0524b95e6011dd766e25c219d1
raw/ausgrid_zone_substation_load/extracted/2019/FY 2019/Mt Thorley 66_11kV FY2019.csv,286667,.csv,a166e3b9bf999d8f1bfd452b59c9be4f731a13d340ecaece876496c030ec0f48
raw/ausgrid_zone_substation_load/extracted/2019/FY 2019/Muswellbrook 33_11kV FY2019.csv,297475,.csv,b86ffcbed9e4c953ddf5df5a11c609b670e7db78faf00244dd5478ae8d8fc08f
raw/ausgrid_zone_substation_load/extracted/2019/FY 2019/Narrabeen 33_11kV FY2019.csv,294648,.csv,67a1c55ebccfcc1e808bce3927a241a7d7fa685bc7f0e8b8cd1a6421b5eaf70a
raw/ausgrid_zone_substation_load/extracted/2019/FY 2019/Nelson Bay 33_11kV FY2019.csv,305796,.csv,1a5a10b6dcdfd808da6cb90bb7c61112277d0c189b74cf0064631180ccf71be0
raw/ausgrid_zone_substation_load/extracted/2019/FY 2019/New Lambton 33_11kV FY2019.csv,297893,.csv,a940f5d688d8ad26c203e40f1cb6c50591afe0635470652c8a0eb1027f281777
raw/ausgrid_zone_substation_load/extracted/2019/FY 2019/Newcastle CBD 33_11kV FY2019.csv,330862,.csv,71a6c5c75091c2db1fe83fde37b67e54f89babd1b2e0605114a42c96ba430aca
raw/ausgrid_zone_substation_load/extracted/2019/FY 2019/Newdell 66_11kV FY2019.csv,293636,.csv,124177c802a2ee039ef1f827de5294df77bb9cfd91404ba0bcd165aec42d2d88
raw/ausgrid_zone_substation_load/extracted/2019/FY 2019/Newport 33_11kV FY2019.csv,295044,.csv,0821251e1bb2fa47cfb93d2d7e3543455362cf7767817f156c5beb640bb33a39
raw/ausgrid_zone_substation_load/extracted/2019/FY 2019/Noraville 33_11kV FY2019.csv,305754,.csv,ecf4e3e09dff3aa847a80c9d87d926e00c9effde607d4d8433f047f8f8b5e14e
raw/ausgrid_zone_substation_load/extracted/2019/FY 2019/North Head 33_11kV FY2019.csv,298132,.csv,246e84cf9b8a1f8e1adfb210105e82941e4b821758c6a81db780cfb6be3eec48
raw/ausgrid_zone_substation_load/extracted/2019/FY 2019/North Ryde 66_11kV FY2019.csv,49479,.csv,e90eff0dce3c9720310cf48f7115a29d80459713684f5bef0df4dd67fff2f93f
raw/ausgrid_zone_substation_load/extracted/2019/FY 2019/North Sydney 132_11kV FY2019.csv,330862,.csv,d48ac9861f57596c2e0923620d5ba4d81307bc156c64b038329ff7d65b6981ac
raw/ausgrid_zone_substation_load/extracted/2019/FY 2019/North Sydney 33_11kV FY2019.csv,50209,.csv,3e99340242bbe370f613df42150a8b1f40787ba2396e5eb596560699c55b8d05
raw/ausgrid_zone_substation_load/extracted/2019/FY 2019/Nulkaba 33_11kV FY2019.csv,297624,.csv,e520ae9b58d5f5e76f486121b08df3491813ab7cb609d55102ee55e2d0a25da4
raw/ausgrid_zone_substation_load/extracted/2019/FY 2019/Olympic Park 132_11kV FY2019.csv,113084,.csv,99f95123b959cbc241ecf56d9d7e9916b8cadd8c781297f64e8597fb284e2709
raw/ausgrid_zone_substation_load/extracted/2019/FY 2019/Paddington 33_11kV FY2019.csv,329711,.csv,9ae803c406873fa3af5b5134d49ebe63fab294f05e841c4c3a6bd4cfd20bc7f1
raw/ausgrid_zone_substation_load/extracted/2019/FY 2019/Padstow 33_11kV FY2019.csv,48384,.csv,28b3e6d94f162575aa20c377d735ac448e1e1c780633ac13fec3527b2fb6a298
raw/ausgrid_zone_substation_load/extracted/2019/FY 2019/Paxton 33_11kV FY2019.csv,293236,.csv,6c447dc0d66c1dca3cbd803fbe2b85d8028c53b71614439a0f8f07ef9862ef78
raw/ausgrid_zone_substation_load/extracted/2019/FY 2019/Peats Ridge 33_11kV FY2019.csv,295019,.csv,4cd6e35cd0ef3813962d0ac8b3678ee85d351ba6cf463acdde971e8615e9a9ec
raw/ausgrid_zone_substation_load/extracted/2019/FY 2019/Pelican 33_11kV FY2019.csv,285633,.csv,b2cb92581820306259536b66b0b24266c3f4662cd7db73449dfe652ab496c5f6
raw/ausgrid_zone_substation_load/extracted/2019/FY 2019/Pennant Hills 132_11kV FY2019.csv,331099,.csv,6aac1d891a773bcacde310d1d42ec57dc04e985b0acd2da627d223a300117169
raw/ausgrid_zone_substation_load/extracted/2019/FY 2019/Port Botany 33_11kV FY2019.csv,328239,.csv,7826d8354c24cfe5301e7d0ffc7cf223f8528c0f1c29937c2ddbe99bb766ede0
raw/ausgrid_zone_substation_load/extracted/2019/FY 2019/Potts Hill 132_11kV FY2019.csv,330132,.csv,88a17655fb208247bfed82049488d505f72f9631e200d57fcf495a998a056e80
raw/ausgrid_zone_substation_load/extracted/2019/FY 2019/Punchbowl 33_11kV FY2019.csv,324371,.csv,5278e35a491620f1e4a0f793670a6866a34aaf16d85d234a5b65955b87c5079b
raw/ausgrid_zone_substation_load/extracted/2019/FY 2019/Pymble 33_11kV FY2019.csv,323620,.csv,8e15a28875049634829ceb0114e35b3766f575410fa694a357f37a2ec3590f83
raw/ausgrid_zone_substation_load/extracted/2019/FY 2019/RNS Hospital 132_11kV FY2019.csv,297113,.csv,c97b11708118591e5d7114da2a18a71f06ebf9a3c82a9f7f653e925a585e0bd9
raw/ausgrid_zone_substation_load/extracted/2019/FY 2019/Randwick 33_11kV FY2019.csv,48749,.csv,5e440689676ad474e193a6a9101020b735ddcfe577134ac278a44a5032f83f0a
raw/ausgrid_zone_substation_load/extracted/2019/FY 2019/Rathmines 132_11kV FY2019.csv,294941,.csv,1a2eeb05057b5d4c8205c51cc17a14a169409c0417395216509d295e040c4990
raw/ausgrid_zone_substation_load/extracted/2019/FY 2019/Rathmines 132_11kV Temp FY2019.csv,51304,.csv,a718910551acc379ac1e663fb881fc0d66330cc28e311cf7e9d3aa6982191683
raw/ausgrid_zone_substation_load/extracted/2019/FY 2019/Raymond Terr NEW 33_11kV FY2019.csv,312173,.csv,f6fcd615f7b102495a3e4f1bb6965935e228f237721ebba9c1b5d9cb20f23679
raw/ausgrid_zone_substation_load/extracted/2019/FY 2019/Raymond Terrace 33_11kV FY2019.csv,51304,.csv,71835918679b2f5e8dc2c42fa361919166a74b7589db979cd0a3057a57bdfe15
raw/ausgrid_zone_substation_load/extracted/2019/FY 2019/Revesby 132_11kV FY2019.csv,327186,.csv,4479b46fa5a81dfeae652e5ab79a204560e478456f5ec13a799b3be280eee306
raw/ausgrid_zone_substation_load/extracted/2019/FY 2019/Riverwood 33_11kV FY2019.csv,312382,.csv,2b2cfde3048d15114f070a48d9685fb7ad0628b0bc7e0ce34d8bef1b7b221606
raw/ausgrid_zone_substation_load/extracted/2019/FY 2019/Rockdale 132_11kV FY2019.csv,327129,.csv,d4d99ca8f570108ef8968c6915f3091396d0532da9bbd24bc8938176b966b0ec
raw/ausgrid_zone_substation_load/extracted/2019/FY 2019/Rockdale 33_11kV FY2019.csv,54237,.csv,b7f550f677360e47fa36be7333e50106b61ca1984ed486c722c3b416e9a4e3ac
raw/ausgrid_zone_substation_load/extracted/2019/FY 2019/Rose Bay 132_11kV FY2019.csv,328866,.csv,d2e0e409e3e96480bd01d5094c776ae1a11a37688d782c12c6cfa14ca68768b0
raw/ausgrid_zone_substation_load/extracted/2019/FY 2019/Rose Bay 33_11kV FY2019.csv,48749,.csv,f5635021f0e2e46439ece24895332e472e0ae2dc3df49a8adfe8e2d3082e228b
raw/ausgrid_zone_substation_load/extracted/2019/FY 2019/Rothbury 132_11kV FY2019.csv,294898,.csv,e624b0e84782d554a925a4d92760d5c1d5fc62ccbd0dea21e322ced4fd2cd359
raw/ausgrid_zone_substation_load/extracted/2019/FY 2019/Rouchel 33_11kV FY2019.csv,48384,.csv,e7590e64d3ece52ca09e001b2c8c4b91120ca8c06b19f718556dc6f0094df190
raw/ausgrid_zone_substation_load/extracted/2019/FY 2019/Rutherford 33_11kV FY2019.csv,313178,.csv,ef14d0566ea0a54094c9f2e235ce0cf75c5a65ccf095466048c7be59936e5dc7
raw/ausgrid_zone_substation_load/extracted/2019/FY 2019/Salt Ash 33_11kV FY2019.csv,48749,.csv,e53812724efef6294d33eac60ce0024a0540fc87e2b7aeebc0f5246cb2499c51
raw/ausgrid_zone_substation_load/extracted/2019/FY 2019/Sans Souci 33_11kV FY2019.csv,297317,.csv,d5e5e5c7d18844b0c97fcdb099968860a68a68d15d55fdcda7fca84d536ca0fb
raw/ausgrid_zone_substation_load/extracted/2019/FY 2019/Scone 66_11kV FY2019.csv,294398,.csv,a22b86f37dc3eb4e910d59f355a41eb49108de5058f1e4a94868bcd1ea84d28d
raw/ausgrid_zone_substation_load/extracted/2019/FY 2019/Sefton 132_11kV FY2019.csv,328592,.csv,c657ffcee808601c3f5d4e719b8e99226dbe4e69e4260f34c65c4b13029ae650
raw/ausgrid_zone_substation_load/extracted/2019/FY 2019/Shortland 33_11kV FY2019.csv,49114,.csv,5fee91dfe86c1bfd282be6d1b970347df02a0ee23c8a684061ddf1e7a6c0a8cb
raw/ausgrid_zone_substation_load/extracted/2019/FY 2019/Singleton 66_11kV FY2019.csv,293542,.csv,5aad17bca0c576f2fc7f6eb6038c2b5680e0b8ed5670bfb88c15b9f9922cd2c2
raw/ausgrid_zone_substation_load/extracted/2019/FY 2019/Singleton North 66_11kV FY2019.csv,298227,.csv,56576da23b96863953caf21900b07d6a07b0e1ffcdbb935b6670c8be33a6f047
raw/ausgrid_zone_substation_load/extracted/2019/FY 2019/Somersby 132_11kV FY2019.csv,280744,.csv,a70a3d5e133028bed98986a79456fe359348c3af3942f644f14b8201a7e1f1c9
raw/ausgrid_zone_substation_load/extracted/2019/FY 2019/St Ives 33_11kV FY2019.csv,328003,.csv,3ae5d07b621df7de62041d2b13b56476e117d20555f96cc0314d73264efc8989
raw/ausgrid_zone_substation_load/extracted/2019/FY 2019/St Peters 132_11kV FY2019.csv,329279,.csv,2320fc31529e8ea758cc69515c130248d73c23a35b4a3c1cbb0ebf1ce2ec670e
raw/ausgrid_zone_substation_load/extracted/2019/FY 2019/Stockton 33_11kV FY2019.csv,294001,.csv,729728d71a867e6b1e1f4f5d6cc2202bd7e9fe2287fe704152aaae11247d976f
raw/ausgrid_zone_substation_load/extracted/2019/FY 2019/Strathfield South 132_11kV FY2019.csv,52399,.csv,f66c5c7b98fa71b94c417f61c5b7790b95703222a334df12f17ec3bb91545766
raw/ausgrid_zone_substation_load/extracted/2019/FY 2019/Summer Hill 33_11kV FY2019.csv,49844,.csv,2939dd4835b182ec5e7bce86ec964264b4b4c3afd3c599e0f9d811a3d39420e6
raw/ausgrid_zone_substation_load/extracted/2019/FY 2019/Surry Hills 33_11kV FY2019.csv,330076,.csv,c25adb9e555f3cc1b4ce972eba0baf925796d9de4155adbfb1f655d9a0f47122
raw/ausgrid_zone_substation_load/extracted/2019/FY 2019/Swansea 33_11kV FY2019.csv,285730,.csv,db68bf8299ff8d78024fcc52ea41b8b3a58b37a2442d64f3d44a87695fdacbeb
raw/ausgrid_zone_substation_load/extracted/2019/FY 2019/Tanilba Bay 33_11kV FY2019.csv,295107,.csv,b6d4c225c802f3cefeaedd9bdf5825aba39cc4508a6d095051726be05c0a6f63
raw/ausgrid_zone_substation_load/extracted/2019/FY 2019/Tarro 33_11kV FY2019.csv,316158,.csv,60f980033f204d7e7d77196b60eabc41fb7a01551f50a84665dd864741193196
raw/ausgrid_zone_substation_load/extracted/2019/FY 2019/Telarah 33_11kV FY2019.csv,257725,.csv,6338a9502643dcae61610b80109378778fb9db4d59fd81b84ba05108f95cff9d
raw/ausgrid_zone_substation_load/extracted/2019/FY 2019/Terrey Hills 33_11kV FY2019.csv,299779,.csv,708ec667363d1b9b2171e8bc4b03c3aac4c27dd8b2daeae605cbad19f5be3f39
raw/ausgrid_zone_substation_load/extracted/2019/FY 2019/Thornton 33_11kV FY2019.csv,306746,.csv,5e8855ea65eddd00723b323b26976461b76e042408bd2b1d65d0b42f366eef46
raw/ausgrid_zone_substation_load/extracted/2019/FY 2019/Tighes Hill 33_11kV FY2019.csv,316963,.csv,c4cbbfa70a7e9215bafcbc28c8eea62d65850a99674897ac7655027b62ede72c
raw/ausgrid_zone_substation_load/extracted/2019/FY 2019/Tomago 33_11kV FY2019.csv,293284,.csv,942673c48abd4fb71a51a6e37e6c9350897891d884fdf8a3da171731e6dec4b2
raw/ausgrid_zone_substation_load/extracted/2019/FY 2019/Tomalpin 33_11kV FY2019.csv,293700,.csv,2b8a8e6d0e911ccfb96386a75b81271193c594ac1cc1ec4ee593c00e88ae92c8
raw/ausgrid_zone_substation_load/extracted/2019/FY 2019/Tomaree 33_11kV FY2019.csv,295663,.csv,0c7886fb921b33ee8659b4f3ffe2f54c8bf29c94002a950b49f28b1013999a8c
raw/ausgrid_zone_substation_load/extracted/2019/FY 2019/Top Ryde 132_11kV FY2019.csv,329346,.csv,87a3db18e2b0693439c81ae18d1760ade04811576dfff223a25a7322afdc0b79
raw/ausgrid_zone_substation_load/extracted/2019/FY 2019/Toronto 33_11kV FY2019.csv,48384,.csv,828c867790e2786b99e307db1bffc8033baa8426c8d196dac5864104860a6fd7
raw/ausgrid_zone_substation_load/extracted/2019/FY 2019/Toronto West 132_11kV FY2019.csv,294603,.csv,3e013608c9effc936b5ff09b1a5c75acdfa481cf3e74cc23de6ef4a644ca8936
raw/ausgrid_zone_substation_load/extracted/2019/FY 2019/Turramurra 33_11kV FY2019.csv,327844,.csv,e9ae3cd79ae97b04a716e8b23e6434ceb2f715c4ac9ac59fc9550238f3324119
raw/ausgrid_zone_substation_load/extracted/2019/FY 2019/Umina 66_11kV FY2019.csv,310233,.csv,e9e8c5206ff0c1f14384265727792ae9e9669950dcebbe095b98e616fe646abb
raw/ausgrid_zone_substation_load/extracted/2019/FY 2019/Vales Point 33_11kV FY2019.csv,295099,.csv,2ab411af459887f53dd2c58967d328284c105a460632bb4a939fc375d21b9b84
raw/ausgrid_zone_substation_load/extracted/2019/FY 2019/Wallalong 33_11kV FY2019.csv,49114,.csv,b37f6926e20fb402638bce03290808db4ce6133d162d838b620254c74f796608
raw/ausgrid_zone_substation_load/extracted/2019/FY 2019/Wallsend 33_11kV FY2019.csv,48749,.csv,e7ffaab3db1222b2750e24641b3b2cf225deb2923873ed84d285a9cff41002f0
raw/ausgrid_zone_substation_load/extracted/2019/FY 2019/Wamberal 132_11kV FY2019.csv,294832,.csv,b87a8f05ccd6df912c69a669dac57469548f26e610c51c2652a54bf5cf61472c
raw/ausgrid_zone_substation_load/extracted/2019/FY 2019/Wamberal 66_11kV FY2019.csv,226103,.csv,af8696449d878b0b4643b7c683de38089e8001e7c27df8df2332e4401cc9123b
raw/ausgrid_zone_substation_load/extracted/2019/FY 2019/Waverley 132_11kV FY2019.csv,320375,.csv,14df88f329a657b033e9d6d2f82dbf1b99c90789a7e2f428954dadda05e42064
raw/ausgrid_zone_substation_load/extracted/2019/FY 2019/Waverley 33_11kV FY2019.csv,48749,.csv,ec2935855bc53cbe654cba992995867d66e38d1e5459c91923b32f4b53da9841
raw/ausgrid_zone_substation_load/extracted/2019/FY 2019/West Gosford 132_11kV FY2019.csv,330806,.csv,5bc44986a643270edcf1fe5baa117ff20ecc9e298ff5166a5e8a6957f05e7b5e
raw/ausgrid_zone_substation_load/extracted/2019/FY 2019/Williamtown 33_11kV FY2019.csv,287032,.csv,3f0f65f614ab5f76563b469f36449d11d05363e5b361d21f8c6291cd85751048
raw/ausgrid_zone_substation_load/extracted/2019/FY 2019/Woy Woy 66_11kV FY2019.csv,300677,.csv,bff7e111672b309bf448920d89eb838a79f4241707e9e3b83621c6920d16cc83
raw/ausgrid_zone_substation_load/extracted/2019/FY 2019/Wyong 132_11kV FY2019.csv,323748,.csv,1b4123da69fa9271a1490cb8b13b05f27953a3158cbdda9de9adfe4838d22a82
raw/ausgrid_zone_substation_load/extracted/2019/FY 2019/Zetland 132_11kV FY2019.csv,328981,.csv,ec47e4078ac48e647f7e387baa007ee7eb96ee8b4d69d45788572a1f23e0130d
raw/ausgrid_zone_substation_load/extracted/2020/FY 2020/Aberdeen 33_11kV FY2020.csv,48881,.csv,b87f1219c72be65fc6d65b6ad6329d4bbb32d6aee5017c33506636c7438efe10
raw/ausgrid_zone_substation_load/extracted/2020/FY 2020/Aberdeen 66_11kV FY2020.csv,294805,.csv,2462dc2203e165159189e84db4adda353c73b7506b57ca510f15347543c0cf8f
raw/ausgrid_zone_substation_load/extracted/2020/FY 2020/Adamstown 132_11kV FY2020.csv,307094,.csv,f96c2a4944c40275a1fa7cd397570ea55ccc447190f8def0e1918fb64f82bd86
raw/ausgrid_zone_substation_load/extracted/2020/FY 2020/Adamstown 33_11kV FY2020.csv,49247,.csv,5b2104a1158c3118f32f0a3d77894dec561ab5fb0b26be2c03654b3dc1c08bbb
raw/ausgrid_zone_substation_load/extracted/2020/FY 2020/Argenton 132_11kV FY2020.csv,318126,.csv,47bd363461db3c626fe9065f346ece8df76517293c946c925c0fc2dbbe918fcc
raw/ausgrid_zone_substation_load/extracted/2020/FY 2020/Arncliffe 33_11kV FY2020.csv,95580,.csv,72377a7ad0d04e9c457b2778ed03e62b10b58bb6523036bbcf80a850fa18cf6b
raw/ausgrid_zone_substation_load/extracted/2020/FY 2020/Auburn 33_11kV FY2020.csv,307734,.csv,0f63eed7188aeb3107ea0e275188a7fc64035c38b63f66081b71ff5992cfbbf8
raw/ausgrid_zone_substation_load/extracted/2020/FY 2020/Avoca 66_11kV FY2020.csv,324328,.csv,41f41f2f6d98e5d48cad9f36c0a4b0dd541d6679527fde3954faae607296b5d3
raw/ausgrid_zone_substation_load/extracted/2020/FY 2020/Avondale 33_11kV FY2020.csv,294159,.csv,efa42ac365290cb691ac70984ef5dab11993eec65183195d95e1e5c53eab8797
raw/ausgrid_zone_substation_load/extracted/2020/FY 2020/Baerami 33_11kV FY2020.csv,294285,.csv,98cc1eb68978a8185a92e890b02cf3a32212613e8d4b73733161a8861e4f3695
raw/ausgrid_zone_substation_load/extracted/2020/FY 2020/Balgowlah 33_11kV FY2020.csv,49247,.csv,b9fdb2b0ba2101a659c5ad711d73e6183e39ee307e09bcfce640e9b78a06d695
raw/ausgrid_zone_substation_load/extracted/2020/FY 2020/Balgowlah North 132_11kV FY2020.csv,326005,.csv,49d5be7643b5e73aad6d2bda5edd8ca6cb4977b56c3107701b04bf3ee6640f68
raw/ausgrid_zone_substation_load/extracted/2020/FY 2020/Bankstown 132_11kV FY2020.csv,330669,.csv,5056abb844afbb990632a2ffdc5f48cf0ec6ee8070c2605d5a95e122c219a33e
raw/ausgrid_zone_substation_load/extracted/2020/FY 2020/Bass Hill 33_11kV FY2020.csv,296083,.csv,256ddba4c192bbbf93ee1cc7a04b56f1b90dfb914311c2fc26f798ca66da7900
raw/ausgrid_zone_substation_load/extracted/2020/FY 2020/Beacon Hill 33_11kV FY2020.csv,310816,.csv,a3deaa64093ca9b3bed17003bec909c690a42beee52f93b514cf649e38f9da72
raw/ausgrid_zone_substation_load/extracted/2020/FY 2020/Belmore Park 132_11kV FY2020.csv,50711,.csv,0f81cade08a4ab4346b13607bef468c886f6cdc0a6911adf0a47d70c78831dbc
raw/ausgrid_zone_substation_load/extracted/2020/FY 2020/Belrose 33_11kV FY2020.csv,312043,.csv,263f5893e25bb48b9d64ef4880310030ac225aa47f6ae32a9d5827d471a05ac9
raw/ausgrid_zone_substation_load/extracted/2020/FY 2020/Berkeley Vale 132_11kV FY2020.csv,332102,.csv,f1405edd1be77932d4886a17b96e397120382455a58b960e8ab8fce0adfd4d6e
raw/ausgrid_zone_substation_load/extracted/2020/FY 2020/Berowra 132_11kV FY2020.csv,305720,.csv,0a042fd2d07ccbc83cd4dcb647d7d2d7dfe6449cf4c51769d343a966bbd60a7d
raw/ausgrid_zone_substation_load/extracted/2020/FY 2020/Blackwattle Bay 33_5kV FY2020.csv,297579,.csv,f6d7e334d4fd7359f89d747df5172b12caf860d5e2cb6b558b609e99689814c4
raw/ausgrid_zone_substation_load/extracted/2020/FY 2020/Blakehurst 33_11kV FY2020.csv,302120,.csv,63031791f435e1319234235455443eb501e5ecc299b34b15162eaa9a0cdad396
raw/ausgrid_zone_substation_load/extracted/2020/FY 2020/Boolaroo 33_11kV FY2020.csv,48881,.csv,153d5be2570f669a7a82a0b4be080bbae14820fe43692e60a60ec9a7b8b6284c
raw/ausgrid_zone_substation_load/extracted/2020/FY 2020/Botany 33_11kV FY2020.csv,326568,.csv,3dd9a4b5ce95fe24c756587d56b245caff50bc1620a084367bcfd81f283b4923
raw/ausgrid_zone_substation_load/extracted/2020/FY 2020/Brandy Hill 132_11kV FY2020.csv,296346,.csv,fc750eec21abd5355ee1646d35e7abe7a00dc8d08e9d83daae7219ef6df7968f
raw/ausgrid_zone_substation_load/extracted/2020/FY 2020/Branxton 66_11kV FY2020.csv,295158,.csv,3f666f449a6e2c88933f5747873a3f4cb6be7389fc467196cf1685d60015b73d
raw/ausgrid_zone_substation_load/extracted/2020/FY 2020/Broadmeadow 132_11kV FY2020.csv,312847,.csv,204a30c675f48ca017f1cea4cf5ee48635d3568bc651195ee6bc8f7d3185edc6
raw/ausgrid_zone_substation_load/extracted/2020/FY 2020/Broadmeadow 33_11kV FY2020.csv,49979,.csv,cabb38a888696c61ffc47fca1bed8b2be1a4a1467bcc79e05aaa119d5bed0f24
raw/ausgrid_zone_substation_load/extracted/2020/FY 2020/Brookvale 33_11kV FY2020.csv,329053,.csv,3d5965f3bd9fe6675ce5b6c456b9ee6a433069d093afbf690085732fb69b00a3
raw/ausgrid_zone_substation_load/extracted/2020/FY 2020/Burwood 132_11kV FY2020.csv,328873,.csv,356027bb7681a61826a7a8d24fe8e3b50807f106c4e218f7bdf82665f0f56666
raw/ausgrid_zone_substation_load/extracted/2020/FY 2020/Campbell St 132_11kV FY2020.csv,330353,.csv,2040342c6d13122bd0928964f4740f48f6ab69cede0e11bb79e52a14f4dfd16e
raw/ausgrid_zone_substation_load/extracted/2020/FY 2020/Camperdown 33_11kV FY2020.csv,327589,.csv,d7478e7a7d0ceaa4e0e84f72cf91c2bf54975340aaa6444260b4b3525eb8d336
raw/ausgrid_zone_substation_load/extracted/2020/FY 2020/Camperdown 33_5kV FY2020.csv,294254,.csv,62bcf8493e1c502b9a3665c6b0acdc2e70cb5fd1f9a19f77708780f857e1ee62
raw/ausgrid_zone_substation_load/extracted/2020/FY 2020/Campsie 33_11kV FY2020.csv,329571,.csv,d76a7f9e72401e8384e4499f04d24bdeecbf4b503e72398a9c1437c52d8bb5de
raw/ausgrid_zone_substation_load/extracted/2020/FY 2020/Cardiff 33_11kV FY2020.csv,295621,.csv,d2d47881b54b3faf1a1afcc021edd9aa8aadf382a200fa02bce9ac0179bec578
raw/ausgrid_zone_substation_load/extracted/2020/FY 2020/Careel Bay 33_11kV FY2020.csv,295553,.csv,3cc7709cfe1dfbd5350eb567e5f2221c8ff0fecc3d5efeaf3c8afb542c144d2a
raw/ausgrid_zone_substation_load/extracted/2020/FY 2020/Caringbah 33_11kV FY2020.csv,311809,.csv,5f7010f5ca3e86225085d520b61e9da4d152ef03744c349246ffa1fc1f1cab6e
raw/ausgrid_zone_substation_load/extracted/2020/FY 2020/Carrington 33_11kV FY2020.csv,49613,.csv,1e59eb4fc5fab43bc143e9fcb70cfea3f658500d83302f4756114a88a2e1c7fe
raw/ausgrid_zone_substation_load/extracted/2020/FY 2020/Castle Cove 132_11kV FY2020.csv,330353,.csv,449a8e6911c1c911043af7edfef219a7a1592514073e74f53e604da7a3b13ff6
raw/ausgrid_zone_substation_load/extracted/2020/FY 2020/Cessnock 33_11kV FY2020.csv,48881,.csv,af6eab93d58ccba9137837e478baf084e6625b7e960a8aac8f40c457101e70cc
raw/ausgrid_zone_substation_load/extracted/2020/FY 2020/Cessnock South 33_11kV FY2020.csv,306404,.csv,c211849ff7513948c208d87bd7ddd41470464101d6b612839bbe2dce031d3132
raw/ausgrid_zone_substation_load/extracted/2020/FY 2020/Charlestown 132_11kV FY2020.csv,321942,.csv,5ad76ff815ad000368c6ff5920a1cf64e04d7ca9955b0c9ae7ba47266b32bc1d
raw/ausgrid_zone_substation_load/extracted/2020/FY 2020/Charlestown 33_11kV FY2020.csv,49979,.csv,f85ea51c0ddcb2d6189b30485f249d5b2a638a1c353d2aa47ab8971bdee62701
raw/ausgrid_zone_substation_load/extracted/2020/FY 2020/Charmhaven 132_11kV FY2020.csv,327486,.csv,16ed1da64ff787fa00561561adff4db9351af7e996638ca2a57def4b115e79fc
raw/ausgrid_zone_substation_load/extracted/2020/FY 2020/Chatswood 33_11kV FY2020.csv,329251,.csv,992406bb21d46eefb98ef780ffbfea16b0977ea7b956c8a64f8fba703d2aa1b4
raw/ausgrid_zone_substation_load/extracted/2020/FY 2020/City Central 132_11kV FY2020.csv,330719,.csv,5e8b10b4d0ae8288939d12dbfabefbb7d1b72e0e373fd5a2e9d9bc90a1c40c06
raw/ausgrid_zone_substation_load/extracted/2020/FY 2020/City East 132_11kV FY2020.csv,49613,.csv,fb2492fa91ca8e42e030d189b524ba4d9637686760ec643df541b5838ab5057f
raw/ausgrid_zone_substation_load/extracted/2020/FY 2020/City East 33_11kV FY2020.csv,315911,.csv,c3acffb48abc655cbf6667ad988080f55b88d2f043aa5a53eccc6c5c78b4ad6f
raw/ausgrid_zone_substation_load/extracted/2020/FY 2020/City North 132_11kV FY2020.csv,329987,.csv,17322858f9f9ee295a33ac75d1106c9ab9e37a3b52af523a13051152ef4b162a
raw/ausgrid_zone_substation_load/extracted/2020/FY 2020/City North 33_11kV FY2020.csv,49613,.csv,77e3ce47e4d9a1f6f85916bb4607a5bfe2b821c176ae8780099fd5d0ad246c4c
raw/ausgrid_zone_substation_load/extracted/2020/FY 2020/City South 132_11kV FY2020.csv,330123,.csv,2aac99af5709e7d84b7a67238c71261655b5ddff783d0914696561c2f3e44078
raw/ausgrid_zone_substation_load/extracted/2020/FY 2020/Clovelly 132_11kV FY2020.csv,329255,.csv,d37930900cbcb573eeed6ffe00cba55240b5e5875b1b4c5a77ad6c90be3cb668
raw/ausgrid_zone_substation_load/extracted/2020/FY 2020/Concord 33_11kV FY2020.csv,328523,.csv,61cc1d180fcb0e85565c780fc82fefdb43e47c718a9593c5183b2b800618c9bb
raw/ausgrid_zone_substation_load/extracted/2020/FY 2020/Cronulla 132_11kV FY2020.csv,329255,.csv,5f0056d272f1540430b23bd920230248d335bf3b3c1aa97d6ed856b3552c4210
raw/ausgrid_zone_substation_load/extracted/2020/FY 2020/Croudace Bay 33_11kV FY2020.csv,296596,.csv,ea44adeb15ab74363906a56adf2e53785c5a690dbd2ec3dfe9d8c83c16cbc7b8
raw/ausgrid_zone_substation_load/extracted/2020/FY 2020/Crows Nest 132_11kV FY2020.csv,331035,.csv,f299b23a488bed3cb18e7d7c02e72687be169598d7a1488bbbfd02bc04ae6199
raw/ausgrid_zone_substation_load/extracted/2020/FY 2020/Crows Nest 33_11kV FY2020.csv,49613,.csv,16699d1b5bb713432308285e1329ef4811fcf1aca610218447e02ae5bbc682b9
raw/ausgrid_zone_substation_load/extracted/2020/FY 2020/Croydon 132_11kV FY2020.csv,329234,.csv,144bf22839beb5ac85020e4149306de1ff5cb21852d143a8c1589b3ab8d5294d
raw/ausgrid_zone_substation_load/extracted/2020/FY 2020/Dalley St 132_11kV FY2020.csv,329621,.csv,c5fdf460af28b04d1663e2ce133930189fe8eb318cecf73cd26ec27291c0c5a0
raw/ausgrid_zone_substation_load/extracted/2020/FY 2020/Darling Harbour 132_11kV FY2020.csv,331817,.csv,ff7f0bc18ca8dc93ee28e3ff01be17fa1ac6f87b5f1fbefe802261ea73e38166
raw/ausgrid_zone_substation_load/extracted/2020/FY 2020/Darlinghurst 33_11kV FY2020.csv,330353,.csv,ce9dc4fda1ab434325fd87e4f7952d05f2cef4cba8061629b58e12b91d5e00cb
raw/ausgrid_zone_substation_load/extracted/2020/FY 2020/Dee Why West 33_11kV FY2020.csv,329953,.csv,717a05f0f6f83a6475829ae9c68f71cd7f23d34b6357098ea12a88ccaa8918db
raw/ausgrid_zone_substation_load/extracted/2020/FY 2020/Denman 66_11kV FY2020.csv,292729,.csv,5d2f7618d30e6a6c0ddeba107e58097d5fc60341474de9ee3890cacffcc565e6
raw/ausgrid_zone_substation_load/extracted/2020/FY 2020/Double Bay 132_11kV FY2020.csv,329987,.csv,74639eb7f3d73271e22a0d5a72bb298c2707cf17aaf76f89cd3f945d289a7119
raw/ausgrid_zone_substation_load/extracted/2020/FY 2020/Drummoyne 132_11kV FY2020.csv,329621,.csv,a590b789b88f6c01276286191e91cb27c5f486555877cb7d7a6a89081765dfba
raw/ausgrid_zone_substation_load/extracted/2020/FY 2020/Dudley 33_11kV FY2020.csv,48149,.csv,3d6b0f95d0ebda92e7427f69120bf9db6ac1e75b4d2e79bd3b204be6eb4ed07e
raw/ausgrid_zone_substation_load/extracted/2020/FY 2020/Dulwich Hill 33_11kV FY2020.csv,330353,.csv,2df0976e58e0faf621bbeea0b764225bf75ac9a3897f2d5ea24e076bf803c5ef
raw/ausgrid_zone_substation_load/extracted/2020/FY 2020/East Maitland 33_11kV FY2020.csv,50711,.csv,7bf9374fffb27692ea2284b19fb011d75163d85f7f6691853bf1964bee01c7cd
raw/ausgrid_zone_substation_load/extracted/2020/FY 2020/Edgeworth 33_11kV FY2020.csv,298665,.csv,c2a969e619df1fd3ab2440e3b377f10fc155e12e7cc9cf88976dfbb1938424af
raw/ausgrid_zone_substation_load/extracted/2020/FY 2020/Empire Bay 66_11kV FY2020.csv,292510,.csv,5d07bf77ae518fe0ae39131afd0209d1eeb17559a4de465f2da2d6f217043523
raw/ausgrid_zone_substation_load/extracted/2020/FY 2020/Enfield 33_11kV FY2020.csv,315224,.csv,d0a3d34606ada1f25ee8f377babef9b7ff415f09748315d95a90cbc221fae7a6
raw/ausgrid_zone_substation_load/extracted/2020/FY 2020/Engadine 132_11kV FY2020.csv,318463,.csv,6c2590b7a6378e05a3011844b5980262102748c2af93130c816d78d5329a6df2
raw/ausgrid_zone_substation_load/extracted/2020/FY 2020/Engadine 33_11kV FY2020.csv,48881,.csv,27ceae45643e767eb3644747be456d4141fe3b7e71a5fae61082eee44a4dc7fa
raw/ausgrid_zone_substation_load/extracted/2020/FY 2020/Epping 66_11kV FY2020.csv,329205,.csv,28369252b19aa959088ccf2cc207daa27d97acaee9d261b7e7875b7972a09cd9
raw/ausgrid_zone_substation_load/extracted/2020/FY 2020/Erina 66_11kV FY2020.csv,319095,.csv,829a7b695c4b293a6aa20a64fb7905c2e190f93afd5fcce79f2f77996a1cffb8
raw/ausgrid_zone_substation_load/extracted/2020/FY 2020/Five Dock 33_11kV FY2020.csv,95580,.csv,ddb7c377842e18b1ca6177ab3ec1c52809b9ab9195cb2838374582303ebac9cc
raw/ausgrid_zone_substation_load/extracted/2020/FY 2020/Flemington 132_11kV FY2020.csv,329987,.csv,772ba6f365283511cd747aedd7ae5efc44575f232dcbb1091831526f8062cea8
raw/ausgrid_zone_substation_load/extracted/2020/FY 2020/Galston 132_11kV FY2020.csv,294846,.csv,3687e82989672ae230281b807e70eba86267abfdcc1ff823071615c3cf24861c
raw/ausgrid_zone_substation_load/extracted/2020/FY 2020/Gateshead 33_11kV FY2020.csv,296097,.csv,ad3d8c206199d4767a767c2f34a8d234d48121b176aac247cfec6b0c61ed9bb0
raw/ausgrid_zone_substation_load/extracted/2020/FY 2020/Gore Hill 33_11kV FY2020.csv,330303,.csv,00548ee19e1781e96418ce4c5e254e7aaed47135df30cc85a3b1151eb1f0db24
raw/ausgrid_zone_substation_load/extracted/2020/FY 2020/Green Square 132_11kV FY2020.csv,330719,.csv,18eeea2d88ae314a16afa343d0275a36a6627d427e5174f8245b447a99db683d
raw/ausgrid_zone_substation_load/extracted/2020/FY 2020/Greenacre 132_11kV FY2020.csv,49613,.csv,9d2d496136b43f15f5b25f379011973737782df511c7a6b0b33cb57ebe100acc
raw/ausgrid_zone_substation_load/extracted/2020/FY 2020/Greenacre Park 132_11kV FY2020.csv,331451,.csv,58b834ecbf75cdc13085a5cb962729833881516a5db47c5c8f0289072169e0cb
raw/ausgrid_zone_substation_load/extracted/2020/FY 2020/Gwawley Bay 132_11kV FY2020.csv,322190,.csv,3375b81cdbcd1fb619ad651375b0f52e2ed3f05cc23f1dc2854755b11f8df8b1
raw/ausgrid_zone_substation_load/extracted/2020/FY 2020/Gwawley Bay 33_11kV FY2020.csv,322744,.csv,fdba32ac3d813512bc3d9d61f8fa6573e9473d91c09e54c29bb047474cad03b1
raw/ausgrid_zone_substation_load/extracted/2020/FY 2020/Harbord 33_11kV FY2020.csv,299576,.csv,26ae4c5ed8ddf426438be229eb78d2c55197b172baee64795c731f87cd5806cb
raw/ausgrid_zone_substation_load/extracted/2020/FY 2020/Homebush Bay 132_11kV FY2020.csv,330719,.csv,1961fa3bc7974b76ddc8bc4e91701c9487b499e390a808da3cebfbc0b7354a43
raw/ausgrid_zone_substation_load/extracted/2020/FY 2020/Hornsby 132_11kV FY2020.csv,328889,.csv,ea01f5c6bd822787dfbcd1ab3a4ee237df1dbab3dc9a686ad879b58f3331fbe0
raw/ausgrid_zone_substation_load/extracted/2020/FY 2020/Hunters Hill 66_11kV FY2020.csv,331276,.csv,3477b524a1680a531848c9e787470ffb14be402514253b4330851f3cf4d1e494
raw/ausgrid_zone_substation_load/extracted/2020/FY 2020/Hurstville North 132_11kV FY2020.csv,316199,.csv,17b23e735a8bc5b0f83bbcbde0f17491b22755d18319f7a9a18d1306095f2cf4
raw/ausgrid_zone_substation_load/extracted/2020/FY 2020/Hurstville North 33_11kV FY2020.csv,51809,.csv,6a939f384d8d7d9552a8c7e9430170db9ad86f4973fe48fc792ae75b73cf5605
raw/ausgrid_zone_substation_load/extracted/2020/FY 2020/Jannali 33_11kV FY2020.csv,313501,.csv,4d637ae0b7e35bf61572d946218de6f3a1cd0abc5e8483e211272bc31b1bfb2b
raw/ausgrid_zone_substation_load/extracted/2020/FY 2020/Jesmond 132_11kV FY2020.csv,329937,.csv,ae98acca92a488480afbc0c6206f4a86342d9378cf8742c2b9c400216a954a1d
raw/ausgrid_zone_substation_load/extracted/2020/FY 2020/Jewells 33_11kV FY2020.csv,293526,.csv,3eb27383e7345e4d4bd8170a4c63e2b7d47d2d63c52bc605b78733e11858f33a
raw/ausgrid_zone_substation_load/extracted/2020/FY 2020/Killarney 33_11kV FY2020.csv,295118,.csv,739653e3e4b448e47fc79c38f43f10355e806361a98f25c1429a203f53eacd24
raw/ausgrid_zone_substation_load/extracted/2020/FY 2020/Kingsford 132_11kV FY2020.csv,329613,.csv,b454becd51d52e7fb4440c8a6f533bb11feaf7361dec3fb3fccbae03e1d214ac
raw/ausgrid_zone_substation_load/extracted/2020/FY 2020/Kirrawee 132_11kV FY2020.csv,327694,.csv,f5d15a8a9a1ecffc21bec25b6f7214ffcfa4a17515fe411542423136410258ee
raw/ausgrid_zone_substation_load/extracted/2020/FY 2020/Kogarah 132_11kV FY2020.csv,328865,.csv,eb802c29341c3e5f8df36f2c717411f6c5039aab03320eb4fee31e1c9763fa32
raw/ausgrid_zone_substation_load/extracted/2020/FY 2020/Kotara 33_11kV FY2020.csv,300543,.csv,e5a4c1172001d2f0e1a78d5bd287b6323ad1d5e462a3e2993cb87cbc93e38b3d
raw/ausgrid_zone_substation_load/extracted/2020/FY 2020/Kurnell 33_11kV FY2020.csv,48515,.csv,a7cb1507cccff5e8763f48f9f1eb0f20971190d306e0a01e5f8edd0b515c8816
raw/ausgrid_zone_substation_load/extracted/2020/FY 2020/Kurnell 33_6.3kV FY2020.csv,48881,.csv,db685fc96d574db486e857f4b2e19b63ca3d22c0be6da8ec90ff1141884b419b
raw/ausgrid_zone_substation_load/extracted/2020/FY 2020/Kurnell South 132_11kV FY2020.csv,297001,.csv,bbb27fcbc26f473d1e372825f66a544a794af11f7a4a6e1e4d41a725cb8ef36b
raw/ausgrid_zone_substation_load/extracted/2020/FY 2020/Kurri 132_11kV FY2020.csv,252639,.csv,e167f9c633c2bd7bfbff23909be9c2234dcd470d1522831568cb6d2580b0abd9
raw/ausgrid_zone_substation_load/extracted/2020/FY 2020/Kurri 33_11kV FY2020.csv,47783,.csv,707f6d584f40d7b06b499729c07915b7848e13148b65163ff08d176ef69ce8de
raw/ausgrid_zone_substation_load/extracted/2020/FY 2020/Lake Munmorah 132_11kV FY2020.csv,301754,.csv,e2d1be4d5d31eeef818aea588c9fc04d261fab98528d43a10dea21cf7351c0a7
raw/ausgrid_zone_substation_load/extracted/2020/FY 2020/Lake Munmorah 33_11kV FY2020.csv,50711,.csv,d75b27d342dd7178ded0cc78fb34cb753965518a6ac1878e3a0ddf9051f5259d
raw/ausgrid_zone_substation_load/extracted/2020/FY 2020/Leichhardt 132_11kV FY2020.csv,324505,.csv,9719ab079d93aba5d22094082aca204d5b3399a6331aa15be639488314f3e952
raw/ausgrid_zone_substation_load/extracted/2020/FY 2020/Leichhardt 33_11kV FY2020.csv,49613,.csv,e8a199d60227f6864dec7cdaaadda071b4af1009b3ae4e9ac94cd6aea103cfb8
raw/ausgrid_zone_substation_load/extracted/2020/FY 2020/Leightonfield 33_11kV FY2020.csv,319754,.csv,4dc2e29464c4df0906f0dd5304848d139eb24dbc85ef92b1c011deb79c2f0c64
raw/ausgrid_zone_substation_load/extracted/2020/FY 2020/Lemington 66_11kV FY2020.csv,294625,.csv,03ef938c87af60afc776c2b679ed19928f3b94734db1b9f3ae8f9ceda60df475
raw/ausgrid_zone_substation_load/extracted/2020/FY 2020/Lidcombe 33_11kV FY2020.csv,299798,.csv,067af8616c2d9c649157e89fbde20b683cc469deb99bb16159ab67d3b1a9c87a
raw/ausgrid_zone_substation_load/extracted/2020/FY 2020/Lindfield 33_11kV FY2020.csv,318937,.csv,5a442b4f5618f5095a32490b4c0ca90b9d4b5157e5e81888038ad51c43a6a740
raw/ausgrid_zone_substation_load/extracted/2020/FY 2020/Lisarow 33_11kV FY2020.csv,309704,.csv,d550c42317ae47545b789171d1fe5184d48374663db5e6cb7eefc33cfa3e0122
raw/ausgrid_zone_substation_load/extracted/2020/FY 2020/Long Jetty 33_11kV FY2020.csv,49613,.csv,98ee3fce7a301739453f4b72cbd6499ad73c1e5b6b3931e759714485e6c421b6
raw/ausgrid_zone_substation_load/extracted/2020/FY 2020/Long Jetty 66_11kV FY2020.csv,329269,.csv,4f5ee64e5b3f9f50bed2a776a4ccd45e3adc277bc3af69adbbb505f2be5b6195
raw/ausgrid_zone_substation_load/extracted/2020/FY 2020/Lucas Heights 33_11kV FY2020.csv,295718,.csv,4364b26da9b75be7936f9df8a53d6a4a268a1dc339ddfa38d61db384c16c058f
raw/ausgrid_zone_substation_load/extracted/2020/FY 2020/Macquarie Park 132_11kV FY2020.csv,332499,.csv,b847cdb0b0f8400976a9ee51b72b46b970630677ffe4741e81e867b74cfb3db9
raw/ausgrid_zone_substation_load/extracted/2020/FY 2020/Maitland 33_11kV FY2020.csv,300255,.csv,fb44fa4a95406326f94cf8283b973851ef34bef064940f96e841a9c69bbeff53
raw/ausgrid_zone_substation_load/extracted/2020/FY 2020/Maitland Central 33_11kV FY2020.csv,51809,.csv,32f37d19b22ed182ee07357bbeec83ffd11444b2ffc83d1242e3164552c0390d
raw/ausgrid_zone_substation_load/extracted/2020/FY 2020/Manly 33_11kV FY2020.csv,304250,.csv,7d950025ed57ac172836ba45056700d2f5b263ea6f81d1374031883a1b7e6598
raw/ausgrid_zone_substation_load/extracted/2020/FY 2020/Maroubra 132_11kV FY2020.csv,329255,.csv,68647980975bf0ca922e64ec1e95c22065548043736d2db7c81c9e07aebb46ac
raw/ausgrid_zone_substation_load/extracted/2020/FY 2020/Marrickville 132_11kV FY2020.csv,330719,.csv,cb88e4b3c90bb77e76e4918bf86167fdb9088c8cdcf6841af1c3bdbdaf6ec076
raw/ausgrid_zone_substation_load/extracted/2020/FY 2020/Maryland 132_11kV FY2020.csv,296570,.csv,8c1fa5e94f562372c94a31b3e03b1b72d3a8fd4fa20eb8a397dd369f5e09ca2b
raw/ausgrid_zone_substation_load/extracted/2020/FY 2020/Mascot 33_11kV FY2020.csv,328157,.csv,5a2b346841ab5d70a351e5d396a131af098211ac0a6499d85f1c5f89c9fbb45f
raw/ausgrid_zone_substation_load/extracted/2020/FY 2020/Matraville 33_11kV FY2020.csv,330433,.csv,8ce705fd823d40989bf699cfa23aa6fa2c0fad6f491d32989f81f7936db13e26
raw/ausgrid_zone_substation_load/extracted/2020/FY 2020/Mayfield 33_11kV FY2020.csv,48881,.csv,a63eccf4ea5f616184d2cf603e28324dfbf9613f8d8bc3648ff672d76980332e
raw/ausgrid_zone_substation_load/extracted/2020/FY 2020/Mayfield West 132_11kV FY2020.csv,315127,.csv,8755e0129ff8b959a48f481985a81c80c046fd535b6211fbd090c35b33714be0
raw/ausgrid_zone_substation_load/extracted/2020/FY 2020/Meadowbank 132_11kV FY2020.csv,329987,.csv,f5ffc0b336c5dbd642f7f286211cca205788d077830c0f54836ec1793b4990ca
raw/ausgrid_zone_substation_load/extracted/2020/FY 2020/Medowie 33_11kV FY2020.csv,294616,.csv,0903f584acf0b1e0ba1969d88572095fb47949650116f5f643937cfd32a413b7
raw/ausgrid_zone_substation_load/extracted/2020/FY 2020/Menai 132_11kV FY2020.csv,324116,.csv,a84682c699e8974b15874623c2a2db46f85a7786fb09dd8579ae6beae85467ed
raw/ausgrid_zone_substation_load/extracted/2020/FY 2020/Merriwa 33_11kV FY2020.csv,294439,.csv,1a5ec7847a20809f6c3e9375acf43518cf703527921553a6211a51207cab312b
raw/ausgrid_zone_substation_load/extracted/2020/FY 2020/Metford 33_11kV FY2020.csv,316339,.csv,1975a600e461b8a6f9d01feb13b3ccc482675bf2acbe006bf3918bb35a4328a8
raw/ausgrid_zone_substation_load/extracted/2020/FY 2020/Milperra 132_11kV FY2020.csv,329219,.csv,69ae27852d7b6a77ee974359089f02190cd9f6419331f3052c7eb87b8400c555
raw/ausgrid_zone_substation_load/extracted/2020/FY 2020/Miranda 33_11kV FY2020.csv,323452,.csv,727b2e45ad5a0c71a125a66b5a0fd2510e74b41a8db87e84ede4326e8ed375a1
raw/ausgrid_zone_substation_load/extracted/2020/FY 2020/Mitchell Line 66_11kV FY2020.csv,295291,.csv,3ead4bb19e323709a07a6af64f970dd985e4c872adfc659723dc5cc56befb3ac
raw/ausgrid_zone_substation_load/extracted/2020/FY 2020/Mitchells Flat 66_11kV FY2020.csv,293508,.csv,75ce3b1f15114509a28efd696ac53b64068fb3502ede9507481f2f5b2efd88ac
raw/ausgrid_zone_substation_load/extracted/2020/FY 2020/Mona Vale 33_11kV FY2020.csv,323640,.csv,d1fd27121c7c80f0b36bb69030adf550c59247aa98c010d06a5711f659061340
raw/ausgrid_zone_substation_load/extracted/2020/FY 2020/Moonan 33_11kV FY2020.csv,294073,.csv,6e1d027b1417d5e437219e05a187f3f1ec8cc58a7f73437a27711324a200f271
raw/ausgrid_zone_substation_load/extracted/2020/FY 2020/Morisset 132_11kV FY2020.csv,303469,.csv,5d898fe26aadaf04cbdf2cf0abdbfad2219f879536fb6ea67a9726b0ce1d63a5
raw/ausgrid_zone_substation_load/extracted/2020/FY 2020/Morisset 33_11kV Temp FY2020.csv,50711,.csv,119fa2b3dafe56f4b6c21a2144b358c76db7dbfc4d9e83e2888ea7b5abb7a6fd
raw/ausgrid_zone_substation_load/extracted/2020/FY 2020/Mortdale 33_11kV FY2020.csv,327681,.csv,456de60a842adf20ca39902f80406a60aad8f4ca4c63a541168220413167d525
raw/ausgrid_zone_substation_load/extracted/2020/FY 2020/Mosman 132_11kV FY2020.csv,328523,.csv,f2f9cf2a0a0dde181da341b93fe679ac486573b0aecc328771274ad4cb0409db
raw/ausgrid_zone_substation_load/extracted/2020/FY 2020/Mt Hutton 33_11kV FY2020.csv,293249,.csv,4e0ade391afcd39d2e60422f5c63ebcbb2d792829c02babe09fd701aa890b4da
raw/ausgrid_zone_substation_load/extracted/2020/FY 2020/Mt Thorley 66_11kV FY2020.csv,295537,.csv,dc7d5526d67905bc35df454d1720fd14219e4021d1b2b485a84a472542de0319
raw/ausgrid_zone_substation_load/extracted/2020/FY 2020/Muswellbrook 33_11kV FY2020.csv,297671,.csv,febb430a337b12c4bde9106dc6a5a4a7bd4abb7be6073641553eac6f2d8cea72
raw/ausgrid_zone_substation_load/extracted/2020/FY 2020/Narrabeen 33_11kV FY2020.csv,294281,.csv,109e233c4bb1668c075eaa1446d90c24e3a185b3d8f0847f6423e9e6a8502dc0
raw/ausgrid_zone_substation_load/extracted/2020/FY 2020/Nelson Bay 33_11kV FY2020.csv,311554,.csv,b639f1f60889023cf4ddc085fae8d36fdbbbdb1fe62dcc8be76ce8f70044a364
raw/ausgrid_zone_substation_load/extracted/2020/FY 2020/New Lambton 33_11kV FY2020.csv,299306,.csv,434fc86cfa3c10d03d77d7beefafda1e07802ca60d913a64c4a6a3ff51955a56
raw/ausgrid_zone_substation_load/extracted/2020/FY 2020/Newcastle CBD 33_11kV FY2020.csv,331696,.csv,90304e215593331359c0ab60c823dfffb46ae1ef9bc49fed463a34c4c142abeb
raw/ausgrid_zone_substation_load/extracted/2020/FY 2020/Newdell 66_11kV FY2020.csv,294439,.csv,21a72e18306710049437ec78f96333c1bce2eddb96c6c05518db6597cc7c5016
raw/ausgrid_zone_substation_load/extracted/2020/FY 2020/Newport 33_11kV FY2020.csv,294971,.csv,2d76d12844ba573e2980d7e971746b0a6a583fb7da74c40632c85f6fe6890653
raw/ausgrid_zone_substation_load/extracted/2020/FY 2020/Noraville 33_11kV FY2020.csv,304223,.csv,9bf15a00d6372cddb0747264d312f6009e886fc703ded6358bf80e66d3d1c8f7
raw/ausgrid_zone_substation_load/extracted/2020/FY 2020/North Head 33_11kV FY2020.csv,297717,.csv,380d81fa1a09d4c39f69b8f0d23596bcf5156d51289a9ad7b2744b3bb5345912
raw/ausgrid_zone_substation_load/extracted/2020/FY 2020/North Ryde 66_11kV FY2020.csv,49613,.csv,3922f1f8458711630d0bd6e9cecb1ae7eb60ff260243893bf3195b4eccf6cf8c
raw/ausgrid_zone_substation_load/extracted/2020/FY 2020/North Sydney 132_11kV FY2020.csv,293367,.csv,f90e730e6039692b028d74deaf8852d8d4f9557e353fffd88514e75d2f880f92
raw/ausgrid_zone_substation_load/extracted/2020/FY 2020/North Sydney 33_11kV FY2020.csv,50345,.csv,e57b4289c818a1348bccfd4340ca10702fc9fa83d483de74f9cbe6b04b4d00d7
raw/ausgrid_zone_substation_load/extracted/2020/FY 2020/Nulkaba 33_11kV FY2020.csv,295242,.csv,de9c0a4b03db4a707a8e0591f7f588b6db499eb623d07f67989fb071b2c3cda0
raw/ausgrid_zone_substation_load/extracted/2020/FY 2020/Olympic Park 132_11kV FY2020.csv,296635,.csv,aa61c81e9d7b902552dd9fd24df05fd898fdc153635da787dece7505b3ac10b3
raw/ausgrid_zone_substation_load/extracted/2020/FY 2020/Paddington 33_11kV FY2020.csv,329521,.csv,e5c635ca349dee6bdbb3907351943fe4aeaa151439b38fee82340b5fe8afd87e
raw/ausgrid_zone_substation_load/extracted/2020/FY 2020/Padstow 33_11kV FY2020.csv,48515,.csv,60f093e31f47e2de98de0a92681d205fac13d179ae32bb16308722f8cb52c320
raw/ausgrid_zone_substation_load/extracted/2020/FY 2020/Paxton 33_11kV FY2020.csv,293891,.csv,07974ffa702cbefe2afff5a5ec389093e8cc077cfde9fdea2bd551a6bad552c7
raw/ausgrid_zone_substation_load/extracted/2020/FY 2020/Peats Ridge 33_11kV FY2020.csv,295084,.csv,504fd7174e2ab0f511e25eedba9b55da10b10806a932ceab2a69ecb3d0844eb3
raw/ausgrid_zone_substation_load/extracted/2020/FY 2020/Pelican 33_11kV FY2020.csv,294546,.csv,fba8181d554b8faab7958f23de57bde52f63b0d7c14abb3df24ef050daa3a22d
raw/ausgrid_zone_substation_load/extracted/2020/FY 2020/Pennant Hills 132_11kV FY2020.csv,331085,.csv,2fa90698eb55515339b3378dddb5bc8f1c14e4b256e5142856a29249b532ed7d
raw/ausgrid_zone_substation_load/extracted/2020/FY 2020/Port Botany 33_11kV FY2020.csv,323226,.csv,72dd3e8777b7c93747df44aa37a0f395d724322773ac87e20a2fa72dc19e50c8
raw/ausgrid_zone_substation_load/extracted/2020/FY 2020/Potts Hill 132_11kV FY2020.csv,331035,.csv,ccf26cb7ac8df40008fcc095599133d45558b821ad98bbe4d930e618c6c60fc6
raw/ausgrid_zone_substation_load/extracted/2020/FY 2020/Punchbowl 33_11kV FY2020.csv,325923,.csv,cbffc74cfedc7affd37077896b327b26a4571ff77e59dabdb38357f76542b7e4
raw/ausgrid_zone_substation_load/extracted/2020/FY 2020/Pymble 33_11kV FY2020.csv,321986,.csv,4a572bee046d16cbcccd121d6fa419588135a46d349e342863383a08ec201d58
raw/ausgrid_zone_substation_load/extracted/2020/FY 2020/RNS Hospital 132_11kV FY2020.csv,296401,.csv,e714d229d4bb964644ee690de1ea57679fc242e567d5e3e6f9924b6847bc4a40
raw/ausgrid_zone_substation_load/extracted/2020/FY 2020/Randwick 33_11kV FY2020.csv,48881,.csv,dc92c9957e413a6b12f97d729dc09bc85fcb81c0015366071d0b46d7c9d68994
raw/ausgrid_zone_substation_load/extracted/2020/FY 2020/Rathmines 132_11kV FY2020.csv,295819,.csv,257e84a937b7f56e613935b125167f6bdd3e25d84752e021b22716166a510159
raw/ausgrid_zone_substation_load/extracted/2020/FY 2020/Rathmines 132_11kV Temp FY2020.csv,51443,.csv,b702922deec70b1d30e6d680515bfb1bba2d2a18263c1097622625f3540decae
raw/ausgrid_zone_substation_load/extracted/2020/FY 2020/Raymond Terr NEW 33_11kV FY2020.csv,309473,.csv,4f9a6f52bc7b4c96c690677032ed5267b8db6deb5ae59664040249313dae9e35
raw/ausgrid_zone_substation_load/extracted/2020/FY 2020/Raymond Terrace 33_11kV FY2020.csv,51443,.csv,0e5a749c86169c531fc405df77fb27bd3f68c02596f623565b3a85ca1afba3d5
raw/ausgrid_zone_substation_load/extracted/2020/FY 2020/Revesby 132_11kV FY2020.csv,326387,.csv,07e7fd1665e9cf31ba63f2522cbf6cd7c4b655a7568525c7f0bed0a3b30017e1
raw/ausgrid_zone_substation_load/extracted/2020/FY 2020/Riverwood 33_11kV FY2020.csv,310053,.csv,ffc06b9e8c237ea09e0583a2f3b10a07de73b1c222716290580fbf5c610b937d
raw/ausgrid_zone_substation_load/extracted/2020/FY 2020/Rockdale 132_11kV FY2020.csv,329964,.csv,7c2cbc0fa5051790fb3bc1ca940cdfb5e7fed1abd8cc75fcb80214ddad3887c9
raw/ausgrid_zone_substation_load/extracted/2020/FY 2020/Rockdale 33_11kV FY2020.csv,48881,.csv,e1033848b8366f180c6049cc9c98970c6b11c670aa9c3cde045b1cf812717916
raw/ausgrid_zone_substation_load/extracted/2020/FY 2020/Rose Bay 132_11kV FY2020.csv,330294,.csv,9871f8aac393d526afc115f401e311c80def6fdf261f64a0b3d543deb469643f
raw/ausgrid_zone_substation_load/extracted/2020/FY 2020/Rose Bay 33_11kV FY2020.csv,48881,.csv,70cb9a46685b4923b2dedf2791a5983c1ca1a1ff2e235fd8ab3670ec67d3fd90
raw/ausgrid_zone_substation_load/extracted/2020/FY 2020/Rothbury 132_11kV FY2020.csv,295223,.csv,8338434ac4363cec3bcd2553e041b10ff206b063ffd08c3ac92f8fe26cc9ebc1
raw/ausgrid_zone_substation_load/extracted/2020/FY 2020/Rouchel 33_11kV FY2020.csv,278850,.csv,00df381a31321161f81c8fbc9f9d342022bdcb5e420c7e5e659e94e6562dd803
raw/ausgrid_zone_substation_load/extracted/2020/FY 2020/Rutherford 33_11kV FY2020.csv,320067,.csv,4b9652f6da2485e7b090cacef34adf48df10a59130ce51ce039db8b2cf423a0e
raw/ausgrid_zone_substation_load/extracted/2020/FY 2020/Salt Ash 33_11kV FY2020.csv,48881,.csv,489d7aef2dd0b36770f2976757461810d473f10069d3d7fb8b162f6155cde26a
raw/ausgrid_zone_substation_load/extracted/2020/FY 2020/Sans Souci 33_11kV FY2020.csv,296869,.csv,4fc5176d10f1f96edba35364faf00041a41c358e7cde020bf1f67f9e30273e32
raw/ausgrid_zone_substation_load/extracted/2020/FY 2020/Scone 66_11kV FY2020.csv,295750,.csv,3927b421d7507b2242d0b0f5b549405b774847ab960c01adb3678231b10586e1
raw/ausgrid_zone_substation_load/extracted/2020/FY 2020/Sefton 132_11kV FY2020.csv,328523,.csv,72835852448b75dccac8560173f94e809b9bf7491698c4026bc09c746a25927f
raw/ausgrid_zone_substation_load/extracted/2020/FY 2020/Shortland 33_11kV FY2020.csv,49247,.csv,a91701e110941fea7ce39899620b9b7d5ee383af9f9fa56a2e6b37900faf7e1a
raw/ausgrid_zone_substation_load/extracted/2020/FY 2020/Singleton 66_11kV FY2020.csv,302505,.csv,b338b7a6912074be0ce1e4ae396747d95caf365c812b47d4fde35790df2813bc
raw/ausgrid_zone_substation_load/extracted/2020/FY 2020/Singleton North 66_11kV FY2020.csv,298251,.csv,7778a21a6d9ca0806029a3ac30a1631aa98198af5769f6f22b5e20e514828d5f
raw/ausgrid_zone_substation_load/extracted/2020/FY 2020/Somersby 132_11kV FY2020.csv,309665,.csv,bc12135b2e4ea04968546919942bb49168675c5ffd18e8ee1f7c7c5a2c4cc99e
raw/ausgrid_zone_substation_load/extracted/2020/FY 2020/St Ives 33_11kV FY2020.csv,328309,.csv,4cd51dad4703856ab28abb7635876c88a198788ad3db623265ce7d3119f0b2bb
raw/ausgrid_zone_substation_load/extracted/2020/FY 2020/St Peters 132_11kV FY2020.csv,329270,.csv,8db7d0b11c780b86b5fef0c32d55c21ba14ec40cb893f5a75c1f20440c490ee7
raw/ausgrid_zone_substation_load/extracted/2020/FY 2020/Stockton 33_11kV FY2020.csv,293461,.csv,a71ac5e44c22238293f88c6900b5e3d2534fcbb93722d05adeecb1d659973a27
raw/ausgrid_zone_substation_load/extracted/2020/FY 2020/Strathfield South 132_11kV FY2020.csv,52541,.csv,7ff2c0ab3c989c84cfa857511b22cd7ccd0997e7042fb92b4e6c26ccd20d430c
raw/ausgrid_zone_substation_load/extracted/2020/FY 2020/Summer Hill 33_11kV FY2020.csv,49979,.csv,ad4bd054178e17d45bfe5a6eb22835517a72a62ba9657fcc33d4593772658aff
raw/ausgrid_zone_substation_load/extracted/2020/FY 2020/Surry Hills 33_11kV FY2020.csv,330975,.csv,563553dad5942cc86c670989b37e272bacc5a82be88e66e3cab2b8016fc123f1
raw/ausgrid_zone_substation_load/extracted/2020/FY 2020/Swansea 33_11kV FY2020.csv,293289,.csv,7157cd517ac39037552ebea74c5acbf2d1623c5d2dc904d83510e2ed0b81c39b
raw/ausgrid_zone_substation_load/extracted/2020/FY 2020/Tanilba Bay 33_11kV FY2020.csv,295939,.csv,f8f54099320533bdba84cd41686c029b2eb852e18ddcc0c897bcdb98c5749988
raw/ausgrid_zone_substation_load/extracted/2020/FY 2020/Tarro 33_11kV FY2020.csv,314087,.csv,cd4d7050f78528c801b26a5625579eda6e3153bae5730ccddee8e5bfa79efceb
raw/ausgrid_zone_substation_load/extracted/2020/FY 2020/Telarah 33_11kV FY2020.csv,277738,.csv,7bc75010f6f837ecbac5cd0d398b5cccd53774b8eaf268cabebf6ba424c43aee
raw/ausgrid_zone_substation_load/extracted/2020/FY 2020/Terrey Hills 33_11kV FY2020.csv,297497,.csv,7194d05106aaf9c266b04f5f73f91e7783c1df9fe5b3dbb43364d76a8d024462
raw/ausgrid_zone_substation_load/extracted/2020/FY 2020/Thornton 33_11kV FY2020.csv,305103,.csv,27b0543a4ace2e7ecb72afc9201f20c06f0f23e22c31590f388738876fba18bb
raw/ausgrid_zone_substation_load/extracted/2020/FY 2020/Tighes Hill 33_11kV FY2020.csv,316348,.csv,57cc53c3753c0e37db122ddaf3c6d3f4d6f22fe0b0cf7c7535d7cac7274f1671
raw/ausgrid_zone_substation_load/extracted/2020/FY 2020/Tomago 33_11kV FY2020.csv,294082,.csv,52521ea717f60f9baab86d72b328c194c42010717c6cca29964eee1225bf5385
raw/ausgrid_zone_substation_load/extracted/2020/FY 2020/Tomalpin 33_11kV FY2020.csv,294602,.csv,a24c4fcfeafe46a1d5284b616e5b31d34d74a24a48a1a3e63f13568b61aaa5b4
raw/ausgrid_zone_substation_load/extracted/2020/FY 2020/Tomaree 33_11kV FY2020.csv,295952,.csv,c1e65da6a3b3f7314b2ad9d4b2d71a93eff8dbfd129eab3bedc75a6a7ab332ba
raw/ausgrid_zone_substation_load/extracted/2020/FY 2020/Top Ryde 132_11kV FY2020.csv,329255,.csv,44523f5aa08acc8d4ce699206064ca1c9dfb9c9cf0c94e9bf6f2d17e6df8e820
raw/ausgrid_zone_substation_load/extracted/2020/FY 2020/Toronto 33_11kV FY2020.csv,48515,.csv,f4377b0a0b42ea63815fef549f0b16bcb92498c03a71f677e54a2ca984090ca9
raw/ausgrid_zone_substation_load/extracted/2020/FY 2020/Toronto West 132_11kV FY2020.csv,302246,.csv,6dc751921f563b66304208b0b8bfa9e0ce7b6eadaf83cab0638a957ca2c5dc5c
raw/ausgrid_zone_substation_load/extracted/2020/FY 2020/Turramurra 33_11kV FY2020.csv,329242,.csv,c4d4e7c4ae569a836a6d0fdff4eaab84b25554a6314542a445c97eada609d7a7
raw/ausgrid_zone_substation_load/extracted/2020/FY 2020/Umina 66_11kV FY2020.csv,309040,.csv,9cf9ef3b8ee9203c5430c1bdd0e2d1d28e842a1492e8d48d5fa884ea0a00e933
raw/ausgrid_zone_substation_load/extracted/2020/FY 2020/Vales Point 33_11kV FY2020.csv,295903,.csv,eacd42e7e0905d2852ab85999b2a2aedb568dc6a138471f03529c64891244d5e
raw/ausgrid_zone_substation_load/extracted/2020/FY 2020/Wallalong 33_11kV FY2020.csv,49247,.csv,6141ddd963736d459e33c72e6a5415805ba0182c2ecebd46faa4c9738d452de6
raw/ausgrid_zone_substation_load/extracted/2020/FY 2020/Wallsend 33_11kV FY2020.csv,48881,.csv,e7c2ebbc2b8de6e0ac17882f7e4f3257fa9ead3b0c062afcf0d01462958ab3c2
raw/ausgrid_zone_substation_load/extracted/2020/FY 2020/Wamberal 132_11kV FY2020.csv,295576,.csv,2765ce168d5cb49f71df36e850f3fbdc342b56805c4a1750ed04183d5449b0b4
raw/ausgrid_zone_substation_load/extracted/2020/FY 2020/Wamberal 66_11kV FY2020.csv,54264,.csv,809788e9544447cb65a98aaeda80b6254f5d2823ca6b1480b68adbb0e8da226b
raw/ausgrid_zone_substation_load/extracted/2020/FY 2020/Waverley 132_11kV FY2020.csv,326839,.csv,fcb4fec530aca0b7dcc22bd7fc32fb9f24c106975467c6b216e823a76dac4453
raw/ausgrid_zone_substation_load/extracted/2020/FY 2020/Waverley 33_11kV FY2020.csv,48881,.csv,f407fdd60de858746935e046d063dbb8562176d1732151d213bbae76f264f7a8
raw/ausgrid_zone_substation_load/extracted/2020/FY 2020/West Gosford 132_11kV FY2020.csv,330719,.csv,409a3fb5d2ecbcdac24f77826b55b02ecd083d7877753a7976cf1a6dbbf100db
raw/ausgrid_zone_substation_load/extracted/2020/FY 2020/Williamtown 33_11kV FY2020.csv,295231,.csv,0999aa01f9d71a1085b24a7dae5e3bb2295b455fe502d131ae4d53a3991625ce
raw/ausgrid_zone_substation_load/extracted/2020/FY 2020/Woy Woy 66_11kV FY2020.csv,300924,.csv,28423c30bb0b86c13f9a036db80e40f22aa65d9f094606eca65543b77693630b
raw/ausgrid_zone_substation_load/extracted/2020/FY 2020/Wyong 132_11kV FY2020.csv,322952,.csv,71bf60861e29a18caff60b3a9da3b1b2f531588465ab1ffa3d79b5d1075a07f4
raw/ausgrid_zone_substation_load/extracted/2020/FY 2020/Zetland 132_11kV FY2020.csv,328889,.csv,75858990c360591e923ebd0767396379d1068de519187bc941dc15f3bd0e8bde
raw/ausgrid_zone_substation_load/extracted/2021/FY 2021/Aberdeen 66_11kV FY2021.csv,293635,.csv,dfda3bf9c190877422ed423a1e1146a857d1723e28de3767a63e651d64326e75
raw/ausgrid_zone_substation_load/extracted/2021/FY 2021/Adamstown 132_11kV FY2021.csv,310823,.csv,424f17f1d086f64eb6178dac92c9071156340df3ad8222bd4339d5b96642f94b
raw/ausgrid_zone_substation_load/extracted/2021/FY 2021/Argenton 132_11kV FY2021.csv,318021,.csv,2aad1e94b48f6fb6835401a60871fad20e0b7599deaeda47be2ee1bd7d9e43ca
raw/ausgrid_zone_substation_load/extracted/2021/FY 2021/Arncliffe 33_11kV FY2021.csv,48748,.csv,badb059a11cf18e36ff7a646b93e0910992e35c20e68dce3edd038a8e3befec6
raw/ausgrid_zone_substation_load/extracted/2021/FY 2021/Auburn 33_11kV FY2021.csv,298148,.csv,c0ceb7963131fc0e391fe15fe83afba194be5f45c1acdccc818be739d9d01990
raw/ausgrid_zone_substation_load/extracted/2021/FY 2021/Avoca 66_11kV FY2021.csv,321677,.csv,29ec95f9c48e19df50a392d01f960faecd81cdcc27682037915846a639d261c1
raw/ausgrid_zone_substation_load/extracted/2021/FY 2021/Avondale 33_11kV FY2021.csv,289492,.csv,83db5b22e6c484a40828da0760545697d6b02acd5ebc6517a4ffd8f37ea4af2e
raw/ausgrid_zone_substation_load/extracted/2021/FY 2021/Baerami 33_11kV FY2021.csv,291555,.csv,b08170643ada3331bfb2d4f37dbe82e1cc17212dea43130059e1f98c138ee404
raw/ausgrid_zone_substation_load/extracted/2021/FY 2021/Balgowlah North 132_11kV FY2021.csv,322232,.csv,0f81ebeee3d83525832d72a7802929fd891f07621fd9f6611a1384b8d69ce128
raw/ausgrid_zone_substation_load/extracted/2021/FY 2021/Bankstown 132_11kV FY2021.csv,327824,.csv,adf431bb0cd73865ee7556b6e49699d0666076aea81ae814aed9bd9a54ec2200
raw/ausgrid_zone_substation_load/extracted/2021/FY 2021/Bass Hill 33_11kV FY2021.csv,298016,.csv,e5b5b0bb9bb07446aeb4047d0f72458b8fce9b0c47ac25dc03204832516f3dea
raw/ausgrid_zone_substation_load/extracted/2021/FY 2021/Beacon Hill 33_11kV FY2021.csv,298487,.csv,7ef86ca1293f27807d941e54173082bcfc3c414541d9058a35fbd1afa98e9a1f
raw/ausgrid_zone_substation_load/extracted/2021/FY 2021/Belmore Park 132_11kV FY2021.csv,50208,.csv,679313597f260db87f07d03f4cfbcfe8f724b9ca21b77d59343cdf76c338e165
raw/ausgrid_zone_substation_load/extracted/2021/FY 2021/Belrose 33_11kV FY2021.csv,303212,.csv,7d3a1d36a982e770a3c042124f64d62b083b3a9194fe47a1f2006db50acbb16b
raw/ausgrid_zone_substation_load/extracted/2021/FY 2021/Berkeley Vale 132_11kV FY2021.csv,329285,.csv,a4b532c7b6bccdf3fb4092b613ac67345a8be94351c1f877c0f20a2fb1ea7443
raw/ausgrid_zone_substation_load/extracted/2021/FY 2021/Berowra 132_11kV FY2021.csv,291224,.csv,eac478f8ebe6b362aac1fd608a365aa193478f22c5ae977b052cb07069285930
raw/ausgrid_zone_substation_load/extracted/2021/FY 2021/Blackwattle Bay 33_5kV FY2021.csv,283729,.csv,e32d923b807b18a13978938c736a40f7bd51a20946d3fd20de446a6afa9f18f4
raw/ausgrid_zone_substation_load/extracted/2021/FY 2021/Blakehurst 33_11kV FY2021.csv,292163,.csv,809f1cf455b13c33f23145e1cd254791859fe8c8a89c1eb773911e7d800174b5
raw/ausgrid_zone_substation_load/extracted/2021/FY 2021/Botany 33_11kV FY2021.csv,324842,.csv,808d87086b4e12836fc4802563741481a5bbece091a384574d22156a933424ec
raw/ausgrid_zone_substation_load/extracted/2021/FY 2021/Brandy Hill 132_11kV FY2021.csv,295104,.csv,e0f67e0d41e0698acb23740b829d4cae6ee42c4e2246cd7401cdc9fbaa65a9ef
raw/ausgrid_zone_substation_load/extracted/2021/FY 2021/Branxton 66_11kV FY2021.csv,293769,.csv,6df6950224a5e48a12ab7bbd87713ebf55f9f2ebba5b63841e95676949a3cd06
raw/ausgrid_zone_substation_load/extracted/2021/FY 2021/Broadmeadow 132_11kV FY2021.csv,311939,.csv,c4dfa1e4ea00049cc1c477e6c528a3ecac98520b0d590ab2c43d9652f150e717
raw/ausgrid_zone_substation_load/extracted/2021/FY 2021/Broadmeadow 33_11kV FY2021.csv,49478,.csv,e10eb253eebb49196b5e96c6f423fb5c965370a09f200f8f18c73ab42b7a67de
raw/ausgrid_zone_substation_load/extracted/2021/FY 2021/Brookvale 33_11kV FY2021.csv,315175,.csv,753c6bef7435e06577ab61a16a19912e076d4130150e6bfc13f0a28be458caba
raw/ausgrid_zone_substation_load/extracted/2021/FY 2021/Burwood 132_11kV FY2021.csv,314847,.csv,2319ac2518c42099153887dd8507e6c4bb072a398314ebb4677b007e7b4837a6
raw/ausgrid_zone_substation_load/extracted/2021/FY 2021/Campbell St 132_11kV FY2021.csv,328563,.csv,8b136cec0de46777e4c94a4006eba42677fcb9c3eadd2d2014ca4ec052337e3d
raw/ausgrid_zone_substation_load/extracted/2021/FY 2021/Camperdown 33_11kV FY2021.csv,329030,.csv,e81f9bcf9f62198dcbeae526703dc8d47866f24ffae690343d2117c1481c9891
raw/ausgrid_zone_substation_load/extracted/2021/FY 2021/Camperdown 33_5kV FY2021.csv,281904,.csv,1a2423e56da9b8b0ef7b2242a64b97cad145160a624fcd927fcb4bb02d83c843
raw/ausgrid_zone_substation_load/extracted/2021/FY 2021/Campsie 33_11kV FY2021.csv,326770,.csv,7f9e36c6ff0c57e6571d975085c51ee01279279e634679b783c8540745280b3f
raw/ausgrid_zone_substation_load/extracted/2021/FY 2021/Cardiff 33_11kV FY2021.csv,293617,.csv,5001204d428885ce590f4894a3159bcf7e789b808360a843f244097d76c0ae1d
raw/ausgrid_zone_substation_load/extracted/2021/FY 2021/Careel Bay 33_11kV FY2021.csv,293962,.csv,771027ea6a5043fda1fe5a27c834ed0b95f7808c82c78231a1bcf13156cdfda8
raw/ausgrid_zone_substation_load/extracted/2021/FY 2021/Caringbah 33_11kV FY2021.csv,299910,.csv,ef62ad83836fd6f03678fdbe71d389c9eaa10c265cefee916d589478e14177ea
raw/ausgrid_zone_substation_load/extracted/2021/FY 2021/Carrington 33_11kV FY2021.csv,49113,.csv,af3ea2e40eac7a63bc1e30f035f87898a036cb59652fdd41d0df509e536c26d3
raw/ausgrid_zone_substation_load/extracted/2021/FY 2021/Castle Cove 132_11kV FY2021.csv,316307,.csv,561338abb79fa9db53f574ba512b21266ef8fa5dcc74e22c3345601c6911f4ea
raw/ausgrid_zone_substation_load/extracted/2021/FY 2021/Cessnock 33_11kV FY2021.csv,48383,.csv,385cab74c3578fb8bddda77265fa3bbd508dc560fc9b6e51c39e69f44429f6cc
raw/ausgrid_zone_substation_load/extracted/2021/FY 2021/Cessnock South 33_11kV FY2021.csv,302603,.csv,f920e153b7ad3b627fe00515888f8a407583d10ad671858542cdfaa724c76f9d
raw/ausgrid_zone_substation_load/extracted/2021/FY 2021/Charlestown 132_11kV FY2021.csv,319863,.csv,301a58c2bbaa2d9f6ec6cbe2c2c6949ee4bc9f1d5933bf45bffe8e556fa7ec0b
raw/ausgrid_zone_substation_load/extracted/2021/FY 2021/Charmhaven 132_11kV FY2021.csv,246746,.csv,38fdf296eaf4bd65a4c26cd6e28b10629bba664f1f5bea65d337ffee8e9ac64a
raw/ausgrid_zone_substation_load/extracted/2021/FY 2021/Chatswood 33_11kV FY2021.csv,315207,.csv,e88eb08581b89aeb352ce6d7de063b87d917fb8c6d46b8e6f1fb9d81e9712c1f
raw/ausgrid_zone_substation_load/extracted/2021/FY 2021/City Central 132_11kV FY2021.csv,295172,.csv,a81670ab3b5341ad05395fa7e0b838141a283946de5f07bf2763016883b0ab45
raw/ausgrid_zone_substation_load/extracted/2021/FY 2021/City East 132_11kV FY2021.csv,49113,.csv,7110a17b1627a9af53b95a1ad0a5d2ade2d64c13b8ccd310df70d4cfb1f5297f
raw/ausgrid_zone_substation_load/extracted/2021/FY 2021/City East 33_11kV FY2021.csv,306613,.csv,a102cbaecb2949dd3ef606c35318f381df4bc0ebed4af9420f2623c558ae37cc
raw/ausgrid_zone_substation_load/extracted/2021/FY 2021/City North 132_11kV FY2021.csv,315942,.csv,f57e9752b86f1c1ead57f31cdc2fff317e439767a788116c6a4dd8edde856abd
raw/ausgrid_zone_substation_load/extracted/2021/FY 2021/City North 33_11kV FY2021.csv,49113,.csv,0d4ccc2d7a48e667618135d9a24ab8716ca2625e0bb0e21e93063da1b8cdaa9d
raw/ausgrid_zone_substation_load/extracted/2021/FY 2021/City South 132_11kV FY2021.csv,315942,.csv,169680d4d812f07309518284e0d5a3751df3c5f862e4dea461662f9557069d86
raw/ausgrid_zone_substation_load/extracted/2021/FY 2021/Clovelly 132_11kV FY2021.csv,315212,.csv,ab8725b33800908ed1830b0403552233a54bff6f1e01ddeecd2f4f5d9666d1ef
raw/ausgrid_zone_substation_load/extracted/2021/FY 2021/Concord 33_11kV FY2021.csv,314482,.csv,fbce095e6d2b5932e6c7e39a71ef4d6c27558dbf196c1f7bfc9eda5e6e67b795
raw/ausgrid_zone_substation_load/extracted/2021/FY 2021/Cronulla 132_11kV FY2021.csv,315212,.csv,e58ab99b358c9f94abd85646a0cb2161b265073790881620e245208765507215
raw/ausgrid_zone_substation_load/extracted/2021/FY 2021/Croudace Bay 33_11kV FY2021.csv,294010,.csv,c8c0d9a2de55aef020e1597b56b5a7d55d7238d83eca8b7e954dae82ea58f7f5
raw/ausgrid_zone_substation_load/extracted/2021/FY 2021/Crows Nest 132_11kV FY2021.csv,328230,.csv,4470dffac59d859dbb3dc56ea80c39831baaf22db4df6cd8c679d108c99574bc
raw/ausgrid_zone_substation_load/extracted/2021/FY 2021/Crows Nest 33_11kV FY2021.csv,49113,.csv,6870d488d963ff02ff0c61929a2a7d22d91660127a65f07665739b0be38dfa9d
raw/ausgrid_zone_substation_load/extracted/2021/FY 2021/Croydon 132_11kV FY2021.csv,300120,.csv,dca2929ce093f7046934977f62a2e8c4fc94a4070b328dc5a5916ecc68e788b1
raw/ausgrid_zone_substation_load/extracted/2021/FY 2021/Dalley St 132_11kV FY2021.csv,315487,.csv,0c2559dfdf3ff4caf21e57f10b4d8e6e93128b4e4c5e9ee314cac85be72f5087
raw/ausgrid_zone_substation_load/extracted/2021/FY 2021/Darling Harbour 132_11kV FY2021.csv,317767,.csv,ebd732eb29c7eb951d31ba2503f7f59092589c3698e28e1c70d910feea1a6c1e
raw/ausgrid_zone_substation_load/extracted/2021/FY 2021/Darlinghurst 33_11kV FY2021.csv,316307,.csv,f4a971fa393eda27f446ab935fc576750a4a09a86651e16a38f542cb1469d7c1
raw/ausgrid_zone_substation_load/extracted/2021/FY 2021/Dee Why West 33_11kV FY2021.csv,316306,.csv,d52cda3e23cfdf81c91de7bb8359384ec007b9bb10a0747ea171fbf1022f978c
raw/ausgrid_zone_substation_load/extracted/2021/FY 2021/Denman 66_11kV FY2021.csv,291533,.csv,ecbea415cbaec6f02762680edd6308b6cefff6f8a5ad7f9a83c63f009018e994
raw/ausgrid_zone_substation_load/extracted/2021/FY 2021/Double Bay 132_11kV FY2021.csv,315942,.csv,4c8b04416990df2534c1f342c2c5c7b63cb92a7e6c9abac5f1641c2ade2c6f46
raw/ausgrid_zone_substation_load/extracted/2021/FY 2021/Drummoyne 132_11kV FY2021.csv,304825,.csv,8b998a24ec847be0536d5494f9edb5c62ece097495ca2db7e14d8cdc4d9c5504
raw/ausgrid_zone_substation_load/extracted/2021/FY 2021/Dulwich Hill 33_11kV FY2021.csv,316307,.csv,8a93a08b1ab93566d97db3d624b6666bcf8489a8182e54dad09ddd4747d170f1
raw/ausgrid_zone_substation_load/extracted/2021/FY 2021/Edgeworth 33_11kV FY2021.csv,297259,.csv,755cd6f5fb7f6d4f6138cc47c2a1ccaa01489f0ae0e1aa921ce937fc513196ad
raw/ausgrid_zone_substation_load/extracted/2021/FY 2021/Empire Bay 66_11kV FY2021.csv,294469,.csv,f100683639c59ec983d0180b60389879695921cc352b7b6a1caffe2d1fb5222c
raw/ausgrid_zone_substation_load/extracted/2021/FY 2021/Enfield 33_11kV FY2021.csv,303670,.csv,8df8b2259f52052c5e45039ce2fd15f4e0cf046a1e02f8119fc9a868b12c981a
raw/ausgrid_zone_substation_load/extracted/2021/FY 2021/Engadine 132_11kV FY2021.csv,313979,.csv,2957120fa3fe0c47cacd7c2824748ec95d88a889e359fd29ed1be6d804c480e5
raw/ausgrid_zone_substation_load/extracted/2021/FY 2021/Engadine 33_11kV FY2021.csv,48383,.csv,0f10b12ce83f9fefe9dc847273bc01346d1d7e3c20f25bf7cf6cf8cdaed8aed5
raw/ausgrid_zone_substation_load/extracted/2021/FY 2021/Epping 66_11kV FY2021.csv,327941,.csv,2e087af6950fd99eafa6395d89083e042491bec89c9df4a01c372e246f5c073b
raw/ausgrid_zone_substation_load/extracted/2021/FY 2021/Erina 66_11kV FY2021.csv,306617,.csv,7220c403492360e403fb46a5039441629d986bc2127bb7e22994e43db50e7bba
raw/ausgrid_zone_substation_load/extracted/2021/FY 2021/Five Dock 33_11kV FY2021.csv,48748,.csv,8e8589c41d0e79e9e4b55c372b384614a8ff2f1838aab898bb793938f7adad57
raw/ausgrid_zone_substation_load/extracted/2021/FY 2021/Flemington 132_11kV FY2021.csv,315942,.csv,93cf6dbb4a59e02274f4ef598240c4ab57d2715e273da457da449f7cd02a31a3
raw/ausgrid_zone_substation_load/extracted/2021/FY 2021/Galston 132_11kV FY2021.csv,292266,.csv,bb9a1b88862f8b001a65c7f73d5e2ed1db0fc1100adfb12e61aaccb770957db0
raw/ausgrid_zone_substation_load/extracted/2021/FY 2021/Gateshead 33_11kV FY2021.csv,293886,.csv,8c3f4feb913ebb9f85f9835400608fda4565b58c14611fb3fc94ae3c6d397509
raw/ausgrid_zone_substation_load/extracted/2021/FY 2021/Gore Hill 33_11kV FY2021.csv,327500,.csv,ee5cfb17d0ef68621dbdedb2ceadf49b6e5b6d3824545c37b32a5eb149ab756c
raw/ausgrid_zone_substation_load/extracted/2021/FY 2021/Green Square 132_11kV FY2021.csv,305920,.csv,e225d700ada45770bdd0f2e3869baad50b7a19dacf91ad66b3bebf0f777405af
raw/ausgrid_zone_substation_load/extracted/2021/FY 2021/Greenacre 132_11kV FY2021.csv,49113,.csv,5f5ee42a137b3fa0105f6397cebec89d23ca9c2ce7a181533064a0e3998a5162
raw/ausgrid_zone_substation_load/extracted/2021/FY 2021/Greenacre Park 132_11kV FY2021.csv,317402,.csv,f2705d177890d7f2f4373b86d8d643c4bc93813811957e284ea3f65b51701fdd
raw/ausgrid_zone_substation_load/extracted/2021/FY 2021/Gwawley Bay 132_11kV FY2021.csv,238496,.csv,341860b9cdff550382fcfc766a9a6e7962aa5fb70b2d38fb90ba3076594bc7d0
raw/ausgrid_zone_substation_load/extracted/2021/FY 2021/Gwawley Bay 33_11kV FY2021.csv,308386,.csv,a307c49a018b3376a60e5bcadc372daa9c0ab710926655649ab39094a2d3258e
raw/ausgrid_zone_substation_load/extracted/2021/FY 2021/Harbord 33_11kV FY2021.csv,287839,.csv,1c074876bb96619adbfa6431c8c25e12401f4947359dc3c18ce333248772bab3
raw/ausgrid_zone_substation_load/extracted/2021/FY 2021/Homebush Bay 132_11kV FY2021.csv,306527,.csv,9490599548d9c76286383d7b25e0386f903142dbe60f6f3ada96ae791ebebea4
raw/ausgrid_zone_substation_load/extracted/2021/FY 2021/Hornsby 132_11kV FY2021.csv,314847,.csv,7289dc37567f931ae9266c25b96111db33f931eb33521a3623ff5794385a413f
raw/ausgrid_zone_substation_load/extracted/2021/FY 2021/Hunters Hill 66_11kV FY2021.csv,328595,.csv,466d0703896600703494a9554f9f3ad25e226cce18479f1d4de99a5b29dc4ab3
raw/ausgrid_zone_substation_load/extracted/2021/FY 2021/Hurstville North 132_11kV FY2021.csv,282074,.csv,31921a5a7e8bfde6c0aa2d8910f522e8c02c95e0fc2478469db0326e67b1d076
raw/ausgrid_zone_substation_load/extracted/2021/FY 2021/Hurstville North 33_11kV FY2021.csv,51303,.csv,95b2dd11dea609c741708beee4b75cfad7c46993b0a626a9af6ccc680e971264
raw/ausgrid_zone_substation_load/extracted/2021/FY 2021/Jannali 33_11kV FY2021.csv,312703,.csv,a3d5da483edeb6595bd27328128090f9db95c1930efee679f3ee4fcc38e6192c
raw/ausgrid_zone_substation_load/extracted/2021/FY 2021/Jesmond 132_11kV FY2021.csv,327069,.csv,1bc66204f16171e550f47ba36e165aea90237715520840058f67740b6cc994bf
raw/ausgrid_zone_substation_load/extracted/2021/FY 2021/Jewells 33_11kV FY2021.csv,292328,.csv,44d1e0b6c3e4ebd72736076f672883b248aebcbc1c08314a3ccc4ce33e0de8aa
raw/ausgrid_zone_substation_load/extracted/2021/FY 2021/Killarney 33_11kV FY2021.csv,282435,.csv,c50142e175a6ca19314c2217b63c0d02252c4ae7c935f0b3766fdc8a581b1d4b
raw/ausgrid_zone_substation_load/extracted/2021/FY 2021/Kingsford 132_11kV FY2021.csv,327833,.csv,8417662d620d61b9b066b39d0fb11f8946e91ca3b5f23dd00170074e0762e00b
raw/ausgrid_zone_substation_load/extracted/2021/FY 2021/Kirrawee 132_11kV FY2021.csv,314448,.csv,c8aabd1fa2f55e375f4b9bb475bbbe03174cd6410665f7097ae23d7aa8abe35d
raw/ausgrid_zone_substation_load/extracted/2021/FY 2021/Kogarah 132_11kV FY2021.csv,304095,.csv,d490ded5174d415e720a16d6cd4f3c0894532901d4641af442ca55d476a4ae43
raw/ausgrid_zone_substation_load/extracted/2021/FY 2021/Kotara 33_11kV FY2021.csv,297695,.csv,2b50bdf694c41003c5718c277a9f4bcc31f3db04d6122362b0735c33739a4b70
raw/ausgrid_zone_substation_load/extracted/2021/FY 2021/Kurnell South 132_11kV FY2021.csv,294481,.csv,8776d892cce2909066c34349fd212b31e4afbb9a11912243929e0cdf5217e516
raw/ausgrid_zone_substation_load/extracted/2021/FY 2021/Kurri 132_11kV FY2021.csv,305417,.csv,47ca18e5271e862ebd0b129e35f73b02ce9cb2edba83fbdd4c0666df10470c8d
raw/ausgrid_zone_substation_load/extracted/2021/FY 2021/Lake Munmorah 132_11kV FY2021.csv,303014,.csv,62992f6942e70be0c0a9c706f3d230801302c44451ab2f01c83238b9f2078abe
raw/ausgrid_zone_substation_load/extracted/2021/FY 2021/Leichhardt 132_11kV FY2021.csv,312023,.csv,2ee5e5462eee44591a2cd578973c95d4919c0ddbed07024d0ea282418662f3c2
raw/ausgrid_zone_substation_load/extracted/2021/FY 2021/Leichhardt 33_11kV FY2021.csv,49113,.csv,8547716ceb0081a3cfea0f6f304c23d4a1c173479b9cb6f46c1f2dd281ce7c54
raw/ausgrid_zone_substation_load/extracted/2021/FY 2021/Leightonfield 33_11kV FY2021.csv,305132,.csv,00906f22c7388d3bc63de23072c8c8a5824682d628eaa598b0ba942145e11ecc
raw/ausgrid_zone_substation_load/extracted/2021/FY 2021/Lemington 66_11kV FY2021.csv,293104,.csv,fc76df3871b20cc6c305f86c13077208177fb6e52b3922c1760db116fa766fb4
raw/ausgrid_zone_substation_load/extracted/2021/FY 2021/Lidcombe 33_11kV FY2021.csv,285314,.csv,a2026adc1ce6d8ae9aa8c1b48d2da8db8e2f7760cb8e88ded356c2d86b3b2267
raw/ausgrid_zone_substation_load/extracted/2021/FY 2021/Lindfield 33_11kV FY2021.csv,319498,.csv,e6507484c173697db3ea15059e9de5a254520484617ee64936cc58e395673496
raw/ausgrid_zone_substation_load/extracted/2021/FY 2021/Lisarow 33_11kV FY2021.csv,297104,.csv,31312085b2de02f268e7ad4cf9f31feddf81efbaf330bc8162d5740f53dbea70
raw/ausgrid_zone_substation_load/extracted/2021/FY 2021/Long Jetty 66_11kV FY2021.csv,324276,.csv,bb523335b5233d2591a3ad4b8b8b7e3792d50f2bf67a95b392fc25b4d3f938f3
raw/ausgrid_zone_substation_load/extracted/2021/FY 2021/Lucas Heights 33_11kV FY2021.csv,283287,.csv,f2579632a860f50cd59dc01d142144c39cddb95e23a8511166a65460ad167183
raw/ausgrid_zone_substation_load/extracted/2021/FY 2021/Macquarie Park 132_11kV FY2021.csv,313562,.csv,77263f7105d78b4a97cb01cbb5d52c4f9b5bca4fbd2bd447132ee455a4ceeb12
raw/ausgrid_zone_substation_load/extracted/2021/FY 2021/Maitland 33_11kV FY2021.csv,297340,.csv,004d4b9249218ea0a5d5e271c4cf246d8777c1d245416c7d8c04ef3b917efc08
raw/ausgrid_zone_substation_load/extracted/2021/FY 2021/Manly 33_11kV FY2021.csv,298883,.csv,8e73ed94fbefc5b535731159fef3db0df69fa75a26373fca34840f2ee44b9109
raw/ausgrid_zone_substation_load/extracted/2021/FY 2021/Maroubra 132_11kV FY2021.csv,315212,.csv,8993323d22d07f80049d695a9a1a41ff200c5b83f1097b76d9b79814dba38cbe
raw/ausgrid_zone_substation_load/extracted/2021/FY 2021/Marrickville 132_11kV FY2021.csv,322022,.csv,f8f295b9ed6c1a468e85a28e2e0e253b091cc71e11c50fe65ac56714c98e784e
raw/ausgrid_zone_substation_load/extracted/2021/FY 2021/Maryland 132_11kV FY2021.csv,295375,.csv,8fca09d3949b7f92ba50205adcca26eaef5cdeb4f35bcc8bca80e7b146a64968
raw/ausgrid_zone_substation_load/extracted/2021/FY 2021/Mascot 33_11kV FY2021.csv,314116,.csv,7c7010eb4baeeb0d0eeacf5024b1c23c4e7ea6b047209133e4b777969eb46864
raw/ausgrid_zone_substation_load/extracted/2021/FY 2021/Matraville 33_11kV FY2021.csv,321361,.csv,48bda581ab14dbb3eea376bf27df027fe0e638f1c117947bd5793ad02e40fcd5
raw/ausgrid_zone_substation_load/extracted/2021/FY 2021/Mayfield West 132_11kV FY2021.csv,311146,.csv,fae7fa874d7d2ab50c3babe868bc96c7d2f6ba00b3e1406dbbf8187a177918aa
raw/ausgrid_zone_substation_load/extracted/2021/FY 2021/Meadowbank 132_11kV FY2021.csv,315942,.csv,ae71c4cd8fe61174dcc0524203df08b170e7e72b31307c9b068db55592de5984
raw/ausgrid_zone_substation_load/extracted/2021/FY 2021/Medowie 33_11kV FY2021.csv,293338,.csv,ee3e007a4e1c37fd8a2fc9a4ffb92b26addca23effd3d6f5b47a3f5784e3263a
raw/ausgrid_zone_substation_load/extracted/2021/FY 2021/Menai 132_11kV FY2021.csv,309508,.csv,149575897d0a916204e8a3ca8315ca3be59055e0ac11368f425424708a49cf5d
raw/ausgrid_zone_substation_load/extracted/2021/FY 2021/Merriwa 33_11kV FY2021.csv,291205,.csv,25b244ce7344e0b79b67d66cb9ec03ce981a534a304208a0ed8f78b76ba80a86
raw/ausgrid_zone_substation_load/extracted/2021/FY 2021/Metford 33_11kV FY2021.csv,315525,.csv,9b7d2d8ce5d8b75fb9c812fb4365b885f66835a0dca4f136d4cc0b249ad2d03d
raw/ausgrid_zone_substation_load/extracted/2021/FY 2021/Milperra 132_11kV FY2021.csv,314880,.csv,71702471decab5386de7a35d78a2a825cc3799649a3144504236435406f2ca5f
raw/ausgrid_zone_substation_load/extracted/2021/FY 2021/Miranda 33_11kV FY2021.csv,320488,.csv,ba150326eda1b12631b14109739188982d57661203bf6519ac4d5954f8bdc9a6
raw/ausgrid_zone_substation_load/extracted/2021/FY 2021/Mitchell Line 66_11kV FY2021.csv,294088,.csv,66338c7278b3cd17e82c0d7ff46cbf7ffb6b1a057416d33faa534214d1255f45
raw/ausgrid_zone_substation_load/extracted/2021/FY 2021/Mitchells Flat 66_11kV FY2021.csv,295195,.csv,f55bea18ed42210322d38439be7b9ca7adc10ba99f4dc0746f3f8755f89421a8
raw/ausgrid_zone_substation_load/extracted/2021/FY 2021/Mona Vale 33_11kV FY2021.csv,322220,.csv,7a5a6fc6148967818bba541b93ca80ff699787b9764350bf42437516049d4f8d
raw/ausgrid_zone_substation_load/extracted/2021/FY 2021/Moonan 33_11kV FY2021.csv,291561,.csv,18273ddb8e567d14d9a665da6f6dff074724fc41abcc6f55fb43691c965d3070
raw/ausgrid_zone_substation_load/extracted/2021/FY 2021/Morisset 132_11kV FY2021.csv,304629,.csv,799eb0b5f42b781b029af7f2f14bc0d97717ad4c2b3c97e0a904063de1c9a973
raw/ausgrid_zone_substation_load/extracted/2021/FY 2021/Mortdale 33_11kV FY2021.csv,314283,.csv,91f30672243014d42815063bd52c868f56bfdaaa6409031f6a6f42566045b2af
raw/ausgrid_zone_substation_load/extracted/2021/FY 2021/Mosman 132_11kV FY2021.csv,314482,.csv,688b81116587f5d927127460f801d5a0d47a4b4565d82f1714ea4e8e00036472
raw/ausgrid_zone_substation_load/extracted/2021/FY 2021/Mt Hutton 33_11kV FY2021.csv,279385,.csv,494b4b55f454289c50379154d63a805bbc1a97e12c8dc55a2815f5c561f389d2
raw/ausgrid_zone_substation_load/extracted/2021/FY 2021/Mt Thorley 66_11kV FY2021.csv,292993,.csv,e7c8d9ec2d2f41b17a6d183bbefc867b6305b2f73b8698d7d05af9f1b41c64b4
raw/ausgrid_zone_substation_load/extracted/2021/FY 2021/Muswellbrook 33_11kV FY2021.csv,251440,.csv,d5734ab6be1712765ed51caad267d8f0b2cdb08f0729762b849c6afe6cfc3c3c
raw/ausgrid_zone_substation_load/extracted/2021/FY 2021/Narrabeen 33_11kV FY2021.csv,282251,.csv,770204a26f3bbc32299908aa48850980827ba5cdcf879e970c4e6a7dfe98d489
raw/ausgrid_zone_substation_load/extracted/2021/FY 2021/Nelson Bay 33_11kV FY2021.csv,310580,.csv,692be00f3d5c8e85548e1f2b84a308233629fe03a95e9db7a091355ea6bc006a
raw/ausgrid_zone_substation_load/extracted/2021/FY 2021/New Lambton 33_11kV FY2021.csv,295044,.csv,921eb5089aab8f2761ad99fe54b707150f391fdfa19518dcb0fb916575765993
raw/ausgrid_zone_substation_load/extracted/2021/FY 2021/Newcastle CBD 33_11kV FY2021.csv,328910,.csv,7b1c9ecf09e11257ced98a892d5318df8cdcca79390e8e22b5eff1a9b94ef4df
raw/ausgrid_zone_substation_load/extracted/2021/FY 2021/Newdell 66_11kV FY2021.csv,293270,.csv,501423b633e2d3899111f40927988a3a737c24237ef75c0d0232b4bb2ea055cd
raw/ausgrid_zone_substation_load/extracted/2021/FY 2021/Newport 33_11kV FY2021.csv,283423,.csv,19dbb56f52576aacf504e7c181a2f3391e98b2e593d90a56a4438555ae6de8ad
raw/ausgrid_zone_substation_load/extracted/2021/FY 2021/Noraville 33_11kV FY2021.csv,294256,.csv,1de51b5ce2a8d447b7aa62d74db9ffcc9e67c8b7c71777b5ed7bb44324481ab5
raw/ausgrid_zone_substation_load/extracted/2021/FY 2021/North Head 33_11kV FY2021.csv,284868,.csv,4ac23169595bd204b02f8eb2deae2dc2744cac442503b2d93c78ef59dafa8df5
raw/ausgrid_zone_substation_load/extracted/2021/FY 2021/North Sydney 132_11kV FY2021.csv,328960,.csv,b75d0bb64d86a458bbb2973def05a92af246a6baa3b154651c694f80fbb752f2
raw/ausgrid_zone_substation_load/extracted/2021/FY 2021/North Sydney 33_11kV FY2021.csv,49843,.csv,872d06cfcc3776d5027c5e04ac7f82f0eb46e40383bae55f21f05a8a2d0b67f2
raw/ausgrid_zone_substation_load/extracted/2021/FY 2021/Nulkaba 33_11kV FY2021.csv,292578,.csv,24d9551726c17b32a9e6652d4a4e484e0cd739dfb45b072e71ccbfd36588a4f8
raw/ausgrid_zone_substation_load/extracted/2021/FY 2021/Olympic Park 132_11kV FY2021.csv,326076,.csv,aae9b5c7b13257f7786fbbae37c1f6f6ad68860374961721acb4602499608909
raw/ausgrid_zone_substation_load/extracted/2021/FY 2021/Paddington 33_11kV FY2021.csv,315451,.csv,41630aa50ad1bf734bf7389b223768ec5e0feaae80be68e0f895156e33c47856
raw/ausgrid_zone_substation_load/extracted/2021/FY 2021/Paxton 33_11kV FY2021.csv,248553,.csv,6a824b9c1e6d31ab536789524ad280a823c0b42481971a04b9eaf19263915ba9
raw/ausgrid_zone_substation_load/extracted/2021/FY 2021/Peats Ridge 33_11kV FY2021.csv,293363,.csv,425f6d172124dcd6e673ea2639089780cf55885741f8e63d5efdcf36b3a75430
raw/ausgrid_zone_substation_load/extracted/2021/FY 2021/Pelican 33_11kV FY2021.csv,291947,.csv,49fee753c8b79e266b42b7e66d2e9d0c1effed75d646a83e9b171688875a192c
raw/ausgrid_zone_substation_load/extracted/2021/FY 2021/Pennant Hills 132_11kV FY2021.csv,317037,.csv,a68feb2584456cc9adf7c7688f796ed55702c317c6fa1d2687b3cc2128a5e8f0
raw/ausgrid_zone_substation_load/extracted/2021/FY 2021/Port Botany 33_11kV FY2021.csv,325346,.csv,5e236e57d10fdbf23afa2670be9b2eb80c071b7d6b7e419b0d0e65d5d1cb94cd
raw/ausgrid_zone_substation_load/extracted/2021/FY 2021/Potts Hill 132_11kV FY2021.csv,328230,.csv,57cbd2d651eac52e77dfc897ee0861506af1aa03420d87c74bd021f4ba8fba81
raw/ausgrid_zone_substation_load/extracted/2021/FY 2021/Punchbowl 33_11kV FY2021.csv,329034,.csv,cfeece3f871c70657346f60ba1cb993615cfb1058d335dd15ea929cd8ce84a45
raw/ausgrid_zone_substation_load/extracted/2021/FY 2021/Pymble 33_11kV FY2021.csv,308624,.csv,19f26f50d203628a2c9091a5649e957b6eb23a16ff1cfd6ef1ddb7ee7b070195
raw/ausgrid_zone_substation_load/extracted/2021/FY 2021/RNS Hospital 132_11kV FY2021.csv,294402,.csv,ef423504fe1a1609dbd7ffc8f7d82237b5bd8ab149c24704f336c76b953054ec
raw/ausgrid_zone_substation_load/extracted/2021/FY 2021/Rathmines 132_11kV FY2021.csv,294644,.csv,90b3a10fb0ad7de8b6572c9f71b6c76f6c41e0ebb65d83f5cac270228877e0a4
raw/ausgrid_zone_substation_load/extracted/2021/FY 2021/Raymond Terr NEW 33_11kV FY2021.csv,305972,.csv,f4f8980a92e8363e4532e1a4a823e8053a955175b9526e52cd051a13cec41a23
raw/ausgrid_zone_substation_load/extracted/2021/FY 2021/Revesby 132_11kV FY2021.csv,313732,.csv,b48fbf9843d3a8361d7988535a4ce7b1c01c354c90d47ca7ea894aa3889e48b5
raw/ausgrid_zone_substation_load/extracted/2021/FY 2021/Riverwood 33_11kV FY2021.csv,297000,.csv,6ba5cf15739388b1b26acccd2d4438cc5b11e5a3810fe5430cde686aa1c69205
raw/ausgrid_zone_substation_load/extracted/2021/FY 2021/Rockdale 132_11kV FY2021.csv,320575,.csv,c4a2cae64c8ae2f1df2717c516fbb2fcf5226fd4e7cea3fa6c1d8afd645a1af3
raw/ausgrid_zone_substation_load/extracted/2021/FY 2021/Rockdale 33_11kV FY2021.csv,48383,.csv,57273e76a95d60d5970ef289d5bfc68f20adda64ed25284f6d44e288d64fa6f8
raw/ausgrid_zone_substation_load/extracted/2021/FY 2021/Rose Bay 132_11kV FY2021.csv,303692,.csv,c92922a8c7712091c61925c21757ec9fc12d534578c0c612e4e4bbcd74d2e5ac
raw/ausgrid_zone_substation_load/extracted/2021/FY 2021/Rose Bay 33_11kV FY2021.csv,48383,.csv,243fb918fa971901da4f5a0eaa85838ba54628c03e0acb079f1a2d6176531ea0
raw/ausgrid_zone_substation_load/extracted/2021/FY 2021/Rothbury 132_11kV FY2021.csv,292656,.csv,18e793f946a3556c83ded8038d1522bc3904da5025f235174d6b6a737b57aa8b
raw/ausgrid_zone_substation_load/extracted/2021/FY 2021/Rouchel 33_11kV FY2021.csv,283316,.csv,89fca1254a1cbb6d704e344d0f1899549c7f1ddce91d6287041ee96bf5ba7542
raw/ausgrid_zone_substation_load/extracted/2021/FY 2021/Rutherford 33_11kV FY2021.csv,315021,.csv,3981a6f5f3fa3107fea040c11c305dd2e69c753318ba7533063a673cea6294f2
raw/ausgrid_zone_substation_load/extracted/2021/FY 2021/Sans Souci 33_11kV FY2021.csv,284234,.csv,d02567f14527ad51ab49d5c6ea962b32433c6c5a583998f96770c6aba6342b0a
raw/ausgrid_zone_substation_load/extracted/2021/FY 2021/Scone 66_11kV FY2021.csv,292269,.csv,194880179645e52aa45c29221058bba6da52064a0ad4c77b4a195c94e2dac373
raw/ausgrid_zone_substation_load/extracted/2021/FY 2021/Sefton 132_11kV FY2021.csv,314345,.csv,a593c3a1d865a5485de343d3f89f9858cb83da36fc5ec663d28770d7166df574
raw/ausgrid_zone_substation_load/extracted/2021/FY 2021/Singleton 66_11kV FY2021.csv,295046,.csv,0e652242996ba2bbb05bfe4d0b3c1490392eed1342697ecfd8c4a4d5efac810e
raw/ausgrid_zone_substation_load/extracted/2021/FY 2021/Singleton North 66_11kV FY2021.csv,252440,.csv,74bdc4943a77959717fd0894ab888fe0b3f7bb200dbe5bed2acf22ee19bddc7a
raw/ausgrid_zone_substation_load/extracted/2021/FY 2021/Somersby 132_11kV FY2021.csv,294792,.csv,4d19e28f133e8e1db18c1008b47085c0e28403dddf157f1027ef34c0a51cc56f
raw/ausgrid_zone_substation_load/extracted/2021/FY 2021/St Ives 33_11kV FY2021.csv,313433,.csv,b94a5d27789342919cb29342b59cbaab2fa3dc2f93cf7caaccefc98987405f1a
raw/ausgrid_zone_substation_load/extracted/2021/FY 2021/St Peters 132_11kV FY2021.csv,320185,.csv,687d9b5d0e3381aeaa693be7e1a693b510b940664620f18c2f5b2061109eb9aa
raw/ausgrid_zone_substation_load/extracted/2021/FY 2021/Stockton 33_11kV FY2021.csv,292039,.csv,5cb1f62cfc44fce256291b412a3f7e96cb5e4fdafbf5051bf90486322e4cdf7d
raw/ausgrid_zone_substation_load/extracted/2021/FY 2021/Strathfield South 132_11kV FY2021.csv,52033,.csv,16c947f3853e4643019e4c1eb600fa113f6ffd1a3da1f4cc712cdead55d43902
raw/ausgrid_zone_substation_load/extracted/2021/FY 2021/Summer Hill 33_11kV FY2021.csv,49478,.csv,b705eb3fca657deb9da508ba45185866a4988d4628f0a26272477c14993b11e2
raw/ausgrid_zone_substation_load/extracted/2021/FY 2021/Surry Hills 33_11kV FY2021.csv,328155,.csv,6177c019dd8fb6a9820b295305b299c64058cc09c04c141b6ba9059df6bba003
raw/ausgrid_zone_substation_load/extracted/2021/FY 2021/Swansea 33_11kV FY2021.csv,292306,.csv,ba2d5702d324ded983e835715608f8518a9968e42a93660e2aa15e58f291011b
raw/ausgrid_zone_substation_load/extracted/2021/FY 2021/Tanilba Bay 33_11kV FY2021.csv,293387,.csv,eafb1873d7c7d74739cde890382cd7d2d772de56a7c6677c63a7aae5412f53bb
raw/ausgrid_zone_substation_load/extracted/2021/FY 2021/Tarro 33_11kV FY2021.csv,307151,.csv,d5300e0251e6ae1516e1b13415aceb68f2d4f872010bce1335cf1ce6ec525baf
raw/ausgrid_zone_substation_load/extracted/2021/FY 2021/Telarah 33_11kV FY2021.csv,273305,.csv,884807c0a5142866d1e600b1f91053c77dcc431fa31b8e6d8088bd10dc32a8ae
raw/ausgrid_zone_substation_load/extracted/2021/FY 2021/Terrey Hills 33_11kV FY2021.csv,284259,.csv,2073a599ba9b0d626a1bcde9f04afb6110cf92b9d10a3a6824c1a5ffe4431d65
raw/ausgrid_zone_substation_load/extracted/2021/FY 2021/Thornton 33_11kV FY2021.csv,304389,.csv,90b02f3defc7c4631440ef0992e3421377944c36542dd2104ef83f9d4711843a
raw/ausgrid_zone_substation_load/extracted/2021/FY 2021/Tighes Hill 33_11kV FY2021.csv,314736,.csv,d9933ca38e59e511908ae19903fcd34114ad275d49e8dadde8c6036b524aa837
raw/ausgrid_zone_substation_load/extracted/2021/FY 2021/Tomago 33_11kV FY2021.csv,291533,.csv,b44ee9e0f972b00c4a0205b110b540451c855bde1f53ad6c19efed057f56fce8
raw/ausgrid_zone_substation_load/extracted/2021/FY 2021/Tomalpin 33_11kV FY2021.csv,291892,.csv,2e8c65229b820d8878e256001b7581475f7b7c77925515db3af6225b6fac6884
raw/ausgrid_zone_substation_load/extracted/2021/FY 2021/Tomaree 33_11kV FY2021.csv,294931,.csv,9f024121fa67d8e630f1be11bab2a73dd4e2a830123515f44db01d98ebebdbc7
raw/ausgrid_zone_substation_load/extracted/2021/FY 2021/Top Ryde 132_11kV FY2021.csv,315180,.csv,e3c5f11fa183b650d23a8384c574f6c9c301f54b5ce3a52c73488f2db983c333
raw/ausgrid_zone_substation_load/extracted/2021/FY 2021/Toronto 33_11kV FY2021.csv,48018,.csv,a50610356cf36b92164c3ce516cc10da5fcecddcedc1d4133f403bf4798a2d1f
raw/ausgrid_zone_substation_load/extracted/2021/FY 2021/Toronto West 132_11kV FY2021.csv,299488,.csv,32c62e61c966179459fcd54c08868447668c16f8ae32e13837d0eb74cbe30274
raw/ausgrid_zone_substation_load/extracted/2021/FY 2021/Turramurra 33_11kV FY2021.csv,327787,.csv,27f1e56915c0bc0787376da054a7e58ec445c9f0c22e1bd6022ca6e6f783fda5
raw/ausgrid_zone_substation_load/extracted/2021/FY 2021/Umina 66_11kV FY2021.csv,297368,.csv,39f841c1edecdccbc031388324ffcc4ccef4321c93450265df7b60e0c2d8ce91
raw/ausgrid_zone_substation_load/extracted/2021/FY 2021/Vales Point 33_11kV FY2021.csv,293386,.csv,9e34e3342f57a6bdc0ffd45abc36a89ca291b6b8b6606f86c6aafa58aaba77f2
raw/ausgrid_zone_substation_load/extracted/2021/FY 2021/Wamberal 132_11kV FY2021.csv,294296,.csv,9db7b027d5e4639e21e291e2ba34e83d1affe92c10724d2a946fc7888cc2c5d8
raw/ausgrid_zone_substation_load/extracted/2021/FY 2021/Wamberal 66_11kV FY2021.csv,136513,.csv,5c49cad5f6adf11451ade56fd05897e77f34a81e1ac1b650c7426f6e17a5e906
raw/ausgrid_zone_substation_load/extracted/2021/FY 2021/Waverley 132_11kV FY2021.csv,327253,.csv,2e74f44686cdd42da9ae463be5013a32a095d64653e5937aa01773903df7f04b
raw/ausgrid_zone_substation_load/extracted/2021/FY 2021/Waverley 33_11kV FY2021.csv,48383,.csv,669af2dd821385e180cf9b61b7e2c68880f8be26754122efd7a5bbaf17f00125
raw/ausgrid_zone_substation_load/extracted/2021/FY 2021/West Gosford 132_11kV FY2021.csv,294400,.csv,94c484a1640c23e645a565ff511c94278e2c862a2a632df8a5e6ef8d69980304
raw/ausgrid_zone_substation_load/extracted/2021/FY 2021/Williamtown 33_11kV FY2021.csv,293395,.csv,bfcda548aaa39c80b9214b4490c0ecbc64501ebbdc795f1f0b5f5abdc876125b
raw/ausgrid_zone_substation_load/extracted/2021/FY 2021/Woy Woy 66_11kV FY2021.csv,287830,.csv,59a845862c2a0a252f778d57689e8994b75d35c5a6174133689c558e1953ef22
raw/ausgrid_zone_substation_load/extracted/2021/FY 2021/Wyong 132_11kV FY2021.csv,286681,.csv,2d6e4f15bee93784d93a3b820a95911b17fc164f809e92ec4b3b3ce4f312ac1d
raw/ausgrid_zone_substation_load/extracted/2021/FY 2021/Zetland 132_11kV FY2021.csv,314847,.csv,b71b95a97f144fc68d0b8066b59a0e085149e1ea227c52da9571ce639f01f2e3
raw/ausgrid_zone_substation_load/extracted/2022/FY 2022/Aberdeen 66_11kV FY2022.csv,461421,.csv,8600936698577e43fe6b372b2ad6e04e0d3b377dde52f6f1ea7cb909a640aae3
raw/ausgrid_zone_substation_load/extracted/2022/FY 2022/Adamstown 132_11kV FY2022.csv,462281,.csv,32f27aa961750ef9e7fcb5faf5e2ce50f932aef6e1b4ca84c63640f0dd545f04
raw/ausgrid_zone_substation_load/extracted/2022/FY 2022/Argenton 132_11kV FY2022.csv,460515,.csv,d57c6808f7525e3b0bd0f6b4b68bfcaab6fd78815016644f690c2a4544cb89be
raw/ausgrid_zone_substation_load/extracted/2022/FY 2022/Auburn 33_11kV FY2022.csv,464803,.csv,dfe7e583e1203876158789b1ec668d8e2a39ebf1ae81aedf09ab6b43cd27f4d4
raw/ausgrid_zone_substation_load/extracted/2022/FY 2022/Avoca 66_11kV FY2022.csv,460362,.csv,2b68248afb7f4ad3214cb2da03278dc5b0e776df9193b84cf76ef82438e1a9d0
raw/ausgrid_zone_substation_load/extracted/2022/FY 2022/Avondale 33_11kV FY2022.csv,461528,.csv,96311854bb764d75fd064e772c580178960dd45fb73f58f6ab30afb2695b447d
raw/ausgrid_zone_substation_load/extracted/2022/FY 2022/Baerami 33_11kV FY2022.csv,460652,.csv,941ed5501c2fd9e6e9d097b55458f7b295a0f9654835763549549efa76d92e4a
raw/ausgrid_zone_substation_load/extracted/2022/FY 2022/Balgowlah North 132_11kV FY2022.csv,462987,.csv,97246c1f5e126aaf0fcd9643f5d74736096fae4945092b92f95dba2bcc5f369d
raw/ausgrid_zone_substation_load/extracted/2022/FY 2022/Bankstown 132_11kV FY2022.csv,464660,.csv,662882fea04f6efe83c423358fbab2c1bd34a2e26bf7af8dd0cad90da861c88b
raw/ausgrid_zone_substation_load/extracted/2022/FY 2022/Bass Hill 33_11kV FY2022.csv,461947,.csv,5464234d73961512b25a738805a776ccf9d92d760436f1eb943ef9ee3951fb40
raw/ausgrid_zone_substation_load/extracted/2022/FY 2022/Beacon Hill 33_11kV FY2022.csv,466504,.csv,f168d40567eb97afc9e55ca3ceabd8934dd5c136746f9c70a311823494077aa1
raw/ausgrid_zone_substation_load/extracted/2022/FY 2022/Belrose 33_11kV FY2022.csv,464953,.csv,036b682a2a41d6b22dd22835b55b4c0a01d85489b43be28e4e4fc2626317dc62
raw/ausgrid_zone_substation_load/extracted/2022/FY 2022/Berkeley Vale 132_11kV FY2022.csv,462250,.csv,4e81e1f0a5c3d6b4635d60e727d9ea034579fd673ec6e0d09b03e1b490591d17
raw/ausgrid_zone_substation_load/extracted/2022/FY 2022/Berowra 132_11kV FY2022.csv,465390,.csv,02136703c3c54e489231305b8036bfdb1541909667b543f216584c7772ea1335
raw/ausgrid_zone_substation_load/extracted/2022/FY 2022/Blackwattle Bay 33_5kV FY2022.csv,468345,.csv,d4a61821c0fe0c6b70e2bad0b8bc044a2aafc5c7f8732ea12cbac3e9033d52f3
raw/ausgrid_zone_substation_load/extracted/2022/FY 2022/Blakehurst 33_11kV FY2022.csv,465891,.csv,b18a5acac2772a8f2737578c6908a4fb275c7148338d3ce71870c68b729613d0
raw/ausgrid_zone_substation_load/extracted/2022/FY 2022/Botany 33_11kV FY2022.csv,464505,.csv,9b3b3da453e3c2edf7988f67db3eabef126a8c1c09b38d51d3244f054c156e32
raw/ausgrid_zone_substation_load/extracted/2022/FY 2022/Brandy Hill 132_11kV FY2022.csv,370189,.csv,26f477d819032d5147121cdc8cfe3f574fda6f6406cd715fd55dd75ecbecfe57
raw/ausgrid_zone_substation_load/extracted/2022/FY 2022/Branxton 66_11kV FY2022.csv,461459,.csv,6dc20b5e68c006cad626255be219096f6112e6ef384d9b1b7b75f4b4f19d9e08
raw/ausgrid_zone_substation_load/extracted/2022/FY 2022/Broadmeadow 132_11kV FY2022.csv,462966,.csv,67ec930824714d2e1385ec2b445f67e3913d9f228c997b077bb978dd268df869
raw/ausgrid_zone_substation_load/extracted/2022/FY 2022/Brookvale 33_11kV FY2022.csv,465740,.csv,72ad9c7318293816ddacad8187f51ea4318f8c462406177183267013b8569be4
raw/ausgrid_zone_substation_load/extracted/2022/FY 2022/Burwood 132_11kV FY2022.csv,465309,.csv,17fb1d26ffd2da3d63b17e11169d4f2fa2a88c47dd18e996316a133dfa6a8c4d
raw/ausgrid_zone_substation_load/extracted/2022/FY 2022/Campbell St 132_11kV FY2022.csv,466613,.csv,e9816ef0fb624cac1140e231584a3e29d95b368fa278fdd3b3ff38b3a3a7ddd9
raw/ausgrid_zone_substation_load/extracted/2022/FY 2022/Camperdown 33_11kV FY2022.csv,462236,.csv,a1762851b6a9689c4bf6b08eb329f3fc764e59548093f5e3433aa58af954f5db
raw/ausgrid_zone_substation_load/extracted/2022/FY 2022/Camperdown 33_5kV FY2022.csv,465657,.csv,e80f63cffe48e71d9b745ad40fe9d1d4d563b48d2572c167b27947012cd2fb61
raw/ausgrid_zone_substation_load/extracted/2022/FY 2022/Campsie 33_11kV FY2022.csv,464953,.csv,abd65335dcc079a1c7132991d2352838d754b6fcd5b4592a5fd460fc9bb4f7ef
raw/ausgrid_zone_substation_load/extracted/2022/FY 2022/Cardiff 33_11kV FY2022.csv,461134,.csv,ee9274ab4c0cb68e80216e987a47484ce656190e8bdef113e5c2181ce4c3b31b
raw/ausgrid_zone_substation_load/extracted/2022/FY 2022/Careel Bay 33_11kV FY2022.csv,466002,.csv,2cd0a2fef426b2a70a6dd4ab36e7d4788afdd9d28428f1a69b2a81e817acc970
raw/ausgrid_zone_substation_load/extracted/2022/FY 2022/Caringbah 33_11kV FY2022.csv,465575,.csv,0d84bad933404c5785c9107600c6533d7d1e1bbcb8b8a8df8895f7f9f23df63b
raw/ausgrid_zone_substation_load/extracted/2022/FY 2022/Castle Cove 132_11kV FY2022.csv,466845,.csv,6d3d5c731c179602f68adffdc9869f9a13aedae6a4afc52f323dc880a88e7fef
raw/ausgrid_zone_substation_load/extracted/2022/FY 2022/Cessnock South 33_11kV FY2022.csv,462331,.csv,f49b51ce3a9c4ecd220af7da30936126e753a9bfabd3409856bd658937cc8d91
raw/ausgrid_zone_substation_load/extracted/2022/FY 2022/Charlestown 132_11kV FY2022.csv,462937,.csv,606ef6d330b311b2e4dd1cb3ca239988e1363f3f150ee608137f96131cf82a2d
raw/ausgrid_zone_substation_load/extracted/2022/FY 2022/Charmhaven 132_11kV FY2022.csv,466312,.csv,683a3e29526ada277d1c3db07e111b8a809c042db9e940c536879ff7100e2cdc
raw/ausgrid_zone_substation_load/extracted/2022/FY 2022/Chatswood 33_11kV FY2022.csv,465726,.csv,09fe4b3b0e5991af8011f758691017dad352cfe8bcf362e5a0fa6f0de59eb0bc
raw/ausgrid_zone_substation_load/extracted/2022/FY 2022/City Central 132_11kV FY2022.csv,467087,.csv,1d8d9ed821d018d200dc07b33763a612bdbd37ce6bd4b185b4a3505105bd6359
raw/ausgrid_zone_substation_load/extracted/2022/FY 2022/City East 33_11kV FY2022.csv,465819,.csv,6dd3aa08b8873a7b764ada1be3fa21cef9216c910d05cfd5be655c17b86d9fc2
raw/ausgrid_zone_substation_load/extracted/2022/FY 2022/City North 132_11kV FY2022.csv,466345,.csv,a0dd22059c67bd1103e88a923d449b7c7cc665f1dcc5a8973b0418097329f892
raw/ausgrid_zone_substation_load/extracted/2022/FY 2022/City South 132_11kV FY2022.csv,466318,.csv,67340236482df2cdc9917dd4e7b7af76411ddc290560c10ab59c28f5d8ebf924
raw/ausgrid_zone_substation_load/extracted/2022/FY 2022/Clovelly 132_11kV FY2022.csv,465695,.csv,f11a04d5ff750fb7962db386b0300e2ba6198b5d3b3a00d94c9f48081360ec38
raw/ausgrid_zone_substation_load/extracted/2022/FY 2022/Concord 33_11kV FY2022.csv,464961,.csv,4534e4f1ff62e799b2f4cdcd6d51a4e753de10b3903490f866361c44a5440c9a
raw/ausgrid_zone_substation_load/extracted/2022/FY 2022/Cronulla 132_11kV FY2022.csv,465546,.csv,ce4a6bc715cd6f298baf7a023750f5a0848f280f32fd3241e592bf23145bada4
raw/ausgrid_zone_substation_load/extracted/2022/FY 2022/Croudace Bay 33_11kV FY2022.csv,463014,.csv,7518f420a4c20f5ddfdcd140a91515ee4c4339bb60723547f31d5df79093a928
raw/ausgrid_zone_substation_load/extracted/2022/FY 2022/Crows Nest 132_11kV FY2022.csv,466513,.csv,6e20965992f44f89617a548a50dc394f7da4aa984120c09972cff5730fbbc039
raw/ausgrid_zone_substation_load/extracted/2022/FY 2022/Croydon 132_11kV FY2022.csv,465264,.csv,bd35b61f817b8c99766dfad8f8bab12d0a1fcc379fae5c0292996f43b6f8b7a6
raw/ausgrid_zone_substation_load/extracted/2022/FY 2022/Dalley St 132_11kV FY2022.csv,466322,.csv,7259f5d7407dcfa1a7fe763809163ad750ed5b2d01889b49cf863b034edb1984
raw/ausgrid_zone_substation_load/extracted/2022/FY 2022/Darling Harbour 132_11kV FY2022.csv,468065,.csv,8f2ca5213d46d9dba7af87731a0866a1cd5bdee19266c2d93f746c73725b1f6e
raw/ausgrid_zone_substation_load/extracted/2022/FY 2022/Darlinghurst 33_11kV FY2022.csv,466738,.csv,91a1c756309dbc72c7fbebb01dff391f774058e26e4454c8f88e5290a35234ec
raw/ausgrid_zone_substation_load/extracted/2022/FY 2022/Dee Why West 33_11kV FY2022.csv,466826,.csv,85e219353b4083ee8ecf53e3141ca8869e559d2f35cf58ad1fd57b78ddf2ffc8
raw/ausgrid_zone_substation_load/extracted/2022/FY 2022/Denman 66_11kV FY2022.csv,460692,.csv,a144e844d1298454ee160a65558fbdf65f0cfe17fb8f8836a53506338bb3ed61
raw/ausgrid_zone_substation_load/extracted/2022/FY 2022/Double Bay 132_11kV FY2022.csv,466409,.csv,01f509ddbb560a785a197d9b17103fff1ccdfaebcaf4a2a235c148bd9daba4ad
raw/ausgrid_zone_substation_load/extracted/2022/FY 2022/Drummoyne 132_11kV FY2022.csv,466091,.csv,dc78adb73a60bab17a70268af3be438a91632b47414d700d4bed67f86fdd2f79
raw/ausgrid_zone_substation_load/extracted/2022/FY 2022/Dulwich Hill 33_11kV FY2022.csv,466781,.csv,7288e539236376a4d4b8881dce7342ccc5f45fe5ce7dfc1391191a05d38abeb2
raw/ausgrid_zone_substation_load/extracted/2022/FY 2022/Edgeworth 33_11kV FY2022.csv,461829,.csv,19b16b6c6b378fc696530b2423e8a5dc767b15ea57d09fd5efaab245323ac4bd
raw/ausgrid_zone_substation_load/extracted/2022/FY 2022/Empire Bay 66_11kV FY2022.csv,462085,.csv,f11f7eafd4c2ca7fbc6992bc9734ce8f01e34e37f63ce16291b639ea56c4155b
raw/ausgrid_zone_substation_load/extracted/2022/FY 2022/Enfield 33_11kV FY2022.csv,380889,.csv,b6ee959361b09afeebfb5411a1e7b03080316b3a2d84dc5fa73baa14b3b2f5f3
raw/ausgrid_zone_substation_load/extracted/2022/FY 2022/Engadine 132_11kV FY2022.csv,461672,.csv,91c2102fd1702e3c43777d52064a882aee0dce77225f4fc73550b11303cfd1e4
raw/ausgrid_zone_substation_load/extracted/2022/FY 2022/Epping 66_11kV FY2022.csv,460556,.csv,2a18916af2e74b5e10b7f9bd0e744c5cd98b2b12f58f76061981898fe4dc9a72
raw/ausgrid_zone_substation_load/extracted/2022/FY 2022/Erina 66_11kV FY2022.csv,464068,.csv,a02720cc3042234ecf7bc7fd87fb450cab240e9776af2cd161d15615bb6b5a9b
raw/ausgrid_zone_substation_load/extracted/2022/FY 2022/Flemington 132_11kV FY2022.csv,466445,.csv,fa8aa70a2076afb3ed4c484119e6021b322c86c583d7de17c435ae026f95ec4d
raw/ausgrid_zone_substation_load/extracted/2022/FY 2022/Galston 132_11kV FY2022.csv,463973,.csv,1cda717b421478bad6c6169a9e735b7c3a6f3e9a945d1eaf7d3f5650e5fdd1cb
raw/ausgrid_zone_substation_load/extracted/2022/FY 2022/Gateshead 33_11kV FY2022.csv,351517,.csv,d947a2007368d61c09eb1665e0b251f3dee8fd81b81130a8eb402082f9be1c1b
raw/ausgrid_zone_substation_load/extracted/2022/FY 2022/Gore Hill 33_11kV FY2022.csv,465488,.csv,93eb8f49c46e799017613a63a31c4ba38bd603371af43d62e10dbec2f4e904b0
raw/ausgrid_zone_substation_load/extracted/2022/FY 2022/Green Square 132_11kV FY2022.csv,467095,.csv,26f95485d94ce436fa0893ac453ba104c8fce27f5a74f7501b46da250816b630
raw/ausgrid_zone_substation_load/extracted/2022/FY 2022/Greenacre Park 132_11kV FY2022.csv,467848,.csv,0cdb3f11bd597cbb9eb0944fae53c2758e2901348cb93c8ab8262e557f69deb6
raw/ausgrid_zone_substation_load/extracted/2022/FY 2022/Gwawley Bay 132_11kV FY2022.csv,263135,.csv,106bbe990dda0509d6e4cd0b2999531780c858c3548f1c13ef6a15d2769992f0
raw/ausgrid_zone_substation_load/extracted/2022/FY 2022/Harbord 33_11kV FY2022.csv,464963,.csv,1a7445668e04e524c38686eef511576f7a728743a3d8f2eeb0b65e280ddb826d
raw/ausgrid_zone_substation_load/extracted/2022/FY 2022/Homebush Bay 132_11kV FY2022.csv,467089,.csv,4a92e747db26f296f18f2cc7de709ea16e8e98b3586dff568a5696760ea85317
raw/ausgrid_zone_substation_load/extracted/2022/FY 2022/Hornsby 132_11kV FY2022.csv,465259,.csv,6470e430d0b3336faa57fe9a1545faad4f5cf9d870c320dbbd73713975239eb3
raw/ausgrid_zone_substation_load/extracted/2022/FY 2022/Hunters Hill 66_11kV FY2022.csv,466865,.csv,c0cf4c9e8379eedbd5b93d766bf71db207220601174ce09ee9d9ad3862eb3874
raw/ausgrid_zone_substation_load/extracted/2022/FY 2022/Hurstville North 132_11kV FY2022.csv,468586,.csv,b82e66c60291e8bb0bfb81ab779eb9ffc191b080fe9960aa01738287d1cb92a8
raw/ausgrid_zone_substation_load/extracted/2022/FY 2022/Jannali 33_11kV FY2022.csv,338987,.csv,d3e503d033333d2325e1b22c6f137ff5a8ca46afa25be61ba7edd624a991cddd
raw/ausgrid_zone_substation_load/extracted/2022/FY 2022/Jesmond 132_11kV FY2022.csv,461530,.csv,12cd28dd1f5242be9cac6c1c97a2ccfa4175f53dada4def2e80464f1b834bdf1
raw/ausgrid_zone_substation_load/extracted/2022/FY 2022/Jewells 33_11kV FY2022.csv,459799,.csv,866283b140c94c9971c54512e042d56ed4867e7c798af84fe665f25ade7fcb3e
raw/ausgrid_zone_substation_load/extracted/2022/FY 2022/Killarney 33_11kV FY2022.csv,465479,.csv,13351713c3c2f3e7a84f386ac6930ade41a39a2bc24dcb436f83da748ce7c8fa
raw/ausgrid_zone_substation_load/extracted/2022/FY 2022/Kingsford 132_11kV FY2022.csv,460840,.csv,3f583fb9ec1af72953ea91f2fe8b681105a543691f3c6e078a562f1f65214b03
raw/ausgrid_zone_substation_load/extracted/2022/FY 2022/Kirrawee 132_11kV FY2022.csv,465551,.csv,083d5345041280804c920096b8827d1f379ae8f22f15e2b2770fd92b2d8b2caf
raw/ausgrid_zone_substation_load/extracted/2022/FY 2022/Kogarah 132_11kV FY2022.csv,465208,.csv,89be8eeb41ebc9dd5695bf93c5fb06653ad47ae78607e027c0ae9134323d7ae8
raw/ausgrid_zone_substation_load/extracted/2022/FY 2022/Kotara 33_11kV FY2022.csv,460639,.csv,2e312eb63633081a1e35275af46d6335ebbc6df35f0b81f5077ae238dcf41d47
raw/ausgrid_zone_substation_load/extracted/2022/FY 2022/Kurnell South 132_11kV FY2022.csv,467464,.csv,d103794aa4ff7d08374e71bbb3714176be4d6a91c825c451764026d022e3f551
raw/ausgrid_zone_substation_load/extracted/2022/FY 2022/Kurri 132_11kV FY2022.csv,366118,.csv,0c543b4685a1dc66704589980d10f6dd7e087eb4ceaa6668d4f7d69b67d9aa34
raw/ausgrid_zone_substation_load/extracted/2022/FY 2022/Lake Munmorah 132_11kV FY2022.csv,463686,.csv,4e4d4ddd92795aab22ebbaeb1fddb1b861d48027f676386380c85c248cb47aac
raw/ausgrid_zone_substation_load/extracted/2022/FY 2022/Leichhardt 132_11kV FY2022.csv,466398,.csv,bb6642eb574703925167ec143846662b093ca9e32f214eb680ea5bce4b1ee662
raw/ausgrid_zone_substation_load/extracted/2022/FY 2022/Leightonfield 33_11kV FY2022.csv,467006,.csv,ce151bae9dbced0af20071f82cf1e3931f3ec952f2125d14d167ce03aa4b44cf
raw/ausgrid_zone_substation_load/extracted/2022/FY 2022/Lemington 66_11kV FY2022.csv,459307,.csv,19a62daaa463e9a0de5a74a4c8571658fa4254c487e3a8a8f48e4abd3e3b5ec3
raw/ausgrid_zone_substation_load/extracted/2022/FY 2022/Lidcombe 33_11kV FY2022.csv,465215,.csv,6fec9b28cea343581c26896e0cf0eb981d8b7cc5dcb867a44875ad4830d872ff
raw/ausgrid_zone_substation_load/extracted/2022/FY 2022/Lindfield 33_11kV FY2022.csv,339409,.csv,e91a4e48856501ab0cf1f434d2a1ad7b537f06f779c92727a9562e94fdc47f43
raw/ausgrid_zone_substation_load/extracted/2022/FY 2022/Lisarow 33_11kV FY2022.csv,464791,.csv,4ab28d4fb39de7a3fd5cc4626855fb2ce16364b1ec81f02fac866c2328015e49
raw/ausgrid_zone_substation_load/extracted/2022/FY 2022/Long Jetty 66_11kV FY2022.csv,466125,.csv,1b61a82e6a06c3cbae5968ae89feedcd51af099a14612b9f13219d3761802412
raw/ausgrid_zone_substation_load/extracted/2022/FY 2022/Lucas Heights 33_11kV FY2022.csv,467001,.csv,bbcb0d63127966e584bd3a2b7f09185e1a8d983aa192071a0e9b700527a87fb5
raw/ausgrid_zone_substation_load/extracted/2022/FY 2022/Macquarie Park 132_11kV FY2022.csv,467740,.csv,bbf17d2b8f01bc62a5d81bf7d06762d0f21fdb8fea153203cbef02b3e5d874ff
raw/ausgrid_zone_substation_load/extracted/2022/FY 2022/Maitland 33_11kV FY2022.csv,461462,.csv,cd89b6f48d8214f1d6108b315e25edaf6841061a9f9b9e4e0b291f7353b85dff
raw/ausgrid_zone_substation_load/extracted/2022/FY 2022/Manly 33_11kV FY2022.csv,463833,.csv,9a331bc97c793b7b43f51e4475eb7b7e01824ed5316b77369eb4aa13cd2dbbdd
raw/ausgrid_zone_substation_load/extracted/2022/FY 2022/Maroubra 132_11kV FY2022.csv,465675,.csv,d289fe5700f48917ba18e333916a44c5fe3d0e394cb674d61d30805dc0d682c2
raw/ausgrid_zone_substation_load/extracted/2022/FY 2022/Marrickville 132_11kV FY2022.csv,467228,.csv,917765dff5298712ef547439315f92fa3c06e98d15b5f924d256efa76daca501
raw/ausgrid_zone_substation_load/extracted/2022/FY 2022/Maryland 132_11kV FY2022.csv,461863,.csv,747063fc82a46925f895b675d0cdf800bf0c8638325026e3609fceebd715665e
raw/ausgrid_zone_substation_load/extracted/2022/FY 2022/Mascot 33_11kV FY2022.csv,464734,.csv,81d10bba4d16bd40ab68517b508a1111b332530530a3377793c22e18e0078199
raw/ausgrid_zone_substation_load/extracted/2022/FY 2022/Matraville 33_11kV FY2022.csv,466057,.csv,317409dc028e9821f2aba5d27e713eb9d5231ae1b51303037d19b8529536563d
raw/ausgrid_zone_substation_load/extracted/2022/FY 2022/Mayfield West 132_11kV FY2022.csv,457211,.csv,c96f4d4992aeb10237bce9718d9c0252ebec1167549040734bd410c801cbf395
raw/ausgrid_zone_substation_load/extracted/2022/FY 2022/Meadowbank 132_11kV FY2022.csv,466341,.csv,b38aab4b8660d0f2d29b91aae0b95851e262cf7c07e803b874921b11fe459447
raw/ausgrid_zone_substation_load/extracted/2022/FY 2022/Medowie 33_11kV FY2022.csv,460957,.csv,bafb03f339edf7394dcd2a8407f94a8d96b172655cd99ee7db786e490a4067ed
raw/ausgrid_zone_substation_load/extracted/2022/FY 2022/Menai 132_11kV FY2022.csv,464686,.csv,172b864e1e75ad1b44172c1163c527cb28727389a4f0f13f02cce1f97a4b9c5b
raw/ausgrid_zone_substation_load/extracted/2022/FY 2022/Merriwa 33_11kV FY2022.csv,460221,.csv,b5b07dbc998e60a3181ece6a0647e523166c1e8af94114c3f4e5e57409eb9813
raw/ausgrid_zone_substation_load/extracted/2022/FY 2022/Metford 33_11kV FY2022.csv,461146,.csv,37bc8632225fe819cb65dd19fa7fb3b8278b5ca5354eaedfb6b32e91035852a3
raw/ausgrid_zone_substation_load/extracted/2022/FY 2022/Milperra 132_11kV FY2022.csv,465562,.csv,d0a1ed073a094c72865236527b9b208f66ad4a1e401eaab1732c4084840d381b
raw/ausgrid_zone_substation_load/extracted/2022/FY 2022/Miranda 33_11kV FY2022.csv,464885,.csv,f1d3413c064901c70b076ce9660112554ce04192581872a7f6f9413804807767
raw/ausgrid_zone_substation_load/extracted/2022/FY 2022/Mitchell Line 66_11kV FY2022.csv,461914,.csv,e7b216cca6c0673ee4dabd0d12f88592dc60b0c9f8ff5bac7eb8bd1732caf28e
raw/ausgrid_zone_substation_load/extracted/2022/FY 2022/Mitchells Flat 66_11kV FY2022.csv,400491,.csv,34d9182e1f3076fe3d26f5a7e8307fcaa8adcd2869878f8e4db4eb22c4b0257f
raw/ausgrid_zone_substation_load/extracted/2022/FY 2022/Mona Vale 33_11kV FY2022.csv,339480,.csv,d8f2f61017e2368257f81363e466c67a2489bec3ce9ff726f38e168acce684f8
raw/ausgrid_zone_substation_load/extracted/2022/FY 2022/Moonan 33_11kV FY2022.csv,464588,.csv,a7558d63cbc70ed7ebe03cf81a6978d87e2a56d2a69281744f9fb783e52f62be
raw/ausgrid_zone_substation_load/extracted/2022/FY 2022/Morisset 132_11kV FY2022.csv,375204,.csv,450f8d07e52572d97ed6939cb3044340f26ff39641cd4275b570f421c77c2ddc
raw/ausgrid_zone_substation_load/extracted/2022/FY 2022/Mortdale 33_11kV FY2022.csv,465287,.csv,091491a7790cd65f3ccc3fc85f4d191ed4ccbdc0da0429d193bbcf799266744b
raw/ausgrid_zone_substation_load/extracted/2022/FY 2022/Mosman 132_11kV FY2022.csv,464966,.csv,b478f93b8720a4d0396e523fd46464e39c502f42fed7fe1216b7b625c12bfd61
raw/ausgrid_zone_substation_load/extracted/2022/FY 2022/Mt Hutton 33_11kV FY2022.csv,436000,.csv,c79db45db2fdbd12a1967e64fefd2a2c66eaede010b5edd3575bc04357f6e050
raw/ausgrid_zone_substation_load/extracted/2022/FY 2022/Mt Thorley 66_11kV FY2022.csv,462295,.csv,f4b516e3cae77f32a4fc88da96523366d60b0a2d3cb82867cb02cd076466246e
raw/ausgrid_zone_substation_load/extracted/2022/FY 2022/Muswellbrook 33_11kV FY2022.csv,290926,.csv,e2dc5e30fa9314a121b60151e074a8906f3060e235267f727a72abba07b5df13
raw/ausgrid_zone_substation_load/extracted/2022/FY 2022/Narrabeen 33_11kV FY2022.csv,465641,.csv,914d3ae23938ea663ae26feca5da1ea00b78719b50650b2ff4b268ab9f7eceb0
raw/ausgrid_zone_substation_load/extracted/2022/FY 2022/Nelson Bay 33_11kV FY2022.csv,462214,.csv,f7bed960ecc7be655798b4b7d9c423c5e97233e741acc23f5668b14c2e3d2e55
raw/ausgrid_zone_substation_load/extracted/2022/FY 2022/New Lambton 33_11kV FY2022.csv,466250,.csv,e4ac79e3117afe72c6a335bb26dfadd662b3253d1f67a48d3396d2846e3d0aff
raw/ausgrid_zone_substation_load/extracted/2022/FY 2022/Newcastle CBD 33_11kV FY2022.csv,463413,.csv,ced971b6e984d8491e26c854b1824e13bdf95fc70f1a642f18efefdf565eaa0d
raw/ausgrid_zone_substation_load/extracted/2022/FY 2022/Newdell 66_11kV FY2022.csv,461180,.csv,3c8e97c15e059b27e3215e26d491d200fb12c1e33d1c7ffedd2186372afddcda
raw/ausgrid_zone_substation_load/extracted/2022/FY 2022/Newport 33_11kV FY2022.csv,464928,.csv,3979bcd72db2fc0439825e9f3a723738a059311612f21290d660bb61322c0f88
raw/ausgrid_zone_substation_load/extracted/2022/FY 2022/Noraville 33_11kV FY2022.csv,465481,.csv,d9ad63a7edf38adbb01c8797a4d707b2dee0042449516e8655b9f51e810c9ee8
raw/ausgrid_zone_substation_load/extracted/2022/FY 2022/North Head 33_11kV FY2022.csv,465905,.csv,7b27247551832be6dd5a4ecda9855e2f463131591e6f9f4110058b8860bc3475
raw/ausgrid_zone_substation_load/extracted/2022/FY 2022/North Sydney 132_11kV FY2022.csv,467012,.csv,eb255a0019ca58422f20f8613bf1f3fe2db0e07a77f1d7e3011e29e29dc87737
raw/ausgrid_zone_substation_load/extracted/2022/FY 2022/Nulkaba 33_11kV FY2022.csv,459803,.csv,11b6c19d60d7254c1f983ff0a3272588c397b8e4f690fe9377db6d68cd8b8537
raw/ausgrid_zone_substation_load/extracted/2022/FY 2022/Olympic Park 132_11kV FY2022.csv,467157,.csv,a08eade73b6ecb711e78d12249bce32152f23c7614cbdde4b33d3a34ac6a621c
raw/ausgrid_zone_substation_load/extracted/2022/FY 2022/Paddington 33_11kV FY2022.csv,466157,.csv,3212f5434f3981ceaf11a1745c57c08607ae1eaddde3d5581bb33b96495ce1e2
raw/ausgrid_zone_substation_load/extracted/2022/FY 2022/Paxton 33_11kV FY2022.csv,342667,.csv,9264fe8935c0e4c8d22ab5022f2f0476b382bf03f4285316eba5f0efd0c3cb8d
raw/ausgrid_zone_substation_load/extracted/2022/FY 2022/Peats Ridge 33_11kV FY2022.csv,461076,.csv,7e2fff1efc49df4c847c9dfa3b8a384fe0ea35c92f938e03831dd9fe426af395
raw/ausgrid_zone_substation_load/extracted/2022/FY 2022/Pelican 33_11kV FY2022.csv,461108,.csv,05526c00d895307c831e05fe8eee27caa9506a9d689b8cb90a9bd9abdb1baadf
raw/ausgrid_zone_substation_load/extracted/2022/FY 2022/Pennant Hills 132_11kV FY2022.csv,467544,.csv,66ee5f6a661a460688b9936a6225e865b6f4f3b2b19c7c873daf146303860850
raw/ausgrid_zone_substation_load/extracted/2022/FY 2022/Port Botany 33_11kV FY2022.csv,461292,.csv,b0ae3a39282ec695b8165c36c5cf367515fcbb275e1f4c430cd7e1f0fe07f73b
raw/ausgrid_zone_substation_load/extracted/2022/FY 2022/Potts Hill 132_11kV FY2022.csv,466399,.csv,2cf91444efba994781780a1f2e71005c8716fda2fdd1a12f8f85edebb7dbcbca
raw/ausgrid_zone_substation_load/extracted/2022/FY 2022/Punchbowl 33_11kV FY2022.csv,461704,.csv,0b3ea717a1750390f8e321ec68fd1206b282e56e7526b54ead9d4a8bb0abfba1
raw/ausgrid_zone_substation_load/extracted/2022/FY 2022/Pymble 33_11kV FY2022.csv,464490,.csv,f8c5dd2c9bb32556838504aa3610f0e1888056f4dcf08c9599996852fb550380
raw/ausgrid_zone_substation_load/extracted/2022/FY 2022/RNS Hospital 132_11kV FY2022.csv,461995,.csv,023c33dbf05431f376179077846d68c4cf9056c1a6720a73fa2ad68bef95c2a6
raw/ausgrid_zone_substation_load/extracted/2022/FY 2022/Rathmines 132_11kV FY2022.csv,462275,.csv,e22a5ce525855aba931960f15831aa330fdad8d80d200b1a50e35ce8ec752e4c
raw/ausgrid_zone_substation_load/extracted/2022/FY 2022/Raymond Terr NEW 33_11kV FY2022.csv,462923,.csv,a88a270849f04bd3d8f1eb3a99d1ef57a988e53ec8bb2dcd1548afbcc6bf155d
raw/ausgrid_zone_substation_load/extracted/2022/FY 2022/Revesby 132_11kV FY2022.csv,465249,.csv,85b098b54ec5ba41f788500fa99d57d65e44c5cc0a7442420ce2dca5f292784c
raw/ausgrid_zone_substation_load/extracted/2022/FY 2022/Riverwood 33_11kV FY2022.csv,465756,.csv,08e353591ca56a7e63c13700e29480aed067ebd750178a9a756c6ce3df02e96b
raw/ausgrid_zone_substation_load/extracted/2022/FY 2022/Rockdale 132_11kV FY2022.csv,465629,.csv,5b2b30f3ad002bb4ccddd701f380da67cef6d97c4395ea73534935760ea29598
raw/ausgrid_zone_substation_load/extracted/2022/FY 2022/Rose Bay 132_11kV FY2022.csv,465374,.csv,e9f0c7e94ba95231187fa8dad70950c3a9b8c1c9b6ae49088430b0d46057a013
raw/ausgrid_zone_substation_load/extracted/2022/FY 2022/Rothbury 132_11kV FY2022.csv,465610,.csv,29312b4c6054b1b989f69379ae42c29feb7c8d77a4102358e5270c646e871e2c
raw/ausgrid_zone_substation_load/extracted/2022/FY 2022/Rouchel 33_11kV FY2022.csv,458608,.csv,ff630013a474144036b920987a0078c4214a8888d5755aae251e23609532791e
raw/ausgrid_zone_substation_load/extracted/2022/FY 2022/Rutherford 33_11kV FY2022.csv,462157,.csv,059d3a2d2acfc9436c5b79e890987e868fa2a61dff2af4be5de2d376b25c0605
raw/ausgrid_zone_substation_load/extracted/2022/FY 2022/Sans Souci 33_11kV FY2022.csv,466133,.csv,a9d37db372a8167d231d594a74d5ca77f4bdd447c3111038bd0d347976fca04c
raw/ausgrid_zone_substation_load/extracted/2022/FY 2022/Scone 66_11kV FY2022.csv,459062,.csv,510772a24f8dcbd156984060da04335c69e3b7ab8d6c4f2a09a1d48fdc4d974b
raw/ausgrid_zone_substation_load/extracted/2022/FY 2022/Sefton 132_11kV FY2022.csv,464943,.csv,11f049390a4a43866de206df4e41c3d3969a55f2c87ec19dc4f250c62cf3358e
raw/ausgrid_zone_substation_load/extracted/2022/FY 2022/Singleton 66_11kV FY2022.csv,352945,.csv,ef0f569f6a86ce6f35e17098eed1b3629a1f0fea27980d142e93617f555b0dfc
raw/ausgrid_zone_substation_load/extracted/2022/FY 2022/Singleton North 66_11kV FY2022.csv,468375,.csv,4cb34cc6092a18d5f705771c0a1ce3abbcc65117822521405f23e50169c73b7e
raw/ausgrid_zone_substation_load/extracted/2022/FY 2022/Somersby 132_11kV FY2022.csv,465712,.csv,c0673fb9fe3eee7ab0d1b3debb4f1f2c74f5ce329468668b0e27dfadfa2bd57f
raw/ausgrid_zone_substation_load/extracted/2022/FY 2022/St Ives 33_11kV FY2022.csv,464849,.csv,55f681dd01a193cbd1950b5f82b087c551733ba5dd5ad932c161e48fc5cb6962
raw/ausgrid_zone_substation_load/extracted/2022/FY 2022/St Peters 132_11kV FY2022.csv,466165,.csv,fcd4cedc8c8f61bf9347b6f9a6d7d7f077ef443fbe5a12cb38e04f5f4172fc93
raw/ausgrid_zone_substation_load/extracted/2022/FY 2022/Stockton 33_11kV FY2022.csv,405176,.csv,fb243538b7b9653c807ba7596740a8e47024e99361a1a0f3e6df5ec799999c86
raw/ausgrid_zone_substation_load/extracted/2022/FY 2022/Strathfield South 132_11kV FY2022.csv,468914,.csv,cf78ff5123ac65ffa0ada331e3b3261bff90e96d8a5a5e5111bc9b2a1666109f
raw/ausgrid_zone_substation_load/extracted/2022/FY 2022/Surry Hills 33_11kV FY2022.csv,466319,.csv,f8b95c0cdf24d5575f23ea52896447f14bd8653f4d8f21109d27405a505d9144
raw/ausgrid_zone_substation_load/extracted/2022/FY 2022/Swansea 33_11kV FY2022.csv,461106,.csv,fc29567eab2d2bdc7ab5c7318342248d2ccf8e7a3465073d2b574cca113cdc68
raw/ausgrid_zone_substation_load/extracted/2022/FY 2022/Tanilba Bay 33_11kV FY2022.csv,391451,.csv,97bc64111a87aec2b1e25adfb17e534e5f2fad16748b15c140df4b7d5dd985da
raw/ausgrid_zone_substation_load/extracted/2022/FY 2022/Tarro 33_11kV FY2022.csv,459098,.csv,f5d850e91dea0806da396f49cdd433f32ee237679420896d6ad856ecee661d48
raw/ausgrid_zone_substation_load/extracted/2022/FY 2022/Telarah 33_11kV FY2022.csv,461043,.csv,dadefd73ae840bb60ec929fc8e039eadb1f82ddb4a4bfeeffdcbb075478ab2b2
raw/ausgrid_zone_substation_load/extracted/2022/FY 2022/Terrey Hills 33_11kV FY2022.csv,466762,.csv,43a9538ae3abbcf6958cbe51ef7192583dc64f6356cbde9f239bb013973863b5
raw/ausgrid_zone_substation_load/extracted/2022/FY 2022/Thornton 33_11kV FY2022.csv,334922,.csv,346089a24ac4d6430e65d126a8501c0076e3457f92dc54620cae8a53a35e792e
raw/ausgrid_zone_substation_load/extracted/2022/FY 2022/Tighes Hill 33_11kV FY2022.csv,461203,.csv,b719d6c41156ce1c37a06e78291c235cd19cd73b3c8978e5a6064b38580c0735
raw/ausgrid_zone_substation_load/extracted/2022/FY 2022/Tomago 33_11kV FY2022.csv,459342,.csv,c80f7016eab454b6c2589ecde7de05dc8b81192b2381abaca0a0aa1fb5081cb5
raw/ausgrid_zone_substation_load/extracted/2022/FY 2022/Tomalpin 33_11kV FY2022.csv,460112,.csv,ec3053061ab485b110f99485e5469acc9bb0e9f0f0b2fbe9ca22af3695552ed7
raw/ausgrid_zone_substation_load/extracted/2022/FY 2022/Tomaree 33_11kV FY2022.csv,461067,.csv,44df9f77cfb21ac0ea1f36a22c8de934726c66d093bd1e6bdeff5eb78d5744e1
raw/ausgrid_zone_substation_load/extracted/2022/FY 2022/Top Ryde 132_11kV FY2022.csv,465920,.csv,45e4f48723cac5dc0eaa558be339f7064da20fee095dc4c9d0243965bef85748
raw/ausgrid_zone_substation_load/extracted/2022/FY 2022/Toronto West 132_11kV FY2022.csv,461970,.csv,b2048eefea2deb8b4ce2a3b88ef4a4ce810c54070b8b1a75d059b4ee48532132
raw/ausgrid_zone_substation_load/extracted/2022/FY 2022/Turramurra 33_11kV FY2022.csv,421351,.csv,dc3d89cf993ba81858a79284ed4cfc9cbe15c48746bf72dd23968117ef3c7ac4
raw/ausgrid_zone_substation_load/extracted/2022/FY 2022/Umina 66_11kV FY2022.csv,463991,.csv,6d68efa23259973cb79233a8814023ef3fbfbc16928081a01963a62e29f2ed60
raw/ausgrid_zone_substation_load/extracted/2022/FY 2022/Vales Point 33_11kV FY2022.csv,466474,.csv,347cb9ec472594b9e6d513e3648a804a927f097640d8f55f5fbb68ed272f84d7
raw/ausgrid_zone_substation_load/extracted/2022/FY 2022/Wamberal 132_11kV FY2022.csv,460515,.csv,5b0d06164d43bb86bf2f94160342475f2696ad49956ee94b0944b1e9e14c1dbb
raw/ausgrid_zone_substation_load/extracted/2022/FY 2022/Waverley 132_11kV FY2022.csv,465820,.csv,e567447c1c227f7a670534f1a59e29b27d0fe1d29b2da07b3a0fdadc03435efd
raw/ausgrid_zone_substation_load/extracted/2022/FY 2022/West Gosford 132_11kV FY2022.csv,467132,.csv,50f6e928d732219f758450ca054dc17d63928d4c44094ef0c7cd3af23b38ad8b
raw/ausgrid_zone_substation_load/extracted/2022/FY 2022/Williamtown 33_11kV FY2022.csv,462561,.csv,677dda15383999c65bd67a15ba81fd21374cb8c77979b640a23332f3fb51d034
raw/ausgrid_zone_substation_load/extracted/2022/FY 2022/Woy Woy 66_11kV FY2022.csv,465052,.csv,9f1368f3b166a1a0f2c56a663cb3d782b36648d2294faf7e56a90b035fb4cce8
raw/ausgrid_zone_substation_load/extracted/2022/FY 2022/Wyong 132_11kV FY2022.csv,464515,.csv,d800ef1f44fa5affffec40f8b72f34172a7189421fee2937a88f2c3b33520f86
raw/ausgrid_zone_substation_load/extracted/2022/FY 2022/Zetland 132_11kV FY2022.csv,465441,.csv,3a8add6422af80378689192b09eb4dc9877c6579e2696cd768e7f26a9e99919a
raw/ausgrid_zone_substation_load/extracted/2023/FY2023/Aberdeen 66_11kV FY2023.csv,278823,.csv,ad0e004a5fd319f3a31e54836add6796f1c10960acc825304f9b925e04f00a83
raw/ausgrid_zone_substation_load/extracted/2023/FY2023/Adamstown 132_11kV FY2023.csv,305678,.csv,54d0e3502af1811acaee1938b7eabc34457820b2107fb2c94a045144bf6ec009
raw/ausgrid_zone_substation_load/extracted/2023/FY2023/Argenton 132_11kV FY2023.csv,260496,.csv,dcaf8b1b931999824403cf33027e36fcabe667658dfb2faa86b560903be93d3b
raw/ausgrid_zone_substation_load/extracted/2023/FY2023/Arncliffe 33_11kV FY2023.csv,48748,.csv,b205fd49c496a2c85cdec1056c411a68bb6ae0932987546a574bbc7141717044
raw/ausgrid_zone_substation_load/extracted/2023/FY2023/Auburn 33_11kV FY2023.csv,310738,.csv,7a38abd7d6684dd3426ba622f0ea589b4d21f6ebf40e6ad334bc3a82f2980bd8
raw/ausgrid_zone_substation_load/extracted/2023/FY2023/Avoca 66_11kV FY2023.csv,321727,.csv,ece6c3c7ea8104a1085a0ffc35189f03cbe653d2de00826efbfc35383d3586a0
raw/ausgrid_zone_substation_load/extracted/2023/FY2023/Avondale 33_11kV FY2023.csv,278185,.csv,651b08807c7c2b91cf846f8a0cbd94dc035103a3e8d2e4622eda9b107438c5b0
raw/ausgrid_zone_substation_load/extracted/2023/FY2023/Baerami 33_11kV FY2023.csv,292878,.csv,49a65d70104a7f34bf631ab86ecfaa78a74507d74e12a97de7f447a8cf51722d
raw/ausgrid_zone_substation_load/extracted/2023/FY2023/Balgowlah North 132_11kV FY2023.csv,319820,.csv,54ef1410fc2e9d21f5f5dbcb471a9686adea5edd25c643525f5b3efb7f9aeddb
raw/ausgrid_zone_substation_load/extracted/2023/FY2023/Bankstown 132_11kV FY2023.csv,329083,.csv,2f3eacc0ca3d69ee1124f589e767a03a9ff7eacd8e5359b8792e47d3124a0800
raw/ausgrid_zone_substation_load/extracted/2023/FY2023/Bass Hill 33_11kV FY2023.csv,295950,.csv,1acbf56bcf1636facde6996c16398319c4f9b9a7c0a8c7ac03a10fd026b69aed
raw/ausgrid_zone_substation_load/extracted/2023/FY2023/Beacon Hill 33_11kV FY2023.csv,306159,.csv,3dc193d6abe8c9b510ba46593e95df794ca2a3f80375d303dc3749125531d502
raw/ausgrid_zone_substation_load/extracted/2023/FY2023/Belmore Park 132_11kV FY2023.csv,298829,.csv,7223234ec6e6d8880637ad7244cdd91dc5212ed7876467263bc155cc7ee07aee
raw/ausgrid_zone_substation_load/extracted/2023/FY2023/Belrose 33_11kV FY2023.csv,311401,.csv,f0d4964a7aef562fd9e043327c50ea9410ecde7f9c919cf96dd2e5058eb216a8
raw/ausgrid_zone_substation_load/extracted/2023/FY2023/Berkeley Vale 132_11kV FY2023.csv,330619,.csv,4d2627501339977776658af397983420b659c5c91051e7f5d9ee49f0cb8fdfdd
raw/ausgrid_zone_substation_load/extracted/2023/FY2023/Berowra 132_11kV FY2023.csv,305690,.csv,cdc592318ccd36409707c8044ac31b884bed813766dbbf56d5487c6edd45d6bd
raw/ausgrid_zone_substation_load/extracted/2023/FY2023/Blackwattle Bay 33_5kV FY2023.csv,296184,.csv,3abb8d683f2b308f9dbc5ab9d1a1b7b01f1f8639f8beabd03fa6b5c4ef1c0d4f
raw/ausgrid_zone_substation_load/extracted/2023/FY2023/Blakehurst 33_11kV FY2023.csv,306003,.csv,b6c605635fe96d5ca0a7ff20f974408d7b28ef981a303ca043985b3243c8beb4
raw/ausgrid_zone_substation_load/extracted/2023/FY2023/Botany 33_11kV FY2023.csv,326662,.csv,dcde3c4da2771cf69c0501e5dc49799fd71eacc581f05768b46b7d717e7906d1
raw/ausgrid_zone_substation_load/extracted/2023/FY2023/Brandy Hill 132_11kV FY2023.csv,288347,.csv,30c5ac25dc4c28f7af5472e496788e44b5bc9fdd3e7d7a43517be555fc217ea7
raw/ausgrid_zone_substation_load/extracted/2023/FY2023/Branxton 66_11kV FY2023.csv,292448,.csv,5b0f6804f6360eee68cc83218e46de35f2f86f5b492c76804324a0f60c48c547
raw/ausgrid_zone_substation_load/extracted/2023/FY2023/Broadmeadow 132_11kV FY2023.csv,309458,.csv,d0db83108f323af60f8466fdddb2c3111bf5126eee6d2dee57e59a676fe14df7
raw/ausgrid_zone_substation_load/extracted/2023/FY2023/Broadmeadow 33_11kV FY2023.csv,49478,.csv,4bff1bf8aa4cd62f263717415818a38b4129d27d6041e3f92ba62d7619a80193
raw/ausgrid_zone_substation_load/extracted/2023/FY2023/Brookvale 33_11kV FY2023.csv,328204,.csv,1568af773b207b46f80f40dc0ec2309201238746b46765b603824c4389522abc
raw/ausgrid_zone_substation_load/extracted/2023/FY2023/Burwood 132_11kV FY2023.csv,327911,.csv,9dd9fa7fbd5458eaab983e97eb215c5f06922cc3b3fa48e1bc402ce5c3bf3d0f
raw/ausgrid_zone_substation_load/extracted/2023/FY2023/Campbell St 132_11kV FY2023.csv,282555,.csv,93a5e46aa7e7c8f9037f8127c17bcc0c2ac2177b78caa7aa53fb71f1dbb70487
raw/ausgrid_zone_substation_load/extracted/2023/FY2023/Camperdown 33_11kV FY2023.csv,310649,.csv,b8e19603f54f90e83fcd362736778db65dacdfd0a335fe1ce849808ca47d46b0
raw/ausgrid_zone_substation_load/extracted/2023/FY2023/Camperdown 33_5kV FY2023.csv,293335,.csv,539ce9d0675323de62c467deadc6a5f135ff659a91d64023c847b9d251f61ecc
raw/ausgrid_zone_substation_load/extracted/2023/FY2023/Campsie 33_11kV FY2023.csv,327546,.csv,2e38fd3b9b3eb5b6f94b008ab0b40cbc48dd27aefaab964ad45ac4a42d9bcdb2
raw/ausgrid_zone_substation_load/extracted/2023/FY2023/Cardiff 33_11kV FY2023.csv,295634,.csv,5c6164d715dcac18e93b98ab503aa954db430880d31eea38262dfd82bb639d0e
raw/ausgrid_zone_substation_load/extracted/2023/FY2023/Careel Bay 33_11kV FY2023.csv,294036,.csv,9857751e5cb10f1215b74346e5e8f4e70a5f21100e5d6ffee7afc4cc29785488
raw/ausgrid_zone_substation_load/extracted/2023/FY2023/Caringbah 33_11kV FY2023.csv,318353,.csv,b1c7cf048cabb8462b437230bddb8ed27f1932b579b97c4af029728e179f2abb
raw/ausgrid_zone_substation_load/extracted/2023/FY2023/Carrington 33_11kV FY2023.csv,49113,.csv,52b1bc86a887738c7b57a85d5afe380bbc4881a21c47fa7f5b3a94859891103f
raw/ausgrid_zone_substation_load/extracted/2023/FY2023/Castle Cove 132_11kV FY2023.csv,329371,.csv,763d0ea77d05c9dcdc0490efc7d28abbaa9aabc2aa114e715d14005eced6043f
raw/ausgrid_zone_substation_load/extracted/2023/FY2023/Cessnock 33_11kV FY2023.csv,48383,.csv,83836e8d1a5aaa6273211e35da84ea3d7c118568710278abd356ed47edc3b2f0
raw/ausgrid_zone_substation_load/extracted/2023/FY2023/Cessnock South 33_11kV FY2023.csv,302269,.csv,037be216ac9dc6855ac4b95355425f04004d99a4a1044e8da84c65aeb5b187a3
raw/ausgrid_zone_substation_load/extracted/2023/FY2023/Charlestown 132_11kV FY2023.csv,316581,.csv,1c8788528c687e1c00eea3a3884b07c7de9e04184d3abbda5d47ddccd0927814
raw/ausgrid_zone_substation_load/extracted/2023/FY2023/Charmhaven 132_11kV FY2023.csv,316227,.csv,7627dc51b951afd3ba645389a18f08505ce310ff310a7ea289f679c5c1bb7275
raw/ausgrid_zone_substation_load/extracted/2023/FY2023/Chatswood 33_11kV FY2023.csv,326593,.csv,88c9d43b551b1eead0b95f458f75fc22913af34290c7ec8e5e8f7af8b046387e
raw/ausgrid_zone_substation_load/extracted/2023/FY2023/City Central 132_11kV FY2023.csv,329736,.csv,0a9503b5646bec98fb73f55a9cabbc3e7c18c8ab8f14529e684c000ebb483974
raw/ausgrid_zone_substation_load/extracted/2023/FY2023/City East 33_11kV FY2023.csv,301019,.csv,30538dc8567759d0362d9d817c5a0d846595b5fecbea559a3fad1d22adefa1e4
raw/ausgrid_zone_substation_load/extracted/2023/FY2023/City North 132_11kV FY2023.csv,325158,.csv,740eebc6f07f3ba7bf0895e2c1cc004dbfab9a544abf5f28d77aba76e23e0941
raw/ausgrid_zone_substation_load/extracted/2023/FY2023/City South 132_11kV FY2023.csv,329006,.csv,e69ae991aea380316de64a20894b0856092ed4424137c7998c56b81afe3febfb
raw/ausgrid_zone_substation_load/extracted/2023/FY2023/Clovelly 132_11kV FY2023.csv,328276,.csv,5d430f51951915ec036df93dd43a615145aae956166c50bf69939dcccb20913a
raw/ausgrid_zone_substation_load/extracted/2023/FY2023/Concord 33_11kV FY2023.csv,327542,.csv,812027c8bbdd1817eada2949f1f5b524100714a08f83e38505322bc978608f9e
raw/ausgrid_zone_substation_load/extracted/2023/FY2023/Cronulla 132_11kV FY2023.csv,326824,.csv,dd36290fdc67b44067cb3a76953499408d92954cce567eabadb7e7e28c6e2cb6
raw/ausgrid_zone_substation_load/extracted/2023/FY2023/Croudace Bay 33_11kV FY2023.csv,296611,.csv,9e020574e25f7a883d09121b095a4711d788d6213b9bd8e80d5e084bfa0ba487
raw/ausgrid_zone_substation_load/extracted/2023/FY2023/Crows Nest 132_11kV FY2023.csv,329006,.csv,3ebe6e990335cec5351762b2220b0980e3a374e3a45eb841a086680c3cad7330
raw/ausgrid_zone_substation_load/extracted/2023/FY2023/Crows Nest 33_11kV FY2023.csv,49113,.csv,87ccf5cc6d9f4d8e5b2949244f20c1ff27920f543c1c7d169c840b0eaf377c11
raw/ausgrid_zone_substation_load/extracted/2023/FY2023/Croydon 132_11kV FY2023.csv,325538,.csv,a07a2d45565af7e2199333e6b93e92334c7be1a0c58312aec83a6e4dc226b146
raw/ausgrid_zone_substation_load/extracted/2023/FY2023/Dalley St 132_11kV FY2023.csv,328202,.csv,1e782c65d459b10c6ca52d350ba2f0610c2c4451f7823bf41e4c6ebbb821e5a0
raw/ausgrid_zone_substation_load/extracted/2023/FY2023/Darling Harbour 132_11kV FY2023.csv,330829,.csv,8223f89b4af3364fb041cb0cc8a5b325b77a369411333a106a46ca003ed5ea15
raw/ausgrid_zone_substation_load/extracted/2023/FY2023/Darlinghurst 33_11kV FY2023.csv,329371,.csv,9544f98e4b56c47658c3068a378067b3ed2d3e5e29d5ffeb7cec183efd870687
raw/ausgrid_zone_substation_load/extracted/2023/FY2023/Dee Why West 33_11kV FY2023.csv,328733,.csv,d57c317ff26da04b0fc3045688c0dc6f91e00dd8a9b072cf78ba1618f0981ffc
raw/ausgrid_zone_substation_load/extracted/2023/FY2023/Denman 66_11kV FY2023.csv,274761,.csv,56707e3b361a4943df20527efcccc7f05afaaef97bf9018fbaaacc65936ce1d3
raw/ausgrid_zone_substation_load/extracted/2023/FY2023/Double Bay 132_11kV FY2023.csv,328910,.csv,6d0ef95385c007623ff4725aba665327c5ffce8dbd924aa0d697863cc015a520
raw/ausgrid_zone_substation_load/extracted/2023/FY2023/Drummoyne 132_11kV FY2023.csv,320193,.csv,3553a57a058c24895f9092a825ab808106fdad881e324d473ff924f6cba9d7d2
raw/ausgrid_zone_substation_load/extracted/2023/FY2023/Dulwich Hill 33_11kV FY2023.csv,309669,.csv,d22c283ca94f6a4a655cc6c931175c6012fde32703f4adcdc5f52f36d3413181
raw/ausgrid_zone_substation_load/extracted/2023/FY2023/Edgeworth 33_11kV FY2023.csv,296689,.csv,9a279239998f30dc1c8a18f689d32743adc094095b628fe73f177edfe9910f2a
raw/ausgrid_zone_substation_load/extracted/2023/FY2023/Empire Bay 66_11kV FY2023.csv,293068,.csv,9151b7784374d0d3c192222f322d8ef12052c283e2bcef4190aaaf7f0f9183ec
raw/ausgrid_zone_substation_load/extracted/2023/FY2023/Enfield 33_11kV FY2023.csv,61458,.csv,6033e7a9fae1f44444ff287811c6e03a87223942c0f1613e05bbaecd6e215f7c
raw/ausgrid_zone_substation_load/extracted/2023/FY2023/Engadine 132_11kV FY2023.csv,308963,.csv,740b9b4e62e6d1aca061c295f3e1a891d77661fc9b3e5949655d54d6a1032aaa
raw/ausgrid_zone_substation_load/extracted/2023/FY2023/Engadine 33_11kV FY2023.csv,48383,.csv,346fe70124966ba12ca953f9f8aec610f8681c982e962209b9046162eebd3eef
raw/ausgrid_zone_substation_load/extracted/2023/FY2023/Epping 66_11kV FY2023.csv,325572,.csv,c59e7b212aa4d96820b96c0b6fef3d17b8f566748becc8ef6ac679c0b0df21ee
raw/ausgrid_zone_substation_load/extracted/2023/FY2023/Erina 66_11kV FY2023.csv,316602,.csv,2028980f587e251dc71e6218e8f95a96008370777861d8b92aaba543fbbab490
raw/ausgrid_zone_substation_load/extracted/2023/FY2023/Five Dock 33_11kV FY2023.csv,48748,.csv,3a80d4e33f7612d2fb1090b5341ba7610a1fb990e6b7fe61460ab92cca4ba203
raw/ausgrid_zone_substation_load/extracted/2023/FY2023/Flemington 132_11kV FY2023.csv,328995,.csv,2bec5ea910cf991fb7b00750f87c37240ef218a01c339e11b26e2c660315c2eb
raw/ausgrid_zone_substation_load/extracted/2023/FY2023/Galston 132_11kV FY2023.csv,289603,.csv,da79dd637d68a1cbbe6191e9897f16392d1df1b2f76a7d5cc787e61eb64e3cfc
raw/ausgrid_zone_substation_load/extracted/2023/FY2023/Gateshead 33_11kV FY2023.csv,299286,.csv,150fc20606d2eb7673ed8a4839fe93cc04dc98e7e384f54131ed923a9c71c693
raw/ausgrid_zone_substation_load/extracted/2023/FY2023/Gore Hill 33_11kV FY2023.csv,328276,.csv,5ced3eab71a20391d8039a7fcecfe0fd72891f99f1c0fe9c1fa94628a3cc916d
raw/ausgrid_zone_substation_load/extracted/2023/FY2023/Green Square 132_11kV FY2023.csv,324258,.csv,7f2dace238e66a6d50b1ade2f3d63bd31a9f8f1ab05e0eb90f11cf75efbfeb9e
raw/ausgrid_zone_substation_load/extracted/2023/FY2023/Greenacre 132_11kV FY2023.csv,303600,.csv,ca2015beadfbd4c7f308a5a1938d8b965dc412b74b3fe0c5e228fee856041249
raw/ausgrid_zone_substation_load/extracted/2023/FY2023/Greenacre Park 132_11kV FY2023.csv,309316,.csv,fc981c7bb3f0ac059a0fcbfd74f9d4cdd9b7dcf09291ffe8644012932b171c45
raw/ausgrid_zone_substation_load/extracted/2023/FY2023/Gwawley Bay 132_11kV FY2023.csv,244602,.csv,98034814d9a756d71b423e9534b903ecf0da1e6c8437d5fce28011cd10d984c1
raw/ausgrid_zone_substation_load/extracted/2023/FY2023/Gwawley Bay 33_11kV FY2023.csv,49478,.csv,a40b38e260f83f19df2f45f3512783b442c6b97d86f869dce7673ee3f155d9f3
raw/ausgrid_zone_substation_load/extracted/2023/FY2023/Harbord 33_11kV FY2023.csv,299032,.csv,26c4f3e36b4401b9f7db50eb74e68676f41a72b96afa085c390adc3a3e23c6a2
raw/ausgrid_zone_substation_load/extracted/2023/FY2023/Homebush Bay 132_11kV FY2023.csv,323456,.csv,014ac1b8e5870a6cd980e728f546f48dc12a80fe349e787db17a2fb815102069
raw/ausgrid_zone_substation_load/extracted/2023/FY2023/Hornsby 132_11kV FY2023.csv,327899,.csv,843035a9e64f7b34133b25004df8dfdc8f1920ba2d155b50e616d446378d5e9d
raw/ausgrid_zone_substation_load/extracted/2023/FY2023/Hunters Hill 66_11kV FY2023.csv,329338,.csv,d331285ce2d68b3fb46f6bf3d4a206d602e67719c104ca267c67ce608ee25e20
raw/ausgrid_zone_substation_load/extracted/2023/FY2023/Hurstville North 132_11kV FY2023.csv,310359,.csv,db601576e9b10cd2a3f7ec7530aa50dcdfe8fc4e043eb3b0bab490dab0fc729c
raw/ausgrid_zone_substation_load/extracted/2023/FY2023/Jannali 33_11kV FY2023.csv,311098,.csv,cbfa67f7fe06aad5877dce39fb8c1e8a7c54769acb75949ef7f8c0ad006c6f27
raw/ausgrid_zone_substation_load/extracted/2023/FY2023/Jesmond 132_11kV FY2023.csv,326226,.csv,54557b7f51ef89a63cd8e38c0136341e5483a17a080ca61732a62036c035d9da
raw/ausgrid_zone_substation_load/extracted/2023/FY2023/Jewells 33_11kV FY2023.csv,293622,.csv,eee4f81c4571000dede7a76971332f433379a095abf52d6121ed954e23bbe990
raw/ausgrid_zone_substation_load/extracted/2023/FY2023/Killarney 33_11kV FY2023.csv,294284,.csv,7e6b0f49c99a4bfc7f1fd15de3067336259ac37de64186e1b75a913d7c5aa017
raw/ausgrid_zone_substation_load/extracted/2023/FY2023/Kingsford 132_11kV FY2023.csv,329369,.csv,57a38e1207b42c3c3525437d17d78adf4c64ac0291036b1b64645edb3b33b644
raw/ausgrid_zone_substation_load/extracted/2023/FY2023/Kirrawee 132_11kV FY2023.csv,328083,.csv,fdd96b5442bfb8b2e96eff386724c96d09ca212edddfeda215432299e39de544
raw/ausgrid_zone_substation_load/extracted/2023/FY2023/Kogarah 132_11kV FY2023.csv,321727,.csv,db454e49d78955dcd201d6c7a485c8ff47fb0a42f1f98587b5a2b78fe4f44cc6
raw/ausgrid_zone_substation_load/extracted/2023/FY2023/Kotara 33_11kV FY2023.csv,295795,.csv,f03dbb4cbacea564df92d0b3cce59959406bba434d6812da69b7d8cf24a601b4
raw/ausgrid_zone_substation_load/extracted/2023/FY2023/Kurnell South 132_11kV FY2023.csv,295160,.csv,52cd7da2cb9db721cb408ef6657a40c1d88a9eb14e38139dbc6a157d1004673b
raw/ausgrid_zone_substation_load/extracted/2023/FY2023/Kurri 132_11kV FY2023.csv,311424,.csv,e8d48feda622e44c6ff2be7b9c24e735358755b93c79abb6e173d12e297e9e15
raw/ausgrid_zone_substation_load/extracted/2023/FY2023/Lake Munmorah 132_11kV FY2023.csv,302238,.csv,bd7489f9a4635a9c012cdf8d4cebc22c572704f0d4b577e639cf0ebb9aab4be8
raw/ausgrid_zone_substation_load/extracted/2023/FY2023/Leichhardt 132_11kV FY2023.csv,322822,.csv,46037ab001d2a75b721e38839bb0da8ff582affcdcccac3a0e77dd145ae7a257
raw/ausgrid_zone_substation_load/extracted/2023/FY2023/Leichhardt 33_11kV FY2023.csv,49113,.csv,955b786193a29c55d29145f2ee217d5f5e946e9f29f887e02a6356f0dcb8b664
raw/ausgrid_zone_substation_load/extracted/2023/FY2023/Leightonfield 33_11kV FY2023.csv,313781,.csv,8de9c6e1aa0fefe44e954a645898da52066297359506a5aabcbaadae52469ee5
raw/ausgrid_zone_substation_load/extracted/2023/FY2023/Lemington 66_11kV FY2023.csv,292558,.csv,3e6c1a002fe0cf2b84d93aa20237b456607bbccc1b7e84579a37f573c6289499
raw/ausgrid_zone_substation_load/extracted/2023/FY2023/Lidcombe 33_11kV FY2023.csv,300017,.csv,809208387aefd9a99b9cbaebf64237b941fa5725641ef7bac7787f81a89c8db6
raw/ausgrid_zone_substation_load/extracted/2023/FY2023/Lindfield 33_11kV FY2023.csv,312454,.csv,45d73d55d5ebc078d5b274a75c8b4f1c3a1e8d1de93f6c4f0aeb59b194267772
raw/ausgrid_zone_substation_load/extracted/2023/FY2023/Lisarow 33_11kV FY2023.csv,307123,.csv,22d226b67bd2346e4bd36d38b5daea35e812c62d6b0ecd24743abac85d097b92
raw/ausgrid_zone_substation_load/extracted/2023/FY2023/Long Jetty 66_11kV FY2023.csv,322147,.csv,1da4e419a198f8ec2328c13ff87847b1bc041dbc2e40c78c6d5a044793cd16bd
raw/ausgrid_zone_substation_load/extracted/2023/FY2023/Lucas Heights 33_11kV FY2023.csv,294805,.csv,45c85e5fcbd20eeff36313dc05a0c9ad68a4e4f4525ed11c268ce16e65a1d913
raw/ausgrid_zone_substation_load/extracted/2023/FY2023/Macquarie Park 132_11kV FY2023.csv,330466,.csv,49118839c60e16517419eb3b4e21e8f351ec9ff4e5874712045ccf7ca82f81a5
raw/ausgrid_zone_substation_load/extracted/2023/FY2023/Maitland 33_11kV FY2023.csv,290313,.csv,689fa5e289b15468c56fce7f39091a5f56813f13869a847389008c7be2169625
raw/ausgrid_zone_substation_load/extracted/2023/FY2023/Manly 33_11kV FY2023.csv,300945,.csv,e7572c35767a5d5a6c863ce9c9b3aac6a6ad7e22bdbc239e679419c3b5d20eb4
raw/ausgrid_zone_substation_load/extracted/2023/FY2023/Maroubra 132_11kV FY2023.csv,328276,.csv,75d727d86a25af05932787445b3a9d290e4df5d66a4d420339284cdc23280515
raw/ausgrid_zone_substation_load/extracted/2023/FY2023/Marrickville 132_11kV FY2023.csv,323552,.csv,410f80ea847cd27b4b774d3e67822fa0723b6e577558e7ca230e1d503828db66
raw/ausgrid_zone_substation_load/extracted/2023/FY2023/Maryland 132_11kV FY2023.csv,294666,.csv,084b2dcc7c676c754d6bb69e7196c121f5a69cff3b4d9bc5955a892169b6d593
raw/ausgrid_zone_substation_load/extracted/2023/FY2023/Mascot 33_11kV FY2023.csv,327181,.csv,3761812e48a8c3272679bfceb48f7e4af8b57c226c0dbf929add4a471f009eed
raw/ausgrid_zone_substation_load/extracted/2023/FY2023/Matraville 33_11kV FY2023.csv,329306,.csv,3572aa0fe4b7c70879bfeb731abb5f898a4375f5547276d51e2807619e9bbf05
raw/ausgrid_zone_substation_load/extracted/2023/FY2023/Mayfield West 132_11kV FY2023.csv,307858,.csv,18b92ea353aa95b35b9fa09d8c74989733f4d03e3cb84b1270a7d388bae16156
raw/ausgrid_zone_substation_load/extracted/2023/FY2023/Meadowbank 132_11kV FY2023.csv,329006,.csv,37a4331a7814b4af65a8a46d6a99017cc8fe40540fc6ec5084c76bc6887d2f35
raw/ausgrid_zone_substation_load/extracted/2023/FY2023/Medowie 33_11kV FY2023.csv,292752,.csv,3cd3316a218c9bfcbabae55c083de55112a36fa1556b66e75b09f05d2b8719a9
raw/ausgrid_zone_substation_load/extracted/2023/FY2023/Menai 132_11kV FY2023.csv,320137,.csv,77078a7def1b48a873c4e634b4272bfe515b7739edeb8a729665493b1ec8fba4
raw/ausgrid_zone_substation_load/extracted/2023/FY2023/Merriwa 33_11kV FY2023.csv,292633,.csv,4711417db68722a89313e3539b6cae30cff30577a1d89e5319fbf10756af2d8d
raw/ausgrid_zone_substation_load/extracted/2023/FY2023/Metford 33_11kV FY2023.csv,318941,.csv,0d02e2a06e7828a69d8bffa737c0fd6aa0421aa6ea7d6267633ad337c0269d00
raw/ausgrid_zone_substation_load/extracted/2023/FY2023/Milperra 132_11kV FY2023.csv,327477,.csv,5b8cad8b72821799a0122a59759d14110406252f91ea8902a035e2eef9985d7f
raw/ausgrid_zone_substation_load/extracted/2023/FY2023/Miranda 33_11kV FY2023.csv,321418,.csv,7472b8dd95f66857dc244f85849cd50615af94479e9b4a5163ffb373ad192dd0
raw/ausgrid_zone_substation_load/extracted/2023/FY2023/Mitchell Line 66_11kV FY2023.csv,295460,.csv,87d807cc90fae8a171708c4daf0cfb6fdf982dc0a7f76fbd1ee2d8907cd5d7b1
raw/ausgrid_zone_substation_load/extracted/2023/FY2023/Mitchells Flat 66_11kV FY2023.csv,289231,.csv,f567073bb77e94811328dc5746d7a88495cbcfbf11dbca1f173ed80860b1c480
raw/ausgrid_zone_substation_load/extracted/2023/FY2023/Mona Vale 33_11kV FY2023.csv,322071,.csv,d4ff84d10d3bcfcaff19a4576f250b15628eaf00fbf71e9c05f6f095b9028600
raw/ausgrid_zone_substation_load/extracted/2023/FY2023/Moonan 33_11kV FY2023.csv,292240,.csv,c2b33eedf3d2177e5f25624f516e8f8332f53de0d35957bf0da9ba7a8e6b7e8c
raw/ausgrid_zone_substation_load/extracted/2023/FY2023/Morisset 132_11kV FY2023.csv,305248,.csv,0d55c9afebf5acee9c463089ce2c8656c494f2856c792524ad8e02d23493571a
raw/ausgrid_zone_substation_load/extracted/2023/FY2023/Mortdale 33_11kV FY2023.csv,325368,.csv,82770840cfe3a7d69cbd9b2bcd6e6e98cad768b7fe1603795c3ed5b790a25fee
raw/ausgrid_zone_substation_load/extracted/2023/FY2023/Mosman 132_11kV FY2023.csv,327546,.csv,8c7af8e51fda6b9a592ca6653b92dabed681de8f46e32d6a184f4fd1a11fbb27
raw/ausgrid_zone_substation_load/extracted/2023/FY2023/Mt Hutton 33_11kV FY2023.csv,273831,.csv,ef3352297db4626856f593592e1229da4e566d28dee51a8670b855b62770ffbb
raw/ausgrid_zone_substation_load/extracted/2023/FY2023/Mt Thorley 66_11kV FY2023.csv,294365,.csv,eb302455a79c91d8a679cb29a6ff58f02d63b92ffa83491c20391089e611bb40
raw/ausgrid_zone_substation_load/extracted/2023/FY2023/Muswellbrook 33_11kV FY2023.csv,299547,.csv,e6a92d29affc66cef29e321a4af384d35f317bc69a6f58b74453b75ef6e2b539
raw/ausgrid_zone_substation_load/extracted/2023/FY2023/Narrabeen 33_11kV FY2023.csv,293869,.csv,b0e65624d5c6e5f43722f23f457505fd395715a69f0bbf5b0f1ff6d649986a0b
raw/ausgrid_zone_substation_load/extracted/2023/FY2023/Nelson Bay 33_11kV FY2023.csv,304959,.csv,ea6f5ddc266dae38686db65c0e97a5294bd37eb62406fa9a40f443459e37673a
raw/ausgrid_zone_substation_load/extracted/2023/FY2023/New Lambton 33_11kV FY2023.csv,295163,.csv,046878febd842449048289860cee9e61a6fba9f53ec90844580b592f968a246f
raw/ausgrid_zone_substation_load/extracted/2023/FY2023/Newcastle CBD 33_11kV FY2023.csv,330496,.csv,99ce9f62404b1f2a14addab26a4f011c68b0135416b0d9f4e68d141d7d61d4a4
raw/ausgrid_zone_substation_load/extracted/2023/FY2023/Newdell 66_11kV FY2023.csv,291898,.csv,dbf254ead1eacde63994ceccc76e4a114cf1bd3509a383a573f70d49e5a525cf
raw/ausgrid_zone_substation_load/extracted/2023/FY2023/Newport 33_11kV FY2023.csv,294641,.csv,c43f1666ed14ba9dc7d1c6c49b284f77d9bbe2dc2f1a6dabd1344b60e8b11233
raw/ausgrid_zone_substation_load/extracted/2023/FY2023/Noraville 33_11kV FY2023.csv,304690,.csv,bb07eafa1bcde03b1d8539e293fbf348614f5afe0a9d307d61573775ee388103
raw/ausgrid_zone_substation_load/extracted/2023/FY2023/North Head 33_11kV FY2023.csv,299013,.csv,8d3ef809b386b17a08272a1850e6eead73b7f456ee334973841f33f4a14d7515
raw/ausgrid_zone_substation_load/extracted/2023/FY2023/North Sydney 132_11kV FY2023.csv,329736,.csv,757562405ca55d7167d9539d0fc13b60d6984ecc88cdb8190a630b66266d35a0
raw/ausgrid_zone_substation_load/extracted/2023/FY2023/North Sydney 33_11kV FY2023.csv,49843,.csv,2e5d3d08ce2c6b059b13edd83ece4207fc685d3751a930850aa7388e69f87bbb
raw/ausgrid_zone_substation_load/extracted/2023/FY2023/Nulkaba 33_11kV FY2023.csv,294557,.csv,69e607f37273e578bd13323eae5ad6e86c4c5fdb118070867bc4067cb2e9b905
raw/ausgrid_zone_substation_load/extracted/2023/FY2023/Olympic Park 132_11kV FY2023.csv,329731,.csv,bb31978aa270a381a0237668574b45e697b0c1fa6eaa797d5520cd89c97fab62
raw/ausgrid_zone_substation_load/extracted/2023/FY2023/Paddington 33_11kV FY2023.csv,328641,.csv,116fd7f2fc556247477eb2ea76e1b366eec2ed2a864389b0f453758cad937058
raw/ausgrid_zone_substation_load/extracted/2023/FY2023/Paxton 33_11kV FY2023.csv,292156,.csv,c22efadebe8ab1bff844de8aea299a36c1d831e10f93604cac968f7227ce7157
raw/ausgrid_zone_substation_load/extracted/2023/FY2023/Peats Ridge 33_11kV FY2023.csv,294730,.csv,09e8bd5255099ddc5c69d5824293c58b4d0c7cc7ba54a4b33861fa5ad9d1a0b6
raw/ausgrid_zone_substation_load/extracted/2023/FY2023/Pelican 33_11kV FY2023.csv,293243,.csv,3eb2741a54b782e15950b11e09990e260eeef2fb212eec0fb18f7d56eb3b0110
raw/ausgrid_zone_substation_load/extracted/2023/FY2023/Pennant Hills 132_11kV FY2023.csv,329155,.csv,57cff28e3fa8037b4d733c7c700ba4e842c32663a62164f81f0ed9698201ea7c
raw/ausgrid_zone_substation_load/extracted/2023/FY2023/Port Botany 33_11kV FY2023.csv,321616,.csv,fd8686f35883aa0ba222585875865b83cd597477778f41cf36054aee49822131
raw/ausgrid_zone_substation_load/extracted/2023/FY2023/Potts Hill 132_11kV FY2023.csv,329006,.csv,63f182dcaf1a7dcde81291443df8183e05a807b243534645c512452877561f6e
raw/ausgrid_zone_substation_load/extracted/2023/FY2023/Punchbowl 33_11kV FY2023.csv,327405,.csv,95dd405c4f67bbe9a6f5ca4a61d7b7e7026c805f80e4782680d66f92911c76ce
raw/ausgrid_zone_substation_load/extracted/2023/FY2023/Pymble 33_11kV FY2023.csv,320903,.csv,b2232caadda39acd90b5d83b4daf175ed8f2001142159b133eda99d27b34cf98
raw/ausgrid_zone_substation_load/extracted/2023/FY2023/RNS Hospital 132_11kV FY2023.csv,297415,.csv,703f752c315c4b97bd145801acc3777a819414688b340a8fce7ed5295b16fd0a
raw/ausgrid_zone_substation_load/extracted/2023/FY2023/Rathmines 132_11kV FY2023.csv,293240,.csv,cadd332c17f935c3597bc6d4a00285f9d7bf42e8b7beff75ec8cb97ba35d758b
raw/ausgrid_zone_substation_load/extracted/2023/FY2023/Raymond Terr NEW 33_11kV FY2023.csv,311444,.csv,d8c8368c2fc65faf1b5406fff04ac891c7139c7c897e71e800236aa9178900d3
raw/ausgrid_zone_substation_load/extracted/2023/FY2023/Revesby 132_11kV FY2023.csv,324454,.csv,424ef17aa7cb2e4542730e17b294b76640cb5436e4c454f078470db861403314
raw/ausgrid_zone_substation_load/extracted/2023/FY2023/Riverwood 33_11kV FY2023.csv,313858,.csv,5c3103616d3498df39a1e195d0e364c7b65a0c83035c8344ffe4bf5b44aca5bd
raw/ausgrid_zone_substation_load/extracted/2023/FY2023/Rockdale 132_11kV FY2023.csv,326700,.csv,2990ee74b7b1b17d6681d5132c0dc7caafd7e4d5f3c891b3a13173732d8edbb3
raw/ausgrid_zone_substation_load/extracted/2023/FY2023/Rockdale 33_11kV FY2023.csv,48383,.csv,8c19b6f28aa5b8ac4044ee961a347caa34a0043ca432ce91d0864cba91fc9be8
raw/ausgrid_zone_substation_load/extracted/2023/FY2023/Rose Bay 132_11kV FY2023.csv,328276,.csv,bbe46da0faabe3e9a0558156e77a0875077549ebd0fa010b47a73b09a4f280fa
raw/ausgrid_zone_substation_load/extracted/2023/FY2023/Rothbury 132_11kV FY2023.csv,293382,.csv,4c20795af6e1d45197817903ad0593b38681e5e5a397bafb28b1a117f6b2af58
raw/ausgrid_zone_substation_load/extracted/2023/FY2023/Rouchel 33_11kV FY2023.csv,292304,.csv,c09cb3010a6236cf20d273923205e371e75901f96132561c1da45b7e39760e7b
raw/ausgrid_zone_substation_load/extracted/2023/FY2023/Rutherford 33_11kV FY2023.csv,313060,.csv,095bca12389e9fc9e8bc40d419f4d4d04b908187758afb6f411f562ffe83c0c6
raw/ausgrid_zone_substation_load/extracted/2023/FY2023/Sans Souci 33_11kV FY2023.csv,296591,.csv,ba2baf0992298490985e0685135a7da8b67311c778ad54834162100b447292f2
raw/ausgrid_zone_substation_load/extracted/2023/FY2023/Scone 66_11kV FY2023.csv,293930,.csv,40976ed15d6ddcceb342e3a3420f68e37125a10e8bd62a7dd2caf8843f5e1af9
raw/ausgrid_zone_substation_load/extracted/2023/FY2023/Sefton 132_11kV FY2023.csv,326704,.csv,67dd29fdcb01047417cfb2a630bdb786c1ec46e7e2f85024a76f150493dddc89
raw/ausgrid_zone_substation_load/extracted/2023/FY2023/Singleton 66_11kV FY2023.csv,299425,.csv,6d0738e035ff0b2437ed8455c5502618816c952ebd87918798601e75a8ce8a46
raw/ausgrid_zone_substation_load/extracted/2023/FY2023/Singleton North 66_11kV FY2023.csv,300276,.csv,b121b07739028dbe8c255c2508599b10e436c59a4c0370a6b495d67d7ca15b40
raw/ausgrid_zone_substation_load/extracted/2023/FY2023/Somersby 132_11kV FY2023.csv,296626,.csv,7addb51255e4dee259f148cc1061a63ed62f73ec0467c49f3d90fa3e4972e2ba
raw/ausgrid_zone_substation_load/extracted/2023/FY2023/St Ives 33_11kV FY2023.csv,324987,.csv,dcd62f3820a5fdfb54a35ec648d7660704ac842ef4cfc5d70041800daf5d1ca7
raw/ausgrid_zone_substation_load/extracted/2023/FY2023/St Peters 132_11kV FY2023.csv,322476,.csv,04db231a727fdb13c793007ef2a92c76c9324bc7c4d2c18209829a91ca1e5164
raw/ausgrid_zone_substation_load/extracted/2023/FY2023/Stockton 33_11kV FY2023.csv,289603,.csv,e10c0a0776116bc67563194619ab6584839199e80b8f6b719421f4c828b689ed
raw/ausgrid_zone_substation_load/extracted/2023/FY2023/Strathfield South 132_11kV FY2023.csv,320075,.csv,8238a9e6213b1b2256323876fae9759d63465f380112927545d4239ee578e0df
raw/ausgrid_zone_substation_load/extracted/2023/FY2023/Summer Hill 33_11kV FY2023.csv,269823,.csv,c383d74ca2849e617e28de097997c58bb4e7a175a2c22d3ba7e75c4ddea73083
raw/ausgrid_zone_substation_load/extracted/2023/FY2023/Surry Hills 33_11kV FY2023.csv,328239,.csv,86b4ad77bd68cb5304452a83fc032c51d9dbfbdfcf28933a6bff477403a226c3
raw/ausgrid_zone_substation_load/extracted/2023/FY2023/Swansea 33_11kV FY2023.csv,293647,.csv,679ee4cc3528643afaea19186da7613db4f91ddd3976ec5695f7cb11185e8396
raw/ausgrid_zone_substation_load/extracted/2023/FY2023/Tanilba Bay 33_11kV FY2023.csv,294074,.csv,2cad647439c214614418efa92edc2e3559d648f36b0c7350fb2903bd393c1b4d
raw/ausgrid_zone_substation_load/extracted/2023/FY2023/Tarro 33_11kV FY2023.csv,309335,.csv,2cd253d167475b8215def45e91727e294f93ee71e009c87b7d608068d43e2782
raw/ausgrid_zone_substation_load/extracted/2023/FY2023/Telarah 33_11kV FY2023.csv,292747,.csv,8943a9511fe244f4b49ac2744376cb8ddcc26024b97c9f06047ec7351b72a948
raw/ausgrid_zone_substation_load/extracted/2023/FY2023/Terrey Hills 33_11kV FY2023.csv,295592,.csv,74059c9532be34070a9d6e4e1b46fcfa66955a847a683d2c0c17b9d0703e1813
raw/ausgrid_zone_substation_load/extracted/2023/FY2023/Thornton 33_11kV FY2023.csv,304761,.csv,6d8b8c0afa0c8ce526fe0890265851b5d68d3ae1c25a816b49bf267f6e8f2abb
raw/ausgrid_zone_substation_load/extracted/2023/FY2023/Tighes Hill 33_11kV FY2023.csv,312559,.csv,ea3e4118be2d89667c0cf9ba05404a0447bc86d5c0a6ac6df12597b6ff1af673
raw/ausgrid_zone_substation_load/extracted/2023/FY2023/Tomago 33_11kV FY2023.csv,292906,.csv,a5638cc642da7e10f23e14dbc3d852682a7f1aa344dbabf64a591b5a6b338548
raw/ausgrid_zone_substation_load/extracted/2023/FY2023/Tomalpin 33_11kV FY2023.csv,293635,.csv,55e877a36a0a7ab6b625a3ac7f3fae74eb6e27713208960b104a3cf5a029985e
raw/ausgrid_zone_substation_load/extracted/2023/FY2023/Tomaree 33_11kV FY2023.csv,293202,.csv,edf7b4206428f26349a16f1c52696d2bf3032b064b1f0a40add1362990882dd4
raw/ausgrid_zone_substation_load/extracted/2023/FY2023/Top Ryde 132_11kV FY2023.csv,328250,.csv,935abc4c6e5646a39e04a37a38ad5da720cc295a199b7ca764ffe67234fb0675
raw/ausgrid_zone_substation_load/extracted/2023/FY2023/Toronto 33_11kV FY2023.csv,48018,.csv,b46307fe8a6aa0df3f3c90e11910127f627dd5ce4cd6db0bf101fe6c2d41d17f
raw/ausgrid_zone_substation_load/extracted/2023/FY2023/Toronto West 132_11kV FY2023.csv,300200,.csv,b206606ba8befde2847364619ac466da2de9dcc5c0dfdfa9fb51185df633f913
raw/ausgrid_zone_substation_load/extracted/2023/FY2023/Turramurra 33_11kV FY2023.csv,323543,.csv,2ac24aab5385165d2ec2dd4f25069fb4858a5397f53bc26f9cf838a8d4f58df4
raw/ausgrid_zone_substation_load/extracted/2023/FY2023/Umina 66_11kV FY2023.csv,309480,.csv,701975913baa335b2ad26a9ea288715541bb8761142c18f270a93c3efb550fad
raw/ausgrid_zone_substation_load/extracted/2023/FY2023/Vales Point 33_11kV FY2023.csv,294065,.csv,e32d7866144de57c868ebe961ee991df716bcbab9ef6775d5312cfee337b4ab1
raw/ausgrid_zone_substation_load/extracted/2023/FY2023/Wamberal 132_11kV FY2023.csv,294896,.csv,2e30ddb58bee1aaa3ff31224c7bf644a70e535dcb2f1f95090cd0af583e75fff
raw/ausgrid_zone_substation_load/extracted/2023/FY2023/Wamberal 66_11kV FY2023.csv,48383,.csv,692c9f324a730f8c934d7c1e3811f88ad63dc6f46dcd0e3075f395f2d8a50080
raw/ausgrid_zone_substation_load/extracted/2023/FY2023/Waverley 132_11kV FY2023.csv,326599,.csv,53f9c5046097036d7b906b16546df29de781690cd3ce9043d2506f04ae8b0b0f
raw/ausgrid_zone_substation_load/extracted/2023/FY2023/West Gosford 132_11kV FY2023.csv,323436,.csv,6b045bcd3f9ff89a3d8830c856d7b86fa7996c335d48736c1bdb80f05ca71785
raw/ausgrid_zone_substation_load/extracted/2023/FY2023/Williamtown 33_11kV FY2023.csv,294065,.csv,3ec7fea09ccf40e325d683f6bca3686eb5cde362d4347dc6c42df522586aa0ae
raw/ausgrid_zone_substation_load/extracted/2023/FY2023/Woy Woy 66_11kV FY2023.csv,298574,.csv,0706a529a092d1d494af50c65afd04907d8b9f5430c8ac049c5eae7698bcf18b
raw/ausgrid_zone_substation_load/extracted/2023/FY2023/Wyong 132_11kV FY2023.csv,315101,.csv,133a6ffc15984366c3e23741618ebef854185ded4541fb56b45e854b8d7edaa7
raw/ausgrid_zone_substation_load/extracted/2023/FY2023/Zetland 132_11kV FY2023.csv,327911,.csv,4dad32b5c977660906196d91dc243b52f0130fcb71e2a57a7f9c8e77fd4c65c9
raw/ausgrid_zone_substation_load/extracted/2024/FY24 v2/Aberdeen 66_11kV FY2024.csv,247336,.csv,28d896c60a22f2353f1bdbd5f418e75da878f5f92c298409cc5e44049e50ecdf
raw/ausgrid_zone_substation_load/extracted/2024/FY24 v2/Adamstown 132_11kV FY2024.csv,255850,.csv,530687bb4a87215cd5b8cd39b448dfe6570dbd11155cba5982fec9a0724d896c
raw/ausgrid_zone_substation_load/extracted/2024/FY24 v2/Argenton 132_11kV FY2024.csv,265929,.csv,481d37aed9faf7c666e4c03da59685f1b7ec42f9b4a728422610b5ce6ec7078f
raw/ausgrid_zone_substation_load/extracted/2024/FY24 v2/Auburn 33_11kV FY2024.csv,266329,.csv,2f176ac2478af981b017d04e8d3b7d546f937ad4835095fa9cd4515aba2d7a52
raw/ausgrid_zone_substation_load/extracted/2024/FY24 v2/Avoca 66_11kV FY2024.csv,269717,.csv,6b5b8c0c91ea40752bc944d90ce006c5bd4a7196752fc08fd10a4755454cb357
raw/ausgrid_zone_substation_load/extracted/2024/FY24 v2/Avondale 33_11kV FY2024.csv,250209,.csv,c99e4561610df1635cfe2b4897fe693b31e0894ec4859fd77e052f86fea77b38
raw/ausgrid_zone_substation_load/extracted/2024/FY24 v2/Baerami 33_11kV FY2024.csv,245816,.csv,ac734c4cee60c68dbfb8adc8aa0adb715b952392b2dc3cdc9f153ea5fa74e4d5
raw/ausgrid_zone_substation_load/extracted/2024/FY24 v2/Balgowlah North 132_11kV FY2024.csv,269323,.csv,b43b750d217525858738694a12be4e38ab97544293e7253885442cf582c690ae
raw/ausgrid_zone_substation_load/extracted/2024/FY24 v2/Bankstown 132_11kV FY2024.csv,279860,.csv,187bc2502f5a5aa9d17459ee3f313e99ffe9d5a9eb9a538598411c67058d2c40
raw/ausgrid_zone_substation_load/extracted/2024/FY24 v2/Bass Hill 33_11kV FY2024.csv,250629,.csv,ac37e4eee4fdffc49ddbf61118db5c78872836162417d7f3a7f4e265aa0854ea
raw/ausgrid_zone_substation_load/extracted/2024/FY24 v2/Beacon Hill 33_11kV FY2024.csv,256422,.csv,8b5d35e403918dbc888bb26f6866215d7a3b52b3daf4fd2fd509845fe50fedf9
raw/ausgrid_zone_substation_load/extracted/2024/FY24 v2/Belmore Park 132_11kV FY2024.csv,273705,.csv,e80c59131d514724c8ede0584e250058c6461c7467fa1d75ac63e4e77a9d36d4
raw/ausgrid_zone_substation_load/extracted/2024/FY24 v2/Belrose 33_11kV FY2024.csv,255593,.csv,75afa78dd0e52c43d01d0c3224765097547f0793436e9c56a0d1b4e79b6f8ab5
raw/ausgrid_zone_substation_load/extracted/2024/FY24 v2/Berkeley Vale 132_11kV FY2024.csv,282176,.csv,e78307108944562295a87595cc0c9e31d9d4916c076a2a43963f5b207c602401
raw/ausgrid_zone_substation_load/extracted/2024/FY24 v2/Berowra 132_11kV FY2024.csv,223879,.csv,00215df7ef421e9b2e0defa0ea50124dfc0de54dfef92911b29f41a993d2cd5d
raw/ausgrid_zone_substation_load/extracted/2024/FY24 v2/Blakehurst 33_11kV FY2024.csv,256460,.csv,6447bd4c5da0119d20a75da638d5cea16ec2615fb55712826c3f47d7f43ed7f8
raw/ausgrid_zone_substation_load/extracted/2024/FY24 v2/Botany 33_11kV FY2024.csv,276460,.csv,292e60d8b87f6d761a9841092950d9f5faf126d3989c1d7f95d9550923c48844
raw/ausgrid_zone_substation_load/extracted/2024/FY24 v2/Brandy Hill 132_11kV FY2024.csv,249597,.csv,38becffd0477537db9848d3c7d3c4fdcb2f7039ea396111f01cc0f3f43080459
raw/ausgrid_zone_substation_load/extracted/2024/FY24 v2/Branxton 66_11kV FY2024.csv,250758,.csv,1ec20c588b675837dfc2fa5b701a71c6de272198c3e4b1ea802e1f7d1db30449
raw/ausgrid_zone_substation_load/extracted/2024/FY24 v2/Broadmeadow 132_11kV FY2024.csv,263337,.csv,e01a4149291687bec62b48bb37889d9f50f3f1d35ce207694644baee1ce119bd
raw/ausgrid_zone_substation_load/extracted/2024/FY24 v2/Brookvale 33_11kV FY2024.csv,275683,.csv,ce242fb43e58aa5182bc700009edf9a21c4b03232b6f77c9b830b6b6014f4378
raw/ausgrid_zone_substation_load/extracted/2024/FY24 v2/Burwood 132_11kV FY2024.csv,275983,.csv,3a2099cb70fadf23b67b41995dd2406f348f79e83faa2ba12566af6ab3b79273
raw/ausgrid_zone_substation_load/extracted/2024/FY24 v2/Campbell St 132_11kV FY2024.csv,280893,.csv,2ab5548890e1df57908acbeb98aee7331196e9c0362c419ff43113dadd8c2a02
raw/ausgrid_zone_substation_load/extracted/2024/FY24 v2/Camperdown 33_11kV FY2024.csv,275380,.csv,6f2b1194455240c27af955c84571ece3dea5fbe3c759907ccb3757efec21ec5a
raw/ausgrid_zone_substation_load/extracted/2024/FY24 v2/Camperdown 33_5kV FY2024.csv,252526,.csv,b4a1d1c91cf286fa57f6448726c4b14b33bf6271ed9af4ba5eb713b0602ba25f
raw/ausgrid_zone_substation_load/extracted/2024/FY24 v2/Campsie 33_11kV FY2024.csv,279873,.csv,d4259445ff531e6a0028f8ae74c42bad911fccc237a81ef714295a1fa584dcdf
raw/ausgrid_zone_substation_load/extracted/2024/FY24 v2/Cardiff 33_11kV FY2024.csv,248734,.csv,6aa8d98d5f25de353a6cb2ed3e9465047837591727ef333e7bfab85c8818f26c
raw/ausgrid_zone_substation_load/extracted/2024/FY24 v2/Careel Bay 33_11kV FY2024.csv,228031,.csv,378b1bdb686caeee547f3e0cf47684f1f240947d511928241b594c0406421131
raw/ausgrid_zone_substation_load/extracted/2024/FY24 v2/Caringbah 33_11kV FY2024.csv,269167,.csv,70026909bae5c8adc58eb6a87cb1e028eb6101749556cc16a96226149efbaa83
raw/ausgrid_zone_substation_load/extracted/2024/FY24 v2/Castle Cove 132_11kV FY2024.csv,281303,.csv,3529f36c8cbc23361f5941c2cd9b9ae1bf28b9d43824c90346d8daff61824630
raw/ausgrid_zone_substation_load/extracted/2024/FY24 v2/Cessnock South 33_11kV FY2024.csv,256664,.csv,7ab1df5decf29f9dfe8967e0c089ea1f11e2a444b0b1b61cd74a28d3c9ecb035
raw/ausgrid_zone_substation_load/extracted/2024/FY24 v2/Charlestown 132_11kV FY2024.csv,268509,.csv,3160b599476a7e5dbe45fc9f4e927f72ed6e996512bf0fd334c0838ecf1f1856
raw/ausgrid_zone_substation_load/extracted/2024/FY24 v2/Charmhaven 132_11kV FY2024.csv,271782,.csv,4a3700318ba73bad90906eab0058879dd702c24ae26f95a3f14c1b8210af42d2
raw/ausgrid_zone_substation_load/extracted/2024/FY24 v2/Chatswood 33_11kV FY2024.csv,274659,.csv,9d0723877c072cd7ea93cde07698bfc20cc31e6cf7ab47dcc45753e7506d71d8
raw/ausgrid_zone_substation_load/extracted/2024/FY24 v2/City Central 132_11kV FY2024.csv,264850,.csv,fdce73280bb2c1548a60371776d985ee6cf15d5f43545bc7b3ac7f2c5b3bd475
raw/ausgrid_zone_substation_load/extracted/2024/FY24 v2/City North 132_11kV FY2024.csv,257418,.csv,371b6877b3e3a1eaa6dd1e01d8ef1bba9425a9f23bb953dc47c19a7be58a839d
raw/ausgrid_zone_substation_load/extracted/2024/FY24 v2/City South 132_11kV FY2024.csv,281345,.csv,7b391e09cde618e7fa3bea5f227c140517b52be009bef5573bf8e33bf4838505
raw/ausgrid_zone_substation_load/extracted/2024/FY24 v2/Clovelly 132_11kV FY2024.csv,280450,.csv,0c37107bc39a39fe4f8434e7677a949ca37b58a2a19e76894c294b3f69a16bd5
raw/ausgrid_zone_substation_load/extracted/2024/FY24 v2/Concord 33_11kV FY2024.csv,254090,.csv,a5aa260f27625408bd194145936eeb6f20b73bbdc2114b7d972dd6db6df0d9fd
raw/ausgrid_zone_substation_load/extracted/2024/FY24 v2/Cronulla 132_11kV FY2024.csv,278374,.csv,d940ce57616fa4f7b4abe47f0296ac9c2df031ff7867abba1590d3ba62bf92eb
raw/ausgrid_zone_substation_load/extracted/2024/FY24 v2/Croudace Bay 33_11kV FY2024.csv,252480,.csv,d4add67a669daa2143ea3dade95254b0bedf7d57e557b419639404cd23836745
raw/ausgrid_zone_substation_load/extracted/2024/FY24 v2/Crows Nest 132_11kV FY2024.csv,281081,.csv,52b42d40cbefdff4bb3be0973ca1f11d28da8d0daabc382807c439b75f46ce6f
raw/ausgrid_zone_substation_load/extracted/2024/FY24 v2/Croydon 132_11kV FY2024.csv,230042,.csv,ff142dcc1c160c9d170773548aea6f1df79fc4c75ff20d49de436d032c191c5f
raw/ausgrid_zone_substation_load/extracted/2024/FY24 v2/Dalley St 132_11kV FY2024.csv,258900,.csv,31ca964e8705c872725c5996e3a793dae45c845a65dbd0f926c301d333aa3172
raw/ausgrid_zone_substation_load/extracted/2024/FY24 v2/Darling Harbour 132_11kV FY2024.csv,282978,.csv,8015558649dc933dae57e76d0e1a935979f4f66ec7de30b7d99ee22b5b59e7c6
raw/ausgrid_zone_substation_load/extracted/2024/FY24 v2/Darlinghurst 33_11kV FY2024.csv,279880,.csv,1fcf54f662691ec75099a153215d0e8c439c5c2a6e444d013f2d65c57375eb78
raw/ausgrid_zone_substation_load/extracted/2024/FY24 v2/Dee Why West 33_11kV FY2024.csv,279933,.csv,20b601021401372aa0fa826a69939f599eafc5faafc276c2352229b1c19aa321
raw/ausgrid_zone_substation_load/extracted/2024/FY24 v2/Denman 66_11kV FY2024.csv,244480,.csv,2fbc821ee3f115194e53383c28e3c4691b87844101abdcca4ed83dcf92147a0e
raw/ausgrid_zone_substation_load/extracted/2024/FY24 v2/Double Bay 132_11kV FY2024.csv,280508,.csv,811bcde37bea1744b8d57c73448b0f4dd8766b0130e776428fc05c0b30609e47
raw/ausgrid_zone_substation_load/extracted/2024/FY24 v2/Drummoyne 132_11kV FY2024.csv,280103,.csv,fd0e1e46cc22ebeff18888def5bcce522a7a91b75cbac358584b64a293cac85b
raw/ausgrid_zone_substation_load/extracted/2024/FY24 v2/Edgeworth 33_11kV FY2024.csv,242474,.csv,ec7bd0b61b411e55f5184783eb5d1d378f9c28ba9e84918a0393719cd8224726
raw/ausgrid_zone_substation_load/extracted/2024/FY24 v2/Empire Bay 66_11kV FY2024.csv,249698,.csv,9e1576dff0e01312f965a6b21f2370b9e415296f312cde6c3686ff0659bc9f16
raw/ausgrid_zone_substation_load/extracted/2024/FY24 v2/Engadine 132_11kV FY2024.csv,261085,.csv,69d7b0d92c99827c8c2b69057b3dfc244fbb764b6c213c43f2f8527bf66fb6ac
raw/ausgrid_zone_substation_load/extracted/2024/FY24 v2/Epping 66_11kV FY2024.csv,257879,.csv,4d479b1ae3846b2eea002a0025d5252382ad9024678d111ce0ab24f3d0d1b96f
raw/ausgrid_zone_substation_load/extracted/2024/FY24 v2/Erina 66_11kV FY2024.csv,263048,.csv,46de817089b3780e304dc4247dc07a65025cfcc55a686969f178e85e6990f98f
raw/ausgrid_zone_substation_load/extracted/2024/FY24 v2/Flemington 132_11kV FY2024.csv,280358,.csv,afcf45cd28abb4b04affda683d90ca40f3a92c2a2f788ecdbc882d00e55056af
raw/ausgrid_zone_substation_load/extracted/2024/FY24 v2/Galston 132_11kV FY2024.csv,246919,.csv,a52e5785ac1985ceac9958b30cf3b2d39c63e0af460fec7e8a2f0a757be8d776
raw/ausgrid_zone_substation_load/extracted/2024/FY24 v2/Gateshead 33_11kV FY2024.csv,247962,.csv,aa4d67b6015c8d7bda4fefe17de3b5f83dc380eab3e231ddc8ce663e4b93d2c0
raw/ausgrid_zone_substation_load/extracted/2024/FY24 v2/Gore Hill 33_11kV FY2024.csv,280761,.csv,00899dd453b194832f3f064a2007c8e4ec0ed692e042d78d39758f9c03154a59
raw/ausgrid_zone_substation_load/extracted/2024/FY24 v2/Green Square 132_11kV FY2024.csv,273083,.csv,9094781c5282095963c761b75797c7398efe3d85b927620c4287017bf0ea7a6d
raw/ausgrid_zone_substation_load/extracted/2024/FY24 v2/Greenacre 132_11kV FY2024.csv,235518,.csv,2e9e42a801470a6e5662ae2f170d7cb732c43c49a3e0af4c75d1c0a09adc8a01
raw/ausgrid_zone_substation_load/extracted/2024/FY24 v2/Gwawley Bay 132_11kV FY2024.csv,259128,.csv,930ff54f0b0a080d16b02677177209363257a31f8862c80c39cefb495166186c
raw/ausgrid_zone_substation_load/extracted/2024/FY24 v2/Harbord 33_11kV FY2024.csv,230184,.csv,5c256db1969e375c65c2495757b95dc8fb7374d82142350246bcf1c405f6f78f
raw/ausgrid_zone_substation_load/extracted/2024/FY24 v2/Homebush Bay 132_11kV FY2024.csv,279807,.csv,13100a25fda089981020899892dc27511524d724629c86677712e41d7d7fe5aa
raw/ausgrid_zone_substation_load/extracted/2024/FY24 v2/Hornsby 132_11kV FY2024.csv,279413,.csv,3e254626e6335c5f8fcc1b24a3d1ce568b7366ef5817e1889be1ff22c06caf6b
raw/ausgrid_zone_substation_load/extracted/2024/FY24 v2/Hunters Hill 66_11kV FY2024.csv,260106,.csv,d13f3e14e4d112d0d76477d9b72be09b5e2bd3885625fe6d3d98f7085fb86693
raw/ausgrid_zone_substation_load/extracted/2024/FY24 v2/Hurstville North 132_11kV FY2024.csv,265199,.csv,aecafbe1850673ca16254d82cdf2efb91fb8f0a2e63b7e788062cb0d62ec45e9
raw/ausgrid_zone_substation_load/extracted/2024/FY24 v2/Jannali 33_11kV FY2024.csv,256502,.csv,2ea36e47a907fb307241505ab0bff375eebb4d1413cf78fa13b2b2a1b71ede29
raw/ausgrid_zone_substation_load/extracted/2024/FY24 v2/Jesmond 132_11kV FY2024.csv,276937,.csv,b7bd56c63321058c93e8d681c1312c84c32bb7a657096a6873f2368203de0d4e
raw/ausgrid_zone_substation_load/extracted/2024/FY24 v2/Jewells 33_11kV FY2024.csv,248507,.csv,6318637bae95166820668500543f55cb80977f57391a41c1a907e780232ef7b0
raw/ausgrid_zone_substation_load/extracted/2024/FY24 v2/Killarney 33_11kV FY2024.csv,246516,.csv,561070d9dcaf3ce24433e13c3c99e7c808d6ade802a21c9b6b48f5e59b66249e
raw/ausgrid_zone_substation_load/extracted/2024/FY24 v2/Kingsford 132_11kV FY2024.csv,281154,.csv,1d7068a51c1ea94b9b538e5e354e087573cc7e953bc0cf15b76f19ca378e4ab2
raw/ausgrid_zone_substation_load/extracted/2024/FY24 v2/Kirrawee 132_11kV FY2024.csv,278358,.csv,0a63bf4afb64d5abb3754e58ef41b9eb0093d5a52b85a1fcaf6caeb6cb5e1c00
raw/ausgrid_zone_substation_load/extracted/2024/FY24 v2/Kogarah 132_11kV FY2024.csv,274884,.csv,28f46394b0c25608a9da102cc06a749f45bd263ac7f8dbb924e22b1fb4baa701
raw/ausgrid_zone_substation_load/extracted/2024/FY24 v2/Kotara 33_11kV FY2024.csv,243435,.csv,678b9fe42cd8734549f2b20a6af6f1bcbd689ffb7e8ac1554f461afc790e0020
raw/ausgrid_zone_substation_load/extracted/2024/FY24 v2/Kurnell South 132_11kV FY2024.csv,245706,.csv,6989ae41f138b99823cbd847372b78ca2b9aabfa91d7c74172688ddf21ed2d1d
raw/ausgrid_zone_substation_load/extracted/2024/FY24 v2/Kurri 132_11kV FY2024.csv,240838,.csv,9b6340854265b4abd943134a1138343047d28cfaaa21c4cd7a85ce0732858f74
raw/ausgrid_zone_substation_load/extracted/2024/FY24 v2/Lake Munmorah 132_11kV FY2024.csv,257662,.csv,478ccac855c31e84931629c27d64fdf6958967cfb556d31da076389af323adb2
raw/ausgrid_zone_substation_load/extracted/2024/FY24 v2/Leichhardt 132_11kV FY2024.csv,276780,.csv,6c74f2dbe447e460a07c33b201c304f5a1898ec5636ca7e0764824771da19472
raw/ausgrid_zone_substation_load/extracted/2024/FY24 v2/Leightonfield 33_11kV FY2024.csv,267068,.csv,172aacdc45afcc8ee61b489ae1f50b2056a4267373b8e9f482c6bb4a16cefb5b
raw/ausgrid_zone_substation_load/extracted/2024/FY24 v2/Lemington 66_11kV FY2024.csv,243777,.csv,51d2c4b764215da579c25867a8ee5adfdcf7670aa0e37cabcae5e5d56c5f55b3
raw/ausgrid_zone_substation_load/extracted/2024/FY24 v2/Lidcombe 33_11kV FY2024.csv,252189,.csv,2bc5900b69b451091a171c4fc032b43d382a6b6b9535a20e529b93bae0568ebd
raw/ausgrid_zone_substation_load/extracted/2024/FY24 v2/Lindfield 33_11kV FY2024.csv,266985,.csv,7f526713fe2ced80a33461c543ad9f29c03231db0aa78c561c817285ec1871ca
raw/ausgrid_zone_substation_load/extracted/2024/FY24 v2/Lisarow 33_11kV FY2024.csv,254117,.csv,8bc9cd839dc177b3b8a321001fa49b22a126d24b9bb8ca6b2c324fd3156b448e
raw/ausgrid_zone_substation_load/extracted/2024/FY24 v2/Long Jetty 66_11kV FY2024.csv,250517,.csv,86474f167d054e5b8089c5e2f1c502ee1978263ea94b8271685f1d03af1c683b
raw/ausgrid_zone_substation_load/extracted/2024/FY24 v2/Lucas Heights 33_11kV FY2024.csv,232909,.csv,27dbce1ffdb07dc5cec0a3c4fadb8bd45e3af3eedc095abc541a05459f35f422
raw/ausgrid_zone_substation_load/extracted/2024/FY24 v2/Macquarie Park 132_11kV FY2024.csv,282976,.csv,6fcc6bc8c2f22e23e32e3fe67fa83fe0044be8deb7db95b601cc963ad1c1f0f0
raw/ausgrid_zone_substation_load/extracted/2024/FY24 v2/Maitland 33_11kV FY2024.csv,251254,.csv,4acdd783217e3bbd1f8f4d243a3dae43eb27ae875114dd6bcba94fe4f13a9449
raw/ausgrid_zone_substation_load/extracted/2024/FY24 v2/Manly 33_11kV FY2024.csv,232692,.csv,02ee2288b347c81c2bc592c149bd79e71498cd0a7e78433f00df9e75b76b35f6
raw/ausgrid_zone_substation_load/extracted/2024/FY24 v2/Maroubra 132_11kV FY2024.csv,280481,.csv,9e9ab1031c20dcbe8ce723d6f2089b0db5d242b81bc2a87b55336b70d4200af9
raw/ausgrid_zone_substation_load/extracted/2024/FY24 v2/Marrickville 132_11kV FY2024.csv,280237,.csv,ec62089dbda8d521c20557071b5cacf1297bee10dfe9eec0f54f219e62002420
raw/ausgrid_zone_substation_load/extracted/2024/FY24 v2/Maryland 132_11kV FY2024.csv,256702,.csv,6212d53c3fbbc51f46b980360553b65c4ee6b771b2409c7ebce4693a6e964573
raw/ausgrid_zone_substation_load/extracted/2024/FY24 v2/Mascot 33_11kV FY2024.csv,279191,.csv,ea780017ae9073f2c722fa2f3fb243dc8bb4db666e932abe2653da9c9de19668
raw/ausgrid_zone_substation_load/extracted/2024/FY24 v2/Matraville 33_11kV FY2024.csv,235001,.csv,d543b3774841eca10141a5c53145e985fd493e7809b17dc9690d67dcdaffba98
raw/ausgrid_zone_substation_load/extracted/2024/FY24 v2/Mayfield West 132_11kV FY2024.csv,263905,.csv,e1c573ad338894641263480ace995c02c082195fbe1bc8fa1ed2649380f44fc0
raw/ausgrid_zone_substation_load/extracted/2024/FY24 v2/Meadowbank 132_11kV FY2024.csv,280813,.csv,e65c792ecaf27c823b392e0b8fc6f752b1f6b80a04ad5273f550221d86a786f3
raw/ausgrid_zone_substation_load/extracted/2024/FY24 v2/Medowie 33_11kV FY2024.csv,252017,.csv,8b5504d387270b5bdab104e841c2699c11bf9c498a7963f54e8f3e85e0aae33a
raw/ausgrid_zone_substation_load/extracted/2024/FY24 v2/Menai 132_11kV FY2024.csv,268593,.csv,82da8feb3a0017fd96e4086293b2838bf0ed5ba48128b295dbef79849c3f591d
raw/ausgrid_zone_substation_load/extracted/2024/FY24 v2/Merriwa 33_11kV FY2024.csv,208035,.csv,ee9fddc8783d12b33db6b6cbb13f9139673bd16c03c8a9f70467ed6a18b16e5c
raw/ausgrid_zone_substation_load/extracted/2024/FY24 v2/Metford 33_11kV FY2024.csv,270235,.csv,e975bf284412acdd0666a2eaea6cda5105ea29a53ceab617e6b041549b8dc5dc
raw/ausgrid_zone_substation_load/extracted/2024/FY24 v2/Milperra 132_11kV FY2024.csv,276655,.csv,b8f44340bd80068c561ce130fc133176c456f57159fef03f1940bb946c1dd5f5
raw/ausgrid_zone_substation_load/extracted/2024/FY24 v2/Miranda 33_11kV FY2024.csv,271306,.csv,64702c175017c91c1e87627e5cc6365fa6c3f83e909d0f204bc9b5202f8f9388
raw/ausgrid_zone_substation_load/extracted/2024/FY24 v2/Mitchell Line 66_11kV FY2024.csv,248500,.csv,929f9087ec0955492dd6e2e70e06ff53689a0bb8a2a392cfce8878211dc1b11b
raw/ausgrid_zone_substation_load/extracted/2024/FY24 v2/Mitchells Flat 66_11kV FY2024.csv,252818,.csv,b0edcff939cac634c7d5050556185935f60ccf62cb183db7113c7001c29f0e4d
raw/ausgrid_zone_substation_load/extracted/2024/FY24 v2/Mona Vale 33_11kV FY2024.csv,230124,.csv,bdf0858758c51e0ceefc11281c87b718a8d7017cc27fbb466b8951bc665ada0c
raw/ausgrid_zone_substation_load/extracted/2024/FY24 v2/Moonan 33_11kV FY2024.csv,244089,.csv,eca73a2aa15fb96d6321a1a131c202724556b0b05f45d3a8c16b4b0b2109ed0a
raw/ausgrid_zone_substation_load/extracted/2024/FY24 v2/Morisset 132_11kV FY2024.csv,258654,.csv,c8046fe726723c4cd2a12847a515ec58c4a9f9c2d270aeea2c72f0fc8f5f6d48
raw/ausgrid_zone_substation_load/extracted/2024/FY24 v2/Mortdale 33_11kV FY2024.csv,273798,.csv,d9d6e7f11181b9bed72b859de41c2416c43e3d5ef83b474653cc279caaf73d7e
raw/ausgrid_zone_substation_load/extracted/2024/FY24 v2/Mosman 132_11kV FY2024.csv,279886,.csv,b155d4559a01cc182dded7cb94d4694ba8453a3ecba3239dd98d95c5165f27c6
raw/ausgrid_zone_substation_load/extracted/2024/FY24 v2/Mt Hutton 33_11kV FY2024.csv,226138,.csv,dc5b46f5dd609d5582b3e352007e028221370825576792bcd6ea8cde8529a593
raw/ausgrid_zone_substation_load/extracted/2024/FY24 v2/Mt Thorley 66_11kV FY2024.csv,247559,.csv,2e5bec60c6f53b7ec95be65b670e7ea7f0d85b7b7cfbea09fc08cf3705b1ba69
raw/ausgrid_zone_substation_load/extracted/2024/FY24 v2/Muswellbrook 33_11kV FY2024.csv,246651,.csv,5a18988eaa8dad31e0b8ec7bf0db55c3ca088f3be80d24759049c4dffe2e084c
raw/ausgrid_zone_substation_load/extracted/2024/FY24 v2/Narrabeen 33_11kV FY2024.csv,247128,.csv,08c384fbce64fa1106b40e1cf337bc1b84bd590b33951bf5298ecb5503d8b0d8
raw/ausgrid_zone_substation_load/extracted/2024/FY24 v2/Nelson Bay 33_11kV FY2024.csv,263011,.csv,914d7e0220cd582f97c2aab6d5e4622a74731e93c713e382199763fe818fd5d0
raw/ausgrid_zone_substation_load/extracted/2024/FY24 v2/New Lambton 33_11kV FY2024.csv,248052,.csv,9fc39cb9906c88905cb66d73dcb31e85903019e9aa4fe47e7ba0850c7908805e
raw/ausgrid_zone_substation_load/extracted/2024/FY24 v2/Newcastle CBD 33_11kV FY2024.csv,282221,.csv,04e95d95bfbd7e817e0242d78d184bf345defb0bac602afe93693d3d057d3df3
raw/ausgrid_zone_substation_load/extracted/2024/FY24 v2/Newdell 66_11kV FY2024.csv,246376,.csv,6a77262328c238f6ddd74109263178cb86b981afaccba56f1f0c3a0344063a13
raw/ausgrid_zone_substation_load/extracted/2024/FY24 v2/Newport 33_11kV FY2024.csv,246481,.csv,60c808929b7a0aaeb662667a5ee5dc9df6cb87ce6c76b3f13cc3e4d3dab1bd89
raw/ausgrid_zone_substation_load/extracted/2024/FY24 v2/Noraville 33_11kV FY2024.csv,254010,.csv,50f0d1dbf3182bf42e03abba0ea11bf518fc623c1b43f9f7d11d667252109200
raw/ausgrid_zone_substation_load/extracted/2024/FY24 v2/North Head 33_11kV FY2024.csv,247304,.csv,b4daabeea814ba6f1ce9668f7a6d902106833dd4960876cf88bceccecc96398f
raw/ausgrid_zone_substation_load/extracted/2024/FY24 v2/North Sydney 132_11kV FY2024.csv,281676,.csv,2a689d58c27cb28fbc65d5442a33703c4e25e2145d0bae4ba3184862ebf54651
raw/ausgrid_zone_substation_load/extracted/2024/FY24 v2/Nulkaba 33_11kV FY2024.csv,248244,.csv,e21223e90b2ff41f04478966061d95e5eeb3904cdbfe0e1f74a6b195ecfaf542
raw/ausgrid_zone_substation_load/extracted/2024/FY24 v2/Olympic Park 132_11kV FY2024.csv,258782,.csv,7b2eaa68c6882d690d5b1988f080c5468dc2af4d0f8a29042b58115e183282be
raw/ausgrid_zone_substation_load/extracted/2024/FY24 v2/Paddington 33_11kV FY2024.csv,280751,.csv,c7e59876f638465f98c155fac832466df71acf46276941833d2d5e93bc1ede30
raw/ausgrid_zone_substation_load/extracted/2024/FY24 v2/Paxton 33_11kV FY2024.csv,243725,.csv,c0147aff45e92cabde53c0f98e39ab609fa3a6a2c9b64db1432b8bfefc105d7c
raw/ausgrid_zone_substation_load/extracted/2024/FY24 v2/Peats Ridge 33_11kV FY2024.csv,247179,.csv,d85eb02983391087d64fd53a7dfebea024bf4ccc75afed7ebd68075fd32e44fe
raw/ausgrid_zone_substation_load/extracted/2024/FY24 v2/Pelican 33_11kV FY2024.csv,246527,.csv,5698bb4c8fac6694442ccbb10760ad6922e43de7906295a4cef92e82aee7046b
raw/ausgrid_zone_substation_load/extracted/2024/FY24 v2/Pennant Hills 132_11kV FY2024.csv,279909,.csv,06a4188d223a4b51ec91fd1b6e4c2722474397727bdf3cc334b0fb358950a303
raw/ausgrid_zone_substation_load/extracted/2024/FY24 v2/Port Botany 33_11kV FY2024.csv,276114,.csv,b53bdd9ca72ef918b1f3a22f023f97a67cb30fc3ed7583b71197a49acddbd19f
raw/ausgrid_zone_substation_load/extracted/2024/FY24 v2/Potts Hill 132_11kV FY2024.csv,280691,.csv,9d9b54f35734daca3fb049970e01c5e7ff986660638de484898cc3bd27f386ba
raw/ausgrid_zone_substation_load/extracted/2024/FY24 v2/Punchbowl 33_11kV FY2024.csv,280090,.csv,2515e58e3d46aa6406af422e1fb2a2589392a1df34d9e511ef1dd4dd48d6bda2
raw/ausgrid_zone_substation_load/extracted/2024/FY24 v2/Pymble 33_11kV FY2024.csv,271314,.csv,fe57903451708235e7b4624916761d1a8ada984dff29661f6f52a88604d84724
raw/ausgrid_zone_substation_load/extracted/2024/FY24 v2/RNS Hospital 132_11kV FY2024.csv,248339,.csv,06f82e3fb801094c9f20fe81ffc75692de4b6535bdfcafb65c205aab61f51f22
raw/ausgrid_zone_substation_load/extracted/2024/FY24 v2/Rathmines 132_11kV FY2024.csv,251851,.csv,a6d9a5764cba3ea6fe656a2ad48ef4643732ec0d51b1f2fbaa7053a4664b2095
raw/ausgrid_zone_substation_load/extracted/2024/FY24 v2/Raymond Terr NEW 33_11kV FY2024.csv,256223,.csv,292964a1d54c0d8664a0cc75c817efbc65360680a598a92cdebd9cd42b0ae46b
raw/ausgrid_zone_substation_load/extracted/2024/FY24 v2/Revesby 132_11kV FY2024.csv,273122,.csv,66957985409e14340f401f8a7e0f37f26ef2eb94d0f03e5fce4d76183a723d43
raw/ausgrid_zone_substation_load/extracted/2024/FY24 v2/Riverwood 33_11kV FY2024.csv,263724,.csv,09e9ae32702182ce665a7032ba15ff46d22b751f15b813a8a354498d1a82ac44
raw/ausgrid_zone_substation_load/extracted/2024/FY24 v2/Rockdale 132_11kV FY2024.csv,280661,.csv,e5d9b58f087f27ddb7fbaae5525cdd1e8ab90060cac931e241e7d54491ecbb78
raw/ausgrid_zone_substation_load/extracted/2024/FY24 v2/Rose Bay 132_11kV FY2024.csv,280229,.csv,70bd12832f5130a730cbe0c1dd7f5e15f1d0bea5ca39642ab06bf55f0a9143dd
raw/ausgrid_zone_substation_load/extracted/2024/FY24 v2/Rothbury 132_11kV FY2024.csv,232171,.csv,86170843db98f85ec1969a3caa3ba3155ec212076dcdb9592b2945084d7dc607
raw/ausgrid_zone_substation_load/extracted/2024/FY24 v2/Rouchel 33_11kV FY2024.csv,242281,.csv,6efb3d4e95f97e628749a22b18d478ec0aeae18c16df1e622137db8c750ab6ec
raw/ausgrid_zone_substation_load/extracted/2024/FY24 v2/Rutherford 33_11kV FY2024.csv,267439,.csv,cf8b8637490c8fc48aff96e41edc5812df701e6451ac4ce12057b4bd2000f688
raw/ausgrid_zone_substation_load/extracted/2024/FY24 v2/Sans Souci 33_11kV FY2024.csv,216884,.csv,b94cd25c6091ef403f76fe70c48c50f2883381043cb6b74aa00c823ddb67888f
raw/ausgrid_zone_substation_load/extracted/2024/FY24 v2/Scone 66_11kV FY2024.csv,247796,.csv,2eead5fc6ff0830499efce43a79ffa9b4c1334e0ca11b4c18848de1fd82afffd
raw/ausgrid_zone_substation_load/extracted/2024/FY24 v2/Sefton 132_11kV FY2024.csv,277576,.csv,cbfa58c7a26c6a2aee1eca04acec06f94efb38586d2c155269b53ec6d1c85da7
raw/ausgrid_zone_substation_load/extracted/2024/FY24 v2/Singleton 66_11kV FY2024.csv,249129,.csv,f06223d0df2fae50f19521453b91293eb38521dccf3b4d835d47a5655d0a1d4f
raw/ausgrid_zone_substation_load/extracted/2024/FY24 v2/Singleton North 66_11kV FY2024.csv,247448,.csv,69f0157eebfcbb5ffc046dd11cf392a4ad69c0c5f2afa5f2a2369c41d642cfec
raw/ausgrid_zone_substation_load/extracted/2024/FY24 v2/Somersby 132_11kV FY2024.csv,254809,.csv,4018ddb42f54735b5b3f8ed00b192a23afc1726dd700433d89cedc1610056b0a
raw/ausgrid_zone_substation_load/extracted/2024/FY24 v2/St Ives 33_11kV FY2024.csv,272638,.csv,b216b9e731dd86aa25b0769a362d38c918c3afb7da8dcd6cf3d86454d06a192d
raw/ausgrid_zone_substation_load/extracted/2024/FY24 v2/St Peters 132_11kV FY2024.csv,280018,.csv,b210e472f87176c0b59240e7535d2625b6deae13b5c94b90355cb5b0828a4ed3
raw/ausgrid_zone_substation_load/extracted/2024/FY24 v2/Stockton 33_11kV FY2024.csv,249599,.csv,e15be83dca7d3922836cab8bd13c268cf1ab3e72d3a7f5d9886e1d863f43c6ec
raw/ausgrid_zone_substation_load/extracted/2024/FY24 v2/Strathfield South 132_11kV FY2024.csv,276542,.csv,5de0e375e98f31e3af2df67721eda345f835311e792209b7a447d24c5fa5d252
raw/ausgrid_zone_substation_load/extracted/2024/FY24 v2/Summer Hill 33_11kV FY2024.csv,280597,.csv,62dbe2e8c052fc9ab78c793a2783ebb87207353e5956eacf98aae8b9909e2e00
raw/ausgrid_zone_substation_load/extracted/2024/FY24 v2/Surry Hills 33_11kV FY2024.csv,281469,.csv,5baa2df2cf497367a8b51b275ba7e383690524c65984cfbc9f242da4fc4532f1
raw/ausgrid_zone_substation_load/extracted/2024/FY24 v2/Swansea 33_11kV FY2024.csv,250396,.csv,8313b8f469911706a22686bc666cd66c4cd5b2e37aebc9faf6c3f3fa57b721b2
raw/ausgrid_zone_substation_load/extracted/2024/FY24 v2/Tanilba Bay 33_11kV FY2024.csv,249673,.csv,81ab3e7d6d6fc69a278e882aeb14dd61b60778b3dc5993c8365d636bf1fae87e
raw/ausgrid_zone_substation_load/extracted/2024/FY24 v2/Tarro 33_11kV FY2024.csv,260844,.csv,26f631f0ea10fc66654525a44204e63503cb45b02a2cec3e8e2af7fdaa1ec5c8
raw/ausgrid_zone_substation_load/extracted/2024/FY24 v2/Telarah 33_11kV FY2024.csv,248932,.csv,f89ef42a3a4ca452a2e3c19eb333b11be553a52e619d314d1b239a459a590fac
raw/ausgrid_zone_substation_load/extracted/2024/FY24 v2/Terrey Hills 33_11kV FY2024.csv,246890,.csv,2e206e0c6b55c0f13a55a6813e0d775d6f53522246227481024fa21d73888065
raw/ausgrid_zone_substation_load/extracted/2024/FY24 v2/Thornton 33_11kV FY2024.csv,256287,.csv,7913e2186cc0f7db95b8ceef14f449306cefc8d8301ef5a56694e461dc591057
raw/ausgrid_zone_substation_load/extracted/2024/FY24 v2/Tighes Hill 33_11kV FY2024.csv,261582,.csv,35fcfdc286940ea1552c835d629b42a71c9053aeda1b1f42b922c8269b61e458
raw/ausgrid_zone_substation_load/extracted/2024/FY24 v2/Tomago 33_11kV FY2024.csv,246168,.csv,5bfc02d97ff255d1ddac03672e412bae63d6dca03fcfcb3c586c93ef8608dfc6
raw/ausgrid_zone_substation_load/extracted/2024/FY24 v2/Tomalpin 33_11kV FY2024.csv,246788,.csv,cb16cbb6957f01a0b916c9f3acbbc5f9b5d55eb8ea2f4cd13e8ca25397e6f728
raw/ausgrid_zone_substation_load/extracted/2024/FY24 v2/Tomaree 33_11kV FY2024.csv,247370,.csv,ac79b9f8cf3c47c130e7eef5c9262a53e7c67391bc338548d2e59f0b57784f65
raw/ausgrid_zone_substation_load/extracted/2024/FY24 v2/Top Ryde 132_11kV FY2024.csv,277825,.csv,fec1f2e82498d9f8f406051fc6dd76d9ab4e3bd1bf0a59a8bac87b4e547e7889
raw/ausgrid_zone_substation_load/extracted/2024/FY24 v2/Toronto West 132_11kV FY2024.csv,252202,.csv,5b4fa0bf37c50732c5736f4c724ce4dc6197663016449668d852eb95c86e168d
raw/ausgrid_zone_substation_load/extracted/2024/FY24 v2/Turramurra 33_11kV FY2024.csv,277780,.csv,0acf3c692c8d7a7d8c6e2bba0dec56e0907ba38905ceb71dfc9d617e3f03287b
raw/ausgrid_zone_substation_load/extracted/2024/FY24 v2/Umina 66_11kV FY2024.csv,236725,.csv,e81140963e46bd827285eeb946c7fb6d98c80b577d2696e93b43bf7fe0c8158c
raw/ausgrid_zone_substation_load/extracted/2024/FY24 v2/Vales Point 33_11kV FY2024.csv,226683,.csv,51040777cb29582a2344ef3de1c779785c39e528abbbd458d884996d578035eb
raw/ausgrid_zone_substation_load/extracted/2024/FY24 v2/Wamberal 132_11kV FY2024.csv,249823,.csv,5ac5a3db5eab834290f769dadf45dcf0f03d680c6723dd53fe06163a0e6a5fb5
raw/ausgrid_zone_substation_load/extracted/2024/FY24 v2/Waverley 132_11kV FY2024.csv,278277,.csv,1b8d79a75b82b049e4dddc5fb6b5e36a5ba4efd2e0da03474db7fd355d56e040
raw/ausgrid_zone_substation_load/extracted/2024/FY24 v2/West Gosford 132_11kV FY2024.csv,281995,.csv,fa5d392a8f2d19d254ce2355d85da848224e87d0bb793548ae25247361b65e0a
raw/ausgrid_zone_substation_load/extracted/2024/FY24 v2/Williamtown 33_11kV FY2024.csv,247207,.csv,d20546a3c7b15d9c0abc83a940fa1f51999c73eee6e091deefef21a6d37986bd
raw/ausgrid_zone_substation_load/extracted/2024/FY24 v2/Woy Woy 66_11kV FY2024.csv,251684,.csv,13c77b2ffc1f791eb784550479ae57a4f32a86f1ca4590fa8293cc2afa3058f4
raw/ausgrid_zone_substation_load/extracted/2024/FY24 v2/Wyong 132_11kV FY2024.csv,271034,.csv,90e1277197b0ba1fa997a8d270d1c79c0bbb00146f7e85a8b726da2cfdadec5a
raw/ausgrid_zone_substation_load/extracted/2024/FY24 v2/Zetland 132_11kV FY2024.csv,280076,.csv,5356ce3a0e89af196ef8bbfe318d1c536b409f4781a88052d52ebdc4f258dcfb
raw/ausgrid_zone_substation_load/extracted/2025/Ausgrid Distribution Zone Substation Data FY25/Aberdeen 66_11kV FY25.csv,316802,.csv,72886dc0aff94c4c364ebde03ffdc4ca2e30c7d46e322fcd6f57236732624dda
raw/ausgrid_zone_substation_load/extracted/2025/Ausgrid Distribution Zone Substation Data FY25/Adamstown 132_11kV FY25.csv,325402,.csv,e8aded2d9b25afaf7aa28b198915c6ff290a1e89edf64a86bf7d67886a5eb256
raw/ausgrid_zone_substation_load/extracted/2025/Ausgrid Distribution Zone Substation Data FY25/Argenton 132_11kV FY25.csv,341296,.csv,42fb3661e48f9b6159786eb521cae5dad4944a5f75105aa3d991074f94747cce
raw/ausgrid_zone_substation_load/extracted/2025/Ausgrid Distribution Zone Substation Data FY25/Auburn 33_11kV FY25.csv,343067,.csv,a39985f4956d28e31ebeb660c4c67b63992eb837dcb48dfb1f91de865ec35eb0
raw/ausgrid_zone_substation_load/extracted/2025/Ausgrid Distribution Zone Substation Data FY25/Avoca 66_11kV FY25.csv,339954,.csv,614709d849c2926c79bc2cde749a26b3285f9019e92e281163ee8cdeb789f47c
raw/ausgrid_zone_substation_load/extracted/2025/Ausgrid Distribution Zone Substation Data FY25/Avondale 33_11kV FY25.csv,320879,.csv,86cfcfb3cdc8a7207868e646e6187d80ded0c695e066c8274a88b73229a507cc
raw/ausgrid_zone_substation_load/extracted/2025/Ausgrid Distribution Zone Substation Data FY25/Baerami 33_11kV FY25.csv,316966,.csv,69126f7c0befbec4c29f83f600c550fc0745794c45241944f3ed5a10e17852b4
raw/ausgrid_zone_substation_load/extracted/2025/Ausgrid Distribution Zone Substation Data FY25/Balgowlah North 132_11kV FY25.csv,337024,.csv,5d33ce88c6bff3e5db0185662eac98cf2f75f0b7685b47f43dc45786327a9765
raw/ausgrid_zone_substation_load/extracted/2025/Ausgrid Distribution Zone Substation Data FY25/Bankstown 132_11kV FY25.csv,351677,.csv,fd82bf3e47248e32160ed30b0af22268671303a6c97b70a563dd02b67e353318
raw/ausgrid_zone_substation_load/extracted/2025/Ausgrid Distribution Zone Substation Data FY25/Bass Hill 33_11kV FY25.csv,318804,.csv,823ee9013b9024554be27b0bf923094fa19178a728a9a63cc4fcc456e6ab6f49
raw/ausgrid_zone_substation_load/extracted/2025/Ausgrid Distribution Zone Substation Data FY25/Beacon Hill 33_11kV FY25.csv,326332,.csv,92341ca5347977e02b9f350ba4bbddd238ab56c88ada696100b047da7996cf0d
raw/ausgrid_zone_substation_load/extracted/2025/Ausgrid Distribution Zone Substation Data FY25/Belmore Park 132_11kV FY25.csv,351733,.csv,9155294d8e7c5a3a7d4bd82d8febd925a6308b5f307b2f7c52e14812124be82c
raw/ausgrid_zone_substation_load/extracted/2025/Ausgrid Distribution Zone Substation Data FY25/Belrose 33_11kV FY25.csv,330727,.csv,90225fb3361a58fdc8591210d6a5e799104c30373bf00525b6ed0feb7a35b289
raw/ausgrid_zone_substation_load/extracted/2025/Ausgrid Distribution Zone Substation Data FY25/Berkeley Vale 132_11kV FY25.csv,351705,.csv,3fd5fe67812bd96af6a32f96bea9c3f74909acfb0bacca87a13d2bc939f9203e
raw/ausgrid_zone_substation_load/extracted/2025/Ausgrid Distribution Zone Substation Data FY25/Berowra 132_11kV FY25.csv,340711,.csv,e8b18f8078be157872d22f138733ff8b7f1a75a7d34299d3b4d5c2fe875eb0e5
raw/ausgrid_zone_substation_load/extracted/2025/Ausgrid Distribution Zone Substation Data FY25/Blakehurst 33_11kV FY25.csv,330247,.csv,08dd905a00e5b8fd6649f87961f0c8eb6035ad7e96eb88b5eb8cccec1d406799
raw/ausgrid_zone_substation_load/extracted/2025/Ausgrid Distribution Zone Substation Data FY25/Botany 33_11kV FY25.csv,349422,.csv,368b8b2db2c679f60fd60da3f5280c096d005d6e80a1e39a3c8ecebbd2a9a71d
raw/ausgrid_zone_substation_load/extracted/2025/Ausgrid Distribution Zone Substation Data FY25/Brandy Hill 132_11kV FY25.csv,320729,.csv,970e3ba009177b83b0ba17a633b51e95a564445f77fc404238457d7d41c3810d
raw/ausgrid_zone_substation_load/extracted/2025/Ausgrid Distribution Zone Substation Data FY25/Branxton 66_11kV FY25.csv,318962,.csv,398b7028e6292721e6591d4e011227dfee6c95fc3a154423184a945592d6b8af
raw/ausgrid_zone_substation_load/extracted/2025/Ausgrid Distribution Zone Substation Data FY25/Broadmeadow 132_11kV FY25.csv,328685,.csv,8f2113a080cf06c125ae43e7932835e730351e9e2aa1fe88bfbea72cb0d6787e
raw/ausgrid_zone_substation_load/extracted/2025/Ausgrid Distribution Zone Substation Data FY25/Brookvale 33_11kV FY25.csv,351870,.csv,9fd6871fc5abd742d9f4736ae4d5e0c5bc8b9bea60d687aed4cb3d8718a71723
raw/ausgrid_zone_substation_load/extracted/2025/Ausgrid Distribution Zone Substation Data FY25/Burwood 132_11kV FY25.csv,351897,.csv,c89870f71c61de10438fd2a34efae69e06c326180c4e401e4d02172f8f2aa8f5
raw/ausgrid_zone_substation_load/extracted/2025/Ausgrid Distribution Zone Substation Data FY25/Campbell St 132_11kV FY25.csv,353181,.csv,192b58fbb95d5f2254ab561fb4392c121a9670eecc6efc306929638cd5de89f8
raw/ausgrid_zone_substation_load/extracted/2025/Ausgrid Distribution Zone Substation Data FY25/Camperdown 33_11kV FY25.csv,338528,.csv,67a5556761d60efa7ae95516875b896b0925f94b449da2ebcb5be9c97c4efb72
raw/ausgrid_zone_substation_load/extracted/2025/Ausgrid Distribution Zone Substation Data FY25/Campsie 33_11kV FY25.csv,351245,.csv,b9e1f4e9da48adc26587b5d03c4b302597af674ba4ae1833e26973ca89e8236e
raw/ausgrid_zone_substation_load/extracted/2025/Ausgrid Distribution Zone Substation Data FY25/Cardiff 33_11kV FY25.csv,319084,.csv,b430da1af0d16ed752beec04b1938ac51d95286c1e10e0c2122792138f51534b
raw/ausgrid_zone_substation_load/extracted/2025/Ausgrid Distribution Zone Substation Data FY25/Careel Bay 33_11kV FY25.csv,318617,.csv,6a7672d1f3ec294fbb951584fa61ec2dea435446c1c11bd58584ecf9828fac71
raw/ausgrid_zone_substation_load/extracted/2025/Ausgrid Distribution Zone Substation Data FY25/Caringbah 33_11kV FY25.csv,343761,.csv,c237fc58c46b0a4f889cf6b259ae067dd503bf42a99dddbdfe1eb2f2fdf580e9
raw/ausgrid_zone_substation_load/extracted/2025/Ausgrid Distribution Zone Substation Data FY25/Castle Cove 132_11kV FY25.csv,353053,.csv,6b79d11234d11fd989b1365308acc0898e7c560e608c327d386a2a74d045ecf9
raw/ausgrid_zone_substation_load/extracted/2025/Ausgrid Distribution Zone Substation Data FY25/Cessnock South 33_11kV FY25.csv,325303,.csv,3252090213ddc32727f92d91dd97f388fe55d3c73ef97cfbd4d471dd62d8245a
raw/ausgrid_zone_substation_load/extracted/2025/Ausgrid Distribution Zone Substation Data FY25/Charlestown 132_11kV FY25.csv,339487,.csv,8c1661bce0e5e8f230b9330e621c30a2f00f4e646d7904c44eb5bc5db0ef9cac
raw/ausgrid_zone_substation_load/extracted/2025/Ausgrid Distribution Zone Substation Data FY25/Charmhaven 132_11kV FY25.csv,343519,.csv,4ef2f644f2443e223978febe7b4270dafe0dfecb3f23ec2c7e1101bd633ecf5d
raw/ausgrid_zone_substation_load/extracted/2025/Ausgrid Distribution Zone Substation Data FY25/Chatswood 33_11kV FY25.csv,350797,.csv,3ef2621f170f5cef0aaca67827e6f17b073ae805aedce46d7e04a64c07f521ed
raw/ausgrid_zone_substation_load/extracted/2025/Ausgrid Distribution Zone Substation Data FY25/City Central 132_11kV FY25.csv,302647,.csv,2372d844ac748cb778ec0e9a897a63800cf787308d6ff1a350da80cc2d5fd102
raw/ausgrid_zone_substation_load/extracted/2025/Ausgrid Distribution Zone Substation Data FY25/City North 132_11kV FY25.csv,352769,.csv,81181134db0ac06d677c606188e56e5602aace5c530384d594289fc46bf69109
raw/ausgrid_zone_substation_load/extracted/2025/Ausgrid Distribution Zone Substation Data FY25/City South 132_11kV FY25.csv,352770,.csv,cd4e2e1559134f0906d601b590bd3bfa7353f830021c4cb95bf27f034f6443af
raw/ausgrid_zone_substation_load/extracted/2025/Ausgrid Distribution Zone Substation Data FY25/Clovelly 132_11kV FY25.csv,352077,.csv,5da95fbe090c0b5bf91282cdc265cb56347bb9a5546ceb3ad76b707b5f94b997
raw/ausgrid_zone_substation_load/extracted/2025/Ausgrid Distribution Zone Substation Data FY25/Concord 33_11kV FY25.csv,351464,.csv,c258a4b621a2f12cb53e5d04e7c6da94e7522706ef6bec07215e37a5c8c49b38
raw/ausgrid_zone_substation_load/extracted/2025/Ausgrid Distribution Zone Substation Data FY25/Cronulla 132_11kV FY25.csv,349778,.csv,6d1cbcb6f86adb2984a6ac8b7e0b586a5ff09dc898a67a964c0a079bf081b92f
raw/ausgrid_zone_substation_load/extracted/2025/Ausgrid Distribution Zone Substation Data FY25/Croudace Bay 33_11kV FY25.csv,322603,.csv,07131faed0c22030408602b85ff50c62c59130f8a566eb8ae4881e46efe68a39
raw/ausgrid_zone_substation_load/extracted/2025/Ausgrid Distribution Zone Substation Data FY25/Crows Nest 132_11kV FY25.csv,352906,.csv,941100a1c1e547cf12f7dd4ba0c5208c3315c67278aef35259ac6200228dc827
raw/ausgrid_zone_substation_load/extracted/2025/Ausgrid Distribution Zone Substation Data FY25/Croydon 132_11kV FY25.csv,347477,.csv,26c111536e9380ce25b6dd83329dc17d59c75f1e95df8f410d19c561ee7594e2
raw/ausgrid_zone_substation_load/extracted/2025/Ausgrid Distribution Zone Substation Data FY25/Dalley St 132_11kV FY25.csv,320258,.csv,ec684e2b6fa60ca2e9db4ef6ebdb673c0a86c6779ad7b9ff667c3fc3ee3ce74b
raw/ausgrid_zone_substation_load/extracted/2025/Ausgrid Distribution Zone Substation Data FY25/Darling Harbour 132_11kV FY25.csv,343123,.csv,e0082e48cafa9b39f01f0352ace2e83782a84ebaaec14a459a85558be3f5645c
raw/ausgrid_zone_substation_load/extracted/2025/Ausgrid Distribution Zone Substation Data FY25/Darlinghurst 33_11kV FY25.csv,349543,.csv,a778b3b637812469bd27f494126168a4ec9be7e53da4934d3a3e3e6d8b47d31d
raw/ausgrid_zone_substation_load/extracted/2025/Ausgrid Distribution Zone Substation Data FY25/Dee Why West 33_11kV FY25.csv,351069,.csv,d64bbaed5979ba6e1845553b2ecd4a66fadcd6af0e4cce2fff29b5abed7cad9b
raw/ausgrid_zone_substation_load/extracted/2025/Ausgrid Distribution Zone Substation Data FY25/Denman 66_11kV FY25.csv,317400,.csv,fcd965152479973521b3617bdeb014d6e0584d92cbdae7ba04e58895564ca866
raw/ausgrid_zone_substation_load/extracted/2025/Ausgrid Distribution Zone Substation Data FY25/Double Bay 132_11kV FY25.csv,352357,.csv,484e71b22be050609713fcc34285d711d452c507e1e60d69aebfd6dd26d89a28
raw/ausgrid_zone_substation_load/extracted/2025/Ausgrid Distribution Zone Substation Data FY25/Drummoyne 132_11kV FY25.csv,352310,.csv,fe7c6e0c6042fede38a9ce3df24d80f0bde97783ff3cf2ec9802e08e45eabcf3
raw/ausgrid_zone_substation_load/extracted/2025/Ausgrid Distribution Zone Substation Data FY25/Edgeworth 33_11kV FY25.csv,323902,.csv,3ffa1a7c19da3e3d16275771faf680c7b34fc1af4ccb4b551fa6b7ae4fcba473
raw/ausgrid_zone_substation_load/extracted/2025/Ausgrid Distribution Zone Substation Data FY25/Empire Bay 66_11kV FY25.csv,318257,.csv,6520bd7fda270ddbc33737dce1015262963a6b1d82a2880723b2ce22d7e59b9e
raw/ausgrid_zone_substation_load/extracted/2025/Ausgrid Distribution Zone Substation Data FY25/Engadine 132_11kV FY25.csv,334906,.csv,47be64dba159494c7081a1e4d124ec15620200561b079cb1dc56f46964fe47fa
raw/ausgrid_zone_substation_load/extracted/2025/Ausgrid Distribution Zone Substation Data FY25/Epping 66_11kV FY25.csv,350823,.csv,c5ba76b3a1e8735f17a571d83ca4c7aa3f612d3e5028bc22daab5b677a346724
raw/ausgrid_zone_substation_load/extracted/2025/Ausgrid Distribution Zone Substation Data FY25/Erina 66_11kV FY25.csv,341769,.csv,7962547c191f979a5895e44aae7a3ea7aad2557a88b972766ea460888e83d25c
raw/ausgrid_zone_substation_load/extracted/2025/Ausgrid Distribution Zone Substation Data FY25/Flemington 132_11kV FY25.csv,352744,.csv,bc7baa6da2b5f9d3af11f49af929106e3d2c27ba08fee0b51f96c3b573609e37
raw/ausgrid_zone_substation_load/extracted/2025/Ausgrid Distribution Zone Substation Data FY25/Galston 132_11kV FY25.csv,317098,.csv,c0430e3f5f61691196e623373503a4ad0585614d809aa777b4cbed01b4fa9203
raw/ausgrid_zone_substation_load/extracted/2025/Ausgrid Distribution Zone Substation Data FY25/Gateshead 33_11kV FY25.csv,319146,.csv,8b8988df7294d13dfd04616dc860fda8c7c6de70f7d5fe55fb11a5752d0879cb
raw/ausgrid_zone_substation_load/extracted/2025/Ausgrid Distribution Zone Substation Data FY25/Gore Hill 33_11kV FY25.csv,352267,.csv,cba7cf7949db95d38f2dfdb7f70248297840779a736790e86b5e696262343049
raw/ausgrid_zone_substation_load/extracted/2025/Ausgrid Distribution Zone Substation Data FY25/Green Square 132_11kV FY25.csv,320535,.csv,fcfcd6a9caaef95044f3a4dccc9f06deb446e31a24eae19c2d62b430f731db4e
raw/ausgrid_zone_substation_load/extracted/2025/Ausgrid Distribution Zone Substation Data FY25/Greenacre 132_11kV FY25.csv,352411,.csv,d43ea981606285421f73ebed50456c09014374bab348f45bc0f5eaadc6241263
raw/ausgrid_zone_substation_load/extracted/2025/Ausgrid Distribution Zone Substation Data FY25/Gwawley Bay 132_11kV FY25.csv,255989,.csv,cc9c8ed1a03f4e369ad1af58a0a525683aca55fae4f4fd640d669d6e1f0937fb
raw/ausgrid_zone_substation_load/extracted/2025/Ausgrid Distribution Zone Substation Data FY25/Harbord 33_11kV FY25.csv,325383,.csv,940fe3b3c83860ffd81bd21bdb209bc6fa519bb00d6f065226dd33f0edb7804a
raw/ausgrid_zone_substation_load/extracted/2025/Ausgrid Distribution Zone Substation Data FY25/Homebush Bay 132_11kV FY25.csv,353605,.csv,6620d4b5480f343dd8bb9f62de6732f3e9dd4106ce58eaae1ecd3fd32c70f194
raw/ausgrid_zone_substation_load/extracted/2025/Ausgrid Distribution Zone Substation Data FY25/Hornsby 132_11kV FY25.csv,351869,.csv,c92cfe803446435fb13639ff9905d82e3096d431997d8efbf4e4057e0dd1cce7
raw/ausgrid_zone_substation_load/extracted/2025/Ausgrid Distribution Zone Substation Data FY25/Hunters Hill 66_11kV FY25.csv,352907,.csv,7ecace63c5a66accd20cec4a90097236ff0d84073f938f2b804672a43f889bb5
raw/ausgrid_zone_substation_load/extracted/2025/Ausgrid Distribution Zone Substation Data FY25/Hurstville North 132_11kV FY25.csv,332571,.csv,be93a9e68c4ff3dae7133940e820fa676fcbaedcac82ce7b1884d0dc18b27726
raw/ausgrid_zone_substation_load/extracted/2025/Ausgrid Distribution Zone Substation Data FY25/Jannali 33_11kV FY25.csv,331323,.csv,2c03974589565ab9209626621cb55fe9d0652f9ea9d45223dc4cfaafc7711d9d
raw/ausgrid_zone_substation_load/extracted/2025/Ausgrid Distribution Zone Substation Data FY25/Jesmond 132_11kV FY25.csv,348269,.csv,cda931a19e9dde0ee589752e574cbd07f5b137b6c6b14f593262129c3de78ec0
raw/ausgrid_zone_substation_load/extracted/2025/Ausgrid Distribution Zone Substation Data FY25/Jewells 33_11kV FY25.csv,319196,.csv,8dbb5eee50721762e63d8ff9223dc765c8ec80c9802332b189d9cbd8ebf8fbe3
raw/ausgrid_zone_substation_load/extracted/2025/Ausgrid Distribution Zone Substation Data FY25/Killarney 33_11kV FY25.csv,318672,.csv,d97fe0169c49296f53fdc3eb8289025177fd611c88d59e8cdd83d4d2820f4082
raw/ausgrid_zone_substation_load/extracted/2025/Ausgrid Distribution Zone Substation Data FY25/Kingsford 132_11kV FY25.csv,351355,.csv,7547e574cb6bd17b9cf0b68bf442feddaa454ec3d1e6fef15679fc66ae63e4f9
raw/ausgrid_zone_substation_load/extracted/2025/Ausgrid Distribution Zone Substation Data FY25/Kirrawee 132_11kV FY25.csv,350536,.csv,94448961f30419fe792ddfdba23318109388e947b0290df87d199426313fcbe8
raw/ausgrid_zone_substation_load/extracted/2025/Ausgrid Distribution Zone Substation Data FY25/Kogarah 132_11kV FY25.csv,620092,.csv,21eddceac810dca544595490b7c28ab88b61880591874ac0ead6151099817a6b
raw/ausgrid_zone_substation_load/extracted/2025/Ausgrid Distribution Zone Substation Data FY25/Kotara 33_11kV FY25.csv,320960,.csv,a44e3154e8b7aed2f3555e4f8431bc2d526fa755a7ee40fb57fd9337fd95d5c9
raw/ausgrid_zone_substation_load/extracted/2025/Ausgrid Distribution Zone Substation Data FY25/Kurnell South 132_11kV FY25.csv,317204,.csv,dead997442660d4c15336d4fd7b6440a55bee6fc118d638933d095230b7cedd7
raw/ausgrid_zone_substation_load/extracted/2025/Ausgrid Distribution Zone Substation Data FY25/Kurri 132_11kV FY25.csv,333573,.csv,429a48a98f80fe299f206873868d4957aa29c7c099d136250eca13671b6ce8b1
raw/ausgrid_zone_substation_load/extracted/2025/Ausgrid Distribution Zone Substation Data FY25/Lake Munmorah 132_11kV FY25.csv,325850,.csv,db0f9389f96275ae659a748f30c3ec8357f9baff72f07b8151e34e38143e8202
raw/ausgrid_zone_substation_load/extracted/2025/Ausgrid Distribution Zone Substation Data FY25/Leichhardt 132_11kV FY25.csv,350679,.csv,6c527b17ec6cbc86c8a40e8f293267b103dfe5cf58ca14ee69d5e4cbcd91a63c
raw/ausgrid_zone_substation_load/extracted/2025/Ausgrid Distribution Zone Substation Data FY25/Leightonfield 33_11kV FY25.csv,338599,.csv,2d2a4de54279ebd9ed24d555a4b584ece0a5aea17f1c6d3ea149f151d9aa286a
raw/ausgrid_zone_substation_load/extracted/2025/Ausgrid Distribution Zone Substation Data FY25/Lemington 66_11kV FY25.csv,314583,.csv,ef59725e7b207da25d52f3f33857f59b59ba60c5ff8a6244cafca540b68f602d
raw/ausgrid_zone_substation_load/extracted/2025/Ausgrid Distribution Zone Substation Data FY25/Lidcombe 33_11kV FY25.csv,327807,.csv,306321cc734f66dafa68811734d2a573d7561b1cddcf57732249ae5e79137b7d
raw/ausgrid_zone_substation_load/extracted/2025/Ausgrid Distribution Zone Substation Data FY25/Lindfield 33_11kV FY25.csv,341243,.csv,77b9321ada93b74e2ff0e498ae7a3edf0149e0966b22f68d054a3ed474c55eab
raw/ausgrid_zone_substation_load/extracted/2025/Ausgrid Distribution Zone Substation Data FY25/Lisarow 33_11kV FY25.csv,327993,.csv,bfb0df080fbff1cab48b58da37925afd5af85050b30ecc69135b136cebbb1a68
raw/ausgrid_zone_substation_load/extracted/2025/Ausgrid Distribution Zone Substation Data FY25/Long Jetty 66_11kV FY25.csv,344044,.csv,c387ad4a11c95843c7ee881a020f86657733bf4582c22130b7d0ceaa72c5e77a
raw/ausgrid_zone_substation_load/extracted/2025/Ausgrid Distribution Zone Substation Data FY25/Lucas Heights 33_11kV FY25.csv,315498,.csv,28ee808385a4fb4657bb9750734f7e8f8ba984fbcc867522a7cc0bcef3de86fc
raw/ausgrid_zone_substation_load/extracted/2025/Ausgrid Distribution Zone Substation Data FY25/Macquarie Park 132_11kV FY25.csv,352373,.csv,7ffe3479ad5cfafed0d47ab032fc4d21252dcb407699d0d6c7f64a24ac7a43e6
raw/ausgrid_zone_substation_load/extracted/2025/Ausgrid Distribution Zone Substation Data FY25/Maitland 33_11kV FY25.csv,319495,.csv,2f319b7d26e840c0126f0dcc78086cda28480f1c4f98fae8cccabe8d21e2d807
raw/ausgrid_zone_substation_load/extracted/2025/Ausgrid Distribution Zone Substation Data FY25/Manly 33_11kV FY25.csv,323115,.csv,f3b5528c3a4ebe8da9448954ba3a84b33e6e2e24af9661da54c4390f0b092c58
raw/ausgrid_zone_substation_load/extracted/2025/Ausgrid Distribution Zone Substation Data FY25/Maroubra 132_11kV FY25.csv,352263,.csv,851ae4446060219ab89e170ba430b9e29a6bf539a7c390335619a9d9f3ce0d43
raw/ausgrid_zone_substation_load/extracted/2025/Ausgrid Distribution Zone Substation Data FY25/Marrickville 132_11kV FY25.csv,337764,.csv,16961350d615de5dcb6054a16bc5378fa6885eb19293833c33aa85c9a9a414e0
raw/ausgrid_zone_substation_load/extracted/2025/Ausgrid Distribution Zone Substation Data FY25/Maryland 132_11kV FY25.csv,321450,.csv,35b5e28c902288a4b940ead57b85fc6ae856f811db34ac5517244d40937cfe37
raw/ausgrid_zone_substation_load/extracted/2025/Ausgrid Distribution Zone Substation Data FY25/Mascot 33_11kV FY25.csv,351089,.csv,c010aa6651dcde66594a5169bc9910c160ce3f1b7184551923f72a160d8bc77a
raw/ausgrid_zone_substation_load/extracted/2025/Ausgrid Distribution Zone Substation Data FY25/Matraville 33_11kV FY25.csv,348611,.csv,1f469d868bfae16f0de3a51e72fec0e9039bd6b54ae8a577719e2d98c1bb328d
raw/ausgrid_zone_substation_load/extracted/2025/Ausgrid Distribution Zone Substation Data FY25/Mayfield West 132_11kV FY25.csv,331800,.csv,ec0d7df9284d060770c5f224f631e63881a5b28a16c376d7c7791561ce449351
raw/ausgrid_zone_substation_load/extracted/2025/Ausgrid Distribution Zone Substation Data FY25/Meadowbank 132_11kV FY25.csv,352823,.csv,5e2217a4064a2de0f85513187da2991fa319493e16e10b088240cc449ba46696
raw/ausgrid_zone_substation_load/extracted/2025/Ausgrid Distribution Zone Substation Data FY25/Medowie 33_11kV FY25.csv,319814,.csv,45bb349a6fa7b16a2a8b66ffa7e23744a4c6d025613bfaa32b093b0060ec5b79
raw/ausgrid_zone_substation_load/extracted/2025/Ausgrid Distribution Zone Substation Data FY25/Menai 132_11kV FY25.csv,341578,.csv,4ca910dd331942f3948c9f5f478fef16faefc1c75095545f2408cf2fa799f5ad
raw/ausgrid_zone_substation_load/extracted/2025/Ausgrid Distribution Zone Substation Data FY25/Merriwa 33_11kV FY25.csv,210841,.csv,9b9c78e8732123de669bbe57489ecbcd8f1eec0d6b5c5b2c78c8cc3f5ece9e85
raw/ausgrid_zone_substation_load/extracted/2025/Ausgrid Distribution Zone Substation Data FY25/Metford 33_11kV FY25.csv,338807,.csv,e1a1b337f9e65b1f04ba1da0ecc951850b7c27e7b0ee77da11eb21a4f19e8088
raw/ausgrid_zone_substation_load/extracted/2025/Ausgrid Distribution Zone Substation Data FY25/Milperra 132_11kV FY25.csv,349567,.csv,aea3c6b9c0ad403f72bc2ea0083c3a7d8d779fea5bc4550c68bfcf88ee206e3c
raw/ausgrid_zone_substation_load/extracted/2025/Ausgrid Distribution Zone Substation Data FY25/Miranda 33_11kV FY25.csv,344477,.csv,da5c18c2e9558fdcd45a7bfdc5cfcfa280ff1bfa46d98754535780fbe7453431
raw/ausgrid_zone_substation_load/extracted/2025/Ausgrid Distribution Zone Substation Data FY25/Mitchell Line 66_11kV FY25.csv,318522,.csv,949ed270c83254c21dabd776bc5c6d14914d4b05f0d7b504cb128e3f9b1cc13f
raw/ausgrid_zone_substation_load/extracted/2025/Ausgrid Distribution Zone Substation Data FY25/Mitchells Flat 66_11kV FY25.csv,323200,.csv,ec1853fcc53a0a9fd31af1823d8313914a80654bd39a126dd315c0a9b7741da4
raw/ausgrid_zone_substation_load/extracted/2025/Ausgrid Distribution Zone Substation Data FY25/Mona Vale 33_11kV FY25.csv,343913,.csv,e56b80630de2f1f4bd9d7c00962914d8a827ea5d9ce2cda08e816938aa891495
raw/ausgrid_zone_substation_load/extracted/2025/Ausgrid Distribution Zone Substation Data FY25/Moonan 33_11kV FY25.csv,316634,.csv,ffa06d40d4c956897eff0ca3e6bf1be2808e9517a301e9668d4ca556fd25a1e5
raw/ausgrid_zone_substation_load/extracted/2025/Ausgrid Distribution Zone Substation Data FY25/Morisset 132_11kV FY25.csv,327361,.csv,9c2c9646edd54c7b37fecdc587205d0951a1e0957f46bbc310cbed0aa6000156
raw/ausgrid_zone_substation_load/extracted/2025/Ausgrid Distribution Zone Substation Data FY25/Mortdale 33_11kV FY25.csv,347023,.csv,91ea92241eb02264c3f2664b40bd7a15d6d7ab39ac58a1a69242550d7f5a6ac3
raw/ausgrid_zone_substation_load/extracted/2025/Ausgrid Distribution Zone Substation Data FY25/Mosman 132_11kV FY25.csv,351334,.csv,138ac18a9376f5786ec8eb0f7e0aed6365f5e7bf89b3169ecdb01d2662f8e575
raw/ausgrid_zone_substation_load/extracted/2025/Ausgrid Distribution Zone Substation Data FY25/Mt Hutton 33_11kV FY25.csv,298817,.csv,e00b8b2fc89db2f66ae72e16349a589cc2c5a8b572d56146b274667ac2e98a75
raw/ausgrid_zone_substation_load/extracted/2025/Ausgrid Distribution Zone Substation Data FY25/Mt Thorley 66_11kV FY25.csv,317592,.csv,d5987a33cfeba6721acdd444dfebe9c21d3b73ce4f7b2654418890b97e159b81
raw/ausgrid_zone_substation_load/extracted/2025/Ausgrid Distribution Zone Substation Data FY25/Muswellbrook 33_11kV FY25.csv,317632,.csv,4e2a5e544f8375db1a2066d411ced8c7bb79ba3d9c33c3007bf8576bab450ca7
raw/ausgrid_zone_substation_load/extracted/2025/Ausgrid Distribution Zone Substation Data FY25/Narrabeen 33_11kV FY25.csv,318121,.csv,aa2ef3401f7298a5d07ae23f78d39036c268360569687cb0700de21a082af964
raw/ausgrid_zone_substation_load/extracted/2025/Ausgrid Distribution Zone Substation Data FY25/Nelson Bay 33_11kV FY25.csv,333386,.csv,40276b5c5b9a231d78de86429681fee106f9fa797a43223a0adb33468cf49f01
raw/ausgrid_zone_substation_load/extracted/2025/Ausgrid Distribution Zone Substation Data FY25/New Lambton 33_11kV FY25.csv,318601,.csv,bc46bd30c3c1d73db50da771f3c49aa728c3b5324a24a3d07ba1e7c1e9c216a7
raw/ausgrid_zone_substation_load/extracted/2025/Ausgrid Distribution Zone Substation Data FY25/Newcastle CBD 33_11kV FY25.csv,348708,.csv,49445dcb5641411549b80777d891cbb1e89ccb85aee745921761d2235efd2048
raw/ausgrid_zone_substation_load/extracted/2025/Ausgrid Distribution Zone Substation Data FY25/Newdell 66_11kV FY25.csv,314730,.csv,61f837855c7646c9c54685610d98660e8ce2b3aa7b60af0419c7f6203aef4d8e
raw/ausgrid_zone_substation_load/extracted/2025/Ausgrid Distribution Zone Substation Data FY25/Newport 33_11kV FY25.csv,317779,.csv,8bd3850bf86cc9d9148a80fb960eaafe2f55707f771bcd09af791dc434cf709d
raw/ausgrid_zone_substation_load/extracted/2025/Ausgrid Distribution Zone Substation Data FY25/Noraville 33_11kV FY25.csv,328730,.csv,85bd9a48a73cc8376bf59ec9c7cebe29086b9eb536ff7cac9e3220974cf2abfe
raw/ausgrid_zone_substation_load/extracted/2025/Ausgrid Distribution Zone Substation Data FY25/North Head 33_11kV FY25.csv,321040,.csv,40199fa0ed412390929b4c7a495109b812542e3eb81e4c789427da112a715900
raw/ausgrid_zone_substation_load/extracted/2025/Ausgrid Distribution Zone Substation Data FY25/North Sydney 132_11kV FY25.csv,353618,.csv,00747873e102521eb433c11e1e51f102f3bfdae94d67c10790ece8b1fb2bd80b
raw/ausgrid_zone_substation_load/extracted/2025/Ausgrid Distribution Zone Substation Data FY25/Nulkaba 33_11kV FY25.csv,319703,.csv,a1944e6cbade84ce4d4ed65cbc2b113ff9e29c035427578146fd7f77cb101c43
raw/ausgrid_zone_substation_load/extracted/2025/Ausgrid Distribution Zone Substation Data FY25/Olympic Park 132_11kV FY25.csv,353495,.csv,e82a7f3cd6303c4ee372b8d8abbdc2601b5b29abf2dfcbb192d73a9778cde4f5
raw/ausgrid_zone_substation_load/extracted/2025/Ausgrid Distribution Zone Substation Data FY25/Paddington 33_11kV FY25.csv,352491,.csv,79f253af3a415833e3d0f663cca7beb6acc8aa2abe0cd54c11be2d60f50aa131
raw/ausgrid_zone_substation_load/extracted/2025/Ausgrid Distribution Zone Substation Data FY25/Paxton 33_11kV FY25.csv,316572,.csv,3065efc1e07968ca47212b171287ac4bce1ee456888ea2da986624a21df44e85
raw/ausgrid_zone_substation_load/extracted/2025/Ausgrid Distribution Zone Substation Data FY25/Peats Ridge 33_11kV FY25.csv,317450,.csv,1605b618f69026b63eb2c99bf6dc7bbff46f0f5f7a276fd04fdb02801eb98174
raw/ausgrid_zone_substation_load/extracted/2025/Ausgrid Distribution Zone Substation Data FY25/Pelican 33_11kV FY25.csv,316975,.csv,90280ec306be1ec4b9e39d5aa907a909e2f4360303f87c04d6a9402c65a77e06
raw/ausgrid_zone_substation_load/extracted/2025/Ausgrid Distribution Zone Substation Data FY25/Pennant Hills 132_11kV FY25.csv,351188,.csv,ab9f2ca5ef3fee0157fdc82c92317a7025b033209442db1d0b92161ff2044926
raw/ausgrid_zone_substation_load/extracted/2025/Ausgrid Distribution Zone Substation Data FY25/Port Botany 33_11kV FY25.csv,330771,.csv,2e682b4c854ffb9c64476e75be92800fbc635aa18412d4b5ec7779e7f0f79541
raw/ausgrid_zone_substation_load/extracted/2025/Ausgrid Distribution Zone Substation Data FY25/Potts Hill 132_11kV FY25.csv,350462,.csv,1940a8ad913303bd5f6ba79050345aaa9252c9b1d6b88da36f3837d411943428
raw/ausgrid_zone_substation_load/extracted/2025/Ausgrid Distribution Zone Substation Data FY25/Punchbowl 33_11kV FY25.csv,349529,.csv,0a52eb0c278ba0d1ed3ed672b6ebc6d47bf5b6f9fd47b40e4cc193282a25cb99
raw/ausgrid_zone_substation_load/extracted/2025/Ausgrid Distribution Zone Substation Data FY25/Pymble 33_11kV FY25.csv,344420,.csv,fdddd58657cd0ce4c81be2ca756eb30b9c8a70da15ca1e7b1bcf7fa29328b6b7
raw/ausgrid_zone_substation_load/extracted/2025/Ausgrid Distribution Zone Substation Data FY25/RNS Hospital 132_11kV FY25.csv,319240,.csv,388bdd236e84f01d8775c2a1f14d6388c8bc0a7e69c8c3105860d7e0f05fea35
raw/ausgrid_zone_substation_load/extracted/2025/Ausgrid Distribution Zone Substation Data FY25/Rathmines 132_11kV FY25.csv,319918,.csv,03d27a6c27df197e3963c8c59535f295632546c8c551bff3efbd73d0c5307254
raw/ausgrid_zone_substation_load/extracted/2025/Ausgrid Distribution Zone Substation Data FY25/Raymond Terr NEW 33_11kV FY25.csv,326736,.csv,a2bcedfc4e4d9c75f85efb586334cbdea1806049ea035738e411f48e33d2c820
raw/ausgrid_zone_substation_load/extracted/2025/Ausgrid Distribution Zone Substation Data FY25/Revesby 132_11kV FY25.csv,345519,.csv,1e8a594f12df63f08f9c923a12d7a79113829763c0e2617df0b3f025e0333feb
raw/ausgrid_zone_substation_load/extracted/2025/Ausgrid Distribution Zone Substation Data FY25/Riverwood 33_11kV FY25.csv,336097,.csv,173816ffef91055fd20ce3210a01d1865829a0e1ee1cf3c308fdabe4767b1bdf
raw/ausgrid_zone_substation_load/extracted/2025/Ausgrid Distribution Zone Substation Data FY25/Rockdale 132_11kV FY25.csv,350079,.csv,250cd47c5e45b00349a2167af1005f2a296836f5176f32d041cfd87516a9a508
raw/ausgrid_zone_substation_load/extracted/2025/Ausgrid Distribution Zone Substation Data FY25/Rose Bay 132_11kV FY25.csv,352174,.csv,a773084ac6dc73ae5c2a302666d1e4ca371e5054dc816e7763cefa4c02271c2c
raw/ausgrid_zone_substation_load/extracted/2025/Ausgrid Distribution Zone Substation Data FY25/Rothbury 132_11kV FY25.csv,282904,.csv,0c986eb3c8c73c836f933afeaf1ee943a26c2ed03df6e3fba81fbb3b15c64749
raw/ausgrid_zone_substation_load/extracted/2025/Ausgrid Distribution Zone Substation Data FY25/Rouchel 33_11kV FY25.csv,223722,.csv,f9d24e2998f354e57bdeef27eedb87582c51f0dd6777190708732194b5d2a6ba
raw/ausgrid_zone_substation_load/extracted/2025/Ausgrid Distribution Zone Substation Data FY25/Rutherford 33_11kV FY25.csv,335269,.csv,7e3ebd27052502851f9973b27227c0e2711ba489eb124f37377eeaebf6779961
raw/ausgrid_zone_substation_load/extracted/2025/Ausgrid Distribution Zone Substation Data FY25/Sans Souci 33_11kV FY25.csv,318006,.csv,a92ab1faba54227dcaf4295e0b3aeabbef3a2886bab246758d7cf68969ceb06d
raw/ausgrid_zone_substation_load/extracted/2025/Ausgrid Distribution Zone Substation Data FY25/Scone 66_11kV FY25.csv,317265,.csv,702f8dabe99beb882c007ebf9850a0195acf323a9e6c1d44cd3ddbdfba1bfc54
raw/ausgrid_zone_substation_load/extracted/2025/Ausgrid Distribution Zone Substation Data FY25/Sefton 132_11kV FY25.csv,348639,.csv,02853538bc494109cea6678990a089be99e1993025789d478b4e171ceee41f43
raw/ausgrid_zone_substation_load/extracted/2025/Ausgrid Distribution Zone Substation Data FY25/Singleton 66_11kV FY25.csv,321157,.csv,d5fb8d43fffd389809739a67e6455859dc0cd3d646baf6a709fbbc7e8988cc04
raw/ausgrid_zone_substation_load/extracted/2025/Ausgrid Distribution Zone Substation Data FY25/Singleton North 66_11kV FY25.csv,319844,.csv,7397e8f280ada7044ab5b7d2a870c6ac41c7f99d55a92adb52013f6202b922e9
raw/ausgrid_zone_substation_load/extracted/2025/Ausgrid Distribution Zone Substation Data FY25/Somersby 132_11kV FY25.csv,323609,.csv,d878a1a1e67768e0af4da2d4f0f0a96cbcac7bc03e23ad21b3742ec4c194addf
raw/ausgrid_zone_substation_load/extracted/2025/Ausgrid Distribution Zone Substation Data FY25/St Ives 33_11kV FY25.csv,345902,.csv,41835cc576b9efd58776920d40a5d5ea982a2ef46562f4cb3b2fce2e0a4c2764
raw/ausgrid_zone_substation_load/extracted/2025/Ausgrid Distribution Zone Substation Data FY25/St Peters 132_11kV FY25.csv,349234,.csv,3b7c841f81e592a82932abdc79adf1a4b362ed807bf093956310b4b7fc83bdff
raw/ausgrid_zone_substation_load/extracted/2025/Ausgrid Distribution Zone Substation Data FY25/Stockton 33_11kV FY25.csv,320127,.csv,685e2719ebc887cfc7a24ad502aaf74f85aff48acf622d7d781904995fb03d8a
raw/ausgrid_zone_substation_load/extracted/2025/Ausgrid Distribution Zone Substation Data FY25/Strathfield South 132_11kV FY25.csv,348053,.csv,327f9cecc13e4a48e22c946ed2dc1bb32ce230858c4a56f44d4fcf67fc9b4692
raw/ausgrid_zone_substation_load/extracted/2025/Ausgrid Distribution Zone Substation Data FY25/Summer Hill 33_11kV FY25.csv,352864,.csv,b203cd203a621087399584f1abf1fcb873871ffb6647e29e719bf0b97dfc259f
raw/ausgrid_zone_substation_load/extracted/2025/Ausgrid Distribution Zone Substation Data FY25/Surry Hills 33_11kV FY25.csv,352290,.csv,46e75b4bfb1e25d1b90369f451d720eec5cafa475d7de0e8c6f9ef3bccc1891f
raw/ausgrid_zone_substation_load/extracted/2025/Ausgrid Distribution Zone Substation Data FY25/Swansea 33_11kV FY25.csv,320730,.csv,5fffa895b6ec472eb4cdddeba088a5a0e2387f282ddb333fe6fbe344b4245e7c
raw/ausgrid_zone_substation_load/extracted/2025/Ausgrid Distribution Zone Substation Data FY25/Tanilba Bay 33_11kV FY25.csv,320375,.csv,80ebafb7f7615b707aa8aae6ac345714cd26373c4456676e46097cb6c3d7a268
raw/ausgrid_zone_substation_load/extracted/2025/Ausgrid Distribution Zone Substation Data FY25/Tarro 33_11kV FY25.csv,321756,.csv,722311afc9f06f0827ec44e31956f0e89afea4be885f93716072fade26fd1ea8
raw/ausgrid_zone_substation_load/extracted/2025/Ausgrid Distribution Zone Substation Data FY25/Telarah 33_11kV FY25.csv,319295,.csv,a29e40f5901afa2dba5fe913953bcd3eac5a2efa3c6e99d611e063db86742251
raw/ausgrid_zone_substation_load/extracted/2025/Ausgrid Distribution Zone Substation Data FY25/Terrey Hills 33_11kV FY25.csv,315753,.csv,887210eae6ab97241d60ea5fdc335d8dd63b05e51b3768b25461e1387a63ed87
raw/ausgrid_zone_substation_load/extracted/2025/Ausgrid Distribution Zone Substation Data FY25/Thornton 33_11kV FY25.csv,329185,.csv,bb7c37c05ef1aee984136f5b34c5d73d5d2c39450cff0c241f9bb99149e0f2f7
raw/ausgrid_zone_substation_load/extracted/2025/Ausgrid Distribution Zone Substation Data FY25/Tighes Hill 33_11kV FY25.csv,333406,.csv,7e9214a29b226c166f58944444c9706d742307ba56559e1df2dfbd9146435e8f
raw/ausgrid_zone_substation_load/extracted/2025/Ausgrid Distribution Zone Substation Data FY25/Tomago 33_11kV FY25.csv,315434,.csv,549fff812ef848bafcdce834e86d6638a7cd05cbe90ad2944d57880ce8005946
raw/ausgrid_zone_substation_load/extracted/2025/Ausgrid Distribution Zone Substation Data FY25/Tomalpin 33_11kV FY25.csv,315182,.csv,4745c97117cd470f6fc3a3fe3f3e0d7ad981b0a601da1731c5def7b3486d1bb7
raw/ausgrid_zone_substation_load/extracted/2025/Ausgrid Distribution Zone Substation Data FY25/Tomaree 33_11kV FY25.csv,316302,.csv,f029aa5eceea67a5a65a7cea0ef71a7c11b119d92a66299fbc25c195ff3518a4
raw/ausgrid_zone_substation_load/extracted/2025/Ausgrid Distribution Zone Substation Data FY25/Top Ryde 132_11kV FY25.csv,351458,.csv,fe7a9c6261ee245d2dcd0690997aa54dd47756f051a8023c96d20fb8719fb32b
raw/ausgrid_zone_substation_load/extracted/2025/Ausgrid Distribution Zone Substation Data FY25/Toronto West 132_11kV FY25.csv,321761,.csv,c6b7039f8ad9ecc362ee5672b79b1bf28eb5fdf6d062ec807718ae22bc37acab
raw/ausgrid_zone_substation_load/extracted/2025/Ausgrid Distribution Zone Substation Data FY25/Turramurra 33_11kV FY25.csv,347291,.csv,2b0a9b8c7041d9de21c5f8ece1e588f6fc5f3ef40a7d529ad8912622ec7a7e39
raw/ausgrid_zone_substation_load/extracted/2025/Ausgrid Distribution Zone Substation Data FY25/Umina 66_11kV FY25.csv,330422,.csv,8aa9ee6c5c335f40f74544c62fcebf95e8440cb2116d97445f7fdf97e9b83e4a
raw/ausgrid_zone_substation_load/extracted/2025/Ausgrid Distribution Zone Substation Data FY25/Vales Point 33_11kV FY25.csv,318779,.csv,a2d49b0d6083cc793d11daab9007c46a0d92ed418e0bb20ff99c92c377f3e293
raw/ausgrid_zone_substation_load/extracted/2025/Ausgrid Distribution Zone Substation Data FY25/Wamberal 132_11kV FY25.csv,320370,.csv,5dde14d4d8b1771ab32df26d56634b0887407bd191f9a0b186421e0df2d6c5ed
raw/ausgrid_zone_substation_load/extracted/2025/Ausgrid Distribution Zone Substation Data FY25/Waverley 132_11kV FY25.csv,350508,.csv,993c44f2caa435b76a64d617185082dfeafc6408297ef7e0d006fbdc52ac6522
raw/ausgrid_zone_substation_load/extracted/2025/Ausgrid Distribution Zone Substation Data FY25/West Gosford 132_11kV FY25.csv,351302,.csv,917eacd82ce3f1d96f3e407277d567adeacbe8b8338afaeb88f84b5ded8b7b44
raw/ausgrid_zone_substation_load/extracted/2025/Ausgrid Distribution Zone Substation Data FY25/Williamtown 33_11kV FY25.csv,318657,.csv,39c3830c7d6710cec8f3322b779633262ea1f056a8b503b9be173b3b9d329719
raw/ausgrid_zone_substation_load/extracted/2025/Ausgrid Distribution Zone Substation Data FY25/Woy Woy 66_11kV FY25.csv,321790,.csv,c4acb4e754fb17dcb2d92a01254dd9c38fd2724072fd94a8eb1b7eb094fd3a64
raw/ausgrid_zone_substation_load/extracted/2025/Ausgrid Distribution Zone Substation Data FY25/Wyong 132_11kV FY25.csv,341387,.csv,7a41b8b1988460a29ff0016aaa9859940f3697c645f63e67b68215e26eef3df5
raw/ausgrid_zone_substation_load/extracted/2025/Ausgrid Distribution Zone Substation Data FY25/Zetland 132_11kV FY25.csv,351585,.csv,cb6eff75f9f2efba9fef3b8428ef9225f862eaa1c0da5a077f32f45bfa3325a8
raw/component_databases/CECInverter.csv,576412,.csv,c8f547e84103226316604f9aade2717445171852e3b6d9c06297463ba49c7d19
raw/component_databases/CECMod.csv,4691495,.csv,ca9730b9ee470ea2488d473059f93848e708663e20b54e94b2fdce9aa259f5ab
raw/component_databases/NREL_SAM_Wind_Turbines.csv,164527,.csv,dcfbf9149a82dce3eaa1de07002ede19c73e4eea31456109eceacaf27fc0b2c1
raw/component_databases/SandiaMod.csv,194606,.csv,a09fdfed8f1f51434114c0b4a2b45f2d270911c21b6d4d59e60f83ef116d98a5
raw/demographics/abs_boundaries/SA2_2021_AUST_SHP_GDA2020.zip,50678443,.zip,c4dc5bac209f01177eaa0715d27f32cdb09ab5784fb82979741556d2f8e6d148
raw/demographics/abs_census/2021_GCP_SA2_for_NSW_short-header.zip,14761508,.zip,f59a123df5cbdb70439bafd66eb931881c8c962ad696c8c1d55dd772c76938bc
raw/demographics/abs_population/32180DS0003_2001-25.xlsx,688233,.xlsx,f35d0ca0caaf70b0933871747210e62ac3ff5f7ab7fb4876c92bb1f6e1f6a0a8
raw/economics/csiro_gencost/GenCost_2025-26_Final-Appen-D.pdf,344200,.pdf,e5340ada3c2962e06a97cddce1fa9457b5321156e17cb9ddcdde1d39a988263d
raw/economics/csiro_gencost/GenCost_2025-26_Final-exec-summ.pdf,396924,.pdf,b3e603f61f4611b94657c993aa37fbbe90ab990b0e8be2331ff25880696aa432
raw/economics/csiro_gencost/GenCost_2025-26_Final_Report_20260715.pdf,2696407,.pdf,b331db38cd6e1dcb779c5a8a08cf899898cbc73658025e0a81d87eade5a67aa4
raw/emissions/dcceew/dcceew_nga_factors_2025_model_inputs.csv,6860,.csv,5f103c6153ffbb8e4df69daa2d161285de1f9720c992b15f049fe70162fc96f1
raw/emissions/dcceew/dcceew_nga_factors_2025_official_links.csv,709,.csv,6002c1b5337f620a2b911b3c5c3e0904d17b3b7de96df63d98527a49983cc23e
raw/essential_energy_optional/essential_energy_optional_register.csv,2231,.csv,fb68751b8143b4189a2211a5932a56f560f2c80ad63ddf1f2b1c6ab355bac52c
raw/nasa_power_hourly/annual/Ariah_Park_-34.3520_147.2178_2015.csv,672783,.csv,4863fe60090cb9179275d638ac67cebf9b126cf8916f5ff8a5a86c6b3ed95bfe
raw/nasa_power_hourly/annual/Ariah_Park_-34.3520_147.2178_2016.csv,675772,.csv,fbd1e3c0c77b76593697e475eea5648241bed0f4b24cb024a8d76b9e00bf10a0
raw/nasa_power_hourly/annual/Ariah_Park_-34.3520_147.2178_2017.csv,673130,.csv,d81eef0d61b5e08ae144b128c8d1ec9583307d89483b7b4dc14aa1398bcf5a3d
raw/nasa_power_hourly/annual/Ariah_Park_-34.3520_147.2178_2018.csv,672515,.csv,492d541dd91450272ed91ad381981fdfb9eeb557be3f3647106e4881d38907f2
raw/nasa_power_hourly/annual/Ariah_Park_-34.3520_147.2178_2019.csv,673540,.csv,038147352106ffeb15192341028c3da7d5d7da5ce45c91e525ac74c0ca371802
raw/nasa_power_hourly/annual/Ariah_Park_-34.3520_147.2178_2020.csv,675611,.csv,266581147ea6eef60cac85269309dd69a5ae2b03dfeb0cc367f6102dcdb3da5e
raw/nasa_power_hourly/annual/Ariah_Park_-34.3520_147.2178_2021.csv,673351,.csv,6cc72ebfe8882d05a23eae64ce13bdae36240d9df608befe0df812c5a5dd811d
raw/nasa_power_hourly/annual/Ariah_Park_-34.3520_147.2178_2022.csv,674247,.csv,6111812df1ff08df2fd0704e094ab8e97c194f19738640e4b6d47f11cb10c43d
raw/nasa_power_hourly/annual/Ariah_Park_-34.3520_147.2178_2023.csv,673671,.csv,e88caffc7d33a697255429877c9fc6a01faee015a8945f3ed4ef4817827819be
raw/nasa_power_hourly/annual/Ariah_Park_-34.3520_147.2178_2024.csv,675210,.csv,19fe6e58be7f637f78af22bc7ff9ee0a92bb39804500308a0e6735c0ebd24b3e
raw/nasa_power_hourly/annual/Ariah_Park_-34.3520_147.2178_2025.csv,673635,.csv,a7a460e6c140cf561bd6e9c68b64c7aaaa174c2b74aab66b94a1550a1370df02
raw/nasa_power_hourly/annual/Bombala_-36.8913_149.2430_2015.csv,676186,.csv,1f97a347c1dafd3b79fc4cbcf7717f1b241ecf4b9702f8e243cbddfcc565fa00
raw/nasa_power_hourly/annual/Bombala_-36.8913_149.2430_2016.csv,678512,.csv,5c41d8588d2dd00c32d91ce49a28b2e0c0e1032dfe37973a22cc6762ea5233c8
raw/nasa_power_hourly/annual/Bombala_-36.8913_149.2430_2017.csv,676458,.csv,07156ca891327128164fb0bf4dfc5de2949feeac153f43ae75ac6b44a0cd9146
raw/nasa_power_hourly/annual/Bombala_-36.8913_149.2430_2018.csv,675356,.csv,c15e2312f99ee33d39790e0309eb2c7819a559ecc6f17f86f0d8e80fa07b572e
raw/nasa_power_hourly/annual/Bombala_-36.8913_149.2430_2019.csv,676098,.csv,a5d92ab784f2f5c5bd758eee5d24ece8d2c458d8e689b6300cb8fd7a4a874698
raw/nasa_power_hourly/annual/Bombala_-36.8913_149.2430_2020.csv,677448,.csv,b5613d38c058ba5a18e0c3dd19bc0ef7e4427ba647e815b501320508a9582688
raw/nasa_power_hourly/annual/Bombala_-36.8913_149.2430_2021.csv,675799,.csv,497cb62d3614f4b1fec9cc792a3cfd38cf2d30b124fcb292fb41fd0854c2ddb2
raw/nasa_power_hourly/annual/Bombala_-36.8913_149.2430_2022.csv,676788,.csv,794aeaa9ffc9e28f61e81d0829013386de953c8abb8809074846129c31f77e30
raw/nasa_power_hourly/annual/Bombala_-36.8913_149.2430_2023.csv,676393,.csv,47b688e919ac691add209428dcda2b180a4aa0d08e6b6be746cae27dae8b737a
raw/nasa_power_hourly/annual/Bombala_-36.8913_149.2430_2024.csv,678285,.csv,43f486eded961c3d3328e6f9e5fb4ae674e521858e5c014a56f414105f656536
raw/nasa_power_hourly/annual/Bombala_-36.8913_149.2430_2025.csv,676621,.csv,ae8d688dc0ef3c09ef15d56a7db1ab5b86d204285a093c21a0e2d35bd04907b3
raw/nasa_power_hourly/annual/Goondiwindi_33kV_-28.5254_150.2863_2015.csv,674896,.csv,616490a16afca691019f3e643cf80e2683d47c4df35ec5bb3ee5f69edb8a0b63
raw/nasa_power_hourly/annual/Goondiwindi_33kV_-28.5254_150.2863_2016.csv,676723,.csv,c29a529bf4c436b5c63787d774d91b2caef10ce5b47d9326ebce8501de13bc7d
raw/nasa_power_hourly/annual/Goondiwindi_33kV_-28.5254_150.2863_2017.csv,675115,.csv,591fb4c38de2f126b889e2ce079479b64f1bedb7f109839e7ffc2189d0ad0c5b
raw/nasa_power_hourly/annual/Goondiwindi_33kV_-28.5254_150.2863_2018.csv,674086,.csv,e2040a1916d22128fd7ed9cf7f2e34c028d7fa57c9400764dc8149271055e842
raw/nasa_power_hourly/annual/Goondiwindi_33kV_-28.5254_150.2863_2019.csv,674331,.csv,56e40c95b12c9dd9555b8240917a11c1e489ffe3671727cd399a8e0586c568e0
raw/nasa_power_hourly/annual/Goondiwindi_33kV_-28.5254_150.2863_2020.csv,676326,.csv,2ef45a7e61f1eef1271b335f16f6621a07815d2c4dcb22af6f6fe01714bcadd0
raw/nasa_power_hourly/annual/Goondiwindi_33kV_-28.5254_150.2863_2021.csv,675273,.csv,49c930a845411d27ca888d26556e8ad053dc9a7376976c2e34cf68123c41ce43
raw/nasa_power_hourly/annual/Goondiwindi_33kV_-28.5254_150.2863_2022.csv,675493,.csv,e7806b1f373114ad91aeee0b9e49dadf41b99b46514731dfe6864f688321aed0
raw/nasa_power_hourly/annual/Goondiwindi_33kV_-28.5254_150.2863_2023.csv,674047,.csv,e2a070d7e2b41913541f00ab0cf934b8707d48626f69ad3e12d8a827a952c719
raw/nasa_power_hourly/annual/Goondiwindi_33kV_-28.5254_150.2863_2024.csv,677634,.csv,52f4b95c01e7133f927acb6a901b4b5a93259045c734469213be5e672168ea96
raw/nasa_power_hourly/annual/Goondiwindi_33kV_-28.5254_150.2863_2025.csv,675758,.csv,771759ed8d57d62f22eeb98b26145bf6e416916802fef8609fe1123c8391a396
raw/nasa_power_hourly/annual/Hallidays_Point_11kV_-32.0684_152.4716_2015.csv,688618,.csv,13d0a686e696d07da760089e26fd986c12a7013a349fd04a91ebf806b7022f29
raw/nasa_power_hourly/annual/Hallidays_Point_11kV_-32.0684_152.4716_2016.csv,687640,.csv,81adef17c93337b4a2ffa8329be8dbf637bc6b2d5137bdf8656e8b9d1c9195de
raw/nasa_power_hourly/annual/Hallidays_Point_11kV_-32.0684_152.4716_2017.csv,687960,.csv,8a27b124d7e7ebc2823c7f12db1f0b6656b16e36b34a6def6bf53077488b536f
raw/nasa_power_hourly/annual/Hallidays_Point_11kV_-32.0684_152.4716_2018.csv,686780,.csv,a8393b893403215db15514ecd334f479e8837f1d8d7d4a7ac7411404132b2345
raw/nasa_power_hourly/annual/Hallidays_Point_11kV_-32.0684_152.4716_2019.csv,686484,.csv,c1bfdc706e7d5af421d2c97df03d3ee1577836a193ce094f133b41841b6a1060
raw/nasa_power_hourly/annual/Hallidays_Point_11kV_-32.0684_152.4716_2020.csv,690098,.csv,8ba0d8e7b283401c811c058ce53d2cb5c8286ae97dae0f131f43011a75db6e4f
raw/nasa_power_hourly/annual/Hallidays_Point_11kV_-32.0684_152.4716_2021.csv,687682,.csv,54877fdb0c5dbc15da8d43d7b15ea3671f75b4142c5c687f9885697abbccebd2
raw/nasa_power_hourly/annual/Hallidays_Point_11kV_-32.0684_152.4716_2022.csv,688543,.csv,641a6f2549b1d01fde2980293566fad9f8167656352da8a4f6df0c162ba42c1f
raw/nasa_power_hourly/annual/Hallidays_Point_11kV_-32.0684_152.4716_2023.csv,686602,.csv,2f561a26834eddf4cfb7740f24cbad54a1fac26ed128d52f3038c288429f59af
raw/nasa_power_hourly/annual/Hallidays_Point_11kV_-32.0684_152.4716_2024.csv,690477,.csv,240ca422462e920b2c798ead5bf739ae059dc61fe9582504f4d3184d5c9e5868
raw/nasa_power_hourly/annual/Hallidays_Point_11kV_-32.0684_152.4716_2025.csv,687955,.csv,a35b429df948224e4bd856c31452037069ce7d100d4bc0533dfd00fcf6a1daf7
raw/nasa_power_hourly/annual/Ivanhoe_-32.9080_144.3063_2015.csv,681114,.csv,20435756a55c81bded3b4abaf0acb3733a32ebe555108c2006018a44fa2e316e
raw/nasa_power_hourly/annual/Ivanhoe_-32.9080_144.3063_2016.csv,683348,.csv,f630c6c8581d1dbccdfbabc115c0adf3f956add8f3c9676b721024a2bc0f7acd
raw/nasa_power_hourly/annual/Ivanhoe_-32.9080_144.3063_2017.csv,681030,.csv,2ca7102dfc00a06865570da661d695a5f3e3e78ca0daea4efaff2b0711cca835
raw/nasa_power_hourly/annual/Ivanhoe_-32.9080_144.3063_2018.csv,680899,.csv,2b38ad9186929f2a894f646c10d5de63c77ccd90b32ba9013d28cefd05bc12c6
raw/nasa_power_hourly/annual/Ivanhoe_-32.9080_144.3063_2019.csv,681590,.csv,8cf12f6629064302709d9c317c14263e7d8e4caf33f2cc00bcac7866f11a5d5a
raw/nasa_power_hourly/annual/Ivanhoe_-32.9080_144.3063_2020.csv,683427,.csv,e4013c68d977a104d7f3178e4e65bd5500fa60337c38ef14ec98a338a26e2142
raw/nasa_power_hourly/annual/Ivanhoe_-32.9080_144.3063_2021.csv,681331,.csv,7890b5fcf67c9c33407de90a1b521e716506b54b85f97bc58c3ca74328873388
raw/nasa_power_hourly/annual/Ivanhoe_-32.9080_144.3063_2022.csv,682074,.csv,dfd89b407ae79ca9c53cf326feecaf784d3aee56f8dd849776c54de91ce24ef7
raw/nasa_power_hourly/annual/Ivanhoe_-32.9080_144.3063_2023.csv,681549,.csv,72130e633520f1d5c048d1a6a0d9c52c73aa54f197c7edbd0d4fd9a848e6329a
raw/nasa_power_hourly/annual/Ivanhoe_-32.9080_144.3063_2024.csv,683349,.csv,38017b5ab74e6d52a2883976f9071898816f66ce7dfa5caf0b2431fe651d21ec
raw/nasa_power_hourly/annual/Ivanhoe_-32.9080_144.3063_2025.csv,680902,.csv,6c8e71b667c413d724c6c72d388df4d496416a36e0551f676e1ef0724e0c8bd3
raw/nasa_power_hourly/annual/Jindabyne_11kV_-36.4148_148.5980_2015.csv,676220,.csv,246750d595a48c5a31e656f13cc23ac513414b720215d690f47431443a1f9fec
raw/nasa_power_hourly/annual/Jindabyne_11kV_-36.4148_148.5980_2016.csv,678648,.csv,bb385e2bace9cd1ccbb99bad23cadee290e80c61066d40c516fdf9b4837a0a83
raw/nasa_power_hourly/annual/Jindabyne_11kV_-36.4148_148.5980_2017.csv,677110,.csv,36428739432d81eacaa1720c17727f04954ebb3f31d32ff1feff5f237e817dd9
raw/nasa_power_hourly/annual/Jindabyne_11kV_-36.4148_148.5980_2018.csv,676265,.csv,da16c9bec627f0860154d65bf88d5c4d2d6c1143deef52bb887b02cf9d51c1a2
raw/nasa_power_hourly/annual/Jindabyne_11kV_-36.4148_148.5980_2019.csv,676684,.csv,5f30a0e70f8d437281a4730f805b2112fbb5556941eec05beab6df7c9d50ae9c
raw/nasa_power_hourly/annual/Jindabyne_11kV_-36.4148_148.5980_2020.csv,677468,.csv,47aaee93c799c12395c62b0efee8105757cca4fd68f13461156031a2b6c4fd25
raw/nasa_power_hourly/annual/Jindabyne_11kV_-36.4148_148.5980_2021.csv,676281,.csv,f5069199c7a20c6a4ee6a7b244ecabe763d68f7c45a3a015923e81575837355c
raw/nasa_power_hourly/annual/Jindabyne_11kV_-36.4148_148.5980_2022.csv,676540,.csv,712b20971d86aa8bf9baf83af055a636be52c339d4cc6de0cb8bab0ce10fd69d
raw/nasa_power_hourly/annual/Jindabyne_11kV_-36.4148_148.5980_2023.csv,676594,.csv,dc5c5db16a89abcda10fc24470a4e0b07d9a1b18a65c82e757cd88a33dc39719
raw/nasa_power_hourly/annual/Jindabyne_11kV_-36.4148_148.5980_2024.csv,678541,.csv,af88046bab6699de986e6f9d09090911fe9e8a6a1d26b17a470babede2b08668
raw/nasa_power_hourly/annual/Jindabyne_11kV_-36.4148_148.5980_2025.csv,676906,.csv,981f2c5726853c329bc9111e443fa3bad04e0a9c267f30d6679afd3fa9e9ae25
raw/nasa_power_hourly/annual/Madgwick_Dr_-30.4922_151.6495_2015.csv,677611,.csv,fa10e36e9c67fe4b171d6c2466e103b7bb2c993c27a867d5b512bf0f5b0b5c8a
raw/nasa_power_hourly/annual/Madgwick_Dr_-30.4922_151.6495_2016.csv,678743,.csv,6f136e6cfb0219d8de1b838c9372197a7ac682f4e335624a43874b499032e3df
raw/nasa_power_hourly/annual/Madgwick_Dr_-30.4922_151.6495_2017.csv,678172,.csv,d3fb88bffc0ac2067c36dd89f1dbf266f4de308a5c7c5d5142c7309b9e4042e7
raw/nasa_power_hourly/annual/Madgwick_Dr_-30.4922_151.6495_2018.csv,676996,.csv,1e644f9d88b37e3752cdbdef5356e90b798aea29b15e886c0677272c99065a7d
raw/nasa_power_hourly/annual/Madgwick_Dr_-30.4922_151.6495_2019.csv,676400,.csv,fcf1d925e5a18855cf9f8d8453ea60bbb283cf6214fafa818ad0a76791812aae
raw/nasa_power_hourly/annual/Madgwick_Dr_-30.4922_151.6495_2020.csv,678418,.csv,5bfcfff403546019f1e90869b7989b52e82ace1472d912f69a34362ad196e901
raw/nasa_power_hourly/annual/Madgwick_Dr_-30.4922_151.6495_2021.csv,677871,.csv,352b9b8dcdce6f0e7778d6bd466c9ee5600285f30a4e21ad36a12da57aff8380
raw/nasa_power_hourly/annual/Madgwick_Dr_-30.4922_151.6495_2022.csv,676414,.csv,9cf145b420959259e91a7208e5886a701538974f49defbfa1d1bddb967b379a3
raw/nasa_power_hourly/annual/Madgwick_Dr_-30.4922_151.6495_2023.csv,676338,.csv,94da204dfb1670eed7165f59072a7b3dae69dbf1d64de8aab3f3849564eba8c4
raw/nasa_power_hourly/annual/Madgwick_Dr_-30.4922_151.6495_2024.csv,679794,.csv,2b79c2c4462fc32635b9fd1ff29a50686432fd4892f504e3689ee96fd076509d
raw/nasa_power_hourly/annual/Madgwick_Dr_-30.4922_151.6495_2025.csv,677727,.csv,1a2e965c4d66d240045fbd11cee1934ca7c9d2c338efe111da93a163031dfaaa
raw/nasa_power_hourly/annual/Merrywinebone_-29.6965_148.8060_2015.csv,678100,.csv,f4275ceb094ed231b3bc9389b155f497ecb19debd13d1be33ccea63a0eca9685
raw/nasa_power_hourly/annual/Merrywinebone_-29.6965_148.8060_2016.csv,678656,.csv,fb907836f6589e78dce46d9eefe3c8ee3c0fd042c0c5e1513b790bf2b3bfb280
raw/nasa_power_hourly/annual/Merrywinebone_-29.6965_148.8060_2017.csv,678472,.csv,0adc342b93a91d14ff2c2b5804713ca1e995d5106c1a4000725f2783a1da2566
raw/nasa_power_hourly/annual/Merrywinebone_-29.6965_148.8060_2018.csv,676697,.csv,826b347eafc523d0e55db5476812e03ba6cd959c4c4250bb22cd9f6b24c2bdaf
raw/nasa_power_hourly/annual/Merrywinebone_-29.6965_148.8060_2019.csv,677949,.csv,9805ae966799555950ad6de605bfc95376c1afe7aa0bb751d2726633661b3100
raw/nasa_power_hourly/annual/Merrywinebone_-29.6965_148.8060_2020.csv,679466,.csv,c9cf3da005cf1c43796079e3fcb5a176bc8534f9edf167fb05d4949529cbe549
raw/nasa_power_hourly/annual/Merrywinebone_-29.6965_148.8060_2021.csv,678314,.csv,e4ffb14ebc2e815f8ddc21027914a86df7dcc4df04b9965b6ce767029f7f48f6
raw/nasa_power_hourly/annual/Merrywinebone_-29.6965_148.8060_2022.csv,678763,.csv,ee01ebc8395b26f245dd0bcb5ad92d252e3a98ff49490d8a35073694243d7b62
raw/nasa_power_hourly/annual/Merrywinebone_-29.6965_148.8060_2023.csv,676997,.csv,7bec63d9f4d80c326889bebb2c8dc4b63eeee69670e6a08a01d3f521e5aed938
raw/nasa_power_hourly/annual/Merrywinebone_-29.6965_148.8060_2024.csv,681212,.csv,f00bdf7186e1f089400d7fb3fe87cef5c73e9d7e79cdb2aca6097d36177177a4
raw/nasa_power_hourly/annual/Merrywinebone_-29.6965_148.8060_2025.csv,678007,.csv,586a7a1e853b82be06fb1b6155be9e83d23a7f77511e62f7fe46524ca086d26d
raw/nasa_power_hourly/annual/Narrandera_-34.7436_146.5387_2015.csv,677251,.csv,919b1a7c8a7485d47a110e5cf85503171d993b64523c2d9687c266ddebefb190
raw/nasa_power_hourly/annual/Narrandera_-34.7436_146.5387_2016.csv,679350,.csv,454f2abc0556ce0787d304e39e9855d89a26c8af0ba98e5d19147e47bcb32f36
raw/nasa_power_hourly/annual/Narrandera_-34.7436_146.5387_2017.csv,677414,.csv,343f6b41efaab0316bedf527c7bf8d23cdf50abb24d570f33b65ae7351e511f6
raw/nasa_power_hourly/annual/Narrandera_-34.7436_146.5387_2018.csv,676216,.csv,e99ab9894e4a0821bf5277529a78ecbdbdf1a999e8f7a1a965477a576dbe0545
raw/nasa_power_hourly/annual/Narrandera_-34.7436_146.5387_2019.csv,677435,.csv,b495275a9e2e4ffd85ff46b71b2889b2082131d3f6009126693d84dbdf1f5f2d
raw/nasa_power_hourly/annual/Narrandera_-34.7436_146.5387_2020.csv,679464,.csv,5356503fad488c05cb84b22c4988fa3947ffe8a6e01d2aa4c0ca0a2b0d2b2551
raw/nasa_power_hourly/annual/Narrandera_-34.7436_146.5387_2021.csv,676705,.csv,7255a20000e7dd9784c6186fe62b64c5939a9819b0f23ce949f6265e9ecf3680
raw/nasa_power_hourly/annual/Narrandera_-34.7436_146.5387_2022.csv,678462,.csv,9fa82e37b33347ce1a4cb31d10fc70002ac198a6e65611e62f1e68f79eaa906e
raw/nasa_power_hourly/annual/Narrandera_-34.7436_146.5387_2023.csv,678296,.csv,46f6d84799af30933c86ede2488b4634ce22fffe5305d378add4db276bae8d0e
raw/nasa_power_hourly/annual/Narrandera_-34.7436_146.5387_2024.csv,679964,.csv,3a1e997e4ab2fdbecf64f1202eebb80a8edbe722cc1cb62c48afd6f871dc2801
raw/nasa_power_hourly/annual/Narrandera_-34.7436_146.5387_2025.csv,677007,.csv,57f38ded7dac8108a9edaa3f67cfc67614c96e3aab568d907ea7b0b4d068e84e
raw/nasa_power_hourly/annual/Narromine_-32.2362_148.2470_2015.csv,673805,.csv,e9d7a5c8318986a3710804c172ac913703f24316730a16802e26468b67b50ede
raw/nasa_power_hourly/annual/Narromine_-32.2362_148.2470_2016.csv,675587,.csv,54214fdb9d975bf03614c5ab6c71b4d53a1bb727b64d230463faaa849639241d
raw/nasa_power_hourly/annual/Narromine_-32.2362_148.2470_2017.csv,674030,.csv,e95ec0805c80401b5b82c36289bf9bd801c6b176fdbaac832a864b7ccf04eeda
raw/nasa_power_hourly/annual/Narromine_-32.2362_148.2470_2018.csv,672673,.csv,c6aa841838997a53999b3fbcda0022fdf8b5268ae62c3db1f27e0832e4858a22
raw/nasa_power_hourly/annual/Narromine_-32.2362_148.2470_2019.csv,674306,.csv,9c9208c35dc47a0f2378a088d1f205795d6cc263cf71386a0f6502ad2d478b34
raw/nasa_power_hourly/annual/Narromine_-32.2362_148.2470_2020.csv,676198,.csv,0a97b425fa150e5f531c8791a8b970f5fda49035e7e24c04143cebc72e239c2e
raw/nasa_power_hourly/annual/Narromine_-32.2362_148.2470_2021.csv,674095,.csv,1322fca14494a8db084ccf812ea5867bfac7dae6495fae7f7b65b7fe84ec3f85
raw/nasa_power_hourly/annual/Narromine_-32.2362_148.2470_2022.csv,674761,.csv,3ed529e02f0f15cc0151ec84b44fc10d101c688bcd2f751d30a0c14c6ee8009c
raw/nasa_power_hourly/annual/Narromine_-32.2362_148.2470_2023.csv,673533,.csv,ff4d1616f0f9f8644e7a20077e655f20933928207a1f6f4216dd0a88a30c8a93
raw/nasa_power_hourly/annual/Narromine_-32.2362_148.2470_2024.csv,676851,.csv,fb7a1bc92abeec0d62069cc682b5568016a70c4b4b7f2baf55ae534c777d090f
raw/nasa_power_hourly/annual/Narromine_-32.2362_148.2470_2025.csv,674802,.csv,9276aaf85477a3249b0d19fa02495fcc90de138f43eb886e625a3bec646b8b0c
raw/nasa_power_hourly/annual/Oxley_Vale_-31.0668_150.9039_2015.csv,676460,.csv,d76775a259d7d0c671bde282a707052afd86c3940e8dea19dfb7b9da93c969ee
raw/nasa_power_hourly/annual/Oxley_Vale_-31.0668_150.9039_2016.csv,677735,.csv,b87c83454b811272531013bb3bd17fb8239f991f83587a7f4231261db73b0a45
raw/nasa_power_hourly/annual/Oxley_Vale_-31.0668_150.9039_2017.csv,677156,.csv,0737a1a5236f461e551baa7fa66f2cb844935bd64bf10310e46c2d359b8a15b6
raw/nasa_power_hourly/annual/Oxley_Vale_-31.0668_150.9039_2018.csv,676529,.csv,a0a1f4145145f177ba0d0cc81ec7f0e67671717b0fa1c2b4669f05708e42995f
raw/nasa_power_hourly/annual/Oxley_Vale_-31.0668_150.9039_2019.csv,676162,.csv,fa609e183ea4cb2ec629c476597f3e137f5c3f5d73f5fe1d484a0b7565c4961b
raw/nasa_power_hourly/annual/Oxley_Vale_-31.0668_150.9039_2020.csv,678533,.csv,75036937ff6053f6feb8602e8a6aaba1fd399c1ab7607ae87d67af65d8119499
raw/nasa_power_hourly/annual/Oxley_Vale_-31.0668_150.9039_2021.csv,677264,.csv,3565dc9864909bdd35f8d899f2f385421bb7259ad0bc5f419e1ce815cdfbb2ec
raw/nasa_power_hourly/annual/Oxley_Vale_-31.0668_150.9039_2022.csv,677257,.csv,d5eeec70cf8222b1b86ec653d5324ebec378907bd520fbd30ddb76cf383f39ea
raw/nasa_power_hourly/annual/Oxley_Vale_-31.0668_150.9039_2023.csv,676008,.csv,a11d11d294d1353f867ba13999f33ec6ef26ec90774ab63e9a72c3595e503560
raw/nasa_power_hourly/annual/Oxley_Vale_-31.0668_150.9039_2024.csv,679529,.csv,eba6ebd1b3e360313f490c933b9c5ecbb61cf994a8b048dd83f9f73ab1b6829f
raw/nasa_power_hourly/annual/Oxley_Vale_-31.0668_150.9039_2025.csv,677682,.csv,31d5ba8123fc24ae9e1db587c661753b299af8e22b53409dd6752b555e9ea84e
raw/nasa_power_hourly/annual/Pambula_-36.9011_149.8652_2015.csv,684490,.csv,1e86ca6eddc009ecab7d462fdd2cb2fc08cd8dfe0bd246a93e582dabbae1377d
raw/nasa_power_hourly/annual/Pambula_-36.9011_149.8652_2016.csv,685415,.csv,b576296f759c4858cd73ece875488a94df2e1566e10288c4a53cff8640e1dcbe
raw/nasa_power_hourly/annual/Pambula_-36.9011_149.8652_2017.csv,683702,.csv,29bdeee26a2b043d4706c840c41550563547af1f96108ea5901385dc11c072fd
raw/nasa_power_hourly/annual/Pambula_-36.9011_149.8652_2018.csv,682445,.csv,a74732b5d8cc15897555231eb586ef3430388bbbf64b8d021da569d88fbdf8ba
raw/nasa_power_hourly/annual/Pambula_-36.9011_149.8652_2019.csv,683354,.csv,e87eb455e4344855c701fa9e975b012c9ae0571bf587c750d62867e66fc349c8
raw/nasa_power_hourly/annual/Pambula_-36.9011_149.8652_2020.csv,685661,.csv,22d4759a8897ad0edb36fbb7d8e3a723d6ca6d84ef6905b85feba828b771c742
raw/nasa_power_hourly/annual/Pambula_-36.9011_149.8652_2021.csv,683986,.csv,c8cea04ef915f7e8cf0dbdb66229eb52ef6566c63d6aa8c8023351bd8de20dfc
raw/nasa_power_hourly/annual/Pambula_-36.9011_149.8652_2022.csv,685153,.csv,1cd44503e313fb87597aa1ef092edb4c40f85d015e4ad6a995b1db3f24ca118f
raw/nasa_power_hourly/annual/Pambula_-36.9011_149.8652_2023.csv,684085,.csv,15ee4410feb6f996de7e8c39d30063ffce93aa06870e164034f0ca578f9246d9
raw/nasa_power_hourly/annual/Pambula_-36.9011_149.8652_2024.csv,686524,.csv,8ddce83e55ef7e92e67721505cc82bf9a1c23e7d927dbe84c565b1ffc296dfd9
raw/nasa_power_hourly/annual/Pambula_-36.9011_149.8652_2025.csv,684347,.csv,4d6ebad90390581c302b9086d381e9c023b13aa056bc8133415b76efa2e24e5f
raw/nasa_power_hourly/annual/Raleigh_-30.4622_153.0015_2015.csv,688701,.csv,4b677d63a169f3891af107214ef86d1bc16e4625b634c9afc3953d90b5341e88
raw/nasa_power_hourly/annual/Raleigh_-30.4622_153.0015_2016.csv,687968,.csv,01bf01dcbf48139a5af4382b33b589983aa8a16c244beffd143cfe32d76b16f0
raw/nasa_power_hourly/annual/Raleigh_-30.4622_153.0015_2017.csv,688174,.csv,4aeeddf04c694ede02fc670357f3bcb484e8225710ad6cc9e2f91ffd5d5a1ac5
raw/nasa_power_hourly/annual/Raleigh_-30.4622_153.0015_2018.csv,687486,.csv,97ff377cfb8ef80646b9cd9087c2caf2f4dbcce5fbc05135fc45d3f38650eef8
raw/nasa_power_hourly/annual/Raleigh_-30.4622_153.0015_2019.csv,685824,.csv,e2651aa1426d5a68df24d1d5c01d196a5b9ea810de739136956d30be3a69e020
raw/nasa_power_hourly/annual/Raleigh_-30.4622_153.0015_2020.csv,690009,.csv,e8647fd343a9a1a058abe55ee6c083ce6689ee256a81b9c244a17cf94a40b2d9
raw/nasa_power_hourly/annual/Raleigh_-30.4622_153.0015_2021.csv,687415,.csv,4e42470844537ce59104fa4c8e6fef6cc51f6f9286f094aad9e2bb8a9c3f1480
raw/nasa_power_hourly/annual/Raleigh_-30.4622_153.0015_2022.csv,689816,.csv,c10d4eaa406643e259be838732da20927456926bc12dd924f653e63c6c3b9232
raw/nasa_power_hourly/annual/Raleigh_-30.4622_153.0015_2023.csv,686640,.csv,43932dd92cca02b6b354b324f8b818232a35e4bdfdb0ee4a6fd0a2f5e845c688
raw/nasa_power_hourly/annual/Raleigh_-30.4622_153.0015_2024.csv,691573,.csv,2b589d5b0f5f6a73c3d136607deeb93d8bc3ffd6f61d45a5f6dfc5a3e7ea1d67
raw/nasa_power_hourly/annual/Raleigh_-30.4622_153.0015_2025.csv,687632,.csv,5bf933142b8afc05c5291f7ac17a438e3730c4a4951b428d32695b424ad7053a
raw/nasa_power_hourly/annual/Redcliff_-29.5756_153.3241_2015.csv,691626,.csv,1977fcfb3086dc5f9daa6b10060c306751666b5c097f056b9a854178d3943105
raw/nasa_power_hourly/annual/Redcliff_-29.5756_153.3241_2016.csv,690790,.csv,86a25d738401f0eaaf5caa1893fd0fa1b9e0a8668fd6887256f6d57cc04a423b
raw/nasa_power_hourly/annual/Redcliff_-29.5756_153.3241_2017.csv,691170,.csv,00e252c8d688781b00fe3d48e781529ba610243a6d1d84d7b19f303f87be7df1
raw/nasa_power_hourly/annual/Redcliff_-29.5756_153.3241_2018.csv,690317,.csv,b793f7e13c08b5a7bdfa3741eb4ea9264897318e92fe1a32d833196d7fcb9ce3
raw/nasa_power_hourly/annual/Redcliff_-29.5756_153.3241_2019.csv,689215,.csv,2cdded13084e88bdf9216e02c99c9b90c9a340e66a5b4426cda5784d688143e7
raw/nasa_power_hourly/annual/Redcliff_-29.5756_153.3241_2020.csv,692466,.csv,a497d0df4af2bc433e1b5f678e003e522553c49179ffe9473fd7358b65a51a44
raw/nasa_power_hourly/annual/Redcliff_-29.5756_153.3241_2021.csv,690763,.csv,e97e78372275e80a0920ccd323fa5f6f4ddea03f986956b8eba4ecaddb1e780a
raw/nasa_power_hourly/annual/Redcliff_-29.5756_153.3241_2022.csv,692476,.csv,0fb66a19711975b396ba0fc20c99288c2df1c91e2b56d84e9fee9b63a3482382
raw/nasa_power_hourly/annual/Redcliff_-29.5756_153.3241_2023.csv,689343,.csv,1bc0958e35dbc0e9af28da567f3333cdec28a8ea8bc2894234c5203572beb642
raw/nasa_power_hourly/annual/Redcliff_-29.5756_153.3241_2024.csv,694556,.csv,5c7adc89a15bcc2e8e8de6b6589158b1fa1019debf916e17b1f44400e15f2609
raw/nasa_power_hourly/annual/Redcliff_-29.5756_153.3241_2025.csv,691258,.csv,23e7e39d881d80cc004742d13ec5916189d73feab39a79904347b42c03962ca3
raw/nasa_power_hourly/annual/Ringwood_Road_-34.6727_145.9707_2015.csv,677392,.csv,5671b6d26ff3662375707aa3bb7ec57844f918b74bfcdae47286cf36e689ae70
raw/nasa_power_hourly/annual/Ringwood_Road_-34.6727_145.9707_2016.csv,679419,.csv,26d9b8916240354e65ecbbe950f5ffc28f870350d13064f70dd8996d0e7ab5be
raw/nasa_power_hourly/annual/Ringwood_Road_-34.6727_145.9707_2017.csv,677526,.csv,92b47bf310bb521968e709735fd5ed216a4c3cb09ca9beeb1d19fab3a30bc20f
raw/nasa_power_hourly/annual/Ringwood_Road_-34.6727_145.9707_2018.csv,676158,.csv,42f0896df6947a3f8dd145362923d6797b72908984e340c7f2ddb0d6e11f72b3
raw/nasa_power_hourly/annual/Ringwood_Road_-34.6727_145.9707_2019.csv,677497,.csv,92a07b2f54c348e68ce8d5f13acc0614944d05b7acd31299c73efc5b5cade619
raw/nasa_power_hourly/annual/Ringwood_Road_-34.6727_145.9707_2020.csv,679711,.csv,1c1ad01a396ec744d4c4708fec77d1a09736430c5a4416828dceb58eb91d62f7
raw/nasa_power_hourly/annual/Ringwood_Road_-34.6727_145.9707_2021.csv,676884,.csv,78b4c32daaef109f70885196821127e75f20deee80f65d2075649779a35a2e1b
raw/nasa_power_hourly/annual/Ringwood_Road_-34.6727_145.9707_2022.csv,678705,.csv,236e6879d4b4f56145d22aa29334284ce4d538859b856877c18e7e008332afba
raw/nasa_power_hourly/annual/Ringwood_Road_-34.6727_145.9707_2023.csv,678425,.csv,5cae1f16adaf79636b3168612d5e0a6a232903cae3f64504a53a6c15d242df9e
raw/nasa_power_hourly/annual/Ringwood_Road_-34.6727_145.9707_2024.csv,680027,.csv,56f22b7cb02b6f7845dc830de3efb0c8950c8b3dc0a1f53d9dc03e600b31ef2f
raw/nasa_power_hourly/annual/Ringwood_Road_-34.6727_145.9707_2025.csv,676960,.csv,c5a1576ee10fad07db62df306cce244b533c97964dd29f45c348ecec5065bea3
raw/nasa_power_hourly/annual/Suffolk_Park_-28.6727_153.5938_2015.csv,694808,.csv,16d46cff3962ea3ad927a067ccfd4d8c79cf3c06eabb78587cfb5a707f4b179b
raw/nasa_power_hourly/annual/Suffolk_Park_-28.6727_153.5938_2016.csv,694276,.csv,94249f7b203f5f2402d8d9d1e27abf8f473f254ba22b8276d45b12665a8b3de0
raw/nasa_power_hourly/annual/Suffolk_Park_-28.6727_153.5938_2017.csv,694324,.csv,13b4d071607d7cbddacd485115c95b8ab515548758978a4b7179a1529efa077a
raw/nasa_power_hourly/annual/Suffolk_Park_-28.6727_153.5938_2018.csv,693605,.csv,1deba88bbdfa6cede511924712da9a0f2ce5e9e4181a5a74ad3c9b5ed704ff24
raw/nasa_power_hourly/annual/Suffolk_Park_-28.6727_153.5938_2019.csv,692353,.csv,ddb1fb111e6ed30deac6607c5030ee40848f17aa59d73fcaa0544b7c23e71764
raw/nasa_power_hourly/annual/Suffolk_Park_-28.6727_153.5938_2020.csv,694948,.csv,1b0d35713b27ac979eafd58c13e9f31d0a37980c6c91c12e1c85ac0a3884dc93
raw/nasa_power_hourly/annual/Suffolk_Park_-28.6727_153.5938_2021.csv,693941,.csv,ecb32009df079c05e2c19b86601d09d049069e9edadf314b9b701a02a076f987
raw/nasa_power_hourly/annual/Suffolk_Park_-28.6727_153.5938_2022.csv,695507,.csv,c67037249e5d3fa6c2586e4f964a5379d0832ece1ed418393c6f66e4248bca38
raw/nasa_power_hourly/annual/Suffolk_Park_-28.6727_153.5938_2023.csv,692455,.csv,6ba2d1d4b433564235601efbc3d85b4573ebde1502b092cac5a6051815547718
raw/nasa_power_hourly/annual/Suffolk_Park_-28.6727_153.5938_2024.csv,697029,.csv,0551f45aafc5f421101592458d23d7507f658b0bb877486d7f94648781cadef7
raw/nasa_power_hourly/annual/Suffolk_Park_-28.6727_153.5938_2025.csv,694654,.csv,e88f6e1bf17749ae17db1b6738861d3c11022b91eceb53c7fe9233c8e467a3d7
raw/nasa_power_hourly/annual/Telegraph_Point_-31.3363_152.7790_2015.csv,679977,.csv,cb940dc84eec421e66ebbc093d66b572ae5382befe392681e8b2edbc7f4011cd
raw/nasa_power_hourly/annual/Telegraph_Point_-31.3363_152.7790_2016.csv,680423,.csv,c3eab58a15c44bc222579cc868249a0e63c9437ad2320bcccb3571a8b134bc56
raw/nasa_power_hourly/annual/Telegraph_Point_-31.3363_152.7790_2017.csv,679880,.csv,ed0944482684f82aa7927bb6335a89a7e543c6bb76fa839f695e47425ebf32b3
raw/nasa_power_hourly/annual/Telegraph_Point_-31.3363_152.7790_2018.csv,678622,.csv,5df52b45503609f10fe7ff81a5ab01db880aabdb5c39da1ea3711188bc78573e
raw/nasa_power_hourly/annual/Telegraph_Point_-31.3363_152.7790_2019.csv,678206,.csv,1172abc0ba95dc13455d8905b407ac755e956a220603c2e0e935f797f6493de6
raw/nasa_power_hourly/annual/Telegraph_Point_-31.3363_152.7790_2020.csv,682222,.csv,bb6997b281e06df690563575d514aa502b0ada0516ea1aafad0ad1c4706ead02
raw/nasa_power_hourly/annual/Telegraph_Point_-31.3363_152.7790_2021.csv,680063,.csv,3120b4125829a6dbd817f8dcc13681f39cdc69c79b981d7ec835cfd4d23f71f1
raw/nasa_power_hourly/annual/Telegraph_Point_-31.3363_152.7790_2022.csv,680495,.csv,50c63c4a415a11ef571841fc477c16165a0b0178c1458bee88d67defcf1f3b91
raw/nasa_power_hourly/annual/Telegraph_Point_-31.3363_152.7790_2023.csv,678678,.csv,13a73b95723625e297707833751424c2cde5e1edbb30cde82e80d556449dc5c6
raw/nasa_power_hourly/annual/Telegraph_Point_-31.3363_152.7790_2024.csv,682650,.csv,2ed63fb64488f17eb50e6a292139ace437253c0e4409b3a18853046efdc643a5
raw/nasa_power_hourly/annual/Telegraph_Point_-31.3363_152.7790_2025.csv,680171,.csv,e2861e40a3dc938230cd8c789caa12629be399c59a3d2378848c7b5ad2e2e514
raw/nasa_power_hourly/annual/TransGrid_220_22kV_Total_Broken_Hill_22kV_Supply_-31.9861_141.4193_2015.csv,676387,.csv,d122cba1d7a28947b9f6d918b7f315ffa12a572d846979c471c366ecf4afd22a
raw/nasa_power_hourly/annual/TransGrid_220_22kV_Total_Broken_Hill_22kV_Supply_-31.9861_141.4193_2016.csv,677894,.csv,5f9c859ae99da6698529e86cf40361857660908d296f297a70451a68d278dd75
raw/nasa_power_hourly/annual/TransGrid_220_22kV_Total_Broken_Hill_22kV_Supply_-31.9861_141.4193_2017.csv,675554,.csv,ea52154abc11c8e1f02544858a74eedd0313850607f38eb721c4536ab11e9f4a
raw/nasa_power_hourly/annual/TransGrid_220_22kV_Total_Broken_Hill_22kV_Supply_-31.9861_141.4193_2018.csv,675591,.csv,88830e604fbbebd69011561faef8a9ca259a54f363ca9a2bcfd634fee5f6bd50
raw/nasa_power_hourly/annual/TransGrid_220_22kV_Total_Broken_Hill_22kV_Supply_-31.9861_141.4193_2019.csv,676254,.csv,9f7f01404858f6fd92216279abf8ad67db909ef4b31d339be08c5a7320419e31
raw/nasa_power_hourly/annual/TransGrid_220_22kV_Total_Broken_Hill_22kV_Supply_-31.9861_141.4193_2020.csv,677223,.csv,6c6c2e3ef2240ad978623b29a7fbd204a0ffb3fa92fa102dac533c754178b973
raw/nasa_power_hourly/annual/TransGrid_220_22kV_Total_Broken_Hill_22kV_Supply_-31.9861_141.4193_2021.csv,675636,.csv,aef46c2dcc42d5b432260269183240c79b8b2a68b538254877b184cfcde17ee7
raw/nasa_power_hourly/annual/TransGrid_220_22kV_Total_Broken_Hill_22kV_Supply_-31.9861_141.4193_2022.csv,675350,.csv,6fd6ae25a690a5a9959fe87c21e3bd70dc16f68372f4464298712b810299b981
raw/nasa_power_hourly/annual/TransGrid_220_22kV_Total_Broken_Hill_22kV_Supply_-31.9861_141.4193_2023.csv,676027,.csv,7788161b3221114c8afdfb9ae05337e8c15fc8ce011fd5d6006c1e6789dbdacf
raw/nasa_power_hourly/annual/TransGrid_220_22kV_Total_Broken_Hill_22kV_Supply_-31.9861_141.4193_2024.csv,678143,.csv,94e276c0f0d5eecdad18e9779a632fb163cc087e9bc47dedfab3d2ccab3c0954
raw/nasa_power_hourly/annual/TransGrid_220_22kV_Total_Broken_Hill_22kV_Supply_-31.9861_141.4193_2025.csv,675311,.csv,2c488a080bccee29f0501cc3e6163d3bc3e530c6b4a1bf81bf8d9a98b98db840
raw/nasa_power_hourly/annual/Wathagar_-29.5562_149.5956_2015.csv,676546,.csv,5a8091a0fbe5be9c42f0700df90c61c5aec89c11bc8b248408b5b77be14fd060
raw/nasa_power_hourly/annual/Wathagar_-29.5562_149.5956_2016.csv,677551,.csv,8927628b0343bc2d84911e4dd6b1a7d6d84832899913ca3410f3d9438722edd6
raw/nasa_power_hourly/annual/Wathagar_-29.5562_149.5956_2017.csv,676785,.csv,6a8918de66f5c2390d265494a15ad7ea956640e15ba261359eb4eba1eff42287
raw/nasa_power_hourly/annual/Wathagar_-29.5562_149.5956_2018.csv,675304,.csv,1604fe242ff104dde641cb8755f42c51d35ba20b6fe58b5417eec6790a826f3c
raw/nasa_power_hourly/annual/Wathagar_-29.5562_149.5956_2019.csv,676377,.csv,ed9cef6b62c69dc3fee7e433e9caa5bedf28db44c751d90ff8b2a941109fd49e
raw/nasa_power_hourly/annual/Wathagar_-29.5562_149.5956_2020.csv,677987,.csv,4560021d33f5155c6870362cbea3cff3b5dbea8538ade373710bf8d885619a28
raw/nasa_power_hourly/annual/Wathagar_-29.5562_149.5956_2021.csv,676954,.csv,b9cb4737144c4845d7d60514a311afdfdc9310b6e01716acacbe2432453cbd9f
raw/nasa_power_hourly/annual/Wathagar_-29.5562_149.5956_2022.csv,677400,.csv,0cafcb0e90f15fa023086910d27a83c79e1be7529dad38f1af30f5224c904d68
raw/nasa_power_hourly/annual/Wathagar_-29.5562_149.5956_2023.csv,675723,.csv,06d7c9aa3f3452649a8d72835d7ca8b442498e7594c180ab5e4bfa7b353c9d0f
raw/nasa_power_hourly/annual/Wathagar_-29.5562_149.5956_2024.csv,679414,.csv,b7361a4752f9c3a162365705ec1d00f1eb23cbbbf1776621fe32b35f46169c1b
raw/nasa_power_hourly/annual/Wathagar_-29.5562_149.5956_2025.csv,677069,.csv,2c224786e180f8d46d9ae41286e796ceafea11fd4ac8dc2fead2118bc6ace895
raw/nasa_power_hourly/annual/West_Jemalong_-33.3791_147.6624_2015.csv,673978,.csv,ae01071c94533ce4290b1d2f62cb883233253f026619ca952adf6e98ddda3c69
raw/nasa_power_hourly/annual/West_Jemalong_-33.3791_147.6624_2016.csv,675703,.csv,6ac8b13b800ee7f61b2ac75f16e31e195659b6edbb38beb45f08905750340be5
raw/nasa_power_hourly/annual/West_Jemalong_-33.3791_147.6624_2017.csv,674285,.csv,0851b5216daacde7862e80db953e71424e9e754349c44a63df0faf4ed1798813
raw/nasa_power_hourly/annual/West_Jemalong_-33.3791_147.6624_2018.csv,672685,.csv,7b25dbeb2d37a756bb411985c1c92212b3d1dda560e914dd79c70c30c9a5a91c
raw/nasa_power_hourly/annual/West_Jemalong_-33.3791_147.6624_2019.csv,674693,.csv,db64c49a8a1283c47c5e3e609f22eb1eb23966c039a77983d0974bcc0fdc9400
raw/nasa_power_hourly/annual/West_Jemalong_-33.3791_147.6624_2020.csv,676671,.csv,a4c412c4adf43c5843342a01b8dfeee9d757b97494307807c48a86112bc068b0
raw/nasa_power_hourly/annual/West_Jemalong_-33.3791_147.6624_2021.csv,674505,.csv,b32e9cd86251ee06ca1c94b81e2719faed2b1dad62d845d6fb2375951cecffde
raw/nasa_power_hourly/annual/West_Jemalong_-33.3791_147.6624_2022.csv,675598,.csv,f43541bf44e0620ed88ffd586c4e6ee67b8f5af80451629a776498a8bc21dfa7
raw/nasa_power_hourly/annual/West_Jemalong_-33.3791_147.6624_2023.csv,674704,.csv,72d03946d9c5719e9931788b65c39b8e27563733609a439a104b9d95d30add5f
raw/nasa_power_hourly/annual/West_Jemalong_-33.3791_147.6624_2024.csv,676479,.csv,f4776fbbc5d9b3db398e34116c30743407112994037407580bd28a1b99edafea
raw/nasa_power_hourly/annual/West_Jemalong_-33.3791_147.6624_2025.csv,674561,.csv,1a64da1f4a99a9ae14591e1c64781d45d662bee944676f6b85ae008880385d00
raw/nasa_power_hourly/combined/Ariah_Park_-34.3520_147.2178_2015_2025.parquet,2089897,.parquet,096c31e7a5ad4f812af0ded8187f52af41ce809e993dd2a3df180e57269483dc
raw/nasa_power_hourly/combined/Bombala_-36.8913_149.2430_2015_2025.parquet,2087728,.parquet,0f7aed8c5e818ac424ea3d19b76f8ac4da1a7284ebde453550ec84b52e4dc14b
raw/nasa_power_hourly/combined/Goondiwindi_33kV_-28.5254_150.2863_2015_2025.parquet,2075114,.parquet,2223b04761cbcb28ff2788590c7aa2e6ca14beae83503b976177c8e74a110ac4
raw/nasa_power_hourly/combined/Hallidays_Point_11kV_-32.0684_152.4716_2015_2025.parquet,2076592,.parquet,2eecf9ded4e99c039c2689e8668bc5cb89dbba6f7994ccfeaf54dda70e762cd8
raw/nasa_power_hourly/combined/Ivanhoe_-32.9080_144.3063_2015_2025.parquet,2074152,.parquet,1d6d7921f0b64f3305d6797565a6abf13cc2aaec547aa637317a5f4ae6c78d6b
raw/nasa_power_hourly/combined/Jindabyne_11kV_-36.4148_148.5980_2015_2025.parquet,2095254,.parquet,998b61cb764e6053ffbaf70bdedbdc2e054d4f44628a49450e2c2c29259c0c68
raw/nasa_power_hourly/combined/Madgwick_Dr_-30.4922_151.6495_2015_2025.parquet,2103479,.parquet,46c7badf1eca1e381fb737179bba4e8514414626a08c039bbb0be27b5a9e6e05
raw/nasa_power_hourly/combined/Merrywinebone_-29.6965_148.8060_2015_2025.parquet,2071630,.parquet,18f3244d838d93c1c652dae22b86d1aaa78fc31c0ccfde7ae6e9fef9e36d9e06
raw/nasa_power_hourly/combined/Narrandera_-34.7436_146.5387_2015_2025.parquet,2081393,.parquet,49ec8c31d781978fec73b65bde83e68b615eb7fb06209663c26c945c0206e2b2
raw/nasa_power_hourly/combined/Narromine_-32.2362_148.2470_2015_2025.parquet,2073565,.parquet,85ff419bbc0968e2ff38743fcd5d27cfac9df17897c6ce912b99aa1e557e8e88
raw/nasa_power_hourly/combined/Oxley_Vale_-31.0668_150.9039_2015_2025.parquet,2084031,.parquet,4a8407a072a4014e2f38479834763aed45ca914b9a160243b2afa8c000e2563f
raw/nasa_power_hourly/combined/Pambula_-36.9011_149.8652_2015_2025.parquet,2068006,.parquet,775b066574fc5905695cc13e5ca6ca46c3115cfd0a8e48ecb929ce7e06e49669
raw/nasa_power_hourly/combined/Raleigh_-30.4622_153.0015_2015_2025.parquet,2085900,.parquet,ec0b412f84f784577f4f7dbb048250b4acedcb31708e743a6a5078524175d1ff
raw/nasa_power_hourly/combined/Redcliff_-29.5756_153.3241_2015_2025.parquet,2094373,.parquet,400d06654fc1574e8d122a2dfa019d182bb92516825285ff56511a711fa87a46
raw/nasa_power_hourly/combined/Ringwood_Road_-34.6727_145.9707_2015_2025.parquet,2080707,.parquet,d5d64247cbbfc016084853573185ab9915bc293249b2ea326d0510346990e7a0
raw/nasa_power_hourly/combined/Suffolk_Park_-28.6727_153.5938_2015_2025.parquet,2071128,.parquet,c2d7590d7073c04b0f8f133dbb5327a5cde3c8c372d32ea588c291e05e39d201
raw/nasa_power_hourly/combined/Telegraph_Point_-31.3363_152.7790_2015_2025.parquet,2061445,.parquet,3e4e6558fc04b603e5b2988e30e1eaa5ce614fcccf2e0700da8bec8c7d53cab4
raw/nasa_power_hourly/combined/TransGrid_220_22kV_Total_Broken_Hill_22kV_Supply_-31.9861_141.4193_2015_2025.parquet,2050929,.parquet,4b19bb2a1fb2a41e0a92a0c76f147b324bb0beb7f8154bd7dd9d048212c0e033
raw/nasa_power_hourly/combined/Wathagar_-29.5562_149.5956_2015_2025.parquet,2072996,.parquet,8a7d3318221562a50e754ab98f626e565bebdb0192cb7bd4b474ba33fe3e0dee
raw/nasa_power_hourly/combined/West_Jemalong_-33.3791_147.6624_2015_2025.parquet,2078418,.parquet,9649d85e43501ef9621aef7d1a0e16fa3d853803cb07b374fd9894c03855dfc7
raw/nsw_arcgis/essential_energy_uhc_2025/00_Primary.geojson,2643821,.geojson,982b2e9e7182ac960e40fd327169aab55393a3c63e70e4bdd8a0f89149a278ac
raw/nsw_arcgis/essential_energy_uhc_2025/00_Primary_metadata.json,9285,.json,7726cadea438e7801350b118c3e717c99e9670ad51340c21f7d5d37cc3d06312
raw/nsw_arcgis/essential_energy_uhc_2025/01_Secondary.geojson,2794903,.geojson,e5774a18ec14057ade10444244aa7daf7241af299cf0a21f808fb7c955e225b6
raw/nsw_arcgis/essential_energy_uhc_2025/01_Secondary_metadata.json,9612,.json,8f6067bf3a487242ebb4cec26f5c0550883dba3c9af0bea446f5496d0321bd8c
raw/nsw_arcgis/essential_energy_uhc_2025/02_Subtrans.geojson,52824571,.geojson,791edb5f0d26c3c3dab36534de0a4a0b2ab3a938f43c53af0a6067738c923ee4
raw/nsw_arcgis/essential_energy_uhc_2025/02_Subtrans_metadata.json,6800,.json,4ac5eb1dad4faca7b2f1ee4708e1eb7419d4875348863fb7cbdec70a7bb4fde9
raw/nsw_arcgis/essential_energy_uhc_2025/service_metadata.json,1692,.json,ecd3dbd449c76d086ed43d04f813facad54b0881d4ed01639b7fde5d0d9bc173
raw/nsw_biomass_attributes/biomass_cropping/00_NSW_Cereal_Straw_SA2__attributes.csv,52579,.csv,6cbebe9dd0d91146f8132b17e93400ae9e30a6d06262dc45cc54c634b840db11
raw/nsw_biomass_attributes/biomass_cropping/01_NSW_Wheat_Straw_SA2__attributes.csv,46350,.csv,135ec44edd4d8828519de45c573ecb428281f7d4cc15854e337d77222001bad0
raw/nsw_biomass_attributes/biomass_cropping/02_NSW_Oats_Straw_SA2__attributes.csv,46084,.csv,8b8862d12e4757e1dbbc6fe5fa3fc79665130add84baca9f4a9436d186ab2352
raw/nsw_biomass_attributes/biomass_cropping/03_NSW_Barley_Straw_SA2__attributes.csv,46290,.csv,182c42a6e041054e4ac6019310dcf2ebfce1cfe891a041bf3e63259122c38c57
raw/nsw_biomass_attributes/biomass_cropping/04_NSW_Sorghum_Straw_SA2__attributes.csv,46023,.csv,54a198294694c0eceb987cf614e483cb39c7f8eb0bf735d24c2f45ad972db133
raw/nsw_biomass_attributes/biomass_cropping/05_NSW_Maize_Straw_SA2__attributes.csv,45853,.csv,1de49fa30acc5d68abbb31598c5af6cdaaac8fda9efa58c267579818d55c1021
raw/nsw_biomass_attributes/biomass_cropping/06_NSW_Rice_Straw_SA2__attributes.csv,45411,.csv,c6bdbd0bb0f36d1f098429beb1d2cfb66832a0160ea994a43ccd2d724ec63571
raw/nsw_biomass_attributes/biomass_cropping/07_NSW_Other_Cereals_Straw_SA2__attributes.csv,46813,.csv,dbfbb0db4e98f7541549e66512768004bedb80e5a3c5cd5334af5ff34223af27
raw/nsw_biomass_attributes/biomass_cropping/08_NSW_Non-cereal_Straw_SA2__attributes.csv,50612,.csv,1f0a6b09cef408c2a7721efc8d567e23c2dbac756971fc46be27b09f3997b897
raw/nsw_biomass_attributes/biomass_cropping/09_NSW_Cotton_Straw_SA2__attributes.csv,46652,.csv,cb6a00752bb329031beee8f45d7f6fd1a285c68d1860b89448700fbaf3790147
raw/nsw_biomass_attributes/biomass_cropping/10_NSW_Canola_Straw_SA2__attributes.csv,47193,.csv,4525813f79ae60ad783e21428484e5eb7dae1a18f8faebde3bd8ee4ff159e2cc
raw/nsw_biomass_attributes/biomass_cropping/11_NSW_Other_Oilseeds_Straw_SA2__attributes.csv,47643,.csv,05b2bed505162c861c4a3619976cb47ab7df3e3f44af08fcebbf55a862274dab
raw/nsw_biomass_attributes/biomass_cropping/12_NSW_All_Pulses_Straw_SA2__attributes.csv,47472,.csv,e1cabdeffe536774e2f3907ffe0ac50e59c11ebdcd471b5637b02fb310e694e2
raw/nsw_biomass_attributes/biomass_cropping/13_NSW_Hay_and_Silage_SA2__attributes.csv,51067,.csv,4c2d88ae3ed2a3a126190601e6314986e15cfc0a49da7f9790aa544b167ae1fe
raw/nsw_biomass_attributes/biomass_cropping/14_NSW_Rice_Hulls_SA2__attributes.csv,45966,.csv,383606cba1f2a1265edb4b21c666684584852e9c1d1f9218814e3089dfb75461
raw/nsw_biomass_attributes/biomass_cropping/15_NSW_Cotton_Gin_Trash_SA2__attributes.csv,46191,.csv,1580ee1c48ce514896bcce66ce68fad85289139b1ba1af991f9058f33d9e0d92
raw/nsw_biomass_attributes/biomass_cropping/16_NSW_Sugarcane_All_Residues_SA2__attributes.csv,56696,.csv,8c377fdf8571794135b3d10ebad77c68a1cf9bf7eb234d94abf64568b2447445
raw/nsw_biomass_attributes/biomass_cropping/17_NSW_Sugarcane_Bagasse_SA2__attributes.csv,46820,.csv,877eab796bf01e753898be5f189ad3008b161b8488f01860452b1347af995f22
raw/nsw_biomass_attributes/biomass_cropping/18_NSW_Sugarcane_Trash_SA2__attributes.csv,46276,.csv,424dc97fceab2b4c6d5c72d92b491e0768779673a2c275f9c4c85e1c09e07781
raw/nsw_biomass_attributes/biomass_cropping/layer_catalogue.csv,2459,.csv,a71d6f1c6fd6d98821f13c5e976e333cb7589b80a391a2959c4b3ed17ab5767c
raw/nsw_biomass_attributes/biomass_cropping/service_metadata.json,11632,.json,9bbc3548f0d6bf40bf5c2b3aa31a310c3f5a522bb20c3e202afb7b8dd813efa8
raw/nsw_biomass_attributes/biomass_forestry/00_NSW_Harvest_Native_Cypress_attributes.csv,21827,.csv,8f7a8d29e823c64d6b13160f59a0a0c96656d1259da90d97ac26c1c7706faa30
raw/nsw_biomass_attributes/biomass_forestry/01_NSW_Harvest_Native_Hardwood_attributes.csv,23298,.csv,d5d655ee7cd51d6b7e0ea02e306188df23acef0ecd3baaddade46ede52f2e429
raw/nsw_biomass_attributes/biomass_forestry/02_NSW_Harvest_Plantation_Hardwood_attributes.csv,22527,.csv,048aaa6174e2b50618040f1a29a8604e35250c200734205ed90a24149be7f0f4
raw/nsw_biomass_attributes/biomass_forestry/03_NSW_Harvest_Plantation_Softwood_attributes.csv,22524,.csv,fbf29f83f44de3560cea634ecd7ae4c600acba19728ccbb890c27f62f2c32f48
raw/nsw_biomass_attributes/biomass_forestry/04_NSW_Sawmill_Native_Cypress_attributes.csv,21200,.csv,1909fa37883ec698d116a4f893468916adcdadb0583a0af09e48fe0b8329871b
raw/nsw_biomass_attributes/biomass_forestry/05_NSW_Sawmill_Native_Plantation_Hardwood_attributes.csv,21873,.csv,d1d2ea6dc3e91077f3cee7486852c84531e57d54b3a747a7aaeea177947aa6bc
raw/nsw_biomass_attributes/biomass_forestry/06_NSW_Sawmill_Plantation_Softwood_attributes.csv,21564,.csv,5dd94c067e5f7f8f5633caf3cc8c60b80da6596aace423e60b89aa557c91938a
raw/nsw_biomass_attributes/biomass_forestry/layer_catalogue.csv,1006,.csv,da9a257430df84d8674190a13c5897d569c143c24d67504d3ed10b7174b3b0a7
raw/nsw_biomass_attributes/biomass_forestry/service_metadata.json,6496,.json,00991e897a0129ecbf1934a69085768b5a269fa81dca3d61592f9f266beb4a55
raw/nsw_biomass_attributes/biomass_livestock/00_NSW_Dairy_Manure_SA2__attributes.csv,59697,.csv,a202dddb2a1dfabd8cb8472a6ef6198944936b12ec04ab6156d5bfbc7546ecf4
raw/nsw_biomass_attributes/biomass_livestock/01_NSW_Piggery_Manure_SA2__attributes.csv,61173,.csv,5701765490ba44ea9b9b2a2632b27a1f220046572a69302a53166f2f843cc516
raw/nsw_biomass_attributes/biomass_livestock/02_NSW_Poultry_Manure_SA2__attributes.csv,71386,.csv,88b1e7f1b703645df0cdb272a98e60e4e87c0e9bab2edb769444c1937ece54bd
raw/nsw_biomass_attributes/biomass_livestock/layer_catalogue.csv,413,.csv,33a95bcb29e6fb3e44abaf3f2a9212e5ff65cb39ddce451a1ffc8abefe2cc956
raw/nsw_biomass_attributes/biomass_livestock/service_metadata.json,5002,.json,8d93861e1f2b35aec5e49f36c13bed9ea07e4ae9e660c57ac9c4a5eec9dd6b65
raw/nsw_biomass_attributes/biomass_organic_waste/00_NSW_All_MSW-C_I-C_D_Organic_Waste_SA2__attributes.csv,48040,.csv,e5425603e53bd5637974e2d5f83c3ad607aa751b8faaa168a5ce5d7c50030e05
raw/nsw_biomass_attributes/biomass_organic_waste/01_NSW_MSW_Organic_Waste_SA2__attributes.csv,43466,.csv,1c7b612eef65fead9fde08849d3adbf0c06eed9a322e44233523e6807defb187
raw/nsw_biomass_attributes/biomass_organic_waste/02_NSW_C_I_Organic_Waste_SA2__attributes.csv,43108,.csv,0664d8ce68714b03ea5507642224e1ab29ef5df80cf3a7df76be160c8fcd47e5
raw/nsw_biomass_attributes/biomass_organic_waste/03_NSW_C_D_Organic_Waste_SA2__attributes.csv,42181,.csv,83edece6251e2a38bb2692cc8189d4df2f895386f904fb065092b583edfcb3af
raw/nsw_biomass_attributes/biomass_organic_waste/layer_catalogue.csv,609,.csv,ab7c6dcba5e46e67d3d8ffdd8fe6525cff2c68465d862a9f07f9381daa5c53bd
raw/nsw_biomass_attributes/biomass_organic_waste/service_metadata.json,5446,.json,67ef0c5628a7be9a2719d61babd1f7ae85856ed5897e330e6e921b26c6acdfeb
