source_file,sha256,station_name,station_key,financial_year,row_count,date_start,date_end,date_parse_failure_count,interval_column_count,unit,finite_interval_fraction,negative_interval_count,zero_interval_count,robust_outlier_interval_count,usable_shape_days,eligible_for_archetype
2015/Aberdeen 33_11kV FY2015.csv,1dbe1429ec886434651e9ba40c2dd3745aa9dd43966767e2eb171f302b4f184f,Aberdeen 33_11kV,aberdeen3311kv,2015,365,2014-05-01,2015-04-30,0,96,MW,0.1699771689497717,0,0,0,61,False
2015/Aberdeen 66_11kV FY2015.csv,7f427b2da1eb9122d7677b5a377719e0cc03c81478069450c3070f1814970e17,Aberdeen 66_11kV,aberdeen6611kv,2015,365,2014-05-01,2015-04-30,0,96,MW,0.9995148401826484,0,0,0,363,True
2015/Adamstown 132_11kV FY2015.csv,02215c0f92c3baa32f413470e12057de6b634d4ff9d3cae590dcedbc875f9c2e,Adamstown 132_11kV,adamstown13211kv,2015,365,2014-05-01,2015-04-30,0,96,MW,0.9998858447488584,0,0,0,365,True
2015/Argenton 132_11kV FY2015.csv,57026816af8c611c2154bd272908692ddb0bd05983ed127ba4c09b70544ad760,Argenton 132_11kV,argenton13211kv,2015,365,2014-05-01,2015-04-30,0,96,MW,0.9972888127853882,0,0,0,364,True
2015/Arncliffe 33_11kV FY2015.csv,cff7f549db6b8b9db3e45257d4a51eb39fbe5ede5902c10502c21fb52c92dbbd,Arncliffe 33_11kV,arncliffe3311kv,2015,365,2014-05-01,2015-04-30,0,96,MW,0.9969463470319635,0,0,0,364,True
2015/Auburn 33_11kV FY2015.csv,e8edbb0ab4b2a2347a3c5e21b296d97aa8994397959ad75ac859a012c8c0332f,Auburn 33_11kV,auburn3311kv,2015,365,2014-05-01,2015-04-30,0,96,MW,0.9969463470319635,0,0,0,364,True
2015/Avoca 66_11kV FY2015.csv,13a13a35fb352b85e90028e83c9b1e574546c7a1c5451e38f5bfadad8189eb7f,Avoca 66_11kV,avoca6611kv,2015,365,2014-05-01,2015-04-30,0,96,MW,0.9998858447488584,0,0,0,365,True
2015/Avondale 33_11kV FY2015.csv,0b02c0eef1a28a1de4451ba1cf49f9d24663140dbb31281ee175f12fa8d48a0b,Avondale 33_11kV,avondale3311kv,2015,365,2014-05-01,2015-04-30,0,96,MW,0.9917522831050228,0,0,0,362,True
2015/Baerami 33_11kV FY2015.csv,6c762eb7878c4ffc27e864adcbba9eed75821ccabd74dd4ef41047382a83ea9d,Baerami 33_11kV,baerami3311kv,2015,365,2014-05-01,2015-04-30,0,96,MW,0.8649828767123288,0,0,0,315,False
2015/Balgowlah North 132_11kV FY2015.csv,54d98f1d31c6cd7b2c31dfb8947f30373665f0409e123d6c1b49c122fe9abb4c,Balgowlah North 132_11kV,balgowlahnorth13211kv,2015,365,2014-05-01,2015-04-30,0,96,MW,0.9998002283105023,0,0,0,365,True
2015/Bankstown 132_11kV FY2015.csv,c2265de71731bcfcdcc32dcd43146ab0df9cde3c14f052ceedcc6e00ee7c2d92,Bankstown 132_11kV,bankstown13211kv,2015,365,2014-05-01,2015-04-30,0,96,MW,0.9980308219178082,0,0,0,362,True
2015/Bass Hill 33_11kV FY2015.csv,2bd04b97880bff8ad46b35b0e646ab772eb90ba5c8d1aaf193857ecd524af578,Bass Hill 33_11kV,basshill3311kv,2015,365,2014-05-01,2015-04-30,0,96,MW,0.9969463470319635,0,0,0,364,True
2015/Beacon Hill 33_11kV FY2015.csv,c9c1dfdcb5d980abbea9ba27ec43c868a8775602e0c4a076e63957b51d929771,Beacon Hill 33_11kV,beaconhill3311kv,2015,365,2014-05-01,2015-04-30,0,96,MW,0.9969463470319635,0,0,0,364,True
2015/Belrose 33_11kV FY2015.csv,b60c3c22b97179902f4061e0b20992d81b2f424fc5dc3cd8be342fb98787e7c6,Belrose 33_11kV,belrose3311kv,2015,365,2014-05-01,2015-04-30,0,96,MW,0.9969178082191781,0,0,0,364,True
2015/Berkeley Vale 132_11kV FY2015.csv,6d449734c5dad738da2f2c5bf56d210848e200ace9f8261d8400aedb110b6721,Berkeley Vale 132_11kV,berkeleyvale13211kv,2015,365,2014-05-01,2015-04-30,0,96,MW,0.9998858447488584,0,0,0,365,True
2015/Berowra 132_11kV FY2015.csv,f93f3f6cf9965ab062f3eeb9f7f570290a8557a6c26adc79e09e2eb5a8d26aa7,Berowra 132_11kV,berowra13211kv,2015,365,2014-05-01,2015-04-30,0,96,MW,0.9996860730593607,0,0,0,365,True
2015/Blackwattle Bay 33_5kV FY2015.csv,d0a32a80f33385e820e6b8c28518383f0b9dda88b864d7df60bc6a568a2a45eb,Blackwattle Bay 33_5kV,blackwattlebay335kv,2015,365,2014-05-01,2015-04-30,0,96,MW,0.9969463470319635,0,0,0,364,True
2015/Blakehurst 33_11kV FY2015.csv,677b247d430da6a2f9bc88065644acdd8612977ae503bf326642cd330ddfe905,Blakehurst 33_11kV,blakehurst3311kv,2015,365,2014-05-01,2015-04-30,0,96,MW,0.9969463470319635,0,0,0,364,True
2015/Botany 33_11kV FY2015.csv,0210d361bb4005140d4a07841693d5d5ecb4052505ff636c79ef1b52ae30ee01,Botany 33_11kV,botany3311kv,2015,365,2014-05-01,2015-04-30,0,96,MW,0.9996860730593607,0,0,0,365,True
2015/Brandy Hill 132_11kV FY2015.csv,3d08bd89830c07f5f9f090bdcd707d2369dd6e93dbfaf5482e3e4094bbf58250,Brandy Hill 132_11kV,brandyhill13211kv,2015,365,2014-05-01,2015-04-30,0,96,MW,0.9522545662100457,0,0,0,347,True
2015/Branxton 66_11kV FY2015.csv,68525f1a5ffcd94902499fc31bd7487e61123275f97f6eb0ed80bcc377da6c47,Branxton 66_11kV,branxton6611kv,2015,365,2014-05-01,2015-04-30,0,96,MW,0.9836187214611872,0,0,0,347,True
2015/Broadmeadow 132_11kV FY2015.csv,52a8d5a6e5f1a80e24a39adb36a3d45ddeed5bd9ee83bfcb75270bda4e50abaa,Broadmeadow 132_11kV,broadmeadow13211kv,2015,365,2014-05-01,2015-04-30,0,96,MW,0.9998858447488584,0,0,0,365,True
2015/Broadmeadow 33_11kV FY2015.csv,a49bde390fefb8bfa75abd3d7fc2e6d6c030500a8daa61125568a1e7612f5730,Broadmeadow 33_11kV,broadmeadow3311kv,2015,365,2014-05-01,2015-04-30,0,96,MW,0.9972317351598173,0,0,0,364,True
2015/Brookvale 33_11kV FY2015.csv,835bd94d071724dc2d46e4f2f3e64673d683f85c5ee67034fdf408aea1f1548e,Brookvale 33_11kV,brookvale3311kv,2015,365,2014-05-01,2015-04-30,0,96,MW,0.9969463470319635,0,0,0,364,True
2015/Burwood 132_11kV FY2015.csv,56fb93410681f5f1b0e45ecc31e49ee0b2f79723b0bdd949efc04ca8cc15c07d,Burwood 132_11kV,burwood13211kv,2015,365,2014-05-01,2015-04-30,0,96,MW,0.9969463470319635,0,0,0,364,True
2015/Campbell St 132_11kV FY2015.csv,17c36be6a2830e7355a75a540c684c918d7295cb4dffa4a7aa555e19b8af5b69,Campbell St 132_11kV,campbellst13211kv,2015,365,2014-05-01,2015-04-30,0,96,MW,0.9969463470319635,0,0,0,364,True
2015/Camperdown 33_11kV FY2015.csv,4383593b56cbb15905267d6bc87ee4e07959649c8cb872d42db53fdd29860adc,Camperdown 33_11kV,camperdown3311kv,2015,365,2014-05-01,2015-04-30,0,96,MW,0.3769406392694064,0,0,0,137,False
2015/Camperdown 33_5kV FY2015.csv,84029c49dbb6c01e121ae33d27d819da8573a4484be424cbe437e1774ca2d38f,Camperdown 33_5kV,camperdown335kv,2015,365,2014-05-01,2015-04-30,0,96,MW,0.9996860730593607,0,0,0,365,True
2015/Campsie 33_11kV FY2015.csv,e8a160e83bb00a9ead8a56977b52e0b8ce908ca74663fb37b3d151ab46297a70,Campsie 33_11kV,campsie3311kv,2015,365,2014-05-01,2015-04-30,0,96,MW,0.9996860730593607,0,0,0,365,True
2015/Cardiff 33_11kV FY2015.csv,dcb1e84c39b14613393b84be97bc2c7a6c7826f0940a3ef3ca994d6afd7baf58,Cardiff 33_11kV,cardiff3311kv,2015,365,2014-05-01,2015-04-30,0,96,MW,0.991324200913242,0,0,0,362,True
2015/Careel Bay 33_11kV FY2015.csv,2d52044757fac11cfa8ecee138889d77624ad9ee8fecbf0243f12fbd7e8ae1ae,Careel Bay 33_11kV,careelbay3311kv,2015,365,2014-05-01,2015-04-30,0,96,MW,0.9969463470319635,0,0,0,364,True
2015/Caringbah 33_11kV FY2015.csv,dd2b074e70e39581be9ce3b127ea7005598d53615ca5aa3c74006750dc7bdb93,Caringbah 33_11kV,caringbah3311kv,2015,365,2014-05-01,2015-04-30,0,96,MW,0.9996575342465753,0,0,0,365,True
2015/Castle Cove 132_11kV FY2015.csv,883503c868c05cf1f541faaae3b4659be5a228856efa702b2cc81cce1b4e3119,Castle Cove 132_11kV,castlecove13211kv,2015,365,2014-05-01,2015-04-30,0,96,MW,0.9996860730593607,0,0,0,365,True
2015/Cessnock 33_11kV FY2015.csv,8441fa8b896caddc716cb7498f840f255258aeb0b5854fa25be4933810bd662b,Cessnock 33_11kV,cessnock3311kv,2015,365,2014-05-01,2015-04-30,0,96,MW,0.9434931506849316,0,0,0,344,False
2015/Charlestown 132_11kV FY2015.csv,ce3a38605a8fd7791b5ddf7c4c18eb08527a4ac9dbc8c38a0b3087ae65d12ec7,Charlestown 132_11kV,charlestown13211kv,2015,365,2014-05-01,2015-04-30,0,96,MW,0.9998858447488584,0,0,0,365,True
2015/Charmhaven 132_11kV FY2015.csv,2b42cb97c8910396924ecf0bc350b71578c93df50f2f81fd491725650e92eebb,Charmhaven 132_11kV,charmhaven13211kv,2015,365,2014-05-01,2015-04-30,0,96,MW,0.9969463470319635,0,0,0,364,True
2015/Chatswood 33_11kV FY2015.csv,b02d75390bf5e7ed7bfeb34e3ea1e09b9592228cccc32eff5468d99ef8b0ffd6,Chatswood 33_11kV,chatswood3311kv,2015,365,2014-05-01,2015-04-30,0,96,MW,0.9996860730593607,0,0,0,365,True
2015/City Central 132_11kV FY2015.csv,53de84aae16056ef598d1acbe188abdf50c99fe966eeb2ac66834fe1266743d8,City Central 132_11kV,citycentral13211kv,2015,365,2014-05-01,2015-04-30,0,96,MW,0.9996860730593607,0,0,0,365,True
2015/City East 33_11kV FY2015.csv,105d530a12d8eac5e825bab2b8b79f862a8995cc29d1b02a0c864fa9a52d1b7e,City East 33_11kV,cityeast3311kv,2015,365,2014-05-01,2015-04-30,0,96,MW,0.9996860730593607,0,0,0,365,True
2015/City North 132_11kV FY2015.csv,c5af8e079b8ad92ea1bcb669577516e93c9d6adaaf96c6b5aef4a9b4b104024a,City North 132_11kV,citynorth13211kv,2015,365,2014-05-01,2015-04-30,0,96,MW,0.9968892694063927,0,0,0,364,True
2015/City South 132_11kV FY2015.csv,728d7a9212e27ec24f4917bc058ba994270744c0fac7fff7b3e765141bdbc1e7,City South 132_11kV,citysouth13211kv,2015,365,2014-05-01,2015-04-30,0,96,MW,0.9996860730593607,0,0,0,365,True
2015/Clovelly 132_11kV FY2015.csv,c7d5eaffc9fd1de1eaf3a2fc952e1f33d530ef71a8a4376b0009831daf7862a2,Clovelly 132_11kV,clovelly13211kv,2015,365,2014-05-01,2015-04-30,0,96,MW,0.9996860730593607,0,0,0,365,True
2015/Concord 33_11kV FY2015.csv,394773617ef5c734326d0cad7d4a37a40c557e88819858ba2e36f8ebda3181a4,Concord 33_11kV,concord3311kv,2015,365,2014-05-01,2015-04-30,0,96,MW,0.9969463470319635,0,0,0,364,True
2015/Cronulla 132_11kV FY2015.csv,de046b258c193bf2070cf8c9e1264f27927814c1038a325ce82eeca845339739,Cronulla 132_11kV,cronulla13211kv,2015,365,2014-05-01,2015-04-30,0,96,MW,0.9969463470319635,0,0,0,364,True
2015/Croudace Bay 33_11kV FY2015.csv,e8cc821931150a954dfbd7fafc733f85b66de779b37cdfa3f6004574326cc8e5,Croudace Bay 33_11kV,croudacebay3311kv,2015,365,2014-05-01,2015-04-30,0,96,MW,0.9969463470319635,0,0,0,364,True
2015/Crows Nest 33_11kV FY2015.csv,6172e3ed72d42d35a0e9c89dac99361a47cebec58d291e6568aea76a5a36b7e5,Crows Nest 33_11kV,crowsnest3311kv,2015,365,2014-05-01,2015-04-30,0,96,MW,0.9969463470319635,0,0,0,364,True
2015/Dalley St 132_11kV FY2015.csv,ea73d899e90c2349603a225d08ba8a243a38953f371a0acc57bbbcbb20892b16,Dalley St 132_11kV,dalleyst13211kv,2015,365,2014-05-01,2015-04-30,0,96,MW,0.9969463470319635,0,0,0,364,True
2015/Darling Harbour 132_11kV FY2015.csv,a76857e6955f22ec131260090467e65047e0273f7693e0b22ce3f50bf644ecb0,Darling Harbour 132_11kV,darlingharbour13211kv,2015,365,2014-05-01,2015-04-30,0,96,MW,0.9996860730593607,0,0,0,365,True
2015/Darlinghurst 33_11kV FY2015.csv,eeb37120ac7e5b260f965c19b6c46be79fe0d2e0e071409461c0f68172428835,Darlinghurst 33_11kV,darlinghurst3311kv,2015,365,2014-05-01,2015-04-30,0,96,MW,0.9969463470319635,0,0,0,364,True
2015/Dee Why West 33_11kV FY2015.csv,444c31d63caa011caf7aa34b7704dc24bddedd52e9539d415d72657ba2a88581,Dee Why West 33_11kV,deewhywest3311kv,2015,365,2014-05-01,2015-04-30,0,96,MW,0.9969463470319635,0,0,0,364,True
2015/Denman 66_11kV FY2015.csv,34000e38187905628de3eafda7a33965396c2e81f4fe82b721ec102618e3fa32,Denman 66_11kV,denman6611kv,2015,365,2014-05-01,2015-04-30,0,96,MW,0.9972602739726028,0,0,0,364,True
2015/Double Bay 132_11kV FY2015.csv,ac3df582f912970645be9e73bcfad7060267fc9bdd7515481d1134d95356512e,Double Bay 132_11kV,doublebay13211kv,2015,365,2014-05-01,2015-04-30,0,96,MW,0.9996860730593607,0,0,0,365,True
2015/Drummoyne 132_11kV FY2015.csv,8f170356a54825b880184fadec46867006fdf5f41f3a38e4478ee2351a3ca7e2,Drummoyne 132_11kV,drummoyne13211kv,2015,365,2014-05-01,2015-04-30,0,96,MW,0.9969463470319635,0,0,0,364,True
2015/Dulwich Hill 33_11kV FY2015.csv,a18a8f7d7d61d9907f95f45f716cecdbd5322cdb5260e487c90a387594d395ff,Dulwich Hill 33_11kV,dulwichhill3311kv,2015,365,2014-05-01,2015-04-30,0,96,MW,0.9996860730593607,0,0,0,365,True
2015/East Maitland 33_11kV FY2015.csv,10c1d045375e149c70048581ba8bb4f21240d6efa2d664850c293c5a94449025,East Maitland 33_11kV,eastmaitland3311kv,2015,365,2014-05-01,2015-04-30,0,96,MW,0.9972317351598173,0,0,0,364,True
2015/Edgeworth 33_11kV FY2015.csv,80b872e511150814bc7aa1aac5938f9fc8857238e2f3eb5539cddb354abd5aca,Edgeworth 33_11kV,edgeworth3311kv,2015,365,2014-05-01,2015-04-30,0,96,MW,0.9938070776255707,0,0,0,362,True
2015/Empire Bay 66_11kV FY2015.csv,5dde2dec2467e051df30338bbfb7102905de11d0ba5be4cbb18598ad7d069cc2,Empire Bay 66_11kV,empirebay6611kv,2015,365,2014-05-01,2015-04-30,0,96,MW,0.9802796803652968,0,0,0,357,True
2015/Enfield 33_11kV FY2015.csv,ccad994f238f387c98bee8ec45eb6132417fb86f3372ef2d34dfe13331d630ec,Enfield 33_11kV,enfield3311kv,2015,365,2014-05-01,2015-04-30,0,96,MW,0.9996860730593607,0,0,0,365,True
2015/Engadine 33_11kV FY2015.csv,4e486dd4e4275c13d23a0b877a7e9bf8bfc5afbe9113fbeada78d6ebbd1c31f1,Engadine 33_11kV,engadine3311kv,2015,365,2014-05-01,2015-04-30,0,96,MW,0.9996860730593607,0,0,0,365,True
2015/Epping 66_11kV FY2015.csv,1a04d1a8292288ef0d01ded92ba1a672b3c13d055e10e09b76e08a6331b73c95,Epping 66_11kV,epping6611kv,2015,365,2014-05-01,2015-04-30,0,96,MW,0.9997431506849315,0,0,0,365,True
2015/Erina 66_11kV FY2015.csv,82c9a58b4869ad1187277fc7317d8d94b2de21b728d8608d85cb7e6e239ee76e,Erina 66_11kV,erina6611kv,2015,365,2014-05-01,2015-04-30,0,96,MW,0.9996860730593607,0,0,0,365,True
2015/Five Dock 33_11kV FY2015.csv,e0f98ec05b892a7a5e5b69cb416e6a90a86685818c0206d26a65bd728a09378a,Five Dock 33_11kV,fivedock3311kv,2015,365,2014-05-01,2015-04-30,0,96,MW,0.9969463470319635,0,0,0,364,True
2015/Flemington 132_11kV FY2015.csv,55f24f54cf366be14bb5e65f48b861736ca5261cfc23dedb8c621f31bc152ebf,Flemington 132_11kV,flemington13211kv,2015,365,2014-05-01,2015-04-30,0,96,MW,0.9996860730593607,0,0,0,365,True
2015/Galston 132_11kV FY2015.csv,cd1d1bbd6feea93f1d65ba4f28d73ea4906233e91ce6bc3ce1e8926bc6d7d610,Galston 132_11kV,galston13211kv,2015,365,2014-05-01,2015-04-30,0,96,MW,0.9985159817351598,0,0,0,363,True
2015/Gateshead 33_11kV FY2015.csv,f1849f3c38a4003b9f3ea649bfdd14177385acc9cb085bbd0f296ca82566fcd1,Gateshead 33_11kV,gateshead3311kv,2015,365,2014-05-01,2015-04-30,0,96,MW,0.9970319634703196,0,0,0,364,True
2015/Gore Hill 33_11kV FY2015.csv,f5eb586c74bc78a62e12b845ac57841998a87afe907e54cee54134a0cd4d2d99,Gore Hill 33_11kV,gorehill3311kv,2015,365,2014-05-01,2015-04-30,0,96,MW,0.9998858447488584,0,0,0,365,True
2015/Green Square 132_11kV FY2015.csv,6ca8d87e3e8feb4e3b861699ce086de1ee7d55cf4cfdf802a4aa98f736c99ce6,Green Square 132_11kV,greensquare13211kv,2015,365,2014-05-01,2015-04-30,0,96,MW,0.9996860730593607,0,0,0,365,True
2015/Greenacre Park 132_11kV FY2015.csv,92d4ccc8ebba449fd818578a1ec6bd937546f959bbf175d15c534f8585a2a822,Greenacre Park 132_11kV,greenacrepark13211kv,2015,365,2014-05-01,2015-04-30,0,96,MW,0.9969463470319635,0,0,0,364,True
2015/Gwawley Bay 132_11kV FY2015.csv,4a42c57ca11e375295ebaa63a9021453eba6bec81578fe4688fc7723a499e88a,Gwawley Bay 132_11kV,gwawleybay13211kv,2015,365,2014-05-01,2015-04-30,0,96,MW,0.9969463470319635,0,0,0,364,True
2015/Gwawley Bay 33_11kV FY2015.csv,455208d6f12fad3e4584f6e790719c970add91c104d7fedf94cf4faf62df5ed8,Gwawley Bay 33_11kV,gwawleybay3311kv,2015,365,2014-05-01,2015-04-30,0,96,MW,0.9969463470319635,0,0,0,364,True
2015/Harbord 33_11kV FY2015.csv,60ac3a39e0cfb3657d1f33c8c8b92f2b34b2441bc33d7f8860f091972d339e12,Harbord 33_11kV,harbord3311kv,2015,365,2014-05-01,2015-04-30,0,96,MW,0.9969178082191781,0,0,0,364,True
2015/Homebush Bay 132_11kV FY2015.csv,20e74809c2210c833f1698cb178caa8efe7adeba8751fbfdd4bae2c05e7b07e0,Homebush Bay 132_11kV,homebushbay13211kv,2015,365,2014-05-01,2015-04-30,0,96,MW,0.9996860730593607,0,0,0,365,True
2015/Hornsby 132_11kV FY2015.csv,51e85d4c6427b87ff47cf9478fde2b65b46482d9fe8fbc030055fbcb425760cc,Hornsby 132_11kV,hornsby13211kv,2015,365,2014-05-01,2015-04-30,0,96,MW,0.9996575342465753,0,0,0,365,True
2015/Hunters Hill 66_11kV FY2015.csv,6dfeb5266eb3139a7b5d89d6ea8dca79c27a2ff42b1cc9f9c7ec578d6ddcc810,Hunters Hill 66_11kV,huntershill6611kv,2015,365,2014-05-01,2015-04-30,0,96,MW,0.9969463470319635,0,0,0,364,True
2015/Hurstville North 132_11kV FY2015.csv,8a7f27185cc64ab581f783eba2180b365fd86b37785701051c759bab6c1d62af,Hurstville North 132_11kV,hurstvillenorth13211kv,2015,365,2014-05-01,2015-04-30,0,96,MW,0.5355593607305936,0,0,0,195,False
2015/Hurstville North 33_11kV FY2015.csv,7bcce416a355f756ea9df0deddd09f19fe4a22c9a151e6519c615b40fab80e9d,Hurstville North 33_11kV,hurstvillenorth3311kv,2015,365,2014-05-01,2015-04-30,0,96,MW,0.9969463470319635,0,0,0,364,True
2015/Jannali 33_11kV FY2015.csv,85cec08001bac4940dc4542532df22822b76943f9faaf8e97468bd6d88282500,Jannali 33_11kV,jannali3311kv,2015,365,2014-05-01,2015-04-30,0,96,MW,0.8062214611872146,0,0,0,294,False
2015/Jesmond 132_11kV FY2015.csv,97f002cc8e014615ae8aa0e9248600876f2f21485cdc4b86655a622c8ebe1b27,Jesmond 132_11kV,jesmond13211kv,2015,365,2014-05-01,2015-04-30,0,96,MW,0.9972888127853882,0,0,0,364,True
2015/Jewells 33_11kV FY2015.csv,86806aadfaeac92ebaf4f42635bd9fc8026616f0602d61ca38ecb65f6135afc6,Jewells 33_11kV,jewells3311kv,2015,365,2014-05-01,2015-04-30,0,96,MW,0.9970319634703196,0,0,0,364,True
2015/Killarney 33_11kV FY2015.csv,7fa89e6a21bcc54b87197d24fb97e4923a4204331af65d797908a0634e9b6fd3,Killarney 33_11kV,killarney3311kv,2015,365,2014-05-01,2015-04-30,0,96,MW,0.9969463470319635,0,0,0,364,True
2015/Kingsford 132_11kV FY2015.csv,0edae5fe62dccd3dafa1ffdb42455fb0696479637fbfd5af72c209537abc47a0,Kingsford 132_11kV,kingsford13211kv,2015,365,2014-05-01,2015-04-30,0,96,MW,0.9996860730593607,0,0,0,365,True
2015/Kirrawee 132_11kV FY2015.csv,b843ec67bc50b4260bdda3df94e4ff630037495f2e7f5b26a2a6b91285808113,Kirrawee 132_11kV,kirrawee13211kv,2015,365,2014-05-01,2015-04-30,0,96,MW,0.9996860730593607,0,0,0,365,True
2015/Kogarah 132_11kV FY2015.csv,a87b8a73b0c9006d965862393b2a13ccf1b3e0e59118ff9f04bb377dfc6e88a5,Kogarah 132_11kV,kogarah13211kv,2015,365,2014-05-01,2015-04-30,0,96,MW,0.996689497716895,0,0,0,363,True
2015/Kotara 33_11kV FY2015.csv,9b531b12fd0a5295bdabf9b397d6a4a377b43a21c89eea93ce0bd3190af5933f,Kotara 33_11kV,kotara3311kv,2015,365,2014-05-01,2015-04-30,0,96,MW,0.9885844748858448,0,0,0,361,True
2015/Kurri 132_11kV FY2015.csv,738b39b863af47e436e52cc4bfc5d0bddcaee8b2b62d313162361a8f389cf3ce,Kurri 132_11kV,kurri13211kv,2015,365,2014-05-01,2015-04-30,0,96,MW,0.9998858447488584,0,0,0,365,True
2015/Lake Munmorah 132_11kV FY2015.csv,d81df190f73eee0cce8256f4ab884c9178250002203d1de56b0725d92ee6692f,Lake Munmorah 132_11kV,lakemunmorah13211kv,2015,365,2014-05-01,2015-04-30,0,96,MW,0.9970034246575342,0,0,0,362,True
2015/Leichhardt 33_11kV FY2015.csv,e6443c991c7f1dc3146c0a3400fb76ee2f3211f6453dd353e3e2f6bc68633c8d,Leichhardt 33_11kV,leichhardt3311kv,2015,365,2014-05-01,2015-04-30,0,96,MW,0.9941780821917808,0,0,0,363,True
2015/Leightonfield 33_11kV FY2015.csv,33eb7f4cf9aeb2fc6c72dcd28fd116963037d190148aed19f0622679de9e148c,Leightonfield 33_11kV,leightonfield3311kv,2015,365,2014-05-01,2015-04-30,0,96,MW,0.9942066210045662,0,0,0,363,True
2015/Lemington 66_11kV FY2015.csv,a61fcab9d3de37fa730dbbf719ca34ba588a5224f03638cb9f027b32965628a3,Lemington 66_11kV,lemington6611kv,2015,365,2014-05-01,2015-04-30,0,96,MW,0.9997431506849315,0,0,0,364,True
2015/Lidcombe 33_11kV FY2015.csv,63386b1dec4092e0202c6b98704e72e6d62d44375ac2e4b4299fa54239af8074,Lidcombe 33_11kV,lidcombe3311kv,2015,365,2014-05-01,2015-04-30,0,96,MW,0.9942066210045662,0,0,0,363,True
2015/Lindfield 33_11kV FY2015.csv,ce530608b5c5dc9a14246810003d5e4fb0efe9fb0d64e223ed01af4eccbc1e7e,Lindfield 33_11kV,lindfield3311kv,2015,365,2014-05-01,2015-04-30,0,96,MW,0.9998858447488584,0,0,0,365,True
2015/Lisarow 33_11kV FY2015.csv,a2c01a19e4e75f5d006d508e473cded45f56f12058b5059928b41b55831f80e6,Lisarow 33_11kV,lisarow3311kv,2015,365,2014-05-01,2015-04-30,0,96,MW,0.9942066210045662,0,0,0,363,True
2015/Long Jetty 66_11kV FY2015.csv,06adb41f428b4771a6be0741f26226fe72b6fb39b086e0ada45821f064ff5fb2,Long Jetty 66_11kV,longjetty6611kv,2015,365,2014-05-01,2015-04-30,0,96,MW,0.99412100456621,0,0,0,363,True
2015/Macquarie Park 132_11kV FY2015.csv,792bad39f84b659f24b296094e2e91f771ccef13913e5e3aaaa450b0e8869986,Macquarie Park 132_11kV,macquariepark13211kv,2015,365,2014-05-01,2015-04-30,0,96,MW,0.9969463470319635,0,0,0,364,True
2015/Maitland 33_11kV FY2015.csv,a8424529a99ddfc0ab9ef39b32628099c90a0ba517aa51cc30f2f54b8809971d,Maitland 33_11kV,maitland3311kv,2015,365,2014-05-01,2015-04-30,0,96,MW,0.9998858447488584,0,0,0,365,True
2015/Manly 33_11kV FY2015.csv,818fb868107cbc4cc070fc69fd80ba0843bc890ae59146eed62a57e54cbcdb89,Manly 33_11kV,manly3311kv,2015,365,2014-05-01,2015-04-30,0,96,MW,0.8474600456621004,0,0,0,303,False
2015/Maroubra 132_11kV FY2015.csv,63eac907dc91379142fa07b29cdb5e502606e93564eec2bfd7dcffc1396d3e4a,Maroubra 132_11kV,maroubra13211kv,2015,365,2014-05-01,2015-04-30,0,96,MW,0.9968036529680365,0,0,0,364,True
2015/Marrickville 132_11kV FY2015.csv,eb9d4b43b6697756e1959cd0219895d94ca2def0a91bf4975b48eda38ebff8ef,Marrickville 132_11kV,marrickville13211kv,2015,365,2014-05-01,2015-04-30,0,96,MW,0.9942066210045662,0,0,0,363,True
2015/Maryland 132_11kV FY2015.csv,ff347529aedbced2d321da145882a5f11dea5feccc198bf988846c505484062c,Maryland 132_11kV,maryland13211kv,2015,365,2014-05-01,2015-04-30,0,96,MW,0.9990582191780822,0,0,0,363,True
2015/Mascot 33_11kV FY2015.csv,e6490607bb16e477b13fadd9c1cc68e7bd226460d04cfc63567cedcf6eb940b7,Mascot 33_11kV,mascot3311kv,2015,365,2014-05-01,2015-04-30,0,96,MW,0.9969463470319635,0,0,0,364,True
2015/Matraville 33_11kV FY2015.csv,d86f69b0cbab38a6c302ad6b08b62fc7d19a944c3131421f1ec7ff3a03605e8a,Matraville 33_11kV,matraville3311kv,2015,365,2014-05-01,2015-04-30,0,96,MW,0.9942066210045662,0,0,0,363,True
2015/Mayfield 33_11kV FY2015.csv,a970566c813902eb9173e9a6029873a66e560fd43e09bb4f4707841c514b2d45,Mayfield 33_11kV,mayfield3311kv,2015,365,2014-05-01,2015-04-30,0,96,MW,0.48932648401826484,0,0,4,177,False
2015/Mayfield West 132_11kV FY2015.csv,6048bf05e89093df0f7c99b73e12e0e173d39fd2b0b3a7fa4b3817b597ff290d,Mayfield West 132_11kV,mayfieldwest13211kv,2015,365,2014-05-01,2015-04-30,0,96,MW,0.9972888127853882,0,0,0,364,True
2015/Meadowbank 132_11kV FY2015.csv,8a4438570d8488fde7d883d812be34d1fa1e6eb9ecc3f79109f1b5a3c27a7069,Meadowbank 132_11kV,meadowbank13211kv,2015,365,2014-05-01,2015-04-30,0,96,MW,0.9942066210045662,0,0,0,363,True
2015/Medowie 33_11kV FY2015.csv,fe881b80ae357758b8ec87ae59c4bc7f354005a6f88c5d0cd1882182848fbdee,Medowie 33_11kV,medowie3311kv,2015,365,2014-05-01,2015-04-30,0,96,MW,0.6557933789954338,0,0,0,239,False
2015/Menai 132_11kV FY2015.csv,60ba9f30d8aaf20504b2236f3f3af415bca045efbb520b5946dbf1d2f5fcb29f,Menai 132_11kV,menai13211kv,2015,365,2014-05-01,2015-04-30,0,96,MW,0.9942066210045662,0,0,0,363,True
2015/Merriwa 33_11kV FY2015.csv,13b81e86f7ec87c40292b601523f7d1191f6b2f5110b1f34c8f26926a1416744,Merriwa 33_11kV,merriwa3311kv,2015,365,2014-05-01,2015-04-30,0,96,MW,0.9965753424657534,0,0,0,363,True
2015/Milperra 132_11kV FY2015.csv,41df8225ffc80c97c6c54a99b985d99859f17f613089a8f5bad1fd817e46596d,Milperra 132_11kV,milperra13211kv,2015,365,2014-05-01,2015-04-30,0,96,MW,0.9942066210045662,0,0,0,363,True
2015/Miranda 33_11kV FY2015.csv,ba4cba0e96640a1cc7bcddb5d03a684530b52388cc1575456420e58956d8be42,Miranda 33_11kV,miranda3311kv,2015,365,2014-05-01,2015-04-30,0,96,MW,0.9996860730593607,0,0,0,365,True
2015/Mitchell Line 66_11kV FY2015.csv,2b3a9cb3052c7c53171dd62cd66b38ace5d47c19f7adb1269cdf8a3eb77e1f61,Mitchell Line 66_11kV,mitchellline6611kv,2015,365,2014-05-01,2015-04-30,0,96,MW,0.9945490867579909,0,0,0,363,True
2015/Mitchells Flat 66_11kV FY2015.csv,83e43bf416ac2d3f5126f1e8d31386f2c7a68140384b9f7c0c35d9e3fbd23e72,Mitchells Flat 66_11kV,mitchellsflat6611kv,2015,365,2014-05-01,2015-04-30,0,96,MW,0.943892694063927,0,0,0,339,False
2015/Mona Vale 33_11kV FY2015.csv,b97a06216296ef53356bbd1b058887e21469ec4b99bd1a73d809ad2b6f33a849,Mona Vale 33_11kV,monavale3311kv,2015,365,2014-05-01,2015-04-30,0,96,MW,0.9969463470319635,0,0,0,364,True
2015/Moonan 33_11kV FY2015.csv,001ad61b914d2d296f11ee4b915e75210dccb7d673502a68ba6082ac7999ee31,Moonan 33_11kV,moonan3311kv,2015,365,2014-05-01,2015-04-30,0,96,MW,0.9993436073059361,0,0,0,363,True
2015/Morisset 132_11kV FY2015.csv,cdb104cd6e22ba518cbff0ba329d7df522e3365bd7f6b82dd630dee8bed670e7,Morisset 132_11kV,morisset13211kv,2015,365,2014-05-01,2015-04-30,0,96,MW,0.9863584474885845,0,0,0,360,True
2015/Mortdale 33_11kV FY2015.csv,de09996ff6fe3e63b3cd6e68cb6eb75f7caf9e0a193652902eebe77895315fb5,Mortdale 33_11kV,mortdale3311kv,2015,365,2014-05-01,2015-04-30,0,96,MW,0.9942066210045662,0,0,0,363,True
2015/Mosman 132_11kV FY2015.csv,39f09f2b1fdce0abd30feaf720ff14a4ff6dc65f59cde9f819d738b9e9e38725,Mosman 132_11kV,mosman13211kv,2015,365,2014-05-01,2015-04-30,0,96,MW,0.9966324200913242,0,0,0,364,True
2015/Mt Hutton 33_11kV FY2015.csv,1a6bde1184fe6951f9e45cb1bd5bdbfd7375ee0ebf06a5888dcb3696250c8136,Mt Hutton 33_11kV,mthutton3311kv,2015,365,2014-05-01,2015-04-30,0,96,MW,0.9886415525114155,0,0,0,359,True
2015/Mt Thorley 66_11kV FY2015.csv,ff13cc5a6573357721eb122ff8dd8c0c3c64a52252008e84943c15ffc7f8a74c,Mt Thorley 66_11kV,mtthorley6611kv,2015,365,2014-05-01,2015-04-30,0,96,MW,0.9946917808219178,0,0,0,363,True
2015/Muswellbrook 33_11kV FY2015.csv,1b2e3ead7617359750900df79698e41000e70f6a4dd849c718a2548ed8352285,Muswellbrook 33_11kV,muswellbrook3311kv,2015,365,2014-05-01,2015-04-30,0,96,MW,0.9957477168949772,0,0,0,363,True
2015/Narrabeen 33_11kV FY2015.csv,b87498d25fabcec6505451fa0828738f3733f0e35376ac528c21f8b141f0a881,Narrabeen 33_11kV,narrabeen3311kv,2015,365,2014-05-01,2015-04-30,0,96,MW,0.993607305936073,0,0,0,362,True
2015/Nelson Bay 33_11kV FY2015.csv,07e484d6efb29a7f6de88d7a854c12fb41a8d2421e528e62b19d41e73d046f62,Nelson Bay 33_11kV,nelsonbay3311kv,2015,365,2014-05-01,2015-04-30,0,96,MW,0.994406392694064,0,0,0,363,True
2015/Newcastle CBD 33_11kV FY2015.csv,767342587368f2092d2f5c47884426c8472b0b75adad8a773d6bb53c66bdfc4f,Newcastle CBD 33_11kV,newcastlecbd3311kv,2015,365,2014-05-01,2015-04-30,0,96,MW,0.9969178082191781,0,0,0,363,True
2015/Newport 33_11kV FY2015.csv,cd6a621030a1c74766517962f4ebd1edfa95cd31edb3738d49bdc8ab3bf99707,Newport 33_11kV,newport3311kv,2015,365,2014-05-01,2015-04-30,0,96,MW,0.9969463470319635,0,0,0,364,True
2015/Noraville 33_11kV FY2015.csv,6e1e29b5004b36fbb17a8a1cdb16f2f900d8969930a2587f1968a303f02cb568,Noraville 33_11kV,noraville3311kv,2015,365,2014-05-01,2015-04-30,0,96,MW,0.9969463470319635,0,0,0,364,True
2015/North Sydney 33_11kV FY2015.csv,b83e3d366c5e3b79aeb2349c411b3806abbc8d75a0fa32aa26d6e0cb054416f8,North Sydney 33_11kV,northsydney3311kv,2015,365,2014-05-01,2015-04-30,0,96,MW,0.9969463470319635,0,0,0,364,True
2015/Nulkaba 33_11kV FY2015.csv,1439f41ece036b5ee0e95c150b224eb93cb2cbf2327ea7bfd63ed966e7cf8e55,Nulkaba 33_11kV,nulkaba3311kv,2015,365,2014-05-01,2015-04-30,0,96,MW,0.9923801369863013,0,0,0,362,True
2015/Paddington 33_11kV FY2015.csv,7f6ff3f65fd8968cec0fc83e005d6d33e34c280721128d8bb3d3ec1db4402165,Paddington 33_11kV,paddington3311kv,2015,365,2014-05-01,2015-04-30,0,96,MW,0.9969463470319635,0,0,0,364,True
2015/Paxton 33_11kV FY2015.csv,aec23559ffb9b17751ac0459c657cc814743eac5ce2275501d59597c91d39e7c,Paxton 33_11kV,paxton3311kv,2015,365,2014-05-01,2015-04-30,0,96,MW,0.9935216894977169,0,0,0,362,True
2015/Peats Ridge 33_11kV FY2015.csv,42f65668190fd3201800fdc41509cd8235486fbfca13c110b4f4ef5717eb07b6,Peats Ridge 33_11kV,peatsridge3311kv,2015,365,2014-05-01,2015-04-30,0,96,MW,0.990582191780822,0,0,0,361,True
2015/Pelican 33_11kV FY2015.csv,4028904c3e6dd7e8a26a7be68a7ca5766c326a76617265b293692a85875e22b3,Pelican 33_11kV,pelican3311kv,2015,365,2014-05-01,2015-04-30,0,96,MW,0.9882134703196347,0,0,0,360,True
2015/Pennant Hills 132_11kV FY2015.csv,43e358186765a2461780e8c0e7bd5d032326045808caa45808a41be1c662a40b,Pennant Hills 132_11kV,pennanthills13211kv,2015,365,2014-05-01,2015-04-30,0,96,MW,0.9942066210045662,0,0,0,363,True
2015/Port Botany 33_11kV FY2015.csv,a78128c938a84b467a808c36d62c1a7c27e40425dbc3fe3069e92ccfee52eb8e,Port Botany 33_11kV,portbotany3311kv,2015,365,2014-05-01,2015-04-30,0,96,MW,0.9968036529680365,0,0,0,364,True
2015/Potts Hill 132_11kV FY2015.csv,f1766a78e4f44ab76ffcf7646f7fd14e1da1c6a13472f4e59f3fcf40658f782c,Potts Hill 132_11kV,pottshill13211kv,2015,365,2014-05-01,2015-04-30,0,96,MW,0.9998858447488584,0,0,0,365,True
2015/Punchbowl 33_11kV FY2015.csv,395ff571422357b05c5c0b7a6000333a77eb7f25d580b1902c0e236917eaff1f,Punchbowl 33_11kV,punchbowl3311kv,2015,365,2014-05-01,2015-04-30,0,96,MW,0.9969463470319635,0,0,0,364,True
2015/Pymble 33_11kV FY2015.csv,7255f98be3b0bde402015d084f371a6825ebd0e0170f42d65a1697b14a1d6b73,Pymble 33_11kV,pymble3311kv,2015,365,2014-05-01,2015-04-30,0,96,MW,0.9942066210045662,0,0,0,363,True
2015/Rathmines 132_11kV FY2015.csv,b1b44c0f6c5593b13b735927c64f2216789cc6407fbecdc0f3282b8ace64c651,Rathmines 132_11kV,rathmines13211kv,2015,365,2014-05-01,2015-04-30,0,96,MW,0.9998858447488584,0,0,0,365,True
2015/Rathmines 132_11kV Temp FY2015.csv,e95a5aa148e8e913f7c849a3d4df17e03b8f3faaf10844996a78ce22125ed792,Rathmines 132_11kV Temp,rathmines13211kvtemp,2015,365,2014-05-01,2015-04-30,0,96,MW,0.0,0,0,0,0,False
2015/Raymond Terr NEW 33_11kV FY2015.csv,22eabd83a07dbf17a5ee37f62845261aab9047fd7fa71e9e3996f6a300d7c430,Raymond Terr NEW 33_11kV,raymondterrnew3311kv,2015,365,2014-05-01,2015-04-30,0,96,MW,0.9985730593607306,0,0,0,364,True
2015/Revesby 132_11kV FY2015.csv,8e91406fb4fd952c5131072614823c976221cdd0f3a319479c4a698f96d6059c,Revesby 132_11kV,revesby13211kv,2015,365,2014-05-01,2015-04-30,0,96,MW,0.9942066210045662,0,0,0,363,True
2015/Riverwood 33_11kV FY2015.csv,48e69799ed9e73d82e1c08c276392877684669c3b066e86141796617fb3a9e8e,Riverwood 33_11kV,riverwood3311kv,2015,365,2014-05-01,2015-04-30,0,96,MW,0.9942066210045662,0,0,0,363,True
2015/Rockdale 33_11kV FY2015.csv,2a6ea3a146a6f498904617929c885e2820b1791544812366280f58834709de7e,Rockdale 33_11kV,rockdale3311kv,2015,365,2014-05-01,2015-04-30,0,96,MW,0.9969463470319635,0,0,0,364,True
2015/Rose Bay 132_11kV FY2015.csv,e59ef167bac863d5135680b15ed541d2f30ae14695ad426197fe8d7c36437b18,Rose Bay 132_11kV,rosebay13211kv,2015,365,2014-05-01,2015-04-30,0,96,MW,0.5541381278538813,0,0,0,202,False
2015/Rose Bay 33_11kV FY2015.csv,fe584af0509e51fdfbbc4303cece10898a59e95e53d7c7f8d36d20a6e29edcd7,Rose Bay 33_11kV,rosebay3311kv,2015,365,2014-05-01,2015-04-30,0,96,MW,0.9942066210045662,0,0,0,363,True
2015/Rothbury 132_11kV FY2015.csv,07a29f28513ab98c55ce04c4e4390e8bfd36b7357f366ec7e834b3c0c3dbe63e,Rothbury 132_11kV,rothbury13211kv,2015,365,2014-05-01,2015-04-30,0,96,MW,0.9997716894977169,0,0,0,365,True
2015/Rouchel 33_11kV FY2015.csv,d2c078f00e29f272192239523d1f571be0daf33fb28409f4f6cf43502acf2bfa,Rouchel 33_11kV,rouchel3311kv,2015,365,2014-05-01,2015-04-30,0,96,MW,0.9945776255707762,0,0,0,358,True
2015/Rutherford 33_11kV FY2015.csv,6ef319bfb95adaad8e616fe5b0f927ead8b4f212ae47bd769682f9eca78a80c5,Rutherford 33_11kV,rutherford3311kv,2015,365,2014-05-01,2015-04-30,0,96,MW,0.9998858447488584,0,0,0,365,True
2015/Sans Souci 33_11kV FY2015.csv,9248f6196e291ae90c927e0c340ae52ff4db1f5da1d2e7a49a91a4c03ad55d1f,Sans Souci 33_11kV,sanssouci3311kv,2015,365,2014-05-01,2015-04-30,0,96,MW,0.991466894977169,0,0,0,362,True
2015/Scone 66_11kV FY2015.csv,ed931ce86eb03e74222ba61d0779d6134dfcb9343cb5783822725f3fb0eb451c,Scone 66_11kV,scone6611kv,2015,365,2014-05-01,2015-04-30,0,96,MW,0.9998858447488584,0,0,0,365,True
2015/Sefton 132_11kV FY2015.csv,13036ab381fb8059474b356743a1429166f95a47d30649534ae2502dd0c090d8,Sefton 132_11kV,sefton13211kv,2015,365,2014-05-01,2015-04-30,0,96,MW,0.9938356164383562,0,0,0,362,True
2015/Singleton North 66_11kV FY2015.csv,8453bf2dae42559471926eef06d0b3bf1d6ed7f5f32b7fc8a72531876f08dfed,Singleton North 66_11kV,singletonnorth6611kv,2015,365,2014-05-01,2015-04-30,0,96,MW,0.9970034246575342,0,0,0,364,True
2015/Somersby 132_11kV FY2015.csv,2b28db750482fa3289222a17030be079c1c404fcbf0707d18934a5836aded7c6,Somersby 132_11kV,somersby13211kv,2015,365,2014-05-01,2015-04-30,0,96,MW,0.9979737442922374,0,0,0,363,True
2015/St Ives 33_11kV FY2015.csv,2c4b50b52ed0dec51c73c7751f5dde92e82196f2409a053984bac37f70c21125,St Ives 33_11kV,stives3311kv,2015,365,2014-05-01,2015-04-30,0,96,MW,0.9942066210045662,0,0,0,363,True
2015/St Peters 132_11kV FY2015.csv,40117c9b83840c3306273c4413c8fcd1593ad46b379f5f90cddb14455c968be0,St Peters 132_11kV,stpeters13211kv,2015,365,2014-05-01,2015-04-30,0,96,MW,0.9994292237442922,0,0,0,364,True
2015/Stockton 33_11kV FY2015.csv,74f31b667ab22f2c403f8fa00f40af45d0a099ba71a89b2236d504270d18cb02,Stockton 33_11kV,stockton3311kv,2015,365,2014-05-01,2015-04-30,0,96,MW,0.9968321917808219,0,0,0,363,True
2015/Surry Hills 33_11kV FY2015.csv,38b184f14f30a0c7c26278859ae787a9db15d114d6c7dd66b22943c72f73de69,Surry Hills 33_11kV,surryhills3311kv,2015,365,2014-05-01,2015-04-30,0,96,MW,0.9942066210045662,0,0,0,363,True
2015/Swansea 33_11kV FY2015.csv,821afee4a03312409ac9ea94d4565434fb5287cc16fce6ddf6e7a732dc089010,Swansea 33_11kV,swansea3311kv,2015,365,2014-05-01,2015-04-30,0,96,MW,0.9938641552511416,0,0,0,361,True
2015/Tanilba Bay 33_11kV FY2015.csv,c171c360e8b05ddd86a5b39076a1d592c8ee1e43806e042aa4b216a8baa1c4ec,Tanilba Bay 33_11kV,tanilbabay3311kv,2015,365,2014-05-01,2015-04-30,0,96,MW,0.9997146118721462,0,0,0,364,True
2015/Telarah 33_11kV FY2015.csv,d1837e9605a07e01465f57ce13697c9f0c62563dc05674b860bd66d7e8b0f7eb,Telarah 33_11kV,telarah3311kv,2015,365,2014-05-01,2015-04-30,0,96,MW,0.9916381278538813,0,0,0,362,True
2015/Terrey Hills 33_11kV FY2015.csv,2e3fd0b9f0d5190bc9bb060e0b0fdc4583af189d6083a37c5aefcc0de896d828,Terrey Hills 33_11kV,terreyhills3311kv,2015,365,2014-05-01,2015-04-30,0,96,MW,0.9942066210045662,0,0,0,363,True
2015/Thornton 33_11kV FY2015.csv,025b30834371ee5860b9d053f252fb98e7308cb11a24485f28b5d7c6b43b69cc,Thornton 33_11kV,thornton3311kv,2015,365,2014-05-01,2015-04-30,0,96,MW,0.9998858447488584,1,0,1,364,True
2015/Tomago 33_11kV FY2015.csv,f417dfdced636b6e03a9768cbd974a0f03097a7c961d46db5a19a40390b07f71,Tomago 33_11kV,tomago3311kv,2015,365,2014-05-01,2015-04-30,0,96,MW,0.9998858447488584,0,0,0,365,True
2015/Tomalpin 33_11kV FY2015.csv,a67ee8e341ae8278e47c27fd8e219fd1a513c3df60874d4f036738388e8d4296,Tomalpin 33_11kV,tomalpin3311kv,2015,365,2014-05-01,2015-04-30,0,96,MW,0.9915525114155251,0,0,0,361,True
2015/Tomaree 33_11kV FY2015.csv,01669360783517c245e85886e075779f62b3d72340ad41d60d0562331744c50a,Tomaree 33_11kV,tomaree3311kv,2015,365,2014-05-01,2015-04-30,0,96,MW,0.9998858447488584,0,0,0,365,True
2015/Top Ryde 132_11kV FY2015.csv,3699c6d19c554cdacd8749a1f10df3e89ecffcf74ce1ee5ccd1e7f431cd3918b,Top Ryde 132_11kV,topryde13211kv,2015,365,2014-05-01,2015-04-30,0,96,MW,0.9912100456621005,0,0,0,362,True
2015/Toronto 33_11kV FY2015.csv,087fa1e28441fceca37bc390b3ec067f903a86ab2db5c1b796f047ca7bb87038,Toronto 33_11kV,toronto3311kv,2015,365,2014-05-01,2015-04-30,0,96,MW,0.9941495433789954,0,0,0,362,True
2015/Turramurra 33_11kV FY2015.csv,2dfa2173916289f2281ddfb8e45b1d82913cf46b17296bb38f8d48aa5f0c75a1,Turramurra 33_11kV,turramurra3311kv,2015,365,2014-05-01,2015-04-30,0,96,MW,0.9998858447488584,0,0,0,365,True
2015/Umina 66_11kV FY2015.csv,e5a48126c5a83c43c4e3b1685bb9a6dfdf1b949c85d93eb17ae9e532c6a3a97e,Umina 66_11kV,umina6611kv,2015,365,2014-05-01,2015-04-30,0,96,MW,0.9941780821917808,0,0,0,363,True
2015/Wallalong 33_11kV FY2015.csv,3f9dd6a276fd8ee8062926a95fd53bb02899cfe72ea1239ed14ff0048e13efed,Wallalong 33_11kV,wallalong3311kv,2015,365,2014-05-01,2015-04-30,0,96,MW,0.403453196347032,0,0,0,141,False
2015/Wamberal 132_11kV FY2015.csv,de04a3b8d4696c5c311eecfc316fc3123f158a82edb015936f34c1c5bfa95ffd,Wamberal 132_11kV,wamberal13211kv,2015,365,2014-05-01,2015-04-30,0,96,MW,0.9992294520547945,0,0,0,364,True
2015/Wamberal 66_11kV FY2015.csv,e560e1becfe7dfe7443534b8fa4f90ebd694255796a1f1b48f7f8977a482a3a8,Wamberal 66_11kV,wamberal6611kv,2015,365,2014-05-01,2015-04-30,0,96,MW,0.1748002283105023,0,0,105,63,False
2015/Waverley 132_11kV FY2015.csv,94b09613593e1e8b40c4caa5db9de7bd8671caa42e7033d4539d862572df4a76,Waverley 132_11kV,waverley13211kv,2015,365,2014-05-01,2015-04-30,0,96,MW,0.6628995433789955,0,0,0,242,False
2015/Waverley 33_11kV FY2015.csv,027ed233a48bde16c5bae1398b639cc452bec3541ea5db281d26d27cb4cbec17,Waverley 33_11kV,waverley3311kv,2015,365,2014-05-01,2015-04-30,0,96,MW,0.9520262557077626,0,0,0,347,True
2015/West Gosford 132_11kV FY2015.csv,e566d43e77bffd3ee8b772a327823ea606b8b90c146934844d2135ace4d15acc,West Gosford 132_11kV,westgosford13211kv,2015,365,2014-05-01,2015-04-30,0,96,MW,0.991466894977169,0,0,0,362,True
2015/Woy Woy 66_11kV FY2015.csv,b3395dc59bf20694f9dad8ae92ac9de77188368226e563f16155aaa9d260c26a,Woy Woy 66_11kV,woywoy6611kv,2015,365,2014-05-01,2015-04-30,0,96,MW,0.991466894977169,0,0,0,362,True
2015/Wyong 132_11kV FY2015.csv,a1e54cec4a2985b94a4b92cb89032ecff213505616f4618123dd28ce0c56bd3a,Wyong 132_11kV,wyong13211kv,2015,365,2014-05-01,2015-04-30,0,96,MW,0.9942066210045662,0,0,0,363,True
2015/Zetland 132_11kV FY2015.csv,4be0ecd212e0dd0b3f0e5fd37fd2f0f981a94bf8a6a89c5aa701168ed7fb3b12,Zetland 132_11kV,zetland13211kv,2015,365,2014-05-01,2015-04-30,0,96,MW,0.991466894977169,0,0,0,362,True
2016/Aberdeen 66_11kV FY2016.csv,4f64bf6717d0e7323b4d8c33f84b4693f1229fabe2477c88d6e238b6b83647a8,Aberdeen 66_11kV,aberdeen6611kv,2016,366,2015-05-01,2016-04-30,0,96,MW,0.9998861566484517,0,0,0,366,True
2016/Adamstown 132_11kV FY2016.csv,f8859a7a4d69bc46bb27b289d30fca134ab90c5952d13619f549c06bb8c92b9d,Adamstown 132_11kV,adamstown13211kv,2016,366,2015-05-01,2016-04-30,0,96,MW,0.9998861566484517,0,0,0,366,True
2016/Argenton 132_11kV FY2016.csv,7fe1f73523acd24057695d14be1ce3553689b8195c93f4ad748931e501e30de3,Argenton 132_11kV,argenton13211kv,2016,366,2015-05-01,2016-04-30,0,96,MW,0.9998861566484517,0,0,0,366,True
2016/Arncliffe 33_11kV FY2016.csv,d3d542e57cda1f40055e78e2ab0e315246cff04a25ee074e47bd3132d173e1a3,Arncliffe 33_11kV,arncliffe3311kv,2016,366,2015-05-01,2016-04-30,0,96,MW,0.9975523679417122,0,0,0,364,True
2016/Auburn 33_11kV FY2016.csv,177021faa074ae1bf7632c72e9266aef0d79cf3fd3705699537ee62b3584138d,Auburn 33_11kV,auburn3311kv,2016,366,2015-05-01,2016-04-30,0,96,MW,0.9975239071038251,0,0,0,364,True
2016/Avoca 66_11kV FY2016.csv,1e30d1487bfb51f0a498533773ee9f860f477e556c2bc65b4266585aba6af993,Avoca 66_11kV,avoca6611kv,2016,366,2015-05-01,2016-04-30,0,96,MW,0.9998861566484517,0,0,0,366,True
2016/Avondale 33_11kV FY2016.csv,7f8e21fdb18625d14a70358c90105f11580358fb182976bdd809fd7f2e3adb11,Avondale 33_11kV,avondale3311kv,2016,366,2015-05-01,2016-04-30,0,96,MW,0.9998292349726776,0,0,0,366,True
2016/Baerami 33_11kV FY2016.csv,308b3052669b65b3e58d59ee7b64add0e23e0828cc296aa69ec683d554e776ac,Baerami 33_11kV,baerami3311kv,2016,366,2015-05-01,2016-04-30,0,96,MW,0.9965277777777778,0,0,0,360,True
2016/Balgowlah North 132_11kV FY2016.csv,7aa9c0a7ad985847af08e0b286b1a7f067710e5f23cb8a926a18700d4cdf9e74,Balgowlah North 132_11kV,balgowlahnorth13211kv,2016,366,2015-05-01,2016-04-30,0,96,MW,0.9998861566484517,0,0,0,366,True
2016/Bankstown 132_11kV FY2016.csv,f6edd5e10d8de77b3fbe4573bad4a10be2a46a1b3e3d065196484fe60ef554ee,Bankstown 132_11kV,bankstown13211kv,2016,366,2015-05-01,2016-04-30,0,96,MW,0.9972108378870674,0,0,0,363,True
2016/Bass Hill 33_11kV FY2016.csv,7fc6d63d77e89c37ac8244500f8ed759e6dd0afca72f14d7874f3bd85de34317,Bass Hill 33_11kV,basshill3311kv,2016,366,2015-05-01,2016-04-30,0,96,MW,0.9974385245901639,0,0,0,364,True
2016/Beacon Hill 33_11kV FY2016.csv,97ebc5ba4eabd2dcb601a2d89ec2948fb00d7604d00d2ae1e95e8bd3d1187368,Beacon Hill 33_11kV,beaconhill3311kv,2016,366,2015-05-01,2016-04-30,0,96,MW,0.9975523679417122,0,0,0,364,True
2016/Belmore Park 132_11kV FY2016.csv,6a51d70cb0249955eed3cbea71b4015a80df7d040780fff29cf28e19394b2f03,Belmore Park 132_11kV,belmorepark13211kv,2016,366,2015-05-01,2016-04-30,0,96,MW,0.0,0,0,0,0,False
2016/Belrose 33_11kV FY2016.csv,b0418b768640bbcfb623e7b00b25b883829f48fa7b50b3c7b8aed0d4caf8b865,Belrose 33_11kV,belrose3311kv,2016,366,2015-05-01,2016-04-30,0,96,MW,0.9975523679417122,0,0,0,364,True
2016/Berkeley Vale 132_11kV FY2016.csv,5c33be19c27b766330eb51a42f0817a50918f87f8e4feda9abd43d33a1a8de6c,Berkeley Vale 132_11kV,berkeleyvale13211kv,2016,366,2015-05-01,2016-04-30,0,96,MW,0.9998861566484517,0,0,0,366,True
2016/Berowra 132_11kV FY2016.csv,d35e58fc671fb5564d8a3401f67e211d6465ad48eddd6acff60d1ca3fb03457a,Berowra 132_11kV,berowra13211kv,2016,366,2015-05-01,2016-04-30,0,96,MW,0.9975523679417122,0,0,0,364,True
2016/Blackwattle Bay 33_5kV FY2016.csv,a3dc4a0e3d7722a37da40874759373a605f0c49fdeb4e90d0695c8f219aca25e,Blackwattle Bay 33_5kV,blackwattlebay335kv,2016,366,2015-05-01,2016-04-30,0,96,MW,0.9975523679417122,0,0,0,364,True
2016/Blakehurst 33_11kV FY2016.csv,0399fa8f9ff1d5fe1ca7836241ca56dc2f344bba593e8a207c487ddb3eb91ae9,Blakehurst 33_11kV,blakehurst3311kv,2016,366,2015-05-01,2016-04-30,0,96,MW,0.9975523679417122,0,0,0,364,True
2016/Botany 33_11kV FY2016.csv,68de5e5c3e4e386dbe238ea32c8ce006256601b34a913148e0d18bbce7643108,Botany 33_11kV,botany3311kv,2016,366,2015-05-01,2016-04-30,0,96,MW,0.9975523679417122,0,0,0,364,True
2016/Brandy Hill 132_11kV FY2016.csv,ff5ca053500e792492b0f2acd693223ee3d3a01f67befd7c701bc8ce010024d6,Brandy Hill 132_11kV,brandyhill13211kv,2016,366,2015-05-01,2016-04-30,0,96,MW,0.9998861566484517,0,0,0,366,True
2016/Branxton 66_11kV FY2016.csv,19fb774bb23e7066813495c328f43cdac8e60810043dfe0f6e695e121b539a2e,Branxton 66_11kV,branxton6611kv,2016,366,2015-05-01,2016-04-30,0,96,MW,0.9997723132969034,0,0,0,366,True
2016/Broadmeadow 132_11kV FY2016.csv,2c14eda618ed7e05bbb0d91b7ab11cb0661fd26f9c2f3152876e568f3425ab18,Broadmeadow 132_11kV,broadmeadow13211kv,2016,366,2015-05-01,2016-04-30,0,96,MW,0.9998861566484517,0,0,0,366,True
2016/Broadmeadow 33_11kV FY2016.csv,257d1c18d914e0e6afa95a5a6be5073ccd8848b6571c5700d587edfb8072fe09,Broadmeadow 33_11kV,broadmeadow3311kv,2016,366,2015-05-01,2016-04-30,0,96,MW,0.9998292349726776,0,0,9347,366,True
2016/Brookvale 33_11kV FY2016.csv,0f44d61872067b7aed3d602bc1981b3f13b735dcab727cd218d97ed19980d6d6,Brookvale 33_11kV,brookvale3311kv,2016,366,2015-05-01,2016-04-30,0,96,MW,0.9975523679417122,0,0,0,364,True
2016/Burwood 132_11kV FY2016.csv,c9fab0cc60c51a251cee650fdd576ec814a827ecfcee259701a0fe752a7dd4ee,Burwood 132_11kV,burwood13211kv,2016,366,2015-05-01,2016-04-30,0,96,MW,0.997011612021858,0,0,0,363,True
2016/Campbell St 132_11kV FY2016.csv,a6b9a718a2b8b3164227fc32b24dfe20faac82287e8a81b31d1af2672a7dd518,Campbell St 132_11kV,campbellst13211kv,2016,366,2015-05-01,2016-04-30,0,96,MW,0.9974954462659381,0,0,0,364,True
2016/Camperdown 33_11kV FY2016.csv,61af4cd16c35b4e9c4a6221b8a0f555f242b2935af34e0fc7617c3b3edba3955,Camperdown 33_11kV,camperdown3311kv,2016,366,2015-05-01,2016-04-30,0,96,MW,0.9947916666666666,0,0,4,363,True
2016/Camperdown 33_5kV FY2016.csv,342336b5876289c3d49bc31c7789b2daa4e59284e6c752f6ec47214e03c8dced,Camperdown 33_5kV,camperdown335kv,2016,366,2015-05-01,2016-04-30,0,96,MW,0.9975523679417122,0,0,0,364,True
2016/Campsie 33_11kV FY2016.csv,2f908b9ebf248d4e351502b9e4440b3b305d20a09ccc5c723ce22360b64d9fca,Campsie 33_11kV,campsie3311kv,2016,366,2015-05-01,2016-04-30,0,96,MW,0.9975523679417122,0,0,0,364,True
2016/Cardiff 33_11kV FY2016.csv,8998153eaacbc331c4d713c37fccb77138c459e6187249e2fe3cb17b7911b6d4,Cardiff 33_11kV,cardiff3311kv,2016,366,2015-05-01,2016-04-30,0,96,MW,0.9998861566484517,0,0,0,366,True
2016/Careel Bay 33_11kV FY2016.csv,707909b54698b3ba9b0d2bd3698a58ac311247a66f852217b95eb79f4aaa7207,Careel Bay 33_11kV,careelbay3311kv,2016,366,2015-05-01,2016-04-30,0,96,MW,0.9975523679417122,0,0,0,364,True
2016/Caringbah 33_11kV FY2016.csv,dfebca7e7baf21cf2cc1e9d7dd5d9cac8596dad575b1eaea51b667a3908cca45,Caringbah 33_11kV,caringbah3311kv,2016,366,2015-05-01,2016-04-30,0,96,MW,0.9975523679417122,0,0,0,364,True
2016/Castle Cove 132_11kV FY2016.csv,db4202014a14b59bfd572f5798b818922e11544726980fafb9534fce9b7133b7,Castle Cove 132_11kV,castlecove13211kv,2016,366,2015-05-01,2016-04-30,0,96,MW,0.9975523679417122,0,0,0,364,True
2016/Cessnock 33_11kV FY2016.csv,a8d307a037f96ed5d3f98830b2031f11d420c43e372d11b51f90ff489edcd39f,Cessnock 33_11kV,cessnock3311kv,2016,366,2015-05-01,2016-04-30,0,96,MW,0.9997723132969034,0,0,0,366,True
2016/Charlestown 132_11kV FY2016.csv,26e9cbf524ea9914c8b8d1e29557283446d7498c991b73fab0b01403896a346a,Charlestown 132_11kV,charlestown13211kv,2016,366,2015-05-01,2016-04-30,0,96,MW,0.9998861566484517,0,0,0,366,True
2016/Charmhaven 132_11kV FY2016.csv,36f27fdf54e2948e55519542b1a02f2ba2d5b37d1a9c73859564e4750202993b,Charmhaven 132_11kV,charmhaven13211kv,2016,366,2015-05-01,2016-04-30,0,96,MW,0.9920878870673953,0,0,0,362,True
2016/Chatswood 33_11kV FY2016.csv,e0b9abfa89551ffbcf20b6991dabda7699a87086940266988e81907c16e10b7f,Chatswood 33_11kV,chatswood3311kv,2016,366,2015-05-01,2016-04-30,0,96,MW,0.9920878870673953,0,0,0,362,True
2016/City Central 132_11kV FY2016.csv,506a793b435cdfe6163574e08d9b1164f7d5252b920212946f528e06af332171,City Central 132_11kV,citycentral13211kv,2016,366,2015-05-01,2016-04-30,0,96,MW,0.9920878870673953,0,0,0,362,True
2016/City East 33_11kV FY2016.csv,b063001dae8b70e264c4f02a2cae0e07c47cc2f4f3dc4af5949410f977d0f7e2,City East 33_11kV,cityeast3311kv,2016,366,2015-05-01,2016-04-30,0,96,MW,0.9920878870673953,0,0,0,362,True
2016/City North 132_11kV FY2016.csv,f333f12e1bded364e198aab92fec44f8dd81131bdb253bf35d710bcbb1f4e51c,City North 132_11kV,citynorth13211kv,2016,366,2015-05-01,2016-04-30,0,96,MW,0.99194558287796,0,0,0,362,True
2016/City South 132_11kV FY2016.csv,d132eae9fcd3788a4d427df2ea6df420c4116e327a313743a90888ffc569d027,City South 132_11kV,citysouth13211kv,2016,366,2015-05-01,2016-04-30,0,96,MW,0.9920878870673953,0,0,0,362,True
2016/Clovelly 132_11kV FY2016.csv,8a0e524320b5fb1107a92c62bac84c03b6c37744dd63140b321f8b09b3f10eba,Clovelly 132_11kV,clovelly13211kv,2016,366,2015-05-01,2016-04-30,0,96,MW,0.9920878870673953,0,0,0,362,True
2016/Concord 33_11kV FY2016.csv,fc905736596e1d4c8e1fe3a23b288616e22056acf8190d6ef995b7a691cda60c,Concord 33_11kV,concord3311kv,2016,366,2015-05-01,2016-04-30,0,96,MW,0.9920878870673953,0,0,0,362,True
2016/Cronulla 132_11kV FY2016.csv,02ae8107cf9bb0f950565c42fc617caa022cd3ec8aabaa78e4823e07549fe80a,Cronulla 132_11kV,cronulla13211kv,2016,366,2015-05-01,2016-04-30,0,96,MW,0.9920878870673953,0,0,0,362,True
2016/Croudace Bay 33_11kV FY2016.csv,eaea7c3b1aed61b41aad649c60f896a5b905f27d35b3cffd0fe1ed4c8829a123,Croudace Bay 33_11kV,croudacebay3311kv,2016,366,2015-05-01,2016-04-30,0,96,MW,0.9985769581056466,0,0,0,365,True
2016/Crows Nest 33_11kV FY2016.csv,0f93a633e2955b6954f0e3af379c52ccb6421af05f0d1c61c087fcefa8c2aa22,Crows Nest 33_11kV,crowsnest3311kv,2016,366,2015-05-01,2016-04-30,0,96,MW,0.9914048269581056,0,0,0,361,True
2016/Dalley St 132_11kV FY2016.csv,9dade326ee83e35423f6e441f1d09b15d5dc81f2bd3107fb05efead4a8d0f053,Dalley St 132_11kV,dalleyst13211kv,2016,366,2015-05-01,2016-04-30,0,96,MW,0.9920878870673953,0,0,0,362,True
2016/Darling Harbour 132_11kV FY2016.csv,0d586805e893f6c571cc2917b5d069f041169367157d59488d2384cb67d290ba,Darling Harbour 132_11kV,darlingharbour13211kv,2016,366,2015-05-01,2016-04-30,0,96,MW,0.9920025045537341,0,0,0,362,True
2016/Darlinghurst 33_11kV FY2016.csv,066e841005229016d32c03adb4f9612c502be71651bf5f2674d84dab12b34414,Darlinghurst 33_11kV,darlinghurst3311kv,2016,366,2015-05-01,2016-04-30,0,96,MW,0.9920878870673953,0,0,0,362,True
2016/Dee Why West 33_11kV FY2016.csv,94a5a74cc412e7c11c214533b350632762a8e7a142a4e69c7862081c1d535630,Dee Why West 33_11kV,deewhywest3311kv,2016,366,2015-05-01,2016-04-30,0,96,MW,0.9920878870673953,0,0,0,362,True
2016/Denman 66_11kV FY2016.csv,75eff1277a467d516528b49dd8268d6cf8ff8a6bcdb419a44485f3163bdc1bb2,Denman 66_11kV,denman6611kv,2016,366,2015-05-01,2016-04-30,0,96,MW,0.9998861566484517,0,0,0,366,True
2016/Double Bay 132_11kV FY2016.csv,b3669c32395c1c623ba51e2960d7fc6d54e6dd61f10964ad9aca229cc23934d5,Double Bay 132_11kV,doublebay13211kv,2016,366,2015-05-01,2016-04-30,0,96,MW,0.9920878870673953,0,0,0,362,True
2016/Drummoyne 132_11kV FY2016.csv,c627f9d0c3ef5bc57378026e1dea63bf58c7631761dabb1e6b606c58122d5840,Drummoyne 132_11kV,drummoyne13211kv,2016,366,2015-05-01,2016-04-30,0,96,MW,0.9920878870673953,0,0,0,362,True
2016/Dulwich Hill 33_11kV FY2016.csv,037b411a137c7181722cb831c5c5e012509be96bc496a117484f98c9276c72ff,Dulwich Hill 33_11kV,dulwichhill3311kv,2016,366,2015-05-01,2016-04-30,0,96,MW,0.9920878870673953,0,0,0,362,True
2016/East Maitland 33_11kV FY2016.csv,c7d971627e83d55e7538a3d3892af5d37a69ca66a25fe4526915bba2a5ad713f,East Maitland 33_11kV,eastmaitland3311kv,2016,366,2015-05-01,2016-04-30,0,96,MW,0.7400956284153005,0,0,0,270,False
2016/Edgeworth 33_11kV FY2016.csv,6ff50316a21935c6d5c09200145e40fd00c7f4596a5aeb65a9927459e46db460,Edgeworth 33_11kV,edgeworth3311kv,2016,366,2015-05-01,2016-04-30,0,96,MW,0.9998861566484517,0,0,0,366,True
2016/Empire Bay 66_11kV FY2016.csv,2f76a04dd951a58fd4de7f271eabc7d430541a411c1b861e0176a553293febf0,Empire Bay 66_11kV,empirebay6611kv,2016,366,2015-05-01,2016-04-30,0,96,MW,0.9998861566484517,0,0,0,366,True
2016/Enfield 33_11kV FY2016.csv,a1646aac907a68bb3de8e8d574f0deb2696de17d7e357c3d57df2e5b23e4390a,Enfield 33_11kV,enfield3311kv,2016,366,2015-05-01,2016-04-30,0,96,MW,0.9920878870673953,0,0,0,362,True
2016/Engadine 132_11kV FY2016.csv,e818d28e8794457fa8427c116ec79f6ac1b44c1faf20fc9b69699557e72f15f3,Engadine 132_11kV,engadine13211kv,2016,366,2015-05-01,2016-04-30,0,96,MW,0.0,0,0,0,0,False
2016/Engadine 33_11kV FY2016.csv,b943639d2b83015cb3d3df0391fb1376527e515c0c36d5fc1b297bf8dc053b30,Engadine 33_11kV,engadine3311kv,2016,366,2015-05-01,2016-04-30,0,96,MW,0.9920878870673953,0,0,0,362,True
2016/Epping 66_11kV FY2016.csv,60f603b5996fef23901c62d49f8d59798098ab01075870e7385ed50b8c56930f,Epping 66_11kV,epping6611kv,2016,366,2015-05-01,2016-04-30,0,96,MW,0.9998861566484517,0,0,0,366,True
2016/Erina 66_11kV FY2016.csv,59f8473280f3b4d0b9c1f68229b95fcb8a7f63080f1c970931c0e8271248cbcc,Erina 66_11kV,erina6611kv,2016,366,2015-05-01,2016-04-30,0,96,MW,0.9920878870673953,0,0,0,362,True
2016/Five Dock 33_11kV FY2016.csv,cbd863e7f5a2255b515a3fd790b8cc956c1277a7e547cf26bb2acbc8e23c7f35,Five Dock 33_11kV,fivedock3311kv,2016,366,2015-05-01,2016-04-30,0,96,MW,0.9920878870673953,0,0,0,362,True
2016/Flemington 132_11kV FY2016.csv,61e44ac6cb55b0ea537c8e2a8684fee6daeada4f98e88cf250c2112e49e26010,Flemington 132_11kV,flemington13211kv,2016,366,2015-05-01,2016-04-30,0,96,MW,0.9920878870673953,0,0,0,362,True
2016/Galston 132_11kV FY2016.csv,87bff208a3f9a9c909bc7b6290c073e5fc2d44db47407bec0c2192d381cbe1ec,Galston 132_11kV,galston13211kv,2016,366,2015-05-01,2016-04-30,0,96,MW,0.9998861566484517,0,0,0,366,True
2016/Gateshead 33_11kV FY2016.csv,7d0ddc43eb29a43d25dadb52a4587fdb72c4b325296062119e4d653333531e05,Gateshead 33_11kV,gateshead3311kv,2016,366,2015-05-01,2016-04-30,0,96,MW,0.9834927140255009,0,0,0,360,True
2016/Gore Hill 33_11kV FY2016.csv,e981b14cdb380eec153ff8e959b5574b988b9a163d7c7592aaba700934eaf059,Gore Hill 33_11kV,gorehill3311kv,2016,366,2015-05-01,2016-04-30,0,96,MW,0.9998861566484517,0,0,0,366,True
2016/Green Square 132_11kV FY2016.csv,8de1302151db7b932a186bb1cf23f09a50d1d5d01139655d4c2c1325064cacca,Green Square 132_11kV,greensquare13211kv,2016,366,2015-05-01,2016-04-30,0,96,MW,0.9920878870673953,0,0,0,362,True
2016/Greenacre Park 132_11kV FY2016.csv,127c6fbc12efd8f71bfb0ed3e5795d452ea982f1c500d0039962067ee4c194c3,Greenacre Park 132_11kV,greenacrepark13211kv,2016,366,2015-05-01,2016-04-30,0,96,MW,0.9920878870673953,0,0,0,362,True
2016/Gwawley Bay 132_11kV FY2016.csv,59c8d5df033e2487a5cf573710f55458e024c9cf2b8fe667483c0300e05b5985,Gwawley Bay 132_11kV,gwawleybay13211kv,2016,366,2015-05-01,2016-04-30,0,96,MW,0.9920594262295082,0,0,0,362,True
2016/Gwawley Bay 33_11kV FY2016.csv,96367f43730232b8f18ae1183e73ffe1fadf72144971de0024ba3abee7f52ca0,Gwawley Bay 33_11kV,gwawleybay3311kv,2016,366,2015-05-01,2016-04-30,0,96,MW,0.9920878870673953,0,0,0,362,True
2016/Harbord 33_11kV FY2016.csv,d4c1f7efc24a64bda9a90e900d20fc6a6881f5b7cc00b32b7510f8071caec521,Harbord 33_11kV,harbord3311kv,2016,366,2015-05-01,2016-04-30,0,96,MW,0.9920878870673953,0,0,0,362,True
2016/Homebush Bay 132_11kV FY2016.csv,6813caaf13b41ba13a5812d1e4cd5f2151e61750d59069e9cde93268d37ee347,Homebush Bay 132_11kV,homebushbay13211kv,2016,366,2015-05-01,2016-04-30,0,96,MW,0.9920878870673953,0,0,0,362,True
2016/Hornsby 132_11kV FY2016.csv,114d9355e684892ddbae33d2e18a87ff1e016fd3b39d37cb5e95e50187fab71a,Hornsby 132_11kV,hornsby13211kv,2016,366,2015-05-01,2016-04-30,0,96,MW,0.9920878870673953,0,0,0,362,True
2016/Hunters Hill 66_11kV FY2016.csv,58b398fd8e878fa52f8affa240ca61e35664efde98696891541cfe8fde3c2230,Hunters Hill 66_11kV,huntershill6611kv,2016,366,2015-05-01,2016-04-30,0,96,MW,0.9920878870673953,0,0,0,362,True
2016/Hurstville North 132_11kV FY2016.csv,e96a7a36d4dcb0c2626620ba640c36a9a9ae53ac859c5e4ec62bfc350b841c47,Hurstville North 132_11kV,hurstvillenorth13211kv,2016,366,2015-05-01,2016-04-30,0,96,MW,0.9487135701275046,0,0,0,335,False
2016/Hurstville North 33_11kV FY2016.csv,5d48d4ee6c2d0d36745bae3582b323776fda01919ac2cc4dbf59c9e00fa3a57e,Hurstville North 33_11kV,hurstvillenorth3311kv,2016,366,2015-05-01,2016-04-30,0,96,MW,0.8691370673952641,0,0,0,317,False
2016/Jannali 33_11kV FY2016.csv,045b48c056e3aae843cd52f159545d49b4b492cf458efcaebfbd542f2be79cfc,Jannali 33_11kV,jannali3311kv,2016,366,2015-05-01,2016-04-30,0,96,MW,0.9996300091074681,0,0,0,365,True
2016/Jesmond 132_11kV FY2016.csv,b803f8c730547106b7ac430ee4a6051145257791f8dfe545907757550e86d737,Jesmond 132_11kV,jesmond13211kv,2016,366,2015-05-01,2016-04-30,0,96,MW,0.9998861566484517,0,0,0,366,True
2016/Jewells 33_11kV FY2016.csv,536a35b286aca0f88276574a8f491cb01852ec82f87b46991a99485706733bb8,Jewells 33_11kV,jewells3311kv,2016,366,2015-05-01,2016-04-30,0,96,MW,0.9998861566484517,0,0,0,366,True
2016/Killarney 33_11kV FY2016.csv,d1c1b4e4e466ecf3b38d55fe5fcedbf872c9b147f84e4ef29c922481a9ceaec8,Killarney 33_11kV,killarney3311kv,2016,366,2015-05-01,2016-04-30,0,96,MW,0.9920025045537341,0,0,0,362,True
2016/Kingsford 132_11kV FY2016.csv,65c439c0927a6a1c42d25f037652263d559054c727717f024a471a9685c6c770,Kingsford 132_11kV,kingsford13211kv,2016,366,2015-05-01,2016-04-30,0,96,MW,0.9918032786885246,0,0,0,361,True
2016/Kirrawee 132_11kV FY2016.csv,f24859f6f0b9f6eceff0de396de9e6eeedb2a58d30a72be36ef6d021af4b5589,Kirrawee 132_11kV,kirrawee13211kv,2016,366,2015-05-01,2016-04-30,0,96,MW,0.9920878870673953,0,0,0,362,True
2016/Kogarah 132_11kV FY2016.csv,170dff818e3ad337c62769c7a9b3beda7aaadd93d73d06a756523a114b0e249b,Kogarah 132_11kV,kogarah13211kv,2016,366,2015-05-01,2016-04-30,0,96,MW,0.9914902094717668,0,0,0,361,True
2016/Kotara 33_11kV FY2016.csv,d8fa1a9edfdc77e0928b13eb592dc8d30bef3da2bf40239fec685f14df48a276,Kotara 33_11kV,kotara3311kv,2016,366,2015-05-01,2016-04-30,0,96,MW,0.9998861566484517,0,0,0,366,True
2016/Kurri 132_11kV FY2016.csv,0abaae5e3b032013c14c35bb0995aa748109d0bc874919e724a88c1d0ea18d2a,Kurri 132_11kV,kurri13211kv,2016,366,2015-05-01,2016-04-30,0,96,MW,0.9998861566484517,0,0,0,366,True
2016/Lake Munmorah 132_11kV FY2016.csv,6eee02682f6053ecd74959fee65e7cc4504115e3ce82d0ecb36ac6a3e4a78c41,Lake Munmorah 132_11kV,lakemunmorah13211kv,2016,366,2015-05-01,2016-04-30,0,96,MW,0.993681693989071,0,0,0,361,True
2016/Leichhardt 33_11kV FY2016.csv,22708e8bd5a09c405dda031156f7b92aaeda57a346b455acdbce01d6663ca485,Leichhardt 33_11kV,leichhardt3311kv,2016,366,2015-05-01,2016-04-30,0,96,MW,0.9920878870673953,0,0,0,362,True
2016/Leightonfield 33_11kV FY2016.csv,1cc7e8b9a60f0c98a16961df7b5ed555f713f32acec97414945271e59b407a72,Leightonfield 33_11kV,leightonfield3311kv,2016,366,2015-05-01,2016-04-30,0,96,MW,0.9920878870673953,0,0,0,362,True
2016/Lemington 66_11kV FY2016.csv,e5bc69821ee55d6dcd7b510438ce1750c03fecf3d4d86f77bf79ad3b711688b4,Lemington 66_11kV,lemington6611kv,2016,366,2015-05-01,2016-04-30,0,96,MW,0.9997438524590164,0,0,0,365,True
2016/Lidcombe 33_11kV FY2016.csv,c00e7216ce08870d51cee92edcc9c02352fe7661d49a2b0b877533820511c2fe,Lidcombe 33_11kV,lidcombe3311kv,2016,366,2015-05-01,2016-04-30,0,96,MW,0.9920878870673953,0,0,0,362,True
2016/Lindfield 33_11kV FY2016.csv,6401a1fef1a913e902d634efc853d2e6f2b3d68443df0c6483d1d777e13b6e5f,Lindfield 33_11kV,lindfield3311kv,2016,366,2015-05-01,2016-04-30,0,96,MW,0.9998861566484517,0,0,0,366,True
2016/Lisarow 33_11kV FY2016.csv,141a090498f02a07347045cdc759225d19430e3bc4d3a243f5d322a98eafb24e,Lisarow 33_11kV,lisarow3311kv,2016,366,2015-05-01,2016-04-30,0,96,MW,0.9920878870673953,0,0,0,362,True
2016/Long Jetty 66_11kV FY2016.csv,46d1b81bcf8d04a0c0a63b3d6ed23ec89a45b6023e0e9fc4329bdf8917029d9a,Long Jetty 66_11kV,longjetty6611kv,2016,366,2015-05-01,2016-04-30,0,96,MW,0.9913479052823315,0,0,0,358,True
2016/Macquarie Park 132_11kV FY2016.csv,62890623fa20d6736dcd3c7eb6aa81a2f3baae23e1491ae03022e2bf9d8e06e4,Macquarie Park 132_11kV,macquariepark13211kv,2016,366,2015-05-01,2016-04-30,0,96,MW,0.9920878870673953,0,0,0,362,True
2016/Maitland 33_11kV FY2016.csv,0c31992c3c4be4219fc6c8497f5f42130c144802dd9ee6431a635b012499f278,Maitland 33_11kV,maitland3311kv,2016,366,2015-05-01,2016-04-30,0,96,MW,0.9998861566484517,0,0,0,366,True
2016/Manly 33_11kV FY2016.csv,a0aa8d266af713c7327f00abd573001322a518debecdc085411adf95e5d8ad09,Manly 33_11kV,manly3311kv,2016,366,2015-05-01,2016-04-30,0,96,MW,0.9946209016393442,0,0,0,363,True
2016/Maroubra 132_11kV FY2016.csv,7ef6edb50b1cd1cfcad6d4a9ee80fb6fd52dce083da7a7a6c8b036320bb29a27,Maroubra 132_11kV,maroubra13211kv,2016,366,2015-05-01,2016-04-30,0,96,MW,0.9920309653916212,0,0,0,362,True
2016/Marrickville 132_11kV FY2016.csv,83fe5ee50a7067a19e9dfd3df0d00e401de48fc348dcbbf365f273cedeedaf26,Marrickville 132_11kV,marrickville13211kv,2016,366,2015-05-01,2016-04-30,0,96,MW,0.9920878870673953,0,0,0,362,True
2016/Maryland 132_11kV FY2016.csv,9070e8efca27949b46abd68808eaf6acb1e31dc00b69f2990c4d26bebae4a402,Maryland 132_11kV,maryland13211kv,2016,366,2015-05-01,2016-04-30,0,96,MW,0.9998861566484517,0,0,0,366,True
2016/Mascot 33_11kV FY2016.csv,fd5c1c3121e67941d7a2612c51c01491a33712c9a687e2a23630a82c800ed163,Mascot 33_11kV,mascot3311kv,2016,366,2015-05-01,2016-04-30,0,96,MW,0.9920594262295082,0,0,0,362,True
2016/Matraville 33_11kV FY2016.csv,a3760ff911c21b65851c6d7d54feb571cde268be3630f0a40aebb9194c339e3a,Matraville 33_11kV,matraville3311kv,2016,366,2015-05-01,2016-04-30,0,96,MW,0.9920878870673953,0,0,0,362,True
2016/Mayfield West 132_11kV FY2016.csv,eb95546261a86354a9aabe039dd23ffce8b424d7c24d8f2f8651155daff95709,Mayfield West 132_11kV,mayfieldwest13211kv,2016,366,2015-05-01,2016-04-30,0,96,MW,0.9998861566484517,0,0,0,366,True
2016/Meadowbank 132_11kV FY2016.csv,c9ba9df8585e3b35331804be96520b75123b045e20dba50d093cdc2a033db3d6,Meadowbank 132_11kV,meadowbank13211kv,2016,366,2015-05-01,2016-04-30,0,96,MW,0.9920878870673953,0,0,0,362,True
2016/Medowie 33_11kV FY2016.csv,cc9ca308b4cd6a6e74989c95d4dd2832f07a3fd1ad1778aa5e84bac7457d09b5,Medowie 33_11kV,medowie3311kv,2016,366,2015-05-01,2016-04-30,0,96,MW,0.9993169398907104,0,0,0,364,True
2016/Menai 132_11kV FY2016.csv,71fab601504c58d4b9d3768bc81f3a98ada626ab99a20d94b6db60b2d7e79915,Menai 132_11kV,menai13211kv,2016,366,2015-05-01,2016-04-30,0,96,MW,0.9920878870673953,0,0,0,362,True
2016/Merriwa 33_11kV FY2016.csv,d9f31f028d8684172fde805197e93e73307e7301aff9c8c1093085d4b4e6308c,Merriwa 33_11kV,merriwa3311kv,2016,366,2015-05-01,2016-04-30,0,96,MW,0.995332422586521,0,0,0,362,True
2016/Metford 33_11kV FY2016.csv,64eecf36773545192ad849271b668a52bed037b1f229c37821a4a249d5c2e296,Metford 33_11kV,metford3311kv,2016,366,2015-05-01,2016-04-30,0,96,MW,0.653318533697632,0,0,0,239,False
2016/Milperra 132_11kV FY2016.csv,36f4aab2941817fed26d127fe70808b29fcab38831cbd41146327dc4f4c99a5c,Milperra 132_11kV,milperra13211kv,2016,366,2015-05-01,2016-04-30,0,96,MW,0.9920878870673953,0,0,0,362,True
2016/Miranda 33_11kV FY2016.csv,dd1bd51e7b628e314d4d2ab9479863639526578da58affeef84cc535c6546a2d,Miranda 33_11kV,miranda3311kv,2016,366,2015-05-01,2016-04-30,0,96,MW,0.9998861566484517,0,0,0,366,True
2016/Mitchell Line 66_11kV FY2016.csv,79e24f07329e669d38af112337f071998965db1331da114e7b7c2b550da75432,Mitchell Line 66_11kV,mitchellline6611kv,2016,366,2015-05-01,2016-04-30,0,96,MW,0.9998861566484517,0,0,0,366,True
2016/Mitchells Flat 66_11kV FY2016.csv,2c3e3c823253a036100bb144dd46f0ea84b39ac3bc24583d0e301669243225f1,Mitchells Flat 66_11kV,mitchellsflat6611kv,2016,366,2015-05-01,2016-04-30,0,96,MW,0.998747723132969,0,0,135,363,True
2016/Mona Vale 33_11kV FY2016.csv,25445760388189fe6faebb0153f67749ed69bac325a20f23b5fd91a5b9624bde,Mona Vale 33_11kV,monavale3311kv,2016,366,2015-05-01,2016-04-30,0,96,MW,0.9920309653916212,0,0,0,362,True
2016/Moonan 33_11kV FY2016.csv,b1637e5549be5c1728ba5fe5b27c7538580b93f0c5f0d44104c2acd4cdb970fa,Moonan 33_11kV,moonan3311kv,2016,366,2015-05-01,2016-04-30,0,96,MW,0.9985200364298725,0,0,0,362,True
2016/Morisset 132_11kV FY2016.csv,f7a679373842a3b5e533db72bc05b41d92a466e2139bdd6135d3e1bde542ef13,Morisset 132_11kV,morisset13211kv,2016,366,2015-05-01,2016-04-30,0,96,MW,0.9998861566484517,0,0,0,366,True
2016/Mortdale 33_11kV FY2016.csv,eae5729cc1385dd5fd8bb35fc6fba9dc8dd7f3498a56bfdae97cc169aac90d86,Mortdale 33_11kV,mortdale3311kv,2016,366,2015-05-01,2016-04-30,0,96,MW,0.9920878870673953,0,0,0,362,True
2016/Mosman 132_11kV FY2016.csv,77644ec99fc6b4c93032f43186331a64dbcb6d32ce4e1e2f587630cfb725d946,Mosman 132_11kV,mosman13211kv,2016,366,2015-05-01,2016-04-30,0,96,MW,0.9894125683060109,0,0,0,351,True
2016/Mt Hutton 33_11kV FY2016.csv,ccdc492a16b34a576a774de11567b4585576f10f46f92fe97de4a320632e85ec,Mt Hutton 33_11kV,mthutton3311kv,2016,366,2015-05-01,2016-04-30,0,96,MW,0.9998861566484517,0,0,0,366,True
2016/Mt Thorley 66_11kV FY2016.csv,ca9a3c993a3b66d3bf28d1b8e4979fb02fe759d8d373a1c783a948a0d26ffa0d,Mt Thorley 66_11kV,mtthorley6611kv,2016,366,2015-05-01,2016-04-30,0,96,MW,0.9997438524590164,0,0,0,365,True
2016/Muswellbrook 33_11kV FY2016.csv,dc00a89996f5bc44768544684959b1ad19bb713e8c4f6a559ab2b16b1cc9e7c9,Muswellbrook 33_11kV,muswellbrook3311kv,2016,366,2015-05-01,2016-04-30,0,96,MW,0.9986054189435337,0,0,0,365,True
2016/Narrabeen 33_11kV FY2016.csv,40971132a232df0819cc6f77167cacbc8a98f438bd61a9c8262ff5df0c28c751,Narrabeen 33_11kV,narrabeen3311kv,2016,366,2015-05-01,2016-04-30,0,96,MW,0.9920878870673953,0,0,0,362,True
2016/Nelson Bay 33_11kV FY2016.csv,0b17b04e39253ca375e58ed4c3ad8ae8d7042f437f8651aaaf287affe3082c2a,Nelson Bay 33_11kV,nelsonbay3311kv,2016,366,2015-05-01,2016-04-30,0,96,MW,0.882172131147541,0,0,0,323,False
2016/Newcastle CBD 33_11kV FY2016.csv,6377906f6445eed6a453ab258f967365b4d67df3d8ae9129fbdd09ba06a16692,Newcastle CBD 33_11kV,newcastlecbd3311kv,2016,366,2015-05-01,2016-04-30,0,96,MW,0.9998861566484517,0,0,0,366,True
2016/Newport 33_11kV FY2016.csv,a5b2a0928a07b696f8d5f6422cc8b02666c01b662bfada2c1f9dd27204b6fa56,Newport 33_11kV,newport3311kv,2016,366,2015-05-01,2016-04-30,0,96,MW,0.9912340619307832,0,0,0,361,True
2016/Noraville 33_11kV FY2016.csv,57bcb113652f04206c3f03985d2d174e11b83220084430c810ef483619b565e3,Noraville 33_11kV,noraville3311kv,2016,366,2015-05-01,2016-04-30,0,96,MW,0.9920878870673953,0,0,0,362,True
2016/North Sydney 132_11kV FY2016.csv,3b87cb3d1e35181ecad701c639c82a92762c80668ad07860e36569f46c1f9e52,North Sydney 132_11kV,northsydney13211kv,2016,366,2015-05-01,2016-04-30,0,96,MW,0.5909608378870674,0,0,0,216,False
2016/North Sydney 33_11kV FY2016.csv,bfd270077ced3e51e424cb774b896a4def8d7f21b19629338a624679741cd0bc,North Sydney 33_11kV,northsydney3311kv,2016,366,2015-05-01,2016-04-30,0,96,MW,0.9920878870673953,0,0,0,362,True
2016/Nulkaba 33_11kV FY2016.csv,2dc67f403dd331c5bf3ee6f3f9a4233b6ae4ec90004d8093aafcd334eedbee76,Nulkaba 33_11kV,nulkaba3311kv,2016,366,2015-05-01,2016-04-30,0,96,MW,0.9998861566484517,0,0,0,366,True
2016/Paddington 33_11kV FY2016.csv,35baaa5e6f0331e642b8e1951cd051657ceee6df71488bf057d8bfe61275d723,Paddington 33_11kV,paddington3311kv,2016,366,2015-05-01,2016-04-30,0,96,MW,0.9920878870673953,0,0,0,362,True
2016/Paxton 33_11kV FY2016.csv,acc341c4faedb612c94e90cb934951d2edbea115bd2c26fee2cf456c9d718bee,Paxton 33_11kV,paxton3311kv,2016,366,2015-05-01,2016-04-30,0,96,MW,0.612363387978142,0,0,0,223,False
2016/Peats Ridge 33_11kV FY2016.csv,8d555087562c23fb76e473df9a0c953e2e5e9c6e20acbe444013001e42fbb501,Peats Ridge 33_11kV,peatsridge3311kv,2016,366,2015-05-01,2016-04-30,0,96,MW,0.9918886612021858,0,0,0,362,True
2016/Pelican 33_11kV FY2016.csv,bac45c2b727fb2ec2554f365ecc0392c766b4b08cac049fea9e2b0c3bf7cbe59,Pelican 33_11kV,pelican3311kv,2016,366,2015-05-01,2016-04-30,0,96,MW,0.9998861566484517,0,0,0,366,True
2016/Pennant Hills 132_11kV FY2016.csv,700b80823c1862ad1480edf5e31b20c0453d508dd3e417874b3bc850492d4fda,Pennant Hills 132_11kV,pennanthills13211kv,2016,366,2015-05-01,2016-04-30,0,96,MW,0.9920878870673953,0,0,0,362,True
2016/Port Botany 33_11kV FY2016.csv,b5e69a90e2211420bfda299a2610028c59f245727936bb9f351d76644eb948c8,Port Botany 33_11kV,portbotany3311kv,2016,366,2015-05-01,2016-04-30,0,96,MW,0.99194558287796,0,0,0,362,True
2016/Potts Hill 132_11kV FY2016.csv,2b120d8c229f518670a5cabe1b75a6fac74c6a62a1113dcaae30844eee120d2a,Potts Hill 132_11kV,pottshill13211kv,2016,366,2015-05-01,2016-04-30,0,96,MW,0.9998861566484517,0,0,0,366,True
2016/Punchbowl 33_11kV FY2016.csv,1cbe62913ac19ab38765a91b72e10ae4db3baefd4249e8caf229da1cee99a2e5,Punchbowl 33_11kV,punchbowl3311kv,2016,366,2015-05-01,2016-04-30,0,96,MW,0.9920878870673953,0,0,0,362,True
2016/Pymble 33_11kV FY2016.csv,64fa3dd6ea08029be875b445b304e38abf0c6a047306a46fdb0104cc42ce2b41,Pymble 33_11kV,pymble3311kv,2016,366,2015-05-01,2016-04-30,0,96,MW,0.9920878870673953,0,0,0,362,True
2016/Rathmines 132_11kV FY2016.csv,692c6ef9d76b2d8236691db74f8f1b09bd5313a0624b6fd16f2bd9f97c79f5cb,Rathmines 132_11kV,rathmines13211kv,2016,366,2015-05-01,2016-04-30,0,96,MW,0.9998861566484517,0,0,0,366,True
2016/Raymond Terr NEW 33_11kV FY2016.csv,2a4606f40696ce1d92d3da42821f2882f7f28dad0a1028a304d6d6ea3c21bd60,Raymond Terr NEW 33_11kV,raymondterrnew3311kv,2016,366,2015-05-01,2016-04-30,0,96,MW,0.9998861566484517,0,0,0,366,True
2016/Revesby 132_11kV FY2016.csv,f611218ea7580bb1e10fd223e65c0dd8994123f82217a250d485d13b6c44c6e8,Revesby 132_11kV,revesby13211kv,2016,366,2015-05-01,2016-04-30,0,96,MW,0.9893556466302368,0,0,0,361,True
2016/Riverwood 33_11kV FY2016.csv,2b0d804c3eb56f249718e792397a9b77f6ebf9593846b4b801c9581a88cc9e2d,Riverwood 33_11kV,riverwood3311kv,2016,366,2015-05-01,2016-04-30,0,96,MW,0.9893556466302368,0,0,0,361,True
2016/Rockdale 33_11kV FY2016.csv,e5cdcf90df670148234d30047179f938ca327b19df7c06dc7cfafe6ccd04cfdb,Rockdale 33_11kV,rockdale3311kv,2016,366,2015-05-01,2016-04-30,0,96,MW,0.9893556466302368,0,0,0,361,True
2016/Rose Bay 132_11kV FY2016.csv,b22dbb930572c90e8d2e8fe68498d3c00a9b014a9c86971b13ec988e0a7b4348,Rose Bay 132_11kV,rosebay13211kv,2016,366,2015-05-01,2016-04-30,0,96,MW,0.8714708561020036,0,0,0,319,False
2016/Rose Bay 33_11kV FY2016.csv,0dad3eff0a02f9edce7fd6aaf92216f47e3a7c015c239207ca3e7757bb6ea9b7,Rose Bay 33_11kV,rosebay3311kv,2016,366,2015-05-01,2016-04-30,0,96,MW,0.9889002732240437,0,0,0,360,True
2016/Rothbury 132_11kV FY2016.csv,6d3fcb1e1e5fb4e36d4dc6a6c972a8d6b3d0eb5d18dfc1ea20e4a9bedd9ccd3f,Rothbury 132_11kV,rothbury13211kv,2016,366,2015-05-01,2016-04-30,0,96,MW,0.9993738615664846,0,0,0,365,True
2016/Rouchel 33_11kV FY2016.csv,13f04346fc342878f97a59599a2adc451241029a40c0c20aa10281d668e2dfbb,Rouchel 33_11kV,rouchel3311kv,2016,366,2015-05-01,2016-04-30,0,96,MW,0.9984061930783242,0,0,0,362,True
2016/Rutherford 33_11kV FY2016.csv,a5baa7f79a34496baf1751ddc922a2985977d1e7ce605fcb7e749d2d9f7ecedc,Rutherford 33_11kV,rutherford3311kv,2016,366,2015-05-01,2016-04-30,0,96,MW,0.9998861566484517,0,0,0,366,True
2016/Sans Souci 33_11kV FY2016.csv,51ddab68f072dc9f6ca71e7ea3dfcb85b770c83cc1615cce91ad33dc654c6ff8,Sans Souci 33_11kV,sanssouci3311kv,2016,366,2015-05-01,2016-04-30,0,96,MW,0.9893556466302368,0,0,0,361,True
2016/Scone 66_11kV FY2016.csv,92accad1a62765d77932bb424c1cd673f082810dd35ade53bee8b9d54b0f8585,Scone 66_11kV,scone6611kv,2016,366,2015-05-01,2016-04-30,0,96,MW,0.9998861566484517,0,0,0,366,True
2016/Sefton 132_11kV FY2016.csv,f3140fbf90d371b457753e75ceadb6ede4c2385ada9feb7375e87ae4a44c54d8,Sefton 132_11kV,sefton13211kv,2016,366,2015-05-01,2016-04-30,0,96,MW,0.9893271857923497,0,0,0,361,True
2016/Singleton North 66_11kV FY2016.csv,99cbda5975356065c759445aa83b42ad8c5d6edefafbd9b2b486234f4d4d7db7,Singleton North 66_11kV,singletonnorth6611kv,2016,366,2015-05-01,2016-04-30,0,96,MW,0.9957308743169399,0,0,0,363,True
2016/Somersby 132_11kV FY2016.csv,7fce3fde4f55535ba9ff468ddc9f2dc9e892422600d0ea28dfa39fea309b52fe,Somersby 132_11kV,somersby13211kv,2016,366,2015-05-01,2016-04-30,0,96,MW,0.9998861566484517,0,0,0,366,True
2016/St Ives 33_11kV FY2016.csv,fe3ab14a41af556fee5bf90f5b672267c3949dd7147e5775ac6ed574e6a583ec,St Ives 33_11kV,stives3311kv,2016,366,2015-05-01,2016-04-30,0,96,MW,0.9893556466302368,0,0,0,361,True
2016/St Peters 132_11kV FY2016.csv,4519ab13d1fe85be064021bc7f3753502711ac72b90621b702f31dfa663ce0a4,St Peters 132_11kV,stpeters13211kv,2016,366,2015-05-01,2016-04-30,0,96,MW,0.9912625227686703,0,0,0,360,True
2016/Stockton 33_11kV FY2016.csv,73f1c8d8468ea25721dc4210f7dfa25ba72bc9232aabf80bb465450be9a31f44,Stockton 33_11kV,stockton3311kv,2016,366,2015-05-01,2016-04-30,0,96,MW,0.9998861566484517,0,0,0,366,True
2016/Surry Hills 33_11kV FY2016.csv,27a82ebd9c260b9a2245d88c8d1c96be619605b27d8414bb4e1647b001afbb59,Surry Hills 33_11kV,surryhills3311kv,2016,366,2015-05-01,2016-04-30,0,96,MW,0.9893556466302368,0,0,0,361,True
2016/Swansea 33_11kV FY2016.csv,3cb42eeff5d77bfd3720d903f2e56d4b47448ec289f6766a4a4d8c6971422ccf,Swansea 33_11kV,swansea3311kv,2016,366,2015-05-01,2016-04-30,0,96,MW,0.9998861566484517,0,0,0,366,True
2016/Tanilba Bay 33_11kV FY2016.csv,9e9782d11d8e51475e80fdccc085f710a73f340eb40f280331b9607fe4cfd152,Tanilba Bay 33_11kV,tanilbabay3311kv,2016,366,2015-05-01,2016-04-30,0,96,MW,0.9998861566484517,0,0,0,366,True
2016/Telarah 33_11kV FY2016.csv,5e3ac1605845af1da45e8e048024bafbc4e047af3d8c6e1afe689e96cddfefc7,Telarah 33_11kV,telarah3311kv,2016,366,2015-05-01,2016-04-30,0,96,MW,0.9998861566484517,0,0,0,366,True
2016/Terrey Hills 33_11kV FY2016.csv,5086d6e2b65b7680c133dd0f8aa40d93f44156f1e745a22d45b86fd63a288def,Terrey Hills 33_11kV,terreyhills3311kv,2016,366,2015-05-01,2016-04-30,0,96,MW,0.9893556466302368,0,0,0,361,True
2016/Thornton 33_11kV FY2016.csv,7f8cc85eb45a8f03ae1314afa0465ffe01fcb16e77fe4628cf47b74a119fe11a,Thornton 33_11kV,thornton3311kv,2016,366,2015-05-01,2016-04-30,0,96,MW,0.9998861566484517,0,0,0,366,True
2016/Tomago 33_11kV FY2016.csv,e216a908361c05a1ec19759bb655022055a67990757373285630af6b8ccc4b12,Tomago 33_11kV,tomago3311kv,2016,366,2015-05-01,2016-04-30,0,96,MW,0.9998861566484517,0,0,0,366,True
2016/Tomalpin 33_11kV FY2016.csv,cbbe644eb47f646adb7b3f91299a3dd57b14f3b1b376994ef2f43ff3c29ba4c7,Tomalpin 33_11kV,tomalpin3311kv,2016,366,2015-05-01,2016-04-30,0,96,MW,0.8979394353369763,0,0,0,284,False
2016/Tomaree 33_11kV FY2016.csv,a19a0dcf5421f35427e0d0f2fa92f9a9d0036a26309b502c2f36bc3a54deed6a,Tomaree 33_11kV,tomaree3311kv,2016,366,2015-05-01,2016-04-30,0,96,MW,0.9998861566484517,0,0,0,366,True
2016/Top Ryde 132_11kV FY2016.csv,af879ecc168e1aac84fc3e7f68b01b58848e0107fa6c7a0707db97e8d262c731,Top Ryde 132_11kV,topryde13211kv,2016,366,2015-05-01,2016-04-30,0,96,MW,0.9893271857923497,0,0,0,361,True
2016/Toronto 33_11kV FY2016.csv,b73732741ac02fa065cf2c28b9da0604ef71dbd3a13cc4ef3410314841926892,Toronto 33_11kV,toronto3311kv,2016,366,2015-05-01,2016-04-30,0,96,MW,0.9998861566484517,0,0,0,366,True
2016/Turramurra 33_11kV FY2016.csv,0f1d50612dc532a64a15522947fbe91d904cbc4c7765ded4be2b90fdbef7f7c7,Turramurra 33_11kV,turramurra3311kv,2016,366,2015-05-01,2016-04-30,0,96,MW,0.9998861566484517,0,0,0,366,True
2016/Umina 66_11kV FY2016.csv,9c66e747c3e701a90e4c00ec078f82aafad12110415211d68544505a13c9101a,Umina 66_11kV,umina6611kv,2016,366,2015-05-01,2016-04-30,0,96,MW,0.9893556466302368,0,0,0,361,True
2016/Wallalong 33_11kV FY2016.csv,14d71bab143f7526070991922f8c0cbf019027da6e1d805d1af3e90157c018e6,Wallalong 33_11kV,wallalong3311kv,2016,366,2015-05-01,2016-04-30,0,96,MW,0.2590790072859745,0,0,0,94,False
2016/Wamberal 132_11kV FY2016.csv,5ca1bca47d077e824accd07fee00ad559daa1bd0dda4100c3c7aa4beede47165,Wamberal 132_11kV,wamberal13211kv,2016,366,2015-05-01,2016-04-30,0,96,MW,0.9998861566484517,0,0,0,366,True
2016/Wamberal 66_11kV FY2016.csv,0fd8bf507a970eb2b8dc252e53dbbbeb358f9cb356c769a3e0b6cebdc2a2ab41,Wamberal 66_11kV,wamberal6611kv,2016,366,2015-05-01,2016-04-30,0,96,MW,0.33643556466302366,0,0,732,118,False
2016/Waverley 132_11kV FY2016.csv,ac1ffda6c0f75549a2f3e381463c7832378bd8f67b897670ad148b11afc076eb,Waverley 132_11kV,waverley13211kv,2016,366,2015-05-01,2016-04-30,0,96,MW,0.9998861566484517,0,0,0,366,True
2016/West Gosford 132_11kV FY2016.csv,49b69c9c3e751b890e0ad04d2bd65895f5c92c86e12b8666fd29ad041d8a4176,West Gosford 132_11kV,westgosford13211kv,2016,366,2015-05-01,2016-04-30,0,96,MW,0.9893271857923497,0,0,0,361,True
2016/Woy Woy 66_11kV FY2016.csv,9e44559e43affc710a1153d655bc816b48b1ada4c5e4da5c40e82a6265e32616,Woy Woy 66_11kV,woywoy6611kv,2016,366,2015-05-01,2016-04-30,0,96,MW,0.9893556466302368,0,0,0,361,True
2016/Wyong 132_11kV FY2016.csv,97ad061e2adcd78195f971343742c2e853474bcfc0c69b1e524580b213753ae0,Wyong 132_11kV,wyong13211kv,2016,366,2015-05-01,2016-04-30,0,96,MW,0.9893556466302368,0,0,0,361,True
2016/Zetland 132_11kV FY2016.csv,898da797be66f88b85ca923107ead8d031d5b489fa8ad0394bd0ec71b5bcce82,Zetland 132_11kV,zetland13211kv,2016,366,2015-05-01,2016-04-30,0,96,MW,0.9893556466302368,0,0,0,361,True
2017/FY 2017/Aberdeen 33_11kV FY2017.csv,99ca984899d7905aa9d95df0efeafd06d526b5583642e2b4d91db5fbaa3a217c,Aberdeen 33_11kV,aberdeen3311kv,2017,365,2016-05-01,2017-04-30,0,96,MW,0.0,0,0,0,0,False
2017/FY 2017/Aberdeen 66_11kV FY2017.csv,d1bc8423dbfd2ee013643eacf056300a6cc24bbe47ab0d3c5a88e0bdef0c3e3e,Aberdeen 66_11kV,aberdeen6611kv,2017,365,2016-05-01,2017-04-30,0,96,MW,0.9998858447488584,0,0,0,365,True
2017/FY 2017/Adamstown 132_11kV FY2017.csv,16033c39d1c59c8f2c91b41c3cb03c0f973f01480db47ccf9afe069937788a2b,Adamstown 132_11kV,adamstown13211kv,2017,365,2016-05-01,2017-04-30,0,96,MW,0.9998858447488584,0,0,0,365,True
2017/FY 2017/Adamstown 33_11kV FY2017.csv,676dd053f28a9ef9e010d4053b31c14e462c47dec556d631b674ebcdf35aa62f,Adamstown 33_11kV,adamstown3311kv,2017,365,2016-05-01,2017-04-30,0,96,MW,0.0,0,0,0,0,False
2017/FY 2017/Argenton 132_11kV FY2017.csv,70b7a338cb1d66ae4a7d3f8eb96288aeea56d244d3e83bd6c6e3df8ce35bb419,Argenton 132_11kV,argenton13211kv,2017,365,2016-05-01,2017-04-30,0,96,MW,0.9998858447488584,0,0,0,365,True
2017/FY 2017/Arncliffe 33_11kV FY2017.csv,83ba4aaaa4d06bc6c0ea5cd49b8fcfe0c89da68a8b85c4d096540c1603251d04,Arncliffe 33_11kV,arncliffe3311kv,2017,365,2016-05-01,2017-04-30,0,96,MW,0.999857305936073,0,0,0,365,True
2017/FY 2017/Auburn 33_11kV FY2017.csv,cc7e4bf1e92de0573d9f2a0f424d61b06c8b004e861160c582f7724662436493,Auburn 33_11kV,auburn3311kv,2017,365,2016-05-01,2017-04-30,0,96,MW,0.9998002283105023,0,0,0,365,True
2017/FY 2017/Avoca 66_11kV FY2017.csv,8c2fbdb7a1c51db97621c15baf13ca9be29b22a18f3dfd47c69a93dc06c3766c,Avoca 66_11kV,avoca6611kv,2017,365,2016-05-01,2017-04-30,0,96,MW,0.9997146118721462,0,0,0,365,True
2017/FY 2017/Avondale 33_11kV FY2017.csv,17922d540801874b9e7f4cdbef3747389ea91f5c8eac1b3dff69d709805f8ae0,Avondale 33_11kV,avondale3311kv,2017,365,2016-05-01,2017-04-30,0,96,MW,0.9998858447488584,0,0,0,365,True
2017/FY 2017/Baerami 33_11kV FY2017.csv,9041d0d9174d27c19a864956d39747c4302bfe4f9215a53cd4afae5ae31bf100,Baerami 33_11kV,baerami3311kv,2017,365,2016-05-01,2017-04-30,0,96,MW,0.9984303652968036,0,0,0,363,True
2017/FY 2017/Balgowlah 33_11kV FY2017.csv,882de2f34a1c101d9318d21b9ebf868365ea6a7053b0a6f26e733d31da3823e9,Balgowlah 33_11kV,balgowlah3311kv,2017,365,2016-05-01,2017-04-30,0,96,MW,0.0,0,0,0,0,False
2017/FY 2017/Balgowlah North 132_11kV FY2017.csv,1f7d6c7f650fb8213738264e5ffae0f676e81d89131cadd2436d2cba080f9ecf,Balgowlah North 132_11kV,balgowlahnorth13211kv,2017,365,2016-05-01,2017-04-30,0,96,MW,0.9998858447488584,0,0,0,365,True
2017/FY 2017/Bankstown 132_11kV FY2017.csv,f8c2c7400ea956b54caa163087c21873038048bbbffc0dbde54362c48f4a50d6,Bankstown 132_11kV,bankstown13211kv,2017,365,2016-05-01,2017-04-30,0,96,MW,0.7218321917808219,0,0,0,263,False
2017/FY 2017/Bass Hill 33_11kV FY2017.csv,b041dd207c5c12ef15a014a2a92eb8d08b2fbc55a9933ca2a45e6c5ed27458b6,Bass Hill 33_11kV,basshill3311kv,2017,365,2016-05-01,2017-04-30,0,96,MW,0.9967751141552511,0,0,0,362,True
2017/FY 2017/Beacon Hill 33_11kV FY2017.csv,f1f907f69d0d89ad20a52023126dfd35905b83ffe6dddb296b79b6fdf1062836,Beacon Hill 33_11kV,beaconhill3311kv,2017,365,2016-05-01,2017-04-30,0,96,MW,0.9971175799086758,0,0,0,364,True
2017/FY 2017/Belmore Park 132_11kV FY2017.csv,dae5e87a256e4bb016cc5dc3dedf1729e59fbe9274d8e8415b75778e76ec010e,Belmore Park 132_11kV,belmorepark13211kv,2017,365,2016-05-01,2017-04-30,0,96,MW,0.0,0,0,0,0,False
2017/FY 2017/Belrose 33_11kV FY2017.csv,0f016f16c435ea7354da7d894ab177654b67006555df98ca736c2895a54459f5,Belrose 33_11kV,belrose3311kv,2017,365,2016-05-01,2017-04-30,0,96,MW,0.9971175799086758,0,0,0,364,True
2017/FY 2017/Berkeley Vale 132_11kV FY2017.csv,db614c3689fec0e879720024cd1a43f1b856258c2efa6cff1dae24302dbc1fa0,Berkeley Vale 132_11kV,berkeleyvale13211kv,2017,365,2016-05-01,2017-04-30,0,96,MW,0.9998858447488584,0,0,0,365,True
2017/FY 2017/Berowra 132_11kV FY2017.csv,67df116c5851d3a0250855527ea13037008c5b8e0630f8c653fb7caf668d6864,Berowra 132_11kV,berowra13211kv,2017,365,2016-05-01,2017-04-30,0,96,MW,0.9971175799086758,0,0,0,364,True
2017/FY 2017/Blackwattle Bay 33_5kV FY2017.csv,59cc5a0d87dcdcd51a286dd2a370ee6204004b34b071ed810cf7d759d9adf9e8,Blackwattle Bay 33_5kV,blackwattlebay335kv,2017,365,2016-05-01,2017-04-30,0,96,MW,0.9971175799086758,0,0,0,364,True
2017/FY 2017/Blakehurst 33_11kV FY2017.csv,fa111686253869ade913ecd4ea69ea68f4749a05c13c2ad674e2dfc64f10d682,Blakehurst 33_11kV,blakehurst3311kv,2017,365,2016-05-01,2017-04-30,0,96,MW,0.9971175799086758,0,0,0,364,True
2017/FY 2017/Boolaroo 33_11kV FY2017.csv,b8cf3db32fce83854e2afb7d23ec728e316d244f921404d71b0483d25080744b,Boolaroo 33_11kV,boolaroo3311kv,2017,365,2016-05-01,2017-04-30,0,96,MW,0.0,0,0,0,0,False
2017/FY 2017/Botany 33_11kV FY2017.csv,d8e34e6bf4b6659d1c344434fd2bf207b5280a860d4db5e2c7fd215b269d259c,Botany 33_11kV,botany3311kv,2017,365,2016-05-01,2017-04-30,0,96,MW,0.9971175799086758,0,0,0,364,True
2017/FY 2017/Brandy Hill 132_11kV FY2017.csv,881f409b1e689563d38851d567f719cc4246c9dc55baff50fdb828daf80ad5ec,Brandy Hill 132_11kV,brandyhill13211kv,2017,365,2016-05-01,2017-04-30,0,96,MW,0.9998858447488584,0,0,0,365,True
2017/FY 2017/Branxton 66_11kV FY2017.csv,faed34cb7c3651b0285d03e62318c1d4331bd92583285c39150ff4b341befd05,Branxton 66_11kV,branxton6611kv,2017,365,2016-05-01,2017-04-30,0,96,MW,0.9998858447488584,0,0,0,365,True
2017/FY 2017/Broadmeadow 132_11kV FY2017.csv,fb0187c2cbf10ce502df5895d3b7dcbe11086432292d296b6a963884b0c4d50b,Broadmeadow 132_11kV,broadmeadow13211kv,2017,365,2016-05-01,2017-04-30,0,96,MW,0.9998858447488584,0,0,0,365,True
2017/FY 2017/Broadmeadow 33_11kV FY2017.csv,8f340f2938e4f90784c717545d80791752f08a9807389c88582a17c25952dd3e,Broadmeadow 33_11kV,broadmeadow3311kv,2017,365,2016-05-01,2017-04-30,0,96,MW,0.6875570776255707,0,0,0,251,False
2017/FY 2017/Brookvale 33_11kV FY2017.csv,29a84091e5b3b1db2ae4594330f7c314e09cf20cfe226f5276e6fcaab46e6a45,Brookvale 33_11kV,brookvale3311kv,2017,365,2016-05-01,2017-04-30,0,96,MW,0.9971175799086758,0,0,0,364,True
2017/FY 2017/Burwood 132_11kV FY2017.csv,4c84a6550bbf5ce133e18b526f692d38885096482622e4ccf29f2a592a91bdc9,Burwood 132_11kV,burwood13211kv,2017,365,2016-05-01,2017-04-30,0,96,MW,0.9970034246575342,0,0,0,364,True
2017/FY 2017/Campbell St 132_11kV FY2017.csv,071aee6d9daa9073970910e784a874f25f26b83645ed6f7425992b20f659dda1,Campbell St 132_11kV,campbellst13211kv,2017,365,2016-05-01,2017-04-30,0,96,MW,0.9971175799086758,0,0,0,364,True
2017/FY 2017/Camperdown 33_11kV FY2017.csv,49b3a4c1b398e099640837e856479a2b62df169e683699edc8e38003791d3df4,Camperdown 33_11kV,camperdown3311kv,2017,365,2016-05-01,2017-04-30,0,96,MW,0.9984018264840183,0,0,0,363,True
2017/FY 2017/Camperdown 33_5kV FY2017.csv,329b1eacd70149d3df3381c6acca6d4083dc89a7dfc77f4c9fe1fb095d0baf25,Camperdown 33_5kV,camperdown335kv,2017,365,2016-05-01,2017-04-30,0,96,MW,0.999857305936073,0,0,0,365,True
2017/FY 2017/Campsie 33_11kV FY2017.csv,d5c15ba9d99b0886beedc57d7afc04b86c18255749feaf36db11b6eee7d1036e,Campsie 33_11kV,campsie3311kv,2017,365,2016-05-01,2017-04-30,0,96,MW,0.999857305936073,0,0,0,365,True
2017/FY 2017/Cardiff 33_11kV FY2017.csv,4862799f27da7078960033f2e6a17ac97acf2928403fa18e0e29513d9664daa8,Cardiff 33_11kV,cardiff3311kv,2017,365,2016-05-01,2017-04-30,0,96,MW,0.9941780821917808,0,0,0,363,True
2017/FY 2017/Careel Bay 33_11kV FY2017.csv,51d189621cc6afd0fa13b8a3f75836a7b611fbbeb1e7c96220146577b6db25fd,Careel Bay 33_11kV,careelbay3311kv,2017,365,2016-05-01,2017-04-30,0,96,MW,0.9971175799086758,0,0,0,364,True
2017/FY 2017/Caringbah 33_11kV FY2017.csv,493c7218b7f36772c48ec48673963ec6743991c233ad2448bd864ddad9e3b26e,Caringbah 33_11kV,caringbah3311kv,2017,365,2016-05-01,2017-04-30,0,96,MW,0.999857305936073,0,0,0,365,True
2017/FY 2017/Carrington 33_11kV FY2017.csv,aac7faad9e59eb7649dc40e692dfb524075094fb45fc442cacf47c9adbd9690a,Carrington 33_11kV,carrington3311kv,2017,365,2016-05-01,2017-04-30,0,96,MW,0.9998858447488584,0,0,0,365,True
2017/FY 2017/Castle Cove 132_11kV FY2017.csv,e5a2b83cda1bec0a0422245dfbb908128265c29ef4d91c017d1cfdf6364bc60c,Castle Cove 132_11kV,castlecove13211kv,2017,365,2016-05-01,2017-04-30,0,96,MW,0.9971175799086758,0,0,0,364,True
2017/FY 2017/Cessnock 33_11kV FY2017.csv,bc9eb93abe62e0aa8d95abd9c17d25467c7a646abc58f34a2e304abec5d5d661,Cessnock 33_11kV,cessnock3311kv,2017,365,2016-05-01,2017-04-30,0,96,MW,0.9997716894977169,0,0,0,365,True
2017/FY 2017/Cessnock South 33_11kV FY2017.csv,96a0264b92b0d24a15a91c199b13f2f6b0170530c59e4327b5d178bd27834030,Cessnock South 33_11kV,cessnocksouth3311kv,2017,365,2016-05-01,2017-04-30,0,96,MW,0.0,0,0,0,0,False
2017/FY 2017/Charlestown 132_11kV FY2017.csv,1f461005bdf62ad78ca720c26914461415bea1f3bcfff476fd4197c7239bee9c,Charlestown 132_11kV,charlestown13211kv,2017,365,2016-05-01,2017-04-30,0,96,MW,0.9998858447488584,0,0,0,365,True
2017/FY 2017/Charlestown 33_11kV FY2017.csv,59ecd8537a325824bb9bc9384d7ba30cdb835d198dc12da6fac2b7de4f6a3ad0,Charlestown 33_11kV,charlestown3311kv,2017,365,2016-05-01,2017-04-30,0,96,MW,0.0,0,0,0,0,False
2017/FY 2017/Charmhaven 132_11kV FY2017.csv,437f31d921c692226ef0e6dcb7cc9c2d493c3e431bf19de9e32059578aa4d6a2,Charmhaven 132_11kV,charmhaven13211kv,2017,365,2016-05-01,2017-04-30,0,96,MW,0.9968607305936074,0,0,0,363,True
2017/FY 2017/Chatswood 33_11kV FY2017.csv,8087673a0750edac1e93524e087460debe990cc66afcd8ff0aa7278c4f7a6ba3,Chatswood 33_11kV,chatswood3311kv,2017,365,2016-05-01,2017-04-30,0,96,MW,0.9971175799086758,0,0,0,364,True
2017/FY 2017/City Central 132_11kV FY2017.csv,c273098a2d240cfdc9ed5c6cf79773ebaac16d823f550bd18897354beb006a28,City Central 132_11kV,citycentral13211kv,2017,365,2016-05-01,2017-04-30,0,96,MW,0.9971175799086758,0,0,0,364,True
2017/FY 2017/City East 132_11kV FY2017.csv,b42c127c63868e86e551da86fddaa7ce3b5087cb64edae734789a27a4d498838,City East 132_11kV,cityeast13211kv,2017,365,2016-05-01,2017-04-30,0,96,MW,0.0,0,0,0,0,False
2017/FY 2017/City East 33_11kV FY2017.csv,5e3b63e806b3805133ddc891b72432cf254e5a0588ae81ad58cd0f296fe72ac6,City East 33_11kV,cityeast3311kv,2017,365,2016-05-01,2017-04-30,0,96,MW,0.9971175799086758,0,0,0,364,True
2017/FY 2017/City North 132_11kV FY2017.csv,c62946c31babf49e31c7718904e1fa2e0423416d9046377d38d460aa796df2db,City North 132_11kV,citynorth13211kv,2017,365,2016-05-01,2017-04-30,0,96,MW,0.9998002283105023,0,0,0,365,True
2017/FY 2017/City North 33_11kV FY2017.csv,eade33ea8553478638099c88420d1da661fe28357bc426ec2c8ebe9845fe964e,City North 33_11kV,citynorth3311kv,2017,365,2016-05-01,2017-04-30,0,96,MW,0.0,0,0,0,0,False
2017/FY 2017/City South 132_11kV FY2017.csv,411690a2d326b6904b641b03d08bc2bc820763f28775313cbe6f0b81a5e3bed5,City South 132_11kV,citysouth13211kv,2017,365,2016-05-01,2017-04-30,0,96,MW,0.999857305936073,0,0,0,365,True
2017/FY 2017/Clovelly 132_11kV FY2017.csv,0a38902728feafa8a92d57bbdd3344302389b5ee29d509ad3414dcc220f732eb,Clovelly 132_11kV,clovelly13211kv,2017,365,2016-05-01,2017-04-30,0,96,MW,0.999857305936073,0,0,0,365,True
2017/FY 2017/Concord 33_11kV FY2017.csv,cc7b0226fc2346f3018498759e794189eb049aa2d3366232242b0f4e7b958aae,Concord 33_11kV,concord3311kv,2017,365,2016-05-01,2017-04-30,0,96,MW,0.9971175799086758,0,0,0,364,True
2017/FY 2017/Cronulla 132_11kV FY2017.csv,6a17cd9c58e6c72bf63f9939227222a9e41681c5b9915fe9070abaa20823c4d7,Cronulla 132_11kV,cronulla13211kv,2017,365,2016-05-01,2017-04-30,0,96,MW,0.999857305936073,0,0,0,365,True
2017/FY 2017/Croudace Bay 33_11kV FY2017.csv,c1ef344bc6c91524af8db1d45e9d2a89312b6bb5e7a0d7d32e86d04ef01f60dd,Croudace Bay 33_11kV,croudacebay3311kv,2017,365,2016-05-01,2017-04-30,0,96,MW,0.9889269406392694,0,0,0,361,True
2017/FY 2017/Crows Nest 132_11kV FY2017.csv,7e889a3b4a2f941df16dfb45b1dee5f9ee2482d17bb80dbecb7fbf7eb11bec51,Crows Nest 132_11kV,crowsnest13211kv,2017,426,2016-05-01,2017-04-30,0,96,MW,0.8568075117370892,0,0,0,365,False
2017/FY 2017/Crows Nest 33_11kV FY2017.csv,7043ca630822c42689509d34df32c7103661fbe2e6bf69efc2677049c295d8ed,Crows Nest 33_11kV,crowsnest3311kv,2017,365,2016-05-01,2017-04-30,0,96,MW,0.997431506849315,0,0,0,360,True
2017/FY 2017/Croydon 132_11kV FY2017.csv,1ad404714426b6004511ae300cea8e0bb080a15de5f559f234180da50518817c,Croydon 132_11kV,croydon13211kv,2017,365,2016-05-01,2017-04-30,0,96,MW,0.0,0,0,0,0,False
2017/FY 2017/Dalley St 132_11kV FY2017.csv,a1d65582264ef50006d947fd88f4a05a554442e7e79905f8c64b726b57137798,Dalley St 132_11kV,dalleyst13211kv,2017,365,2016-05-01,2017-04-30,0,96,MW,0.9971175799086758,0,0,0,364,True
2017/FY 2017/Darling Harbour 132_11kV FY2017.csv,2c34772414a322bb0ee7eeb2e272466b63287e4bbd3a96a0b7c16e6d9dfa7f81,Darling Harbour 132_11kV,darlingharbour13211kv,2017,365,2016-05-01,2017-04-30,0,96,MW,0.9992009132420091,0,0,0,364,True
2017/FY 2017/Darlinghurst 33_11kV FY2017.csv,cba74c20ac165b9521c35f0ad4a4b1264a2470f61b79955c63348513a0a2e58e,Darlinghurst 33_11kV,darlinghurst3311kv,2017,365,2016-05-01,2017-04-30,0,96,MW,0.9971175799086758,0,0,0,364,True
2017/FY 2017/Dee Why West 33_11kV FY2017.csv,0c3c26a157802b076ea0b4de85d34d9e729bd81829e774ac32a424cfb8bccbbb,Dee Why West 33_11kV,deewhywest3311kv,2017,365,2016-05-01,2017-04-30,0,96,MW,0.9971175799086758,0,0,0,364,True
2017/FY 2017/Denman 66_11kV FY2017.csv,6685b620c2d94ca64965846cf235e989b13e1110d2b14038892915f68ded8306,Denman 66_11kV,denman6611kv,2017,365,2016-05-01,2017-04-30,0,96,MW,0.999857305936073,0,0,0,365,True
2017/FY 2017/Double Bay 132_11kV FY2017.csv,b6aca655aa6f07659ad03cddc10495f4e40c67bc3a289641468149c82c69c049,Double Bay 132_11kV,doublebay13211kv,2017,365,2016-05-01,2017-04-30,0,96,MW,0.9971175799086758,0,0,0,364,True
2017/FY 2017/Drummoyne 132_11kV FY2017.csv,161be423d501c8e228d3ee6b72d8ade1510b36ede6ef9c74128a4500ab7b5f22,Drummoyne 132_11kV,drummoyne13211kv,2017,365,2016-05-01,2017-04-30,0,96,MW,0.999857305936073,0,0,0,365,True
2017/FY 2017/Dudley 33_11kV FY2017.csv,76e8f16d51a9d3066053213835217f38beed6a327a4c60767d089760184dfcaa,Dudley 33_11kV,dudley3311kv,2017,365,2016-05-01,2017-04-30,0,96,MW,0.0,0,0,0,0,False
2017/FY 2017/Dulwich Hill 33_11kV FY2017.csv,ec03995436e857f744b5173f4122b0ded8684829e0f192a5a64b370feee1a636,Dulwich Hill 33_11kV,dulwichhill3311kv,2017,365,2016-05-01,2017-04-30,0,96,MW,0.9971175799086758,0,0,0,364,True
2017/FY 2017/East Maitland 33_11kV FY2017.csv,3bd5d711714a0ccb1c46160e9bd8b8997bb3a0bfb0626d53a5fd4bd1c61c1b52,East Maitland 33_11kV,eastmaitland3311kv,2017,365,2016-05-01,2017-04-30,0,96,MW,0.0,0,0,0,0,False
2017/FY 2017/Edgeworth 33_11kV FY2017.csv,df6b4a8898d2e929f22a09ab477fe07bf6116f16ad79a70a87bb2f9c868dfdf5,Edgeworth 33_11kV,edgeworth3311kv,2017,365,2016-05-01,2017-04-30,0,96,MW,0.9998858447488584,0,0,0,365,True
2017/FY 2017/Empire Bay 66_11kV FY2017.csv,e60607ba865a914731d5b554ba97884f444c768729cb685381468e0398df6629,Empire Bay 66_11kV,empirebay6611kv,2017,365,2016-05-01,2017-04-30,0,96,MW,0.9998002283105023,0,0,0,365,True
2017/FY 2017/Enfield 33_11kV FY2017.csv,657a1df3e392dea03d437c2ea8c0b2ba299c251d598020c799e7515eded79075,Enfield 33_11kV,enfield3311kv,2017,365,2016-05-01,2017-04-30,0,96,MW,0.999857305936073,0,0,0,365,True
2017/FY 2017/Engadine 132_11kV FY2017.csv,922ce87be6aab14d1281523534d827b5890d81bb155840c884709e85e7196e54,Engadine 132_11kV,engadine13211kv,2017,365,2016-05-01,2017-04-30,0,96,MW,0.6628995433789955,0,0,0,242,False
2017/FY 2017/Engadine 33_11kV FY2017.csv,3cd87a5368f0eeb60b36d8d967a96a493c25ec2808a2c9b80f916292d1e374fa,Engadine 33_11kV,engadine3311kv,2017,365,2016-05-01,2017-04-30,0,96,MW,0.9971175799086758,0,0,16155,364,True
2017/FY 2017/Epping 66_11kV FY2017.csv,65bc4fc828c00d61d024a82d32898f28d443e4b26d188d734a7e1e6b1fed38a4,Epping 66_11kV,epping6611kv,2017,365,2016-05-01,2017-04-30,0,96,MW,0.9996575342465753,0,0,0,364,True
2017/FY 2017/Erina 66_11kV FY2017.csv,b9673bc9f5e54fbf4030fc9b791ac09a232be14b202828877ee57240a4ea5e62,Erina 66_11kV,erina6611kv,2017,365,2016-05-01,2017-04-30,0,96,MW,0.9996860730593607,0,0,0,364,True
2017/FY 2017/Five Dock 33_11kV FY2017.csv,66f967d9499b01c0af2ff623240fd5164389b6d2daaed2ece726f2f5773a3305,Five Dock 33_11kV,fivedock3311kv,2017,365,2016-05-01,2017-04-30,0,96,MW,0.9971175799086758,0,0,0,364,True
2017/FY 2017/Flemington 132_11kV FY2017.csv,c92e651604e87dd002b2169b165bc2681bf7f57cf819cd222ccfb5278fcd3674,Flemington 132_11kV,flemington13211kv,2017,365,2016-05-01,2017-04-30,0,96,MW,0.999857305936073,0,0,0,365,True
2017/FY 2017/Galston 132_11kV FY2017.csv,2f96d6030ba45a9bcc0e340877b9bcab30baee95b609bf3a3819dcde8a3fd9bb,Galston 132_11kV,galston13211kv,2017,365,2016-05-01,2017-04-30,0,96,MW,0.9998858447488584,0,0,0,365,True
2017/FY 2017/Gateshead 33_11kV FY2017.csv,25c0c9e29d4c034e190d063ff4aa2fae9ce1898450a783718d1a5131e20ab829,Gateshead 33_11kV,gateshead3311kv,2017,365,2016-05-01,2017-04-30,0,96,MW,0.9998858447488584,0,0,0,365,True
2017/FY 2017/Gore Hill 33_11kV FY2017.csv,094716960573b561d6c45622b6f3fae50fc2081f76f5fb9070d703eab07ef13f,Gore Hill 33_11kV,gorehill3311kv,2017,365,2016-05-01,2017-04-30,0,96,MW,0.9998858447488584,0,0,0,365,True
2017/FY 2017/Green Square 132_11kV FY2017.csv,c85e5837e4ce6fb5b4283c1b27d6799ecc47166652f50c9ecf9080be4a577b24,Green Square 132_11kV,greensquare13211kv,2017,365,2016-05-01,2017-04-30,0,96,MW,0.9971175799086758,0,0,0,364,True
2017/FY 2017/Greenacre Park 132_11kV FY2017.csv,7554b32c9871d4a1ca04afb9c7f23f5a812a0046479eca60e8174b474b1c2224,Greenacre Park 132_11kV,greenacrepark13211kv,2017,365,2016-05-01,2017-04-30,0,96,MW,0.9971175799086758,0,0,0,364,True
2017/FY 2017/Gwawley Bay 132_11kV FY2017.csv,4b55cf15030908a99c27b73514d304a17086fde74fc67088d5f9e9d8e9783cd7,Gwawley Bay 132_11kV,gwawleybay13211kv,2017,365,2016-05-01,2017-04-30,0,96,MW,0.9971175799086758,0,0,0,364,True
2017/FY 2017/Gwawley Bay 33_11kV FY2017.csv,329cc2e26fa219eae624cc94cab7030a62a3399432ecad6cc384fd80ec8308c6,Gwawley Bay 33_11kV,gwawleybay3311kv,2017,365,2016-05-01,2017-04-30,0,96,MW,0.999857305936073,0,0,0,365,True
2017/FY 2017/Harbord 33_11kV FY2017.csv,a67d50c36aed4787be3eb28cb8397b07a4f9327b03b31a8903f59cf8d9cfa486,Harbord 33_11kV,harbord3311kv,2017,365,2016-05-01,2017-04-30,0,96,MW,0.997060502283105,0,0,0,364,True
2017/FY 2017/Homebush Bay 132_11kV FY2017.csv,127dbfb88da806a87c4a2b51c306cec06eefac5dea4a34c53c865218118b78f3,Homebush Bay 132_11kV,homebushbay13211kv,2017,365,2016-05-01,2017-04-30,0,96,MW,0.9971175799086758,0,0,0,364,True
2017/FY 2017/Hornsby 132_11kV FY2017.csv,035f3cee01adc9f87e7fa0ec08aa457c0593cc0d53976f78432c45ad73d43180,Hornsby 132_11kV,hornsby13211kv,2017,365,2016-05-01,2017-04-30,0,96,MW,0.9971175799086758,0,0,0,364,True
2017/FY 2017/Hunters Hill 66_11kV FY2017.csv,fd6f2bbb4f0a158f39cc9df4de217261a090f8e0ee62358f47b5ee48426865f1,Hunters Hill 66_11kV,huntershill6611kv,2017,365,2016-05-01,2017-04-30,0,96,MW,0.997060502283105,0,0,0,364,True
2017/FY 2017/Hurstville North 132_11kV FY2017.csv,d2a2a53ce72db7643c7d105116f576c88fb5094b07ffbb4e77c642f881aad6b0,Hurstville North 132_11kV,hurstvillenorth13211kv,2017,365,2016-05-01,2017-04-30,0,96,MW,0.9998287671232877,0,0,0,365,True
2017/FY 2017/Hurstville North 33_11kV FY2017.csv,8981b332e7fc80af3b7b1350c1d762da039be3e2652091e8199bf71c168cc54c,Hurstville North 33_11kV,hurstvillenorth3311kv,2017,365,2016-05-01,2017-04-30,0,96,MW,0.0,0,0,0,0,False
2017/FY 2017/Jannali 33_11kV FY2017.csv,f84d5c2d81a34c1823e66f9536ed78ccdc86d2c0ea9094a8908838111120db8b,Jannali 33_11kV,jannali3311kv,2017,365,2016-05-01,2017-04-30,0,96,MW,0.9998858447488584,0,0,0,365,True
2017/FY 2017/Jesmond 132_11kV FY2017.csv,27da41a16e5da6730a265067c78d70b6945b3e65649a7f6662c91d46b88dc67a,Jesmond 132_11kV,jesmond13211kv,2017,365,2016-05-01,2017-04-30,0,96,MW,0.9998858447488584,0,0,0,365,True
2017/FY 2017/Jewells 33_11kV FY2017.csv,0f0283c1556fcd61ead9f08e7c4df2e93ca0b4248433d4bb4eb031472e805b63,Jewells 33_11kV,jewells3311kv,2017,365,2016-05-01,2017-04-30,0,96,MW,0.9998858447488584,0,0,0,365,True
2017/FY 2017/Killarney 33_11kV FY2017.csv,176bbdba5e5fb901eb3f2f21f80941eccf0823e57c46cf9f9d8a60593c77bf9d,Killarney 33_11kV,killarney3311kv,2017,365,2016-05-01,2017-04-30,0,96,MW,0.9971175799086758,0,0,0,364,True
2017/FY 2017/Kingsford 132_11kV FY2017.csv,a84445808280b20febd0e39bca7c2eae0380de6c6ff7c74b07bfdd2e6d9cabcf,Kingsford 132_11kV,kingsford13211kv,2017,365,2016-05-01,2017-04-30,0,96,MW,0.9955764840182648,0,0,0,362,True
2017/FY 2017/Kirrawee 132_11kV FY2017.csv,a8a50ace44fd501856d1a3f0374c4b8cc8d37916a21e9804c61d5401ecfeca9f,Kirrawee 132_11kV,kirrawee13211kv,2017,365,2016-05-01,2017-04-30,0,96,MW,0.9971175799086758,0,0,0,364,True
2017/FY 2017/Kogarah 132_11kV FY2017.csv,b2b0ce02f38b5d7375c098b8102cc3a80fd8f3f3588d3c31ea7759b034873913,Kogarah 132_11kV,kogarah13211kv,2017,365,2016-05-01,2017-04-30,0,96,MW,0.996033105022831,0,0,0,363,True
2017/FY 2017/Kotara 33_11kV FY2017.csv,b70dd2491c70ecd17f2f18daa1aa1bf93dcb5c9ad9d565e3c427a729ef227234,Kotara 33_11kV,kotara3311kv,2017,365,2016-05-01,2017-04-30,0,96,MW,0.994406392694064,0,0,0,363,True
2017/FY 2017/Kurnell 33_11kV FY2017.csv,7b0eec07ab3dca56cd6c8e8502db10ce3fede9e1d985b5ffea28b14fb2497e07,Kurnell 33_11kV,kurnell3311kv,2017,365,2016-05-01,2017-04-30,0,96,MW,0.0,0,0,0,0,False
2017/FY 2017/Kurnell 33_6.3kV FY2017.csv,e96960cf634d4d3aa6d0e71b0401cc34c62c443e730e5df092d0991f74090f99,Kurnell 33_6.3kV,kurnell3363kv,2017,365,2016-05-01,2017-04-30,0,96,MW,0.0,0,0,0,0,False
2017/FY 2017/Kurnell South 132_11kV FY2017.csv,b712dab0bd73f96e5873982fc402fd78c679fb410d2aeebe056dc8737b22bfd4,Kurnell South 132_11kV,kurnellsouth13211kv,2017,365,2016-05-01,2017-04-30,0,96,MW,0.9998858447488584,0,0,0,365,True
2017/FY 2017/Kurri 132_11kV FY2017.csv,e9707e9edf9524b6afedecdf942066aae36af955fdfc105cf9323df4da9c5f80,Kurri 132_11kV,kurri13211kv,2017,365,2016-05-01,2017-04-30,0,96,MW,0.9998858447488584,0,0,0,365,True
2017/FY 2017/Kurri 33_11kV FY2017.csv,f930ba0f71c7cd9375bd9744458d594a8016c9d6d0fe9eed235612e7bb6dbfd0,Kurri 33_11kV,kurri3311kv,2017,365,2016-05-01,2017-04-30,0,96,MW,0.0,0,0,0,0,False
2017/FY 2017/Lake Munmorah 132_11kV FY2017.csv,2ef3061d223fa18591d21818cdd112c804425dc175ec7b2f8cdd97c2bfe1bfc5,Lake Munmorah 132_11kV,lakemunmorah13211kv,2017,365,2016-05-01,2017-04-30,0,96,MW,0.9997431506849315,0,0,0,365,True
2017/FY 2017/Lake Munmorah 33_11kV FY2017.csv,b857dd9e1132c8ecc2f3f261a5258b535f901850355e4718fb714235c1b99e03,Lake Munmorah 33_11kV,lakemunmorah3311kv,2017,365,2016-05-01,2017-04-30,0,96,MW,0.0,0,0,0,0,False
2017/FY 2017/Leichhardt 132_11kV FY2017.csv,80ff15a0a501442b6966fdca0cf31089572a11ad5ef02f3e6304528410418c47,Leichhardt 132_11kV,leichhardt13211kv,2017,365,2016-05-01,2017-04-30,0,96,MW,0.0,0,0,0,0,False
2017/FY 2017/Leichhardt 33_11kV FY2017.csv,341f788de4d0f98708a23e3cf34cf126f9560d05bea543caac21ed1830372f57,Leichhardt 33_11kV,leichhardt3311kv,2017,365,2016-05-01,2017-04-30,0,96,MW,0.9971175799086758,0,0,0,364,True
2017/FY 2017/Leightonfield 33_11kV FY2017.csv,86e0ff8af0656974ac7b8f67ff61c7930087d3869faa58debeb4e3d4b008c496,Leightonfield 33_11kV,leightonfield3311kv,2017,365,2016-05-01,2017-04-30,0,96,MW,0.9964611872146119,0,0,0,362,True
2017/FY 2017/Lemington 66_11kV FY2017.csv,4c23e0c3e75daa0342286d9d6283a6f2a0634bcf25d0323175e9f42eec8cb3f8,Lemington 66_11kV,lemington6611kv,2017,365,2016-05-01,2017-04-30,0,96,MW,0.9998858447488584,0,0,0,365,True
2017/FY 2017/Lidcombe 33_11kV FY2017.csv,b822851d046a46d000063b4127c87ef09ecb66c193457e827e910e78c3570347,Lidcombe 33_11kV,lidcombe3311kv,2017,365,2016-05-01,2017-04-30,0,96,MW,0.9971175799086758,0,0,0,364,True
2017/FY 2017/Lindfield 33_11kV FY2017.csv,712477a375be5ee0d8b1d6613f8b01e8a034de0b0052b2a01f776b9d4cadf972,Lindfield 33_11kV,lindfield3311kv,2017,365,2016-05-01,2017-04-30,0,96,MW,0.9998858447488584,0,0,0,365,True
2017/FY 2017/Lisarow 33_11kV FY2017.csv,a10b3608b0b709929c2679ed8ba55ed1c5a1caf2ecb3273a61ce496306218b0c,Lisarow 33_11kV,lisarow3311kv,2017,365,2016-05-01,2017-04-30,0,96,MW,0.9998002283105023,0,0,0,365,True
2017/FY 2017/Long Jetty 33_11kV FY2017.csv,b6b673cf2b4028f07740f4a7504769483aac3192c5719d971d94175838e05cee,Long Jetty 33_11kV,longjetty3311kv,2017,365,2016-05-01,2017-04-30,0,96,MW,0.0,0,0,0,0,False
2017/FY 2017/Long Jetty 66_11kV FY2017.csv,5f5dbb0c26c5fbe30101d00ae3ddb7057f3873226ab6668532df2c738ddac7ba,Long Jetty 66_11kV,longjetty6611kv,2017,365,2016-05-01,2017-04-30,0,96,MW,0.9963755707762557,0,0,0,361,True
2017/FY 2017/Lucas Heights 33_11kV FY2017.csv,7f67731b6aeefb32885dfb49fd6f1eb0aff0a4aceb29559cbd1a95841bca2768,Lucas Heights 33_11kV,lucasheights3311kv,2017,365,2016-05-01,2017-04-30,0,96,MW,0.9971175799086758,0,0,0,364,True
2017/FY 2017/Macquarie Park 132_11kV FY2017.csv,89f60aafd887f3934b396890ec16c68d9a497f2f886d5e08eb2a1bf587cef79e,Macquarie Park 132_11kV,macquariepark13211kv,2017,365,2016-05-01,2017-04-30,0,96,MW,0.9971175799086758,0,0,0,364,True
2017/FY 2017/Maitland 33_11kV FY2017.csv,521ee12290e61a980aa2de50447b405625654cd02728cde9948038b4daa44983,Maitland 33_11kV,maitland3311kv,2017,365,2016-05-01,2017-04-30,0,96,MW,0.9998858447488584,0,0,0,365,True
2017/FY 2017/Maitland Central 33_11kV FY2017.csv,8c344f894c68c966b222c7d55c64d77a8970817af0ac42ba9644bf854d77a95b,Maitland Central 33_11kV,maitlandcentral3311kv,2017,365,2016-05-01,2017-04-30,0,96,MW,0.0,0,0,0,0,False
2017/FY 2017/Manly 33_11kV FY2017.csv,37285fa2f6098d480e506cefdd8c714bfecbae830958b738a52b47cc2681a9e8,Manly 33_11kV,manly3311kv,2017,365,2016-05-01,2017-04-30,0,96,MW,0.9982591324200913,0,0,0,362,True
2017/FY 2017/Maroubra 132_11kV FY2017.csv,c263176a855a76d5caefec26486008041040f82cdd5b7d834436ef63dec5906e,Maroubra 132_11kV,maroubra13211kv,2017,365,2016-05-01,2017-04-30,0,96,MW,0.9971175799086758,0,0,0,364,True
2017/FY 2017/Marrickville 132_11kV FY2017.csv,94298a3cf321945591e4ebafa04b60861047e83a94aaeddb15aa41487870adfc,Marrickville 132_11kV,marrickville13211kv,2017,365,2016-05-01,2017-04-30,0,96,MW,0.999857305936073,0,0,0,365,True
2017/FY 2017/Maryland 132_11kV FY2017.csv,0ea1d0d94d3277f942c25f43d490a41d1d7ee4053de89cc2b0baea2781421939,Maryland 132_11kV,maryland13211kv,2017,365,2016-05-01,2017-04-30,0,96,MW,0.9779680365296803,0,0,0,357,True
2017/FY 2017/Mascot 33_11kV FY2017.csv,25b64bee831a6f24987ba881ef0f97354da8f688158cf64a6ad2f66ace96b924,Mascot 33_11kV,mascot3311kv,2017,365,2016-05-01,2017-04-30,0,96,MW,0.9971175799086758,0,0,0,364,True
2017/FY 2017/Matraville 33_11kV FY2017.csv,9a8a7860354af5bf6dde0c6d6fa33d230044b2193f4f08eda684493f316771f0,Matraville 33_11kV,matraville3311kv,2017,365,2016-05-01,2017-04-30,0,96,MW,0.9971175799086758,0,0,0,364,True
2017/FY 2017/Mayfield 33_11kV FY2017.csv,6d9f8782f8e075122fc6c413e004d9771716ece0d73d338d23114d1954f36e3d,Mayfield 33_11kV,mayfield3311kv,2017,365,2016-05-01,2017-04-30,0,96,MW,0.0,0,0,0,0,False
2017/FY 2017/Mayfield West 132_11kV FY2017.csv,62d6d1013a8ca192d133d9efdf481aa34e9d4ceb1a3a4e0b0b667610e1a1ea3f,Mayfield West 132_11kV,mayfieldwest13211kv,2017,365,2016-05-01,2017-04-30,0,96,MW,0.9998858447488584,0,0,0,365,True
2017/FY 2017/Meadowbank 132_11kV FY2017.csv,b11f123c306410d489f973389add4d795c5e426612bd0b2065b3a0bd55748a42,Meadowbank 132_11kV,meadowbank13211kv,2017,365,2016-05-01,2017-04-30,0,96,MW,0.9971175799086758,0,0,0,364,True
2017/FY 2017/Medowie 33_11kV FY2017.csv,f690b61de417986ac162e40bd6276f8aadfd18d385b2809d17375dc0c8516990,Medowie 33_11kV,medowie3311kv,2017,365,2016-05-01,2017-04-30,0,96,MW,0.9998858447488584,0,0,0,365,True
2017/FY 2017/Menai 132_11kV FY2017.csv,aa32c9248e73a71dabf0ffa774fbe04ef0801ad72d81882992ba190bfd2952e5,Menai 132_11kV,menai13211kv,2017,365,2016-05-01,2017-04-30,0,96,MW,0.9971175799086758,0,0,0,364,True
2017/FY 2017/Merriwa 33_11kV FY2017.csv,89ef6567185db2cb94f92c816d02674850b0e5afe62df1b07ea529d71db19d17,Merriwa 33_11kV,merriwa3311kv,2017,365,2016-05-01,2017-04-30,0,96,MW,0.9978025114155251,0,0,0,362,True
2017/FY 2017/Metford 33_11kV FY2017.csv,e6e843656641d3fdabf6096c6baa0f554c19451a1afdd7b7bf8707bc8b26b5ab,Metford 33_11kV,metford3311kv,2017,365,2016-05-01,2017-04-30,0,96,MW,0.9998858447488584,0,0,0,365,True
2017/FY 2017/Milperra 132_11kV FY2017.csv,8dc812ff7008bfd2a9c830783718aa1791468aa2d551e5de72ba81eef06938e0,Milperra 132_11kV,milperra13211kv,2017,365,2016-05-01,2017-04-30,0,96,MW,0.999857305936073,0,0,0,365,True
2017/FY 2017/Miranda 33_11kV FY2017.csv,a0a0389b98c91bd7a0b60fd98e688527d97990d19e77c460971d4fc5d54f2378,Miranda 33_11kV,miranda3311kv,2017,365,2016-05-01,2017-04-30,0,96,MW,0.9998858447488584,0,0,0,365,True
2017/FY 2017/Mitchell Line 66_11kV FY2017.csv,e736a8007b04d20e63f9a2a2a7fbd7d5c6c2d44f97b88fabf9883762b9f9d6f5,Mitchell Line 66_11kV,mitchellline6611kv,2017,365,2016-05-01,2017-04-30,0,96,MW,0.9998858447488584,0,0,0,365,True
2017/FY 2017/Mitchells Flat 66_11kV FY2017.csv,3a369a09bb1fb3ad9e99968362b6d9d59ad23d136d73950d9c606340c87ca30c,Mitchells Flat 66_11kV,mitchellsflat6611kv,2017,365,2016-05-01,2017-04-30,0,96,MW,0.6775970319634703,0,0,0,246,False
2017/FY 2017/Mona Vale 33_11kV FY2017.csv,a8a506136517aa1ee9088db7f50246d9de969d1830bbc57595ee8a2268ea1669,Mona Vale 33_11kV,monavale3311kv,2017,365,2016-05-01,2017-04-30,0,96,MW,0.9971175799086758,0,0,0,364,True
2017/FY 2017/Moonan 33_11kV FY2017.csv,23e54f5422ff5a93262d1ca8b33c05d9eb1c8aece9f8b758aff39cd5ba53b46c,Moonan 33_11kV,moonan3311kv,2017,365,2016-05-01,2017-04-30,0,96,MW,0.9995719178082192,0,0,0,364,True
2017/FY 2017/Morisset 132_11kV FY2017.csv,b09d70f0098a7c6db2b2b43c3e4fe12c93f17ff01f66bcb1a4c52fea677638a6,Morisset 132_11kV,morisset13211kv,2017,365,2016-05-01,2017-04-30,0,96,MW,0.9998858447488584,0,0,0,365,True
2017/FY 2017/Morisset 33_11kV Temp FY2017.csv,42b1e8f2a7d9bd6d5ceae480ba1def17e0866bfe5b0d040269653874beffacc4,Morisset 33_11kV Temp,morisset3311kvtemp,2017,365,2016-05-01,2017-04-30,0,96,MW,0.0,0,0,0,0,False
2017/FY 2017/Mortdale 33_11kV FY2017.csv,0b469422cb9817f55a4a5696ff24030ac56ec2bf408bbe830207d8f40332c939,Mortdale 33_11kV,mortdale3311kv,2017,365,2016-05-01,2017-04-30,0,96,MW,0.9971175799086758,0,0,0,364,True
2017/FY 2017/Mosman 132_11kV FY2017.csv,5095a4e2758c0abf056f1e909d6efe422eb006a11c54a3c645e79e2c9ffae64c,Mosman 132_11kV,mosman13211kv,2017,365,2016-05-01,2017-04-30,0,96,MW,0.999857305936073,0,0,0,365,True
2017/FY 2017/Mt Hutton 33_11kV FY2017.csv,dbec9b9f6b8cff4c8ef90717609bf5cecf57b4aedd3786c1febcf2f1f0dea9f1,Mt Hutton 33_11kV,mthutton3311kv,2017,365,2016-05-01,2017-04-30,0,96,MW,0.9998287671232877,0,0,0,365,True
2017/FY 2017/Mt Thorley 66_11kV FY2017.csv,ed7d6cfa17f5aed166705d9b6c5e0e71962df6a33fe0f50ab6d8bab1472e854f,Mt Thorley 66_11kV,mtthorley6611kv,2017,365,2016-05-01,2017-04-30,0,96,MW,0.9998858447488584,0,0,0,365,True
2017/FY 2017/Muswellbrook 33_11kV FY2017.csv,62c2a3a26546acd8af1483ba2ae174641a830ceae6ec536a4543a2af630ad50f,Muswellbrook 33_11kV,muswellbrook3311kv,2017,365,2016-05-01,2017-04-30,0,96,MW,0.9889269406392694,0,0,0,361,True
2017/FY 2017/Narrabeen 33_11kV FY2017.csv,08ff8ea040956d286f3ab20eed4ea509937c5a92262359d1efad4c8bbefd9b18,Narrabeen 33_11kV,narrabeen3311kv,2017,365,2016-05-01,2017-04-30,0,96,MW,0.9970319634703196,0,0,0,364,True
2017/FY 2017/Nelson Bay 33_11kV FY2017.csv,14ec27ebdbe693f3068bab3f023028b882066cdc76ea308b41889c775ba75149,Nelson Bay 33_11kV,nelsonbay3311kv,2017,365,2016-05-01,2017-04-30,0,96,MW,0.9998858447488584,0,0,0,365,True
2017/FY 2017/New Lambton 33_11kV FY2017.csv,0326bdec5f7ac3030c17e8160266bd2efdbf2be847572943408d036411786bf8,New Lambton 33_11kV,newlambton3311kv,2017,365,2016-05-01,2017-04-30,0,96,MW,0.9476598173515982,0,0,0,344,False
2017/FY 2017/Newcastle CBD 33_11kV FY2017.csv,a88296029aa6676d88372fce8a8107b88d8d1167c97ba2a63ddae19399948c4f,Newcastle CBD 33_11kV,newcastlecbd3311kv,2017,365,2016-05-01,2017-04-30,0,96,MW,0.9998858447488584,0,0,0,365,True
2017/FY 2017/Newdell 66_11kV FY2017.csv,19ab8c9c593d0f8ac742cd579fbde95997ee4a7a981d38b1229f91ca70d6ec59,Newdell 66_11kV,newdell6611kv,2017,365,2016-05-01,2017-04-30,0,96,MW,0.9998858447488584,0,0,0,365,True
2017/FY 2017/Newport 33_11kV FY2017.csv,946041878c9851478541c583752194af0c4e08f21e627192858829d17a3c70f9,Newport 33_11kV,newport3311kv,2017,365,2016-05-01,2017-04-30,0,96,MW,0.9971175799086758,0,0,0,364,True
2017/FY 2017/Noraville 33_11kV FY2017.csv,254b8d4c0a43249b2ceb9dbf0727321d8a8a4132a681d6686a9718889f8992eb,Noraville 33_11kV,noraville3311kv,2017,365,2016-05-01,2017-04-30,0,96,MW,0.9971175799086758,0,0,0,364,True
2017/FY 2017/North Head 33_11kV FY2017.csv,911348e46d56dfce5c1dbb4a11d238b6815d57aa29c8facaf6aba4788f547ef8,North Head 33_11kV,northhead3311kv,2017,365,2016-05-01,2017-04-30,0,96,MW,0.9971175799086758,0,0,0,364,True
2017/FY 2017/North Ryde 66_11kV FY2017.csv,5a2f273e89b30afc5f9d2a39d06c09d37de0b753d470dede0cd63b07fdd8537d,North Ryde 66_11kV,northryde6611kv,2017,365,2016-05-01,2017-04-30,0,96,MW,0.0,0,0,0,0,False
2017/FY 2017/North Sydney 132_11kV FY2017.csv,0c06856021bf30e4420ee568ea188e02f330f2c4b9199e8881539348dbd92d15,North Sydney 132_11kV,northsydney13211kv,2017,365,2016-05-01,2017-04-30,0,96,MW,0.9998287671232877,0,0,0,365,True
2017/FY 2017/North Sydney 33_11kV FY2017.csv,18c6bda68f94e93738282db79154a50bb53ad61522770f3fae84cc81b3e47098,North Sydney 33_11kV,northsydney3311kv,2017,365,2016-05-01,2017-04-30,0,96,MW,0.9286244292237443,0,0,15911,339,False
2017/FY 2017/Nulkaba 33_11kV FY2017.csv,38675b60951601b30f62cfd94a2d20c916786564002edb691a12c4386039eb6f,Nulkaba 33_11kV,nulkaba3311kv,2017,365,2016-05-01,2017-04-30,0,96,MW,0.9998858447488584,0,0,0,365,True
2017/FY 2017/Olympic Park 132_11kV FY2017.csv,d6a8763167fb971ed9573d269949e1b0bf08c3e7926e32e393fbc0328a795d4f,Olympic Park 132_11kV,olympicpark13211kv,2017,365,2016-05-01,2017-04-30,0,96,MW,0.0,0,0,0,0,False
2017/FY 2017/Paddington 33_11kV FY2017.csv,d9ce825476a8f919c387932c38d41c8f578b2cd0575ff393b05ca818a3e0719c,Paddington 33_11kV,paddington3311kv,2017,365,2016-05-01,2017-04-30,0,96,MW,0.9970890410958904,0,0,0,364,True
2017/FY 2017/Padstow 33_11kV FY2017.csv,e1c7c3fe1fc1fd8f3e28a6b16c1982f3b4f4ed0a54ce9e37577ffe4a1a011194,Padstow 33_11kV,padstow3311kv,2017,365,2016-05-01,2017-04-30,0,96,MW,0.0,0,0,0,0,False
2017/FY 2017/Paxton 33_11kV FY2017.csv,872d462eb22ef050bd206f2e6a178336ea9500d9f70dde0185b2061e62763726,Paxton 33_11kV,paxton3311kv,2017,365,2016-05-01,2017-04-30,0,96,MW,0.9889269406392694,0,0,0,361,True
2017/FY 2017/Peats Ridge 33_11kV FY2017.csv,ec433ea7609a74f07b7eed0daef945609f9850aa99a9fbcde8116a1a319df98f,Peats Ridge 33_11kV,peatsridge3311kv,2017,365,2016-05-01,2017-04-30,0,96,MW,0.9389269406392694,0,0,0,340,False
2017/FY 2017/Pelican 33_11kV FY2017.csv,d1de1c1618c9496201707beeca4b13fc818b3bd840cd91c10a232a3e7c9a8245,Pelican 33_11kV,pelican3311kv,2017,365,2016-05-01,2017-04-30,0,96,MW,0.9998858447488584,0,0,0,365,True
2017/FY 2017/Pennant Hills 132_11kV FY2017.csv,dd2d7ffb19b6749e456302a75c6ea8b8a0459948e6722aa1bdad59e1eeccaef0,Pennant Hills 132_11kV,pennanthills13211kv,2017,365,2016-05-01,2017-04-30,0,96,MW,0.9971175799086758,0,0,0,364,True
2017/FY 2017/Port Botany 33_11kV FY2017.csv,db01a4eb054cc4260398d96c2f621344bf1dfc94c5d45f12da23f80c5111ab4e,Port Botany 33_11kV,portbotany3311kv,2017,365,2016-05-01,2017-04-30,0,96,MW,0.9970890410958904,0,0,0,364,True
2017/FY 2017/Potts Hill 132_11kV FY2017.csv,3ab0c3a3dd2a375e4f577565d6220197355911ba4e8719990cb9322942378501,Potts Hill 132_11kV,pottshill13211kv,2017,365,2016-05-01,2017-04-30,0,96,MW,0.9998858447488584,0,0,0,365,True
2017/FY 2017/Punchbowl 33_11kV FY2017.csv,dd14cea4559f05ba7a3abe407c0351a47f31d2ce81575e13a6e14ff7823cc1ed,Punchbowl 33_11kV,punchbowl3311kv,2017,365,2016-05-01,2017-04-30,0,96,MW,0.9971175799086758,0,0,0,364,True
2017/FY 2017/Pymble 33_11kV FY2017.csv,b37c4bccc993958bf3e0d048b70a2fdfb8e345cf87a8f79c83e7ea71da1719d3,Pymble 33_11kV,pymble3311kv,2017,365,2016-05-01,2017-04-30,0,96,MW,0.999857305936073,0,0,0,365,True
2017/FY 2017/RNS Hospital 132_11kV FY2017.csv,ca898dae7ed585a975b79cb9e22970d689088cae21e6163e5184cdd04617b731,RNS Hospital 132_11kV,rnshospital13211kv,2017,365,2016-05-01,2017-04-30,0,96,MW,0.995005707762557,0,0,0,361,True
2017/FY 2017/Randwick 33_11kV FY2017.csv,284a6bec502f39d08fc5ade8cbaef7757d0d68c1b78aaea91926b99a0309d921,Randwick 33_11kV,randwick3311kv,2017,365,2016-05-01,2017-04-30,0,96,MW,0.0,0,0,0,0,False
2017/FY 2017/Rathmines 132_11kV FY2017.csv,45a66ba5282d7e8daa2d1aeefe3cf3df2b0ea4493387aa47c8f25feda8ac0d8c,Rathmines 132_11kV,rathmines13211kv,2017,365,2016-05-01,2017-04-30,0,96,MW,0.9996575342465753,0,0,0,364,True
2017/FY 2017/Rathmines 132_11kV Temp FY2017.csv,6987af582acdf62823de4b1cfd4aed7b3fb6bfd54191d7dafd2f68f186406756,Rathmines 132_11kV Temp,rathmines13211kvtemp,2017,365,2016-05-01,2017-04-30,0,96,MW,0.0,0,0,0,0,False
2017/FY 2017/Raymond Terr NEW 33_11kV FY2017.csv,630ae39f6b4544b2282dd0bc89d6018937332d0e6994027c18d93ae6e8ebfbab,Raymond Terr NEW 33_11kV,raymondterrnew3311kv,2017,365,2016-05-01,2017-04-30,0,96,MW,0.9998858447488584,0,0,0,365,True
2017/FY 2017/Raymond Terrace 33_11kV FY2017.csv,b48fbfb778c5d3ff6c516a9c7f961ee0297ca7143980b83f593ce8e7eae3da32,Raymond Terrace 33_11kV,raymondterrace3311kv,2017,365,2016-05-01,2017-04-30,0,96,MW,0.0,0,0,0,0,False
2017/FY 2017/Revesby 132_11kV FY2017.csv,86b58cb1155a1babee01bb28eebfc0800e8001fa1105ddef3af595bb41463aa8,Revesby 132_11kV,revesby13211kv,2017,365,2016-05-01,2017-04-30,0,96,MW,0.999857305936073,0,0,0,365,True
2017/FY 2017/Riverwood 33_11kV FY2017.csv,72af0cd5e0a978127bf11005f6999a02efd09cbfcf6241a74bda6c32649f0975,Riverwood 33_11kV,riverwood3311kv,2017,365,2016-05-01,2017-04-30,0,96,MW,0.9971175799086758,0,0,0,364,True
2017/FY 2017/Rockdale 132_11kV FY2017.csv,7ebe816f0aaff390ef4eb08002009cd73c60accc5d59ee006a272dfd3aa017d6,Rockdale 132_11kV,rockdale13211kv,2017,365,2016-05-01,2017-04-30,0,96,MW,0.0,0,0,0,0,False
2017/FY 2017/Rockdale 33_11kV FY2017.csv,1f192315c11f34a4caf04bc43ef4d35fe5b3473c4d6117a33f50e7fa8860c377,Rockdale 33_11kV,rockdale3311kv,2017,365,2016-05-01,2017-04-30,0,96,MW,0.9971175799086758,0,0,0,364,True
2017/FY 2017/Rose Bay 132_11kV FY2017.csv,029eb5f00daae047902b83c6284fdd017c874ebeae43b2ac03b8f5393876b079,Rose Bay 132_11kV,rosebay13211kv,2017,365,2016-05-01,2017-04-30,0,96,MW,0.9998858447488584,0,0,0,365,True
2017/FY 2017/Rose Bay 33_11kV FY2017.csv,1be5aec9892715a8a3af3bccc1561b907c50e90c45449867216205d7fbe4f6d5,Rose Bay 33_11kV,rosebay3311kv,2017,365,2016-05-01,2017-04-30,0,96,MW,0.005479452054794521,0,0,0,2,False
2017/FY 2017/Rothbury 132_11kV FY2017.csv,03391aa8e656f214f1e367d2fa39fa2a3659922fedc02dd19bada705e7900859,Rothbury 132_11kV,rothbury13211kv,2017,365,2016-05-01,2017-04-30,0,96,MW,0.9998858447488584,0,0,0,365,True
2017/FY 2017/Rouchel 33_11kV FY2017.csv,1d08de2bbf968acb6a48a1bfa144d2787c396859c7f5a1b0cee4377154e2533c,Rouchel 33_11kV,rouchel3311kv,2017,365,2016-05-01,2017-04-30,0,96,MW,0.9979452054794521,0,0,0,361,True
2017/FY 2017/Rutherford 33_11kV FY2017.csv,733656b29db8153fd2c992a6fa79b6cc9a85a4a0e6d8361537fad9ede3408987,Rutherford 33_11kV,rutherford3311kv,2017,365,2016-05-01,2017-04-30,0,96,MW,0.9998858447488584,0,0,0,365,True
2017/FY 2017/Salt Ash 33_11kV FY2017.csv,098b1b4e732ea8ff80c3dc42a4ac679f8648b04cf17f8bba305eab995833bca2,Salt Ash 33_11kV,saltash3311kv,2017,365,2016-05-01,2017-04-30,0,96,MW,0.0,0,0,0,0,False
2017/FY 2017/Sans Souci 33_11kV FY2017.csv,62a31705635123bb9ed102a229119671ae147ef397d13bc171db9842672d7e8b,Sans Souci 33_11kV,sanssouci3311kv,2017,365,2016-05-01,2017-04-30,0,96,MW,0.9971175799086758,0,0,0,364,True
2017/FY 2017/Scone 66_11kV FY2017.csv,94b87d3bb834354caddfc3a62f46a5c98f1ce34ef1f649e6aef6987f7e35a833,Scone 66_11kV,scone6611kv,2017,365,2016-05-01,2017-04-30,0,96,MW,0.9916666666666667,0,0,0,362,True
2017/FY 2017/Sefton 132_11kV FY2017.csv,1d4058bd7040fbb79e8e26083584e0fdef09b530a028cc13944375de39cec397,Sefton 132_11kV,sefton13211kv,2017,365,2016-05-01,2017-04-30,0,96,MW,0.9970890410958904,0,0,0,364,True
2017/FY 2017/Shortland 33_11kV FY2017.csv,1009d9da62e4d67bac109aa5066e59ba36bc4ca90d8f74211693bbd746b200fa,Shortland 33_11kV,shortland3311kv,2017,365,2016-05-01,2017-04-30,0,96,MW,0.0,0,0,0,0,False
2017/FY 2017/Singleton 66_11kV FY2017.csv,3015a8dfc1d496150b15df24e62d1f9980a105bb551a5b3d30c871ad18c18aed,Singleton 66_11kV,singleton6611kv,2017,365,2016-05-01,2017-04-30,0,96,MW,0.9998858447488584,0,0,0,365,True
2017/FY 2017/Singleton North 66_11kV FY2017.csv,463ccaedb22ccb35f5cac2233c40c908817b8bac470d5cae8518a37065dc0409,Singleton North 66_11kV,singletonnorth6611kv,2017,365,2016-05-01,2017-04-30,0,96,MW,0.9889269406392694,0,0,0,361,True
2017/FY 2017/Somersby 132_11kV FY2017.csv,c763eac29a25de91601d677dae4646b8d2b0f32f11259ccba263da4e326d599d,Somersby 132_11kV,somersby13211kv,2017,365,2016-05-01,2017-04-30,0,96,MW,0.9998858447488584,0,0,0,365,True
2017/FY 2017/St Ives 33_11kV FY2017.csv,f5976d718cd1ce22c749aae44b372f9e49ec913ecb4f5f956de552aba773b9b3,St Ives 33_11kV,stives3311kv,2017,365,2016-05-01,2017-04-30,0,96,MW,0.9971175799086758,0,0,0,364,True
2017/FY 2017/St Peters 132_11kV FY2017.csv,2436934cc5a2d967dc136f1d039b952da270967e4ebb810e5ccfb0ee963c75bc,St Peters 132_11kV,stpeters13211kv,2017,365,2016-05-01,2017-04-30,0,96,MW,0.9993436073059361,0,0,0,364,True
2017/FY 2017/Stockton 33_11kV FY2017.csv,eba0259b58ad61e9741d0dcfdee547483bcf7ef471ed89a9b679aa1c7f282686,Stockton 33_11kV,stockton3311kv,2017,365,2016-05-01,2017-04-30,0,96,MW,0.9998858447488584,0,0,0,365,True
2017/FY 2017/Surry Hills 33_11kV FY2017.csv,2720411be4f1499e46be044420f1163b9a45e21ec794d42aa43f8464fadcb5f0,Surry Hills 33_11kV,surryhills3311kv,2017,365,2016-05-01,2017-04-30,0,96,MW,0.999857305936073,0,0,0,365,True
2017/FY 2017/Swansea 33_11kV FY2017.csv,9373d98cc91d3a20875a9bdd341ab694d1b3f21c8f031ef30e2318c6bb1c4017,Swansea 33_11kV,swansea3311kv,2017,365,2016-05-01,2017-04-30,0,96,MW,0.9971461187214612,0,0,0,364,True
2017/FY 2017/Tanilba Bay 33_11kV FY2017.csv,6f19280c91609d33c7f471796d49c97df27b71e97b9822decc52d2423411d4ee,Tanilba Bay 33_11kV,tanilbabay3311kv,2017,365,2016-05-01,2017-04-30,0,96,MW,0.9998858447488584,0,0,0,365,True
2017/FY 2017/Tarro 33_11kV FY2017.csv,4e0efd98305ef54218226789ebd6d9adf8c675f5eb6336086033b3316bb18ee1,Tarro 33_11kV,tarro3311kv,2017,365,2016-05-01,2017-04-30,0,96,MW,0.991324200913242,0,0,0,362,True
2017/FY 2017/Telarah 33_11kV FY2017.csv,2e3634a35b6758c18b2baf39b0129e6cd16acd260590c431dde95c0bb1f78b4f,Telarah 33_11kV,telarah3311kv,2017,365,2016-05-01,2017-04-30,0,96,MW,0.9974029680365297,0,0,0,363,True
2017/FY 2017/Terrey Hills 33_11kV FY2017.csv,a4f63f8f5ebc51d3d0dda04aed155f09c40a4c77e70843a96d26edb968727052,Terrey Hills 33_11kV,terreyhills3311kv,2017,365,2016-05-01,2017-04-30,0,96,MW,0.9970890410958904,0,0,0,364,True
2017/FY 2017/Thornton 33_11kV FY2017.csv,12c5e74a1875553eaa3b8fb65f17e0d4da9505ff1426a4607cdb3328d9df05eb,Thornton 33_11kV,thornton3311kv,2017,365,2016-05-01,2017-04-30,0,96,MW,0.9998858447488584,0,0,0,365,True
2017/FY 2017/Tighes Hill 33_11kV FY2017.csv,338c43bda3760af6da74d85ab394e6a9f06a8bfe48416a1a378303e1cc4ca97b,Tighes Hill 33_11kV,tigheshill3311kv,2017,365,2016-05-01,2017-04-30,0,96,MW,0.0,0,0,0,0,False
2017/FY 2017/Tomago 33_11kV FY2017.csv,8002fd4971861bb6ead9d50cc02f64c7a9588196ea1b2b0104f3fd14466c1b55,Tomago 33_11kV,tomago3311kv,2017,365,2016-05-01,2017-04-30,0,96,MW,0.9998858447488584,0,0,0,365,True
2017/FY 2017/Tomalpin 33_11kV FY2017.csv,fe530d00b0f06bc839f7550c3b068a73bdd064524d62c8d56151a61b11798803,Tomalpin 33_11kV,tomalpin3311kv,2017,365,2016-05-01,2017-04-30,0,96,MW,0.9060216894977169,0,1,0,303,False
2017/FY 2017/Tomaree 33_11kV FY2017.csv,8d8eb80cbbb0e412400758d5714c9377750f5b6bd6bc61d24a041072eb696d45,Tomaree 33_11kV,tomaree3311kv,2017,365,2016-05-01,2017-04-30,0,96,MW,0.9998858447488584,0,0,0,365,True
2017/FY 2017/Top Ryde 132_11kV FY2017.csv,c1ae5cf474ff8126258267d3e9c1c30b70758c157d916d3c0f440a00c0a08555,Top Ryde 132_11kV,topryde13211kv,2017,365,2016-05-01,2017-04-30,0,96,MW,0.9987442922374429,0,0,0,362,True
2017/FY 2017/Toronto 33_11kV FY2017.csv,7cd2166a3a1a58b2a39aaf69a2674653c772265e26cb2b76b23f0d3c4a43171b,Toronto 33_11kV,toronto3311kv,2017,365,2016-05-01,2017-04-30,0,96,MW,0.9997716894977169,0,0,0,365,True
2017/FY 2017/Toronto West 132_11kV FY2017.csv,f1e795aadf7a62ae0ec99cbfdb281c456eafefd78603cc8d58fb87a7f3faca13,Toronto West 132_11kV,torontowest13211kv,2017,365,2016-05-01,2017-04-30,0,96,MW,0.0,0,0,0,0,False
2017/FY 2017/Turramurra 33_11kV FY2017.csv,8267ab91b89b6a1ceb7514332b422bba9a010407f42fb79c48534806099d3eab,Turramurra 33_11kV,turramurra3311kv,2017,365,2016-05-01,2017-04-30,0,96,MW,0.9998858447488584,0,0,0,365,True
2017/FY 2017/Umina 66_11kV FY2017.csv,a66dfc41f7673c053e930011f65498f0f610179949b26add0214224829516d78,Umina 66_11kV,umina6611kv,2017,365,2016-05-01,2017-04-30,0,96,MW,0.9968892694063927,0,0,0,363,True
2017/FY 2017/Vales Point 33_11kV FY2017.csv,a5678540df52597a1ee3aadc553d7215594c08a346df8c7b0c4c746cc5150775,Vales Point 33_11kV,valespoint3311kv,2017,365,2016-05-01,2017-04-30,0,96,MW,0.9998858447488584,3,0,0,364,True
2017/FY 2017/Wallalong 33_11kV FY2017.csv,f2bd77ddf1a9f3a753323f15e43c4ad20eb2cdaa5b5bfdc139851aaae66dc160,Wallalong 33_11kV,wallalong3311kv,2017,365,2016-05-01,2017-04-30,0,96,MW,0.0,0,0,0,0,False
2017/FY 2017/Wallsend 33_11kV FY2017.csv,35aaa85d6f8d9abbe9f2423938c5e536928c53f4d3dae87b36595cbf920f35c7,Wallsend 33_11kV,wallsend3311kv,2017,365,2016-05-01,2017-04-30,0,96,MW,0.0,0,0,0,0,False
2017/FY 2017/Wamberal 132_11kV FY2017.csv,9e94877243cb5a835a1db723838d475105a269841a432a25edff02d571a13de4,Wamberal 132_11kV,wamberal13211kv,2017,365,2016-05-01,2017-04-30,0,96,MW,0.9998858447488584,0,0,0,365,True
2017/FY 2017/Wamberal 66_11kV FY2017.csv,44c62aa013849e35ebcbf9944c56caa53a7a10c1682e4adffe6c935deda03518,Wamberal 66_11kV,wamberal6611kv,2017,365,2016-05-01,2017-04-30,0,96,MW,0.17773972602739727,0,0,256,63,False
2017/FY 2017/Waverley 132_11kV FY2017.csv,cbc76b802194074d7b04215f8ab89ed79665081cc4be8c37c27a4ab71b4e6519,Waverley 132_11kV,waverley13211kv,2017,365,2016-05-01,2017-04-30,0,96,MW,0.9998858447488584,0,0,0,365,True
2017/FY 2017/Waverley 33_11kV FY2017.csv,b8eeffdd15588e42f3369c95826d39db5c7468e5336da715a3daee345e63bf75,Waverley 33_11kV,waverley3311kv,2017,365,2016-05-01,2017-04-30,0,96,MW,0.0,0,0,0,0,False
2017/FY 2017/West Gosford 132_11kV FY2017.csv,5489156015c574554581532d1a70e8cb45bfb2b2d79e28e7b40afc0e9d5888ad,West Gosford 132_11kV,westgosford13211kv,2017,365,2016-05-01,2017-04-30,0,96,MW,0.999857305936073,0,0,0,365,True
2017/FY 2017/Williamtown 33_11kV FY2017.csv,2c7b6590c6673a4cd954fd89db6cf21150208c3b21f3bdc73ab5e9f4428fc733,Williamtown 33_11kV,williamtown3311kv,2017,365,2016-05-01,2017-04-30,0,96,MW,0.9998858447488584,0,0,0,365,True
2017/FY 2017/Woy Woy 66_11kV FY2017.csv,567a6e6794f6bb94f86628a07dfd6c05656f1b7f0964568ba7f21477c9fdfe58,Woy Woy 66_11kV,woywoy6611kv,2017,365,2016-05-01,2017-04-30,0,96,MW,0.9971175799086758,0,0,0,364,True
2017/FY 2017/Wyong 132_11kV FY2017.csv,6be0c435ad0b38c205eea3a762c33223cf9d556d06e98ed581a70c67e4d7e367,Wyong 132_11kV,wyong13211kv,2017,365,2016-05-01,2017-04-30,0,96,MW,0.9971175799086758,0,0,0,364,True
2017/FY 2017/Zetland 132_11kV FY2017.csv,cf0ff7ef209d60bb8b7a2151cc515893348000ee05286a4b5d94e1728afed4e3,Zetland 132_11kV,zetland13211kv,2017,365,2016-05-01,2017-04-30,0,96,MW,0.999857305936073,0,0,0,365,True
2018/FY 2018/Aberdeen 33_11kV FY2018.csv,96647adcaaf054fe2c94cd1ee2360eb39b4cc87310caebb8fda0f1cbbb9edffa,Aberdeen 33_11kV,aberdeen3311kv,2018,365,2017-05-01,2018-04-30,0,96,MW,0.0,0,0,0,0,False
2018/FY 2018/Aberdeen 66_11kV FY2018.csv,c0e42b639edce4978900f754c53888a56f2acaca6abccfdc5ab295ea91d7721c,Aberdeen 66_11kV,aberdeen6611kv,2018,365,2017-05-01,2018-04-30,0,96,MW,0.9998858447488584,0,0,0,365,True
2018/FY 2018/Adamstown 132_11kV FY2018.csv,b9d9228f4e31f35654e59fe02d48cc279f7ccffb26161be4fb6bce9edf28f1cb,Adamstown 132_11kV,adamstown13211kv,2018,365,2017-05-01,2018-04-30,0,96,MW,0.9998858447488584,0,0,0,365,True
2018/FY 2018/Adamstown 33_11kV FY2018.csv,d7c258cf7ec0f4098aa33be80b504e97709df78779f000703914f1f559048297,Adamstown 33_11kV,adamstown3311kv,2018,365,2017-05-01,2018-04-30,0,96,MW,0.0,0,0,0,0,False
2018/FY 2018/Argenton 132_11kV FY2018.csv,47061ca186c5c3df8801a82a40c94b8e304743bfea391b6bc2c8c99ba04275f2,Argenton 132_11kV,argenton13211kv,2018,365,2017-05-01,2018-04-30,0,96,MW,0.9998858447488584,0,0,0,365,True
2018/FY 2018/Arncliffe 33_11kV FY2018.csv,ccd2454b09a67a85bcf5310ae3b8d1cbccf6d1525debca90e35b377397670694,Arncliffe 33_11kV,arncliffe3311kv,2018,365,2017-05-01,2018-04-30,0,96,MW,0.9971175799086758,0,0,0,361,True
2018/FY 2018/Auburn 33_11kV FY2018.csv,b064d3f78543b17ac25f0f0d918847a2404d2fd111e728c25eee261170e79766,Auburn 33_11kV,auburn3311kv,2018,365,2017-05-01,2018-04-30,0,96,MW,0.9971461187214612,0,0,0,361,True
2018/FY 2018/Avoca 66_11kV FY2018.csv,b3d7b00a0e786f6a4112086798434d550915762547f982aa944ae9ee2b357073,Avoca 66_11kV,avoca6611kv,2018,365,2017-05-01,2018-04-30,0,96,MW,0.9998858447488584,0,0,0,365,True
2018/FY 2018/Avondale 33_11kV FY2018.csv,97fadaebdb11d98244cc33b262fa37c62cc3f588b0c7e226db47e4231283bac6,Avondale 33_11kV,avondale3311kv,2018,365,2017-05-01,2018-04-30,0,96,MW,0.999857305936073,0,0,0,365,True
2018/FY 2018/Baerami 33_11kV FY2018.csv,d3c133bf3183c45f0f6f9c12577e4befd28195b6728c1d68065621d27a541ee1,Baerami 33_11kV,baerami3311kv,2018,365,2017-05-01,2018-04-30,0,96,MW,0.9988299086757991,0,0,0,362,True
2018/FY 2018/Balgowlah 33_11kV FY2018.csv,12e21aaaa041be7b7f81095126530ebb709e98abecd9403cfb3acc6b9309f83c,Balgowlah 33_11kV,balgowlah3311kv,2018,365,2017-05-01,2018-04-30,0,96,MW,0.0,0,0,0,0,False
2018/FY 2018/Balgowlah North 132_11kV FY2018.csv,d72ed3235f43a93470b28706b50edd05a6040735bcc8764f703d531b592827fa,Balgowlah North 132_11kV,balgowlahnorth13211kv,2018,365,2017-05-01,2018-04-30,0,96,MW,0.9998858447488584,0,0,0,365,True
2018/FY 2018/Bankstown 132_11kV FY2018.csv,c3079ea9870873cd2a6b725f21093425b0a103a0d0842b3c12344a38fa13d6c0,Bankstown 132_11kV,bankstown13211kv,2018,365,2017-05-01,2018-04-30,0,96,MW,0.9998858447488584,0,0,0,365,True
2018/FY 2018/Bass Hill 33_11kV FY2018.csv,64861d89d3fc0df4b921021c92bfbc170273b89b48b56cd7967475cdaa3e7929,Bass Hill 33_11kV,basshill3311kv,2018,365,2017-05-01,2018-04-30,0,96,MW,0.9971746575342466,0,0,0,361,True
2018/FY 2018/Beacon Hill 33_11kV FY2018.csv,57c7f7e8a0a3e3e7de5209891b8b659db8887b9dd11dfce2499f8fc87dba4360,Beacon Hill 33_11kV,beaconhill3311kv,2018,365,2017-05-01,2018-04-30,0,96,MW,0.9971461187214612,0,0,0,361,True
2018/FY 2018/Belmore Park 132_11kV FY2018.csv,07a1bf4ac39c58e7548c3748b39335d4530294e32e4ec460f4b82d367f1eae40,Belmore Park 132_11kV,belmorepark13211kv,2018,365,2017-05-01,2018-04-30,0,96,MW,0.0,0,0,0,0,False
2018/FY 2018/Belrose 33_11kV FY2018.csv,bc0aafe8a8be35e331e14049650223d85b941d4ffc3b6c533ee6e34f1f946589,Belrose 33_11kV,belrose3311kv,2018,365,2017-05-01,2018-04-30,0,96,MW,0.9971461187214612,0,0,0,361,True
2018/FY 2018/Berkeley Vale 132_11kV FY2018.csv,144aa87584945e77491d8fc184decf569193bc1b1993f222482846d411d2765b,Berkeley Vale 132_11kV,berkeleyvale13211kv,2018,365,2017-05-01,2018-04-30,0,96,MW,0.9998858447488584,0,0,0,365,True
2018/FY 2018/Berowra 132_11kV FY2018.csv,f82f5054a94ae059da05204f505966639fa8f983327864a8e8ba7b4e56e78aff,Berowra 132_11kV,berowra13211kv,2018,365,2017-05-01,2018-04-30,0,96,MW,0.9971175799086758,0,0,0,361,True
2018/FY 2018/Blackwattle Bay 33_5kV FY2018.csv,63d735990e42716f3366284b4a18e988e7c209b57f3f19ae3de2d2e272862326,Blackwattle Bay 33_5kV,blackwattlebay335kv,2018,365,2017-05-01,2018-04-30,0,96,MW,0.9971461187214612,0,0,0,361,True
2018/FY 2018/Blakehurst 33_11kV FY2018.csv,a2804ef4f249afcf75cc09a4f0a94a27a27595c6619c797e9838cfc45372209f,Blakehurst 33_11kV,blakehurst3311kv,2018,365,2017-05-01,2018-04-30,0,96,MW,0.9971175799086758,0,0,0,361,True
2018/FY 2018/Boolaroo 33_11kV FY2018.csv,187c403a2a5ce826795b2580f18d8a1dd837d8142d0316c988abd56c9b00e098,Boolaroo 33_11kV,boolaroo3311kv,2018,365,2017-05-01,2018-04-30,0,96,MW,0.0,0,0,0,0,False
2018/FY 2018/Botany 33_11kV FY2018.csv,7f800437e0beea107fcd7cdb6bac187c3d0f424874f63c6a3e6a6f4890ff4383,Botany 33_11kV,botany3311kv,2018,365,2017-05-01,2018-04-30,0,96,MW,0.9943778538812785,0,0,0,360,True
2018/FY 2018/Brandy Hill 132_11kV FY2018.csv,160100fd3d98e114d57d787a8b610e786a577f72c5c29207adfa92ea7e5a7818,Brandy Hill 132_11kV,brandyhill13211kv,2018,365,2017-05-01,2018-04-30,0,96,MW,0.9998858447488584,0,0,0,365,True
2018/FY 2018/Branxton 66_11kV FY2018.csv,ab2442314f7c13b192309b4d22f3eaf670d6b678bbf5d5a65a06c7bf09663269,Branxton 66_11kV,branxton6611kv,2018,365,2017-05-01,2018-04-30,0,96,MW,0.8190639269406392,0,0,0,299,False
2018/FY 2018/Broadmeadow 132_11kV FY2018.csv,6d355e2403251136c260b7de5e49ec0a07ff84a04cdb45f611fedd2179fded54,Broadmeadow 132_11kV,broadmeadow13211kv,2018,365,2017-05-01,2018-04-30,0,96,MW,0.9998858447488584,0,0,0,365,True
2018/FY 2018/Broadmeadow 33_11kV FY2018.csv,1c5284ea9aa55633514400c9f6e256da9921a950491f3163a44c3da83643d335,Broadmeadow 33_11kV,broadmeadow3311kv,2018,365,2017-05-01,2018-04-30,0,96,MW,0.9998858447488584,0,0,0,365,True
2018/FY 2018/Brookvale 33_11kV FY2018.csv,eece57a44038db16632279516c766b3cc41928b1e1db2874b6629ed4fe4a112c,Brookvale 33_11kV,brookvale3311kv,2018,365,2017-05-01,2018-04-30,0,96,MW,0.9971461187214612,0,0,0,361,True
2018/FY 2018/Burwood 132_11kV FY2018.csv,ec653853d7dc5ddd9d0a6f470e28b90b21ec87efd3fe1795b0ea37de1384734b,Burwood 132_11kV,burwood13211kv,2018,365,2017-05-01,2018-04-30,0,96,MW,0.9971461187214612,0,0,0,361,True
2018/FY 2018/Campbell St 132_11kV FY2018.csv,79ba75fb7e83e90da268c059b2a601e7209ba0c625b996989892007b8f77254a,Campbell St 132_11kV,campbellst13211kv,2018,365,2017-05-01,2018-04-30,0,96,MW,0.9970319634703196,0,0,0,361,True
2018/FY 2018/Camperdown 33_11kV FY2018.csv,1939d256630d8f5a6007c0cdc01808bf2bb2daa17ca541e7c914a9d6d09cf1b4,Camperdown 33_11kV,camperdown3311kv,2018,365,2017-05-01,2018-04-30,0,96,MW,0.9972602739726028,0,0,0,362,True
2018/FY 2018/Camperdown 33_5kV FY2018.csv,7f993c095fd55a5d1729063120b0bce4ce01308fc92aac053306d862bfa6a1ec,Camperdown 33_5kV,camperdown335kv,2018,365,2017-05-01,2018-04-30,0,96,MW,0.9971175799086758,0,0,0,361,True
2018/FY 2018/Campsie 33_11kV FY2018.csv,3e09692fe96b49a9dfd8acac1750dfbba9d8cb48c022cf02adba730c3498e4f3,Campsie 33_11kV,campsie3311kv,2018,365,2017-05-01,2018-04-30,0,96,MW,0.9998858447488584,0,0,0,365,True
2018/FY 2018/Cardiff 33_11kV FY2018.csv,2ff0b4e5692b57f861d3d27196be480847139134335f5433d436bcd7a12435f6,Cardiff 33_11kV,cardiff3311kv,2018,365,2017-05-01,2018-04-30,0,96,MW,0.9998858447488584,0,0,0,365,True
2018/FY 2018/Careel Bay 33_11kV FY2018.csv,3b6b0f31ed101ea85158d6fba7c956476b79877438288e535cd357d1f7678d34,Careel Bay 33_11kV,careelbay3311kv,2018,365,2017-05-01,2018-04-30,0,96,MW,0.9958047945205479,0,0,0,361,True
2018/FY 2018/Caringbah 33_11kV FY2018.csv,9a6c841e0cea756c6086852a5db1f9e43f6cc0237b1b9ef929970511ad0f1179,Caringbah 33_11kV,caringbah3311kv,2018,365,2017-05-01,2018-04-30,0,96,MW,0.9971175799086758,0,0,0,361,True
2018/FY 2018/Carrington 33_11kV FY2018.csv,6766604f3df641802408a531311356b17447f227abbd9fbe05f0cf43c023b3e0,Carrington 33_11kV,carrington3311kv,2018,365,2017-05-01,2018-04-30,0,96,MW,0.8190639269406392,0,0,0,299,False
2018/FY 2018/Castle Cove 132_11kV FY2018.csv,8fd55e2dc627c4c807bef76fc9500862202e22dee31b82a6b8fae148c0bd5deb,Castle Cove 132_11kV,castlecove13211kv,2018,365,2017-05-01,2018-04-30,0,96,MW,0.9971175799086758,0,0,0,361,True
2018/FY 2018/Cessnock 33_11kV FY2018.csv,9a008e2eba3595e54c4d07e72ff9f050e50c3b97ce14083bcdf50c57c5681687,Cessnock 33_11kV,cessnock3311kv,2018,365,2017-05-01,2018-04-30,0,96,MW,0.8573059360730594,0,0,0,313,False
2018/FY 2018/Cessnock South 33_11kV FY2018.csv,01c01c01b891570eca204821783c10080d311346c4b87b85594622cef77213ea,Cessnock South 33_11kV,cessnocksouth3311kv,2018,365,2017-05-01,2018-04-30,0,96,MW,0.23650114155251142,0,0,1,86,False
2018/FY 2018/Charlestown 132_11kV FY2018.csv,4dd257df00ec00d6c6bef1e085213b92ee921df869d25e10d4b37f0d7afed544,Charlestown 132_11kV,charlestown13211kv,2018,365,2017-05-01,2018-04-30,0,96,MW,0.9998858447488584,0,0,0,365,True
2018/FY 2018/Charlestown 33_11kV FY2018.csv,22ac1b83c390d2fe6ef26ea69445d491bc619164b2209013c3067c5d39913e9e,Charlestown 33_11kV,charlestown3311kv,2018,365,2017-05-01,2018-04-30,0,96,MW,0.0,0,0,0,0,False
2018/FY 2018/Charmhaven 132_11kV FY2018.csv,79fd0b072616cb35274e15f43f85205e3b5c2a94c2cd3977c6995402809151b6,Charmhaven 132_11kV,charmhaven13211kv,2018,365,2017-05-01,2018-04-30,0,96,MW,0.9971461187214612,0,0,0,361,True
2018/FY 2018/Chatswood 33_11kV FY2018.csv,e841a6274e40dda5d747c3f2775307d325f2719e24e003b5d09586d8272a3f3f,Chatswood 33_11kV,chatswood3311kv,2018,365,2017-05-01,2018-04-30,0,96,MW,0.9970319634703196,0,0,0,361,True
2018/FY 2018/City Central 132_11kV FY2018.csv,ace11bc44e280a8d6bce05b8bf78c1445eb5c4e2f4649d3e002883646a81883a,City Central 132_11kV,citycentral13211kv,2018,365,2017-05-01,2018-04-30,0,96,MW,0.9971175799086758,0,0,0,361,True
2018/FY 2018/City East 132_11kV FY2018.csv,91b8e8e13dcf163788101faa11abc9c556c38a8a62cef4163b659dedfdcb8e7c,City East 132_11kV,cityeast13211kv,2018,365,2017-05-01,2018-04-30,0,96,MW,0.0,0,0,0,0,False
2018/FY 2018/City East 33_11kV FY2018.csv,01c1e056cf95f0f253eb6acf95c8758e5519a8c6982073c4f663a510b878bb02,City East 33_11kV,cityeast3311kv,2018,365,2017-05-01,2018-04-30,0,96,MW,0.9971746575342466,0,0,0,361,True
2018/FY 2018/City North 132_11kV FY2018.csv,868e3e651962a3ced57cff5633d5e3b37455433dab17754321b156803bf78e98,City North 132_11kV,citynorth13211kv,2018,365,2017-05-01,2018-04-30,0,96,MW,0.9971175799086758,0,0,0,361,True
2018/FY 2018/City North 33_11kV FY2018.csv,84f4485c84edfb91bd8dfa388a557e5c0c7e811b8360eb2e64ccda96f3c17f81,City North 33_11kV,citynorth3311kv,2018,365,2017-05-01,2018-04-30,0,96,MW,0.0,0,0,0,0,False
2018/FY 2018/City South 132_11kV FY2018.csv,e8c236ccf2099edecf101dbab27f59ffe0b05a8c7f0fd7726c8526c213eedfca,City South 132_11kV,citysouth13211kv,2018,365,2017-05-01,2018-04-30,0,96,MW,0.9971461187214612,0,0,0,361,True
2018/FY 2018/Clovelly 132_11kV FY2018.csv,f8311da1d244aaff09eb59210ce0af21c0d774b6a5a0fe7376b451b6ab3d67be,Clovelly 132_11kV,clovelly13211kv,2018,365,2017-05-01,2018-04-30,0,96,MW,0.9971175799086758,0,0,0,361,True
2018/FY 2018/Concord 33_11kV FY2018.csv,e5cb68633072273955828c25f44702385ce95cc6cf769dad6d73494239bc9c56,Concord 33_11kV,concord3311kv,2018,365,2017-05-01,2018-04-30,0,96,MW,0.9971461187214612,0,0,0,361,True
2018/FY 2018/Cronulla 132_11kV FY2018.csv,7e1e007d0b1ce2593734907fcea599f205456e47c09fe30e26dd77e03397a3bb,Cronulla 132_11kV,cronulla13211kv,2018,365,2017-05-01,2018-04-30,0,96,MW,0.9971175799086758,0,0,0,361,True
2018/FY 2018/Croudace Bay 33_11kV FY2018.csv,0658ee7509115ba9b1fdbdc9d22dc8aab54a58ad291bf092c5a852aa6567f0de,Croudace Bay 33_11kV,croudacebay3311kv,2018,365,2017-05-01,2018-04-30,0,96,MW,0.9957477168949772,0,0,0,363,True
2018/FY 2018/Crows Nest 132_11kV FY2018.csv,ce3c7bc08dc88aca9eebb82f0dd7f3146af4f4eca8f1de153355b8308c8674e1,Crows Nest 132_11kV,crowsnest13211kv,2018,365,2017-05-01,2018-04-30,0,96,MW,0.9998858447488584,0,0,0,365,True
2018/FY 2018/Crows Nest 33_11kV FY2018.csv,ba033f6f705432c7a0e975e8db790fcf02d6354ace31920e93c8e0af394196dc,Crows Nest 33_11kV,crowsnest3311kv,2018,365,2017-05-01,2018-04-30,0,96,MW,0.23578767123287672,0,0,0,85,False
2018/FY 2018/Croydon 132_11kV FY2018.csv,665e8a1497b9b3425229416ecdae012e12529cd55d5ffd5e52d24ff58e44b1ec,Croydon 132_11kV,croydon13211kv,2018,365,2017-05-01,2018-04-30,0,96,MW,0.6628995433789955,0,0,0,242,False
2018/FY 2018/Dalley St 132_11kV FY2018.csv,d5bdb4e3d79356481f5c989725500a91c8180b9708ebb80a32e3db7a74208f9c,Dalley St 132_11kV,dalleyst13211kv,2018,365,2017-05-01,2018-04-30,0,96,MW,0.9970890410958904,0,0,0,361,True
2018/FY 2018/Darling Harbour 132_11kV FY2018.csv,e2a740bbe89dfccb378e50715b83a7a7be1d177575642318e723ffd1523e25a7,Darling Harbour 132_11kV,darlingharbour13211kv,2018,365,2017-05-01,2018-04-30,0,96,MW,0.9971461187214612,0,0,0,361,True
2018/FY 2018/Darlinghurst 33_11kV FY2018.csv,e51dbf72a58d72cc6a05ca7b97be4b74303bccd16f27b5ba989dc5d5ae22e5e1,Darlinghurst 33_11kV,darlinghurst3311kv,2018,365,2017-05-01,2018-04-30,0,96,MW,0.9970890410958904,0,0,0,361,True
2018/FY 2018/Dee Why West 33_11kV FY2018.csv,73b2477862f6135862433afc9a2aed67b525d2accb9d73425369a0b23636039b,Dee Why West 33_11kV,deewhywest3311kv,2018,365,2017-05-01,2018-04-30,0,96,MW,0.9971461187214612,0,0,0,361,True
2018/FY 2018/Denman 66_11kV FY2018.csv,fe14ad6a0ebd4129281ab19324636288ea9f788a637dc1e662a4c91df2e9835f,Denman 66_11kV,denman6611kv,2018,365,2017-05-01,2018-04-30,0,96,MW,0.9998858447488584,0,0,0,365,True
2018/FY 2018/Double Bay 132_11kV FY2018.csv,14ad44f06dc494c568a50e644779f105e87818d26f068f222db78dfa2429f3bb,Double Bay 132_11kV,doublebay13211kv,2018,365,2017-05-01,2018-04-30,0,96,MW,0.9971461187214612,0,0,0,361,True
2018/FY 2018/Drummoyne 132_11kV FY2018.csv,333d116acf5861e55dbd7a89a906035b926d13deea5f2086a45ea6a8ab553bef,Drummoyne 132_11kV,drummoyne13211kv,2018,365,2017-05-01,2018-04-30,0,96,MW,0.9971461187214612,0,0,0,361,True
2018/FY 2018/Dudley 33_11kV FY2018.csv,34755e991c49b056bce69a7d903e25cb4cc12eea7ae3c64e89ed9371701e22a1,Dudley 33_11kV,dudley3311kv,2018,365,2017-05-01,2018-04-30,0,96,MW,0.0,0,0,0,0,False
2018/FY 2018/Dulwich Hill 33_11kV FY2018.csv,db5539448bd388cf933b41455a8c8c49a11702e508437a5546aa7dbfb8596b11,Dulwich Hill 33_11kV,dulwichhill3311kv,2018,365,2017-05-01,2018-04-30,0,96,MW,0.9971746575342466,0,0,0,361,True
2018/FY 2018/East Maitland 33_11kV FY2018.csv,ca6d846eb73778a22bab8787ce5a9cfaf41609d6d977364530987ac22a655892,East Maitland 33_11kV,eastmaitland3311kv,2018,365,2017-05-01,2018-04-30,0,96,MW,0.0,0,0,0,0,False
2018/FY 2018/Edgeworth 33_11kV FY2018.csv,ac5fccf4912c26e52e6ce5563eef623bae63129fff966d037817de6349c7394e,Edgeworth 33_11kV,edgeworth3311kv,2018,365,2017-05-01,2018-04-30,0,96,MW,0.9728310502283105,0,0,0,354,True
2018/FY 2018/Empire Bay 66_11kV FY2018.csv,8c8a01161f64b5338597675235a0347727b532a4d9682dee30a40173e21fc0b8,Empire Bay 66_11kV,empirebay6611kv,2018,365,2017-05-01,2018-04-30,0,96,MW,0.9998858447488584,0,0,0,365,True
2018/FY 2018/Enfield 33_11kV FY2018.csv,0a20968fa8a90405898d54b3a8bbbb260e4e0f0e69698fb733960bb9ea64401f,Enfield 33_11kV,enfield3311kv,2018,365,2017-05-01,2018-04-30,0,96,MW,0.9971461187214612,0,0,0,361,True
2018/FY 2018/Engadine 132_11kV FY2018.csv,be4d79b375f9d1a689ea49922c79a04e4805dee0221bd01edf763833ed1e2bc7,Engadine 132_11kV,engadine13211kv,2018,365,2017-05-01,2018-04-30,0,96,MW,0.9998858447488584,0,0,0,365,True
2018/FY 2018/Engadine 33_11kV FY2018.csv,ce753ebbf523dd231441b6925a60a64586faa9b60db1b6b26a8845009442594e,Engadine 33_11kV,engadine3311kv,2018,365,2017-05-01,2018-04-30,0,96,MW,0.9958047945205479,0,0,0,361,True
2018/FY 2018/Epping 66_11kV FY2018.csv,14dbee346fc6cf66ff82477562a434f93c263c36f8bfba6c48433767a934cf6e,Epping 66_11kV,epping6611kv,2018,365,2017-05-01,2018-04-30,0,96,MW,0.9997716894977169,0,0,0,365,True
2018/FY 2018/Erina 66_11kV FY2018.csv,c183f1b702b3c0ee69c6a62f44760e22fcdfda5d7961925ddd6967e164e1141a,Erina 66_11kV,erina6611kv,2018,365,2017-05-01,2018-04-30,0,96,MW,0.9971461187214612,0,0,0,361,True
2018/FY 2018/Five Dock 33_11kV FY2018.csv,aab978687af740c4fad5f547ce35822a758dc8ae9d5a66f0dfde7aaf3b00ca61,Five Dock 33_11kV,fivedock3311kv,2018,365,2017-05-01,2018-04-30,0,96,MW,0.9971175799086758,0,0,0,361,True
2018/FY 2018/Flemington 132_11kV FY2018.csv,64c3e631ff993128ce6534d7e2c5bbcb3401a15692e100918714e83f6796a6fa,Flemington 132_11kV,flemington13211kv,2018,365,2017-05-01,2018-04-30,0,96,MW,0.9971461187214612,0,0,0,361,True
2018/FY 2018/Galston 132_11kV FY2018.csv,3915d04eca000da37b101a647a9ae19b202b0467b287194bdaea7f2b8161ccd1,Galston 132_11kV,galston13211kv,2018,365,2017-05-01,2018-04-30,0,96,MW,0.9998858447488584,0,0,0,365,True
2018/FY 2018/Gateshead 33_11kV FY2018.csv,1b1f52150766b327cfed06f6949764f4d9231bb05492518a38b5e943d41c62bb,Gateshead 33_11kV,gateshead3311kv,2018,365,2017-05-01,2018-04-30,0,96,MW,0.816324200913242,0,0,0,298,False
2018/FY 2018/Gore Hill 33_11kV FY2018.csv,e41b934d08d012e6bb3c93ffdd9f7187c863446b999ed7a562e37f1565427d32,Gore Hill 33_11kV,gorehill3311kv,2018,365,2017-05-01,2018-04-30,0,96,MW,0.9998858447488584,0,0,0,365,True
2018/FY 2018/Green Square 132_11kV FY2018.csv,ca7a2ecaf9d04e4437282a9e24bc30b30283beb38f498ed661094f691565837b,Green Square 132_11kV,greensquare13211kv,2018,365,2017-05-01,2018-04-30,0,96,MW,0.9971461187214612,0,0,0,361,True
2018/FY 2018/Greenacre 132_11kV FY2018.csv,d86cec60d1493d2363187017bda4edf540ba78a629c937a9c5b38ec579c42622,Greenacre 132_11kV,greenacre13211kv,2018,365,2017-05-01,2018-04-30,0,96,MW,0.0,0,0,0,0,False
2018/FY 2018/Greenacre Park 132_11kV FY2018.csv,b20ef8890ab3636ca8d23533e36e9ea835c17c19713efb5db1586b67e7fa2a24,Greenacre Park 132_11kV,greenacrepark13211kv,2018,365,2017-05-01,2018-04-30,0,96,MW,0.9971461187214612,0,0,0,361,True
2018/FY 2018/Gwawley Bay 132_11kV FY2018.csv,184439a2aaf087756809500cd5d70efc8dc7fff2a1b0941d4c20f1af29a8ea4e,Gwawley Bay 132_11kV,gwawleybay13211kv,2018,365,2017-05-01,2018-04-30,0,96,MW,0.9971461187214612,0,0,0,361,True
2018/FY 2018/Gwawley Bay 33_11kV FY2018.csv,4dc634201db6c401c8d373995636961a9146017e6691f7f6c8d6b446b12b2e9e,Gwawley Bay 33_11kV,gwawleybay3311kv,2018,365,2017-05-01,2018-04-30,0,96,MW,0.9971461187214612,0,0,0,361,True
2018/FY 2018/Harbord 33_11kV FY2018.csv,6226da06eaf63ef23f5a8b17f3fdb8681adfc1c2cb0df790fd48b30e2fe6d75d,Harbord 33_11kV,harbord3311kv,2018,365,2017-05-01,2018-04-30,0,96,MW,0.9967180365296804,0,0,0,359,True
2018/FY 2018/Homebush Bay 132_11kV FY2018.csv,4a83417d4003242d45f7384db3b4f5b087df3ebdbef1de96b5a0266a7e10f7c2,Homebush Bay 132_11kV,homebushbay13211kv,2018,365,2017-05-01,2018-04-30,0,96,MW,0.9971461187214612,0,0,0,361,True
2018/FY 2018/Hornsby 132_11kV FY2018.csv,3d54c85e1d4dd03816ee20214a4a67046304d63f4a9dd4f19eb9820a2352b0ef,Hornsby 132_11kV,hornsby13211kv,2018,365,2017-05-01,2018-04-30,0,96,MW,0.9971461187214612,0,0,0,361,True
2018/FY 2018/Hunters Hill 66_11kV FY2018.csv,feb5702536597955ff20b325d55a49cea320e369e233904af67e26d87715d467,Hunters Hill 66_11kV,huntershill6611kv,2018,365,2017-05-01,2018-04-30,0,96,MW,0.890296803652968,0,0,0,325,False
2018/FY 2018/Hurstville North 132_11kV FY2018.csv,7f2da9d90bee91b096374699bbabb6b2790a2d682d130e659a5ff621167439b7,Hurstville North 132_11kV,hurstvillenorth13211kv,2018,365,2017-05-01,2018-04-30,0,96,MW,0.9972602739726028,0,0,0,362,True
2018/FY 2018/Hurstville North 33_11kV FY2018.csv,e6da4498e655e506c346fd76debbb18ae92e4aa89e4ff8aa8564bbe1490b066f,Hurstville North 33_11kV,hurstvillenorth3311kv,2018,365,2017-05-01,2018-04-30,0,96,MW,0.0,0,0,0,0,False
2018/FY 2018/Jannali 33_11kV FY2018.csv,c1a0bd9a3f7eb6bad63bbe16d5674c888aab5e20dcef35c8e45d68c672132a6d,Jannali 33_11kV,jannali3311kv,2018,365,2017-05-01,2018-04-30,0,96,MW,0.9998858447488584,0,0,0,365,True
2018/FY 2018/Jesmond 132_11kV FY2018.csv,00819f7a8d2804f5827a4eb79e7041568253843fa52b6fd0a79a5cc2f54a9cbd,Jesmond 132_11kV,jesmond13211kv,2018,365,2017-05-01,2018-04-30,0,96,MW,0.9998858447488584,0,0,0,365,True
2018/FY 2018/Jewells 33_11kV FY2018.csv,714e66d932eea13c6328f45bdce27e7311ccffd93a7772e74657c0688def13c6,Jewells 33_11kV,jewells3311kv,2018,365,2017-05-01,2018-04-30,0,96,MW,0.9998858447488584,0,0,0,365,True
2018/FY 2018/Killarney 33_11kV FY2018.csv,0e062f67cefe50801ad521e7f118de67960e56992b05fb734929ce5efc9a626e,Killarney 33_11kV,killarney3311kv,2018,365,2017-05-01,2018-04-30,0,96,MW,0.9922089041095891,0,0,0,358,True
2018/FY 2018/Kingsford 132_11kV FY2018.csv,3924dbe892d32cd6fb26cfcf617df0daace32397bead866ebe8dd6a1acc20b86,Kingsford 132_11kV,kingsford13211kv,2018,365,2017-05-01,2018-04-30,0,96,MW,0.9956906392694064,0,0,0,359,True
2018/FY 2018/Kirrawee 132_11kV FY2018.csv,d3953df47c64d601d4cfbd591886bf7597de566b5f1b348eb115ce6addc13db0,Kirrawee 132_11kV,kirrawee13211kv,2018,365,2017-05-01,2018-04-30,0,96,MW,0.9971461187214612,0,0,0,361,True
2018/FY 2018/Kogarah 132_11kV FY2018.csv,9743a0957972c1efab2308800918caaf177db63317e9e6e05168fb0b55e8a62b,Kogarah 132_11kV,kogarah13211kv,2018,365,2017-05-01,2018-04-30,0,96,MW,0.9971175799086758,0,0,0,361,True
2018/FY 2018/Kotara 33_11kV FY2018.csv,4d6406e4d9e14ab84dae1ccaa9388845335d3f235a4e65a31ad49439dfea8239,Kotara 33_11kV,kotara3311kv,2018,365,2017-05-01,2018-04-30,0,96,MW,0.8190639269406392,0,0,0,299,False
2018/FY 2018/Kurnell 33_11kV FY2018.csv,880c828b224fa9cc86eb8b00182231ea5455df38dbece591f009cd95c15a185e,Kurnell 33_11kV,kurnell3311kv,2018,365,2017-05-01,2018-04-30,0,96,MW,0.0,0,0,0,0,False
2018/FY 2018/Kurnell 33_6.3kV FY2018.csv,5d0cfab49122a80c5046f7f970bb77172f040dea60d3968529d8e590ebb12355,Kurnell 33_6.3kV,kurnell3363kv,2018,365,2017-05-01,2018-04-30,0,96,MW,0.0,0,0,0,0,False
2018/FY 2018/Kurnell South 132_11kV FY2018.csv,a03ae84d494919248fdb88abbedc2ccf1fd4761389e40d1654b5d5a214e0986e,Kurnell South 132_11kV,kurnellsouth13211kv,2018,365,2017-05-01,2018-04-30,0,96,MW,0.9998858447488584,0,0,0,365,True
2018/FY 2018/Kurri 132_11kV FY2018.csv,595c1bd4d4640a1eb66b8dd0f34850aedd816b4cde2c1622f0153fe6cf54d070,Kurri 132_11kV,kurri13211kv,2018,365,2017-05-01,2018-04-30,0,96,MW,0.9998858447488584,0,0,0,365,True
2018/FY 2018/Kurri 33_11kV FY2018.csv,1eae1e7f24d9b1d8a5b49cd26fc67e09b1780f58e0d1422a7cdec004846712e0,Kurri 33_11kV,kurri3311kv,2018,365,2017-05-01,2018-04-30,0,96,MW,0.0,0,0,0,0,False
2018/FY 2018/Lake Munmorah 132_11kV FY2018.csv,59eb65337e243fb2fa51114f05534cd786878822b2eb80cf287b586f25a0074b,Lake Munmorah 132_11kV,lakemunmorah13211kv,2018,365,2017-05-01,2018-04-30,0,96,MW,0.9954337899543378,0,0,0,359,True
2018/FY 2018/Lake Munmorah 33_11kV FY2018.csv,a4cd4100bfff3bc5f81824ea5bfd671671eb0d502377da61ec0233fc664662fb,Lake Munmorah 33_11kV,lakemunmorah3311kv,2018,365,2017-05-01,2018-04-30,0,96,MW,0.0,0,0,0,0,False
2018/FY 2018/Leichhardt 132_11kV FY2018.csv,5233ac77b3598bed16fd1071755c5902faa34303ce57e285b81074b4cdfc5834,Leichhardt 132_11kV,leichhardt13211kv,2018,365,2017-05-01,2018-04-30,0,96,MW,0.48841324200913244,0,0,0,174,False
2018/FY 2018/Leichhardt 33_11kV FY2018.csv,6afa226c1958193236a6b88df5e0cc620d224441deba73487895c999f768cbaa,Leichhardt 33_11kV,leichhardt3311kv,2018,365,2017-05-01,2018-04-30,0,96,MW,0.9971461187214612,0,0,0,361,True
2018/FY 2018/Leightonfield 33_11kV FY2018.csv,86ff46e6e6af46fdbbc0841a5e867abb5856d1587e44a9cfd2a0eab6d8688c05,Leightonfield 33_11kV,leightonfield3311kv,2018,365,2017-05-01,2018-04-30,0,96,MW,0.9970319634703196,0,0,0,360,True
2018/FY 2018/Lemington 66_11kV FY2018.csv,4d6fc2daad9d306f9e6df9b25366123df7a7457924686fcfd29828e74282ffef,Lemington 66_11kV,lemington6611kv,2018,365,2017-05-01,2018-04-30,0,96,MW,0.8190353881278539,0,0,0,299,False
2018/FY 2018/Lidcombe 33_11kV FY2018.csv,1d5d138edf0b6304dde618a9ba90645b2e7603085a53dc3b54ad88a6045af9ce,Lidcombe 33_11kV,lidcombe3311kv,2018,365,2017-05-01,2018-04-30,0,96,MW,0.9971746575342466,0,0,0,361,True
2018/FY 2018/Lindfield 33_11kV FY2018.csv,ea921b742de4e9f9cd4c97c3b49c1a3f7dee05277d65685b3d3ac081e4644608,Lindfield 33_11kV,lindfield3311kv,2018,365,2017-05-01,2018-04-30,0,96,MW,0.9998858447488584,0,0,0,365,True
2018/FY 2018/Lisarow 33_11kV FY2018.csv,e1cc408a63ad418f407d4e9da4f4f4037d06af9e9dc0dcd30b19c961ebfab87b,Lisarow 33_11kV,lisarow3311kv,2018,365,2017-05-01,2018-04-30,0,96,MW,0.9971461187214612,0,0,0,361,True
2018/FY 2018/Long Jetty 33_11kV FY2018.csv,254ff4e18fa6d592ba048225129532b7c8c2d020e75b330ad8034b8870a12c2e,Long Jetty 33_11kV,longjetty3311kv,2018,365,2017-05-01,2018-04-30,0,96,MW,0.0,0,0,0,0,False
2018/FY 2018/Long Jetty 66_11kV FY2018.csv,abc1620006ba40efc8dcbe97d0ee6d12215f4fc2bc0176a3b72e823fd60a27d1,Long Jetty 66_11kV,longjetty6611kv,2018,365,2017-05-01,2018-04-30,0,96,MW,0.9041952054794521,0,0,0,328,False
2018/FY 2018/Lucas Heights 33_11kV FY2018.csv,0350326a43ac79c366ccfabbf0f9177431a8f0be1574787539251344603b6f9d,Lucas Heights 33_11kV,lucasheights3311kv,2018,365,2017-05-01,2018-04-30,0,96,MW,0.9971461187214612,0,0,0,361,True
2018/FY 2018/Macquarie Park 132_11kV FY2018.csv,c5fb0c04f7855d29857e502e5aeecc77af298a15d9c406382cf0b268f11be0ff,Macquarie Park 132_11kV,macquariepark13211kv,2018,365,2017-05-01,2018-04-30,0,96,MW,0.9968607305936074,0,0,0,361,True
2018/FY 2018/Maitland 33_11kV FY2018.csv,bbc0b4113eb580fe3565d74f180e92c13c2b16a5ec7a408a9d9196cc71fd87bb,Maitland 33_11kV,maitland3311kv,2018,365,2017-05-01,2018-04-30,0,96,MW,0.9998858447488584,0,0,0,365,True
2018/FY 2018/Maitland Central 33_11kV FY2018.csv,0bc7a08888df247ea345f65b52f483721fab95ee40d9072b7190fd97c1313207,Maitland Central 33_11kV,maitlandcentral3311kv,2018,365,2017-05-01,2018-04-30,0,96,MW,0.0,0,0,0,0,False
2018/FY 2018/Manly 33_11kV FY2018.csv,5032f6c0b946c6aae6ea7302dafa99158a6b1540c94fa357d2e266931c28ccc9,Manly 33_11kV,manly3311kv,2018,365,2017-05-01,2018-04-30,0,96,MW,0.9927796803652968,0,0,0,359,True
2018/FY 2018/Maroubra 132_11kV FY2018.csv,26758edc5205226537b789438b2c3b3b7381c41f6a6ba52ad8e374e2df068b92,Maroubra 132_11kV,maroubra13211kv,2018,365,2017-05-01,2018-04-30,0,96,MW,0.9971746575342466,0,0,0,361,True
2018/FY 2018/Marrickville 132_11kV FY2018.csv,f5147a652254d195b6e026dde0f690eda881fb89ba6bf30b1f38b9317005a6bd,Marrickville 132_11kV,marrickville13211kv,2018,365,2017-05-01,2018-04-30,0,96,MW,0.9971746575342466,0,0,0,361,True
2018/FY 2018/Maryland 132_11kV FY2018.csv,adca8fa1cdf54acb9e1ead4c9b22539a289fdb0637cf73bec3cd7d5db79e3ca4,Maryland 132_11kV,maryland13211kv,2018,365,2017-05-01,2018-04-30,0,96,MW,0.9998858447488584,0,0,0,365,True
2018/FY 2018/Mascot 33_11kV FY2018.csv,d3783a18cbb70d15e31b8c094741c155f089914ef6ec4c04204995ef0fa6e4e2,Mascot 33_11kV,mascot3311kv,2018,365,2017-05-01,2018-04-30,0,96,MW,0.9971461187214612,0,0,0,361,True
2018/FY 2018/Matraville 33_11kV FY2018.csv,24eeb6753c36bad5d02aaf9da1ee4fa71660a184471718f978a4d3c9a1e50332,Matraville 33_11kV,matraville3311kv,2018,365,2017-05-01,2018-04-30,0,96,MW,0.9971461187214612,0,0,0,361,True
2018/FY 2018/Mayfield 33_11kV FY2018.csv,0f4628579380ffd3f78a524112871627a66803672258cc0342193605053c9eae,Mayfield 33_11kV,mayfield3311kv,2018,365,2017-05-01,2018-04-30,0,96,MW,0.0,0,0,0,0,False
2018/FY 2018/Mayfield West 132_11kV FY2018.csv,f13bfbb4717261ff66e4fb7b65e250c532369420e645a244fa87541486aee3ad,Mayfield West 132_11kV,mayfieldwest13211kv,2018,365,2017-05-01,2018-04-30,0,96,MW,0.9998858447488584,0,0,0,365,True
2018/FY 2018/Meadowbank 132_11kV FY2018.csv,ef814b014cf1119fbc3a5711b59e0dbd0f9944e058ab4d5b8ef3797b169c1a06,Meadowbank 132_11kV,meadowbank13211kv,2018,365,2017-05-01,2018-04-30,0,96,MW,0.9971175799086758,0,0,0,361,True
2018/FY 2018/Medowie 33_11kV FY2018.csv,2bc2bcad0c58a993e5be1045ea17ec6730b6eed0adfe7a56845e3c9960d79dab,Medowie 33_11kV,medowie3311kv,2018,365,2017-05-01,2018-04-30,0,96,MW,0.9998858447488584,0,0,0,365,True
2018/FY 2018/Menai 132_11kV FY2018.csv,9bac537c39ee0204dda47108df9e9d4de123048a5a8d0c843fc5b6e98d42e2ac,Menai 132_11kV,menai13211kv,2018,365,2017-05-01,2018-04-30,0,96,MW,0.9971175799086758,0,0,0,361,True
2018/FY 2018/Merriwa 33_11kV FY2018.csv,9035291b032d2127e30630a273cf5ddcc61133cfde02b728342cb65011e755d3,Merriwa 33_11kV,merriwa3311kv,2018,365,2017-05-01,2018-04-30,0,96,MW,0.997060502283105,0,0,0,360,True
2018/FY 2018/Metford 33_11kV FY2018.csv,bae5c7af0f619980f82bfc28c208c9cbec7b560171dd8a186a3111d009689208,Metford 33_11kV,metford3311kv,2018,365,2017-05-01,2018-04-30,0,96,MW,0.9998858447488584,0,0,0,365,True
2018/FY 2018/Milperra 132_11kV FY2018.csv,7ca4a3c4b0693a1cb8ac20b272b26138bc3859dcfc0d71bde48506a0f86e7225,Milperra 132_11kV,milperra13211kv,2018,365,2017-05-01,2018-04-30,0,96,MW,0.9970034246575342,0,0,0,360,True
2018/FY 2018/Miranda 33_11kV FY2018.csv,b1b48fe740218e1818a1d8dfe77967d9d5283f1c0ed8fbdc145bee6a80dc4047,Miranda 33_11kV,miranda3311kv,2018,365,2017-05-01,2018-04-30,0,96,MW,0.9998858447488584,0,0,0,365,True
2018/FY 2018/Mitchell Line 66_11kV FY2018.csv,5cf92d02c653192fef500f6dbbe624f7fefa3201756564871c621a1c51864a52,Mitchell Line 66_11kV,mitchellline6611kv,2018,365,2017-05-01,2018-04-30,0,96,MW,0.9991438356164384,0,0,0,364,True
2018/FY 2018/Mitchells Flat 66_11kV FY2018.csv,950b742c085c1e31ae040305b0bbe8c0d3ee6e6fdcdaa4d013ba315f0637d4bc,Mitchells Flat 66_11kV,mitchellsflat6611kv,2018,365,2017-05-01,2018-04-30,0,96,MW,0.9926369863013699,0,0,0,357,True
2018/FY 2018/Mona Vale 33_11kV FY2018.csv,1fef8bfdc5df4fcd487c78e4b36015a71af0d42e3203155ebdc76610d81c1eab,Mona Vale 33_11kV,monavale3311kv,2018,365,2017-05-01,2018-04-30,0,96,MW,0.9971461187214612,0,0,0,361,True
2018/FY 2018/Moonan 33_11kV FY2018.csv,d8dabfe15033801ce9919b94138a32b99c3127438b9a03f8bafdb79af61c033f,Moonan 33_11kV,moonan3311kv,2018,365,2017-05-01,2018-04-30,0,96,MW,0.8177796803652968,0,0,0,297,False
2018/FY 2018/Morisset 132_11kV FY2018.csv,837cae44b5d1987e9bec7d1c797cf027f4a092da71bde52dd19dc4fd6d923ed5,Morisset 132_11kV,morisset13211kv,2018,365,2017-05-01,2018-04-30,0,96,MW,0.9998858447488584,0,0,0,365,True
2018/FY 2018/Morisset 33_11kV Temp FY2018.csv,c56343f0d0a733edb13922efdbadff1871eb47dd54dbb3760f783554722bc899,Morisset 33_11kV Temp,morisset3311kvtemp,2018,365,2017-05-01,2018-04-30,0,96,MW,0.0,0,0,0,0,False
2018/FY 2018/Mortdale 33_11kV FY2018.csv,30cbcf365496dfa44855298c53e48243a2ab533cba9eddbe1d71f7e07f599457,Mortdale 33_11kV,mortdale3311kv,2018,365,2017-05-01,2018-04-30,0,96,MW,0.9971461187214612,0,0,0,361,True
2018/FY 2018/Mosman 132_11kV FY2018.csv,0a03b2015c3e8f7c2bec44b799a9656c4cde08624a14b7fd844e5659d4d3af5c,Mosman 132_11kV,mosman13211kv,2018,365,2017-05-01,2018-04-30,0,96,MW,0.9971175799086758,0,0,0,361,True
2018/FY 2018/Mt Hutton 33_11kV FY2018.csv,b7c7e25b010b47909be3f0d27c0ba944210916b9e538f838ef1dce27f5929172,Mt Hutton 33_11kV,mthutton3311kv,2018,365,2017-05-01,2018-04-30,0,96,MW,0.9994006849315068,0,0,0,363,True
2018/FY 2018/Mt Thorley 66_11kV FY2018.csv,4de75456b75ce45c9c0575245074fd42f161b2d95eb15745062d82d30f3de13a,Mt Thorley 66_11kV,mtthorley6611kv,2018,365,2017-05-01,2018-04-30,0,96,MW,0.9998858447488584,0,0,0,365,True
2018/FY 2018/Muswellbrook 33_11kV FY2018.csv,de384797befb7e566b1774a3d85c316e0bbeebfdda3adfa4a611ffce484bf3f1,Muswellbrook 33_11kV,muswellbrook3311kv,2018,365,2017-05-01,2018-04-30,0,96,MW,0.9957191780821918,0,0,0,363,True
2018/FY 2018/Narrabeen 33_11kV FY2018.csv,23b786e8b5481fdaf59cdbd8faf1307908af9244ec9a09ac12ddffc923029d9d,Narrabeen 33_11kV,narrabeen3311kv,2018,365,2017-05-01,2018-04-30,0,96,MW,0.997060502283105,0,0,0,361,True
2018/FY 2018/Nelson Bay 33_11kV FY2018.csv,c1438ce8330d300cb57b41105fa87192694499179b1984f28735eebd1be6c7ed,Nelson Bay 33_11kV,nelsonbay3311kv,2018,365,2017-05-01,2018-04-30,0,96,MW,0.9998858447488584,0,0,0,365,True
2018/FY 2018/New Lambton 33_11kV FY2018.csv,bbf1c2e43d54372693576dba557df8019c472c678a73f3561f2855b12a6cadca,New Lambton 33_11kV,newlambton3311kv,2018,365,2017-05-01,2018-04-30,0,96,MW,0.9998858447488584,0,0,0,365,True
2018/FY 2018/Newcastle CBD 33_11kV FY2018.csv,12fc1e1ff91701b36f5b93eef1b5a649534db3115b907d3111f7bd7ebea4ba50,Newcastle CBD 33_11kV,newcastlecbd3311kv,2018,365,2017-05-01,2018-04-30,0,96,MW,0.9998858447488584,0,0,0,365,True
2018/FY 2018/Newdell 66_11kV FY2018.csv,dfdcd0ea3d5acd062a9fb798cbb088b762434affc251396a18cad9e76be4dc5f,Newdell 66_11kV,newdell6611kv,2018,365,2017-05-01,2018-04-30,0,96,MW,0.8187785388127854,0,0,0,298,False
2018/FY 2018/Newport 33_11kV FY2018.csv,954a69e01faa5f48741d98d89abfbd7096b0b2654f39f73db5d71d43959585e7,Newport 33_11kV,newport3311kv,2018,365,2017-05-01,2018-04-30,0,96,MW,0.9971461187214612,0,0,0,361,True
2018/FY 2018/Noraville 33_11kV FY2018.csv,fccbd34d4e424e2a5da2b46a5b7b60f293183422dd3fcfc3eb9449e6cfec211d,Noraville 33_11kV,noraville3311kv,2018,365,2017-05-01,2018-04-30,0,96,MW,0.9971461187214612,0,0,0,361,True
2018/FY 2018/North Head 33_11kV FY2018.csv,1e966047b28d21894d5470325fab4ab1c16e9c4cca62a2c48f61a128cddab77b,North Head 33_11kV,northhead3311kv,2018,365,2017-05-01,2018-04-30,0,96,MW,0.9971461187214612,0,0,0,361,True
2018/FY 2018/North Ryde 66_11kV FY2018.csv,1218f0c33a1dfc9b94764b5b0b05cbce9487cb098b0545648ac1cc3272236732,North Ryde 66_11kV,northryde6611kv,2018,365,2017-05-01,2018-04-30,0,96,MW,0.0,0,0,0,0,False
2018/FY 2018/North Sydney 132_11kV FY2018.csv,b5ea95f38d4133ac8654b44e012cb612980d2598fb317ab6db43266405745576,North Sydney 132_11kV,northsydney13211kv,2018,365,2017-05-01,2018-04-30,0,96,MW,0.9998858447488584,0,0,0,365,True
2018/FY 2018/North Sydney 33_11kV FY2018.csv,7340ac036688f6aa1a474394714f02a20dc42451bb49ca5404b4785b3ed50e58,North Sydney 33_11kV,northsydney3311kv,2018,365,2017-05-01,2018-04-30,0,96,MW,0.0,0,0,0,0,False
2018/FY 2018/Nulkaba 33_11kV FY2018.csv,4f128679f340107ff5db59c6226b0dc1a1111e0e2670eae031be5d91a012008f,Nulkaba 33_11kV,nulkaba3311kv,2018,365,2017-05-01,2018-04-30,0,96,MW,0.9998858447488584,0,0,0,365,True
2018/FY 2018/Olympic Park 132_11kV FY2018.csv,168e655472a8fba2e7a0e59db6bfbe85d9381091cb61e03a2c4a056e32b5d240,Olympic Park 132_11kV,olympicpark13211kv,2018,365,2017-05-01,2018-04-30,0,96,MW,0.36238584474885843,0,0,0,132,False
2018/FY 2018/Paddington 33_11kV FY2018.csv,288170c01d9cdebdf3ad8a522eb0c885a98c08ac16079b25d6d0d9752ecf4e72,Paddington 33_11kV,paddington3311kv,2018,365,2017-05-01,2018-04-30,0,96,MW,0.9971461187214612,0,0,0,361,True
2018/FY 2018/Padstow 33_11kV FY2018.csv,60b4c2e920f9e0f3d4d9053007f282551e1a048d788b7b06eb6065bb044e379f,Padstow 33_11kV,padstow3311kv,2018,365,2017-05-01,2018-04-30,0,96,MW,0.0,0,0,0,0,False
2018/FY 2018/Paxton 33_11kV FY2018.csv,831e842bebb719e5bf3c9edd845e54c8941c3c00dd04a649c24889150d3407ce,Paxton 33_11kV,paxton3311kv,2018,365,2017-05-01,2018-04-30,0,96,MW,0.9958333333333333,0,0,0,363,True
2018/FY 2018/Peats Ridge 33_11kV FY2018.csv,3f03798160265a9cbd99a0286fabcc13d200487b4d3510c534b6b07db8e96206,Peats Ridge 33_11kV,peatsridge3311kv,2018,365,2017-05-01,2018-04-30,0,96,MW,0.9998858447488584,0,0,0,365,True
2018/FY 2018/Pelican 33_11kV FY2018.csv,46260797bcc6992be1d9775a0ff7273262f3e9ca9c95028541eb80bbb33cd0c2,Pelican 33_11kV,pelican3311kv,2018,365,2017-05-01,2018-04-30,0,96,MW,0.9997716894977169,0,0,0,365,True
2018/FY 2018/Pennant Hills 132_11kV FY2018.csv,687b6b9c07d49051e2ef9b4b85ba62ee0317a24b3b080ea998bf47a02f1ee0aa,Pennant Hills 132_11kV,pennanthills13211kv,2018,365,2017-05-01,2018-04-30,0,96,MW,0.9971461187214612,0,0,0,361,True
2018/FY 2018/Port Botany 33_11kV FY2018.csv,68ee007ac54bbaae8ddb159d6211c4046b06b935e2c6e44fbb06078b005d4709,Port Botany 33_11kV,portbotany3311kv,2018,365,2017-05-01,2018-04-30,0,96,MW,0.9968321917808219,0,0,0,360,True
2018/FY 2018/Potts Hill 132_11kV FY2018.csv,fa41192ed7602dbc4545a8f27a535825a843cf4e630bf1ca649781807ac4c455,Potts Hill 132_11kV,pottshill13211kv,2018,365,2017-05-01,2018-04-30,0,96,MW,0.9998858447488584,0,0,0,365,True
2018/FY 2018/Punchbowl 33_11kV FY2018.csv,8488fb138aaf64cbad91857248e0a9a2ef16963ba0204efb121bb6cde0784507,Punchbowl 33_11kV,punchbowl3311kv,2018,365,2017-05-01,2018-04-30,0,96,MW,0.9973458904109589,0,0,0,362,True
2018/FY 2018/Pymble 33_11kV FY2018.csv,31a60aac419bba4c712d32f67d880ecdd6c04b708b0903b0409c1bf4177676e2,Pymble 33_11kV,pymble3311kv,2018,365,2017-05-01,2018-04-30,0,96,MW,0.9971175799086758,0,0,0,361,True
2018/FY 2018/RNS Hospital 132_11kV FY2018.csv,0a8ddc5a974d357a2d6663acd1ed1f3e8e0cfb9586111d59130b1819eff7cb18,RNS Hospital 132_11kV,rnshospital13211kv,2018,365,2017-05-01,2018-04-30,0,96,MW,0.9962899543378996,0,0,0,359,True
2018/FY 2018/Randwick 33_11kV FY2018.csv,0625ff18ccc0ea61b6ae9862370ab477d9b987d8de33ad8a19f94734d49a338d,Randwick 33_11kV,randwick3311kv,2018,365,2017-05-01,2018-04-30,0,96,MW,0.0,0,0,0,0,False
2018/FY 2018/Rathmines 132_11kV FY2018.csv,fab72eda398e0d3dfe750807ca5d8fbdca4a4c763e4e331d415deb2db4bcc061,Rathmines 132_11kV,rathmines13211kv,2018,365,2017-05-01,2018-04-30,0,96,MW,0.9998858447488584,0,0,0,365,True
2018/FY 2018/Rathmines 132_11kV Temp FY2018.csv,ee2fb02cd53cfe3e3fcfd795493534f636e6e2036e6a57b6d6afd2d2fcddaad2,Rathmines 132_11kV Temp,rathmines13211kvtemp,2018,365,2017-05-01,2018-04-30,0,96,MW,0.0,0,0,0,0,False
2018/FY 2018/Raymond Terr NEW 33_11kV FY2018.csv,f81856a95ea80885194327ff2c0900622ecfcfa10221000f7888069780a4c230,Raymond Terr NEW 33_11kV,raymondterrnew3311kv,2018,365,2017-05-01,2018-04-30,0,96,MW,0.9998858447488584,0,0,0,365,True
2018/FY 2018/Raymond Terrace 33_11kV FY2018.csv,8a2e574ecb4d2ce3dbd63e01763fdbfbc85e074f033b2c037d76b880f5728362,Raymond Terrace 33_11kV,raymondterrace3311kv,2018,365,2017-05-01,2018-04-30,0,96,MW,0.0,0,0,0,0,False
2018/FY 2018/Revesby 132_11kV FY2018.csv,441a1d40314cb019f6a3e8ca1ec58e26339fadeac8259eef73ed9b0632ce562a,Revesby 132_11kV,revesby13211kv,2018,365,2017-05-01,2018-04-30,0,96,MW,0.9971746575342466,0,0,0,361,True
2018/FY 2018/Riverwood 33_11kV FY2018.csv,8f1d6eecc0b68447cae5c515ef9150b02611cec5096059f9b723f2409ae3622e,Riverwood 33_11kV,riverwood3311kv,2018,365,2017-05-01,2018-04-30,0,96,MW,0.9971175799086758,0,0,0,361,True
2018/FY 2018/Rockdale 132_11kV FY2018.csv,7642428ff8a715a78658e23473d56d410c55986a89e2894f98179efac128cbc5,Rockdale 132_11kV,rockdale13211kv,2018,365,2017-05-01,2018-04-30,0,96,MW,0.0,0,0,0,0,False
2018/FY 2018/Rockdale 33_11kV FY2018.csv,9a2eda66a02f89a2d9844fbd55a177606395fa2f90070649e07cffca5b47e2fe,Rockdale 33_11kV,rockdale3311kv,2018,365,2017-05-01,2018-04-30,0,96,MW,0.9971461187214612,0,0,0,361,True
2018/FY 2018/Rose Bay 132_11kV FY2018.csv,020c1e1172c1a4517342f177a93af60fd4c5c3c4ce6d81c7ee954b9ea6766526,Rose Bay 132_11kV,rosebay13211kv,2018,365,2017-05-01,2018-04-30,0,96,MW,0.9998858447488584,0,0,0,365,True
2018/FY 2018/Rose Bay 33_11kV FY2018.csv,66a6bfd6e351b456e79d15bc3c75b433cc1a8b3e1f128203d821251d5d62cdb4,Rose Bay 33_11kV,rosebay3311kv,2018,365,2017-05-01,2018-04-30,0,96,MW,0.0,0,0,0,0,False
2018/FY 2018/Rothbury 132_11kV FY2018.csv,fce4d18f09d1a267337c935afce38f768479defaa2a84da9a0d1675feabe0cf7,Rothbury 132_11kV,rothbury13211kv,2018,365,2017-05-01,2018-04-30,0,96,MW,0.9998858447488584,0,0,0,365,True
2018/FY 2018/Rouchel 33_11kV FY2018.csv,8e2658678e1034309f7f9d1cbd50cd92353abb9c5cd0680cc7e0c6353f55f59a,Rouchel 33_11kV,rouchel3311kv,2018,365,2017-05-01,2018-04-30,0,96,MW,0.8187214611872146,0,0,0,298,False
2018/FY 2018/Rutherford 33_11kV FY2018.csv,385b7a56d2eabeafa3df1e9d32f265e39b09a0aa09c82fe194d1f642301dd39e,Rutherford 33_11kV,rutherford3311kv,2018,365,2017-05-01,2018-04-30,0,96,MW,0.9998858447488584,0,0,0,365,True
2018/FY 2018/Salt Ash 33_11kV FY2018.csv,f04ab9e89ca9d72d57a5dc7df38cb331483772318f13afd449083d34daef8f5d,Salt Ash 33_11kV,saltash3311kv,2018,365,2017-05-01,2018-04-30,0,96,MW,0.0,0,0,0,0,False
2018/FY 2018/Sans Souci 33_11kV FY2018.csv,397beeb0f07850b664b00c8ac9a351f6909fd8eb485d45e8aa0ea38fdf761e18,Sans Souci 33_11kV,sanssouci3311kv,2018,365,2017-05-01,2018-04-30,0,96,MW,0.9971175799086758,0,0,0,361,True
2018/FY 2018/Scone 66_11kV FY2018.csv,2980fc4b0986e1c788afd9a34167aaf9c8d7006e50f180b4aff7dd8159bb20aa,Scone 66_11kV,scone6611kv,2018,365,2017-05-01,2018-04-30,0,96,MW,0.9998858447488584,0,0,0,365,True
2018/FY 2018/Sefton 132_11kV FY2018.csv,7f232ab8610362e6a762985135870062f7934fd9a3c442db35611d489810f2be,Sefton 132_11kV,sefton13211kv,2018,365,2017-05-01,2018-04-30,0,96,MW,0.9971461187214612,0,0,0,361,True
2018/FY 2018/Shortland 33_11kV FY2018.csv,705731b782c3ba9351aeb6cca44d8b3dbcfcd9e5ec2c70b810e0a40a4b0665cc,Shortland 33_11kV,shortland3311kv,2018,365,2017-05-01,2018-04-30,0,96,MW,0.0,0,0,0,0,False
2018/FY 2018/Singleton 66_11kV FY2018.csv,32af0c2e2ea22447e1a24e778b7641989000c4ea21402b377d37b424cb2e121b,Singleton 66_11kV,singleton6611kv,2018,365,2017-05-01,2018-04-30,0,96,MW,0.9998858447488584,0,0,0,365,True
2018/FY 2018/Singleton North 66_11kV FY2018.csv,fbc2a9f4f74f93c2a24a565f191225b18cf97e7a4fde4ff788bd818feb72bf4d,Singleton North 66_11kV,singletonnorth6611kv,2018,365,2017-05-01,2018-04-30,0,96,MW,0.9958333333333333,0,0,0,363,True
2018/FY 2018/Somersby 132_11kV FY2018.csv,7f4b053dee928ddfe09a9228e57bc92d8e8b99a3ae30341c6f44b5d19f442dd9,Somersby 132_11kV,somersby13211kv,2018,365,2017-05-01,2018-04-30,0,96,MW,0.9019977168949772,0,0,0,328,False
2018/FY 2018/St Ives 33_11kV FY2018.csv,3ae04d078fbc7af477b7f56ed6ba988f6d15e1910fa25676782f5d37c299035e,St Ives 33_11kV,stives3311kv,2018,365,2017-05-01,2018-04-30,0,96,MW,0.9971175799086758,0,0,0,361,True
2018/FY 2018/St Peters 132_11kV FY2018.csv,22db78e45e1b4009595eabed974805381026fb5e9c1e710610c70b9a5d0ff57b,St Peters 132_11kV,stpeters13211kv,2018,365,2017-05-01,2018-04-30,0,96,MW,0.9856449771689497,0,0,0,355,True
2018/FY 2018/Stockton 33_11kV FY2018.csv,9f1407738e2dce97bf30d52eb343b9a8fc7a1e205257d400700397755f589401,Stockton 33_11kV,stockton3311kv,2018,365,2017-05-01,2018-04-30,0,96,MW,0.999486301369863,0,0,0,364,True
2018/FY 2018/Strathfield South 132_11kV FY2018.csv,f429bfdc5dfc2a48193c30a9e3ccb6e91ec941547319d45a2edcb5636a0305ba,Strathfield South 132_11kV,strathfieldsouth13211kv,2018,365,2017-05-01,2018-04-30,0,96,MW,0.0,0,0,0,0,False
2018/FY 2018/Summer Hill 33_11kV FY2018.csv,dfd99d4bed28af7bc97f9f1567c25420f46a6a77e7a328a8a3decf97d1f1b3f6,Summer Hill 33_11kV,summerhill3311kv,2018,365,2017-05-01,2018-04-30,0,96,MW,0.0,0,0,0,0,False
2018/FY 2018/Surry Hills 33_11kV FY2018.csv,b18362e9109aa9225e257787a449b306382c19dff3b67168f405bb83f09112d3,Surry Hills 33_11kV,surryhills3311kv,2018,365,2017-05-01,2018-04-30,0,96,MW,0.9971175799086758,0,0,0,361,True
2018/FY 2018/Swansea 33_11kV FY2018.csv,bc4406aa73af6584d58b17f845f642f91c92e7491699e4be79af73cbed8ffcbf,Swansea 33_11kV,swansea3311kv,2018,365,2017-05-01,2018-04-30,0,96,MW,0.9997716894977169,0,0,0,365,True
2018/FY 2018/Tanilba Bay 33_11kV FY2018.csv,bf21f004c0828fe846300f5418598e41783122dc03ec6d49721eb7cc1efd925f,Tanilba Bay 33_11kV,tanilbabay3311kv,2018,365,2017-05-01,2018-04-30,0,96,MW,0.9998858447488584,0,0,0,365,True
2018/FY 2018/Tarro 33_11kV FY2018.csv,c2affbb73cbbeee2aeb4c1fe25b3be0ccefc012c7682f0f323cb5d02249ecab7,Tarro 33_11kV,tarro3311kv,2018,365,2017-05-01,2018-04-30,0,96,MW,0.9998002283105023,0,0,0,365,True
2018/FY 2018/Telarah 33_11kV FY2018.csv,932b2e7ffc58f1340cf2b1b5ce7aedd9a10bee85ee5c18e209b9f64183efd73e,Telarah 33_11kV,telarah3311kv,2018,365,2017-05-01,2018-04-30,0,96,MW,0.9992009132420091,0,0,0,364,True
2018/FY 2018/Terrey Hills 33_11kV FY2018.csv,759bdb3d5b48a7a89865e45f2436264bdf9b8a17af5cf33d765b808130a9367a,Terrey Hills 33_11kV,terreyhills3311kv,2018,365,2017-05-01,2018-04-30,0,96,MW,0.9971461187214612,0,0,0,361,True
2018/FY 2018/Thornton 33_11kV FY2018.csv,72915cd72f9995ff95ca0494eeab5cc428dbe49ef2e74efe2673a92b06af9dc7,Thornton 33_11kV,thornton3311kv,2018,365,2017-05-01,2018-04-30,0,96,MW,0.9998858447488584,0,0,0,365,True
2018/FY 2018/Tighes Hill 33_11kV FY2018.csv,12159f83720f6336d267e8206b9587a39dc3d17f647382fdfea2bbdc51d76230,Tighes Hill 33_11kV,tigheshill3311kv,2018,365,2017-05-01,2018-04-30,0,96,MW,0.0,0,0,0,0,False
2018/FY 2018/Tomago 33_11kV FY2018.csv,897a123dee5d1efa3e56846a940f018f983d399b793b9200436d98562debb1aa,Tomago 33_11kV,tomago3311kv,2018,365,2017-05-01,2018-04-30,0,96,MW,0.9998858447488584,0,0,0,365,True
2018/FY 2018/Tomalpin 33_11kV FY2018.csv,62ede6ceb2aecec041d7ad5f5d5a84b728c0fc588ce2ab65f9cdd3b74a472ddb,Tomalpin 33_11kV,tomalpin3311kv,2018,365,2017-05-01,2018-04-30,0,96,MW,0.9083333333333333,0,0,0,300,False
2018/FY 2018/Tomaree 33_11kV FY2018.csv,3a3eada58df8119e7717aa269a403567f7e8f526e21ba6c10e7607ed1267b86f,Tomaree 33_11kV,tomaree3311kv,2018,365,2017-05-01,2018-04-30,0,96,MW,0.9998858447488584,0,0,0,365,True
2018/FY 2018/Top Ryde 132_11kV FY2018.csv,f9bc658eb253735a023b9defe8003105effff5db3c52bd950916366882c92d68,Top Ryde 132_11kV,topryde13211kv,2018,365,2017-05-01,2018-04-30,0,96,MW,0.9970890410958904,0,0,0,361,True
2018/FY 2018/Toronto 33_11kV FY2018.csv,e2efce88ad2e7b6baf2ad9dc848cdd8ef521ed02f17c929d5d8f26cf61688c18,Toronto 33_11kV,toronto3311kv,2018,365,2017-05-01,2018-04-30,0,96,MW,0.899857305936073,0,0,10792,328,False
2018/FY 2018/Toronto West 132_11kV FY2018.csv,896c14b97a7b4f54b685a3d60bc3bbebb08d6dcd4c8c90745157df0b3080fc32,Toronto West 132_11kV,torontowest13211kv,2018,365,2017-05-01,2018-04-30,0,96,MW,0.9998858447488584,0,0,0,365,True
2018/FY 2018/Turramurra 33_11kV FY2018.csv,7cfbf710a035c936f70925b8375d6ad76561c5c50c29de439010d8f2a7255030,Turramurra 33_11kV,turramurra3311kv,2018,365,2017-05-01,2018-04-30,0,96,MW,0.9998858447488584,0,0,0,365,True
2018/FY 2018/Umina 66_11kV FY2018.csv,c90573760d54ea735b5fde5e16d4ee8c775f9b00451c097cc0aad62a1b7d1f27,Umina 66_11kV,umina6611kv,2018,365,2017-05-01,2018-04-30,0,96,MW,0.9971461187214612,0,0,0,361,True
2018/FY 2018/Vales Point 33_11kV FY2018.csv,3ee10ef870f11e962020f1e366e09ec11386eed3ff4fcd4e82f6b76e671070b4,Vales Point 33_11kV,valespoint3311kv,2018,365,2017-05-01,2018-04-30,0,96,MW,0.9998858447488584,34,0,1,363,True
2018/FY 2018/Wallalong 33_11kV FY2018.csv,cb0b7c1844771892859cc56ba4f4d6650239e6b9ffb763892024d652f6a2c7ad,Wallalong 33_11kV,wallalong3311kv,2018,365,2017-05-01,2018-04-30,0,96,MW,0.0,0,0,0,0,False
2018/FY 2018/Wallsend 33_11kV FY2018.csv,658ca1c22bf7c17852e106e5e910abf5f48fcecc2941d6d9365c8a1475971c06,Wallsend 33_11kV,wallsend3311kv,2018,365,2017-05-01,2018-04-30,0,96,MW,0.0,0,0,0,0,False
2018/FY 2018/Wamberal 132_11kV FY2018.csv,61246285578238322c2c62feb94a691f6a5d89d71259cf6e6a7fcee0bb14f260,Wamberal 132_11kV,wamberal13211kv,2018,365,2017-05-01,2018-04-30,0,96,MW,0.9998858447488584,0,0,0,365,True
2018/FY 2018/Wamberal 66_11kV FY2018.csv,22eb8a7df1054665188964376962ec49455ee1429b0814c318df10e28413fd1a,Wamberal 66_11kV,wamberal6611kv,2018,365,2017-05-01,2018-04-30,0,96,MW,0.04360730593607306,0,0,157,14,False
2018/FY 2018/Waverley 132_11kV FY2018.csv,6edb78c48b6d894847ca0c9bd8f332d82b0d2b3c48f14dfba1c076aa12b9c31e,Waverley 132_11kV,waverley13211kv,2018,365,2017-05-01,2018-04-30,0,96,MW,0.9998858447488584,0,0,0,365,True
2018/FY 2018/Waverley 33_11kV FY2018.csv,74b54c77c6c4d294e9ff8722b5c45067d99856f26aead17555223b317c2f2218,Waverley 33_11kV,waverley3311kv,2018,365,2017-05-01,2018-04-30,0,96,MW,0.0,0,0,0,0,False
2018/FY 2018/West Gosford 132_11kV FY2018.csv,8dc58e3b1554d03d3344847c9779576a6feee349bc10aaf9bb1baf4d01a5d7a5,West Gosford 132_11kV,westgosford13211kv,2018,365,2017-05-01,2018-04-30,0,96,MW,0.9971175799086758,0,0,0,361,True
2018/FY 2018/Williamtown 33_11kV FY2018.csv,300b7d684974c0dc956df063186cfbb93c3770e9c9a66f632e79f3a8d1abc528,Williamtown 33_11kV,williamtown3311kv,2018,365,2017-05-01,2018-04-30,0,96,MW,0.9998858447488584,0,0,0,365,True
2018/FY 2018/Woy Woy 66_11kV FY2018.csv,170179ed078e60ac6614f8d8c6def36b08f63c0c7b0837886a050e42a5676ca6,Woy Woy 66_11kV,woywoy6611kv,2018,365,2017-05-01,2018-04-30,0,96,MW,0.9971461187214612,0,0,0,361,True
2018/FY 2018/Wyong 132_11kV FY2018.csv,0359297fa7c38d82d1c1118d86913c861851279115e4328e52d9266c0890a2c7,Wyong 132_11kV,wyong13211kv,2018,365,2017-05-01,2018-04-30,0,96,MW,0.9971461187214612,0,0,0,361,True
2018/FY 2018/Zetland 132_11kV FY2018.csv,ae01326cece1091170990d796a00799dca869047af40a51821e11f336b5746bd,Zetland 132_11kV,zetland13211kv,2018,365,2017-05-01,2018-04-30,0,96,MW,0.9971175799086758,0,0,0,361,True
2019/FY 2019/Aberdeen 33_11kV FY2019.csv,2961a5ba5254a859004e73fdd4f78fb33147deb9d00db172f1c51eeb7d9f1fe4,Aberdeen 33_11kV,aberdeen3311kv,2019,365,2018-05-01,2019-04-30,0,96,MW,0.0,0,0,0,0,False
2019/FY 2019/Aberdeen 66_11kV FY2019.csv,ddf0e95578e54242b66cf40034dfd14c263a2576369c8da3389ed80e16412c28,Aberdeen 66_11kV,aberdeen6611kv,2019,365,2018-05-01,2019-04-30,0,96,MW,0.9998858447488584,0,0,0,365,True
2019/FY 2019/Adamstown 132_11kV FY2019.csv,9f567b1e7d21f7ee4241def9dee1b817bbe51e9898c1fc2945dbe6b18127ff15,Adamstown 132_11kV,adamstown13211kv,2019,365,2018-05-01,2019-04-30,0,96,MW,0.9998858447488584,0,0,0,365,True
2019/FY 2019/Adamstown 33_11kV FY2019.csv,58ae38862fad2936f5f76425e126e614277dd8ba9ec3bb7e38b25b659557ace3,Adamstown 33_11kV,adamstown3311kv,2019,365,2018-05-01,2019-04-30,0,96,MW,0.0,0,0,0,0,False
2019/FY 2019/Argenton 132_11kV FY2019.csv,e81adc6baa06211ce2935f2420aaff1fa9e114ce6dca6c4aeb30f10ff66cb187,Argenton 132_11kV,argenton13211kv,2019,365,2018-05-01,2019-04-30,0,96,MW,0.9998858447488584,0,0,0,365,True
2019/FY 2019/Arncliffe 33_11kV FY2019.csv,e77cb3da842faf37a38a82e6b84760d59450f7235080c27331220e98c19e4215,Arncliffe 33_11kV,arncliffe3311kv,2019,365,2018-05-01,2019-04-30,0,96,MW,0.9996860730593607,0,0,16115,364,True
2019/FY 2019/Auburn 33_11kV FY2019.csv,1bc3da765b4c3ef81fde663761b96ef477cc885086319eab5b671d00b76759b6,Auburn 33_11kV,auburn3311kv,2019,365,2018-05-01,2019-04-30,0,96,MW,0.9994577625570776,0,0,0,363,True
2019/FY 2019/Avoca 66_11kV FY2019.csv,268c2d1cb6124927d73d58fdd3236c48db5137e4dd8f1bcc85ca8e1ff08a3127,Avoca 66_11kV,avoca6611kv,2019,365,2018-05-01,2019-04-30,0,96,MW,0.9998858447488584,0,0,0,365,True
2019/FY 2019/Avondale 33_11kV FY2019.csv,7ef74544a7e07967e4c66f936b3846bc07f798d7bdade66badab70aefd561dd7,Avondale 33_11kV,avondale3311kv,2019,365,2018-05-01,2019-04-30,0,96,MW,0.9670091324200913,0,0,0,353,True
2019/FY 2019/Baerami 33_11kV FY2019.csv,376958ca24f082b4d80d174922bb6fdf5edb70e1fc7e0629abb2ee8a55c369a2,Baerami 33_11kV,baerami3311kv,2019,365,2018-05-01,2019-04-30,0,96,MW,0.9994577625570776,0,0,0,363,True
2019/FY 2019/Balgowlah 33_11kV FY2019.csv,ab1f5f841ad95de2073438d16a1768aec1891dcc1ece6810f46b1d96193683f2,Balgowlah 33_11kV,balgowlah3311kv,2019,365,2018-05-01,2019-04-30,0,96,MW,0.0,0,0,0,0,False
2019/FY 2019/Balgowlah North 132_11kV FY2019.csv,ad1b971ce42af0929b4cb25ffba2f7c4a771ffc5fc8ae7e194a462d9806a1e6d,Balgowlah North 132_11kV,balgowlahnorth13211kv,2019,365,2018-05-01,2019-04-30,0,96,MW,0.9998858447488584,0,0,0,365,True
2019/FY 2019/Bankstown 132_11kV FY2019.csv,e4be50eae4c4c14befafbb78a45362d55fa7d2b2b40e66763661f6ff5460648f,Bankstown 132_11kV,bankstown13211kv,2019,365,2018-05-01,2019-04-30,0,96,MW,0.9998858447488584,0,0,0,365,True
2019/FY 2019/Bass Hill 33_11kV FY2019.csv,e985dc9be222edd6c5194781d9abd33723e7a1395b66b36c62bcee1627c5803e,Bass Hill 33_11kV,basshill3311kv,2019,365,2018-05-01,2019-04-30,0,96,MW,0.879337899543379,0,0,0,321,False
2019/FY 2019/Beacon Hill 33_11kV FY2019.csv,b4dbf2943441b6b99c02dabd04d9cbaee165587cd446daab6cab7da507c0522d,Beacon Hill 33_11kV,beaconhill3311kv,2019,365,2018-05-01,2019-04-30,0,96,MW,0.9996860730593607,0,0,0,364,True
2019/FY 2019/Belmore Park 132_11kV FY2019.csv,acaa4a400b9017e0e077e93576434cdb6e5dbd7a31feec3f87d79d69dd9d2788,Belmore Park 132_11kV,belmorepark13211kv,2019,365,2018-05-01,2019-04-30,0,96,MW,0.0,0,0,0,0,False
2019/FY 2019/Belrose 33_11kV FY2019.csv,f1cf8b35ee9b51b5d962faffdca6e7369209451517ec8d077060875c191c84d3,Belrose 33_11kV,belrose3311kv,2019,365,2018-05-01,2019-04-30,0,96,MW,0.9996860730593607,0,0,0,364,True
2019/FY 2019/Berkeley Vale 132_11kV FY2019.csv,caac3a12d37080fa4fe563f21b4e969f3a868e962069b717e63c94ec6a492b89,Berkeley Vale 132_11kV,berkeleyvale13211kv,2019,365,2018-05-01,2019-04-30,0,96,MW,0.9998858447488584,0,0,0,365,True
2019/FY 2019/Berowra 132_11kV FY2019.csv,394b1d761c5bcea1a818774e752ef413f5ac6e06bf1d129ce67c7b0821847e81,Berowra 132_11kV,berowra13211kv,2019,365,2018-05-01,2019-04-30,0,96,MW,0.9996860730593607,0,0,0,364,True
2019/FY 2019/Blackwattle Bay 33_5kV FY2019.csv,22ce93652eb6f78badcfba7cf9a56b63d1cd5a971461e69700dd8df78cbf2863,Blackwattle Bay 33_5kV,blackwattlebay335kv,2019,365,2018-05-01,2019-04-30,0,96,MW,0.9996860730593607,0,0,0,364,True
2019/FY 2019/Blakehurst 33_11kV FY2019.csv,b1751b90a7b652ffd097b46fa81f118cca2f23e16f79024a0eb157f35d82bbc0,Blakehurst 33_11kV,blakehurst3311kv,2019,365,2018-05-01,2019-04-30,0,96,MW,0.9996860730593607,0,0,0,364,True
2019/FY 2019/Boolaroo 33_11kV FY2019.csv,9361cf1202a1d99fae9ed4984f9efe0564d58eadff30e952a770d4c9ab6b2f67,Boolaroo 33_11kV,boolaroo3311kv,2019,365,2018-05-01,2019-04-30,0,96,MW,0.0,0,0,0,0,False
2019/FY 2019/Botany 33_11kV FY2019.csv,2da72679674e48359ad046a93a2f982246ddd2345375992c1a7c0f8246c9e9fb,Botany 33_11kV,botany3311kv,2019,365,2018-05-01,2019-04-30,0,96,MW,0.9176940639269406,0,0,0,335,False
2019/FY 2019/Brandy Hill 132_11kV FY2019.csv,141c3b4872d0d396f5bc2b6b4b2f25f7a7fd580bb4ab05b7c19bbbb74d112ba6,Brandy Hill 132_11kV,brandyhill13211kv,2019,365,2018-05-01,2019-04-30,0,96,MW,0.9998858447488584,0,0,0,365,True
2019/FY 2019/Branxton 66_11kV FY2019.csv,70869c01c1d22898c2224471625a9e2c870aa152b59bf28187885238bb8a5e56,Branxton 66_11kV,branxton6611kv,2019,365,2018-05-01,2019-04-30,0,96,MW,0.9998858447488584,0,0,0,365,True
2019/FY 2019/Broadmeadow 132_11kV FY2019.csv,7ea3e64f0c1fd2bb8211021963a597561cf934ea2ec50f7caadeb8e2bc9ca27e,Broadmeadow 132_11kV,broadmeadow13211kv,2019,365,2018-05-01,2019-04-30,0,96,MW,0.9998858447488584,0,0,0,365,True
2019/FY 2019/Broadmeadow 33_11kV FY2019.csv,8a2864bade84a5888256be3cb32ad8ad648e859ebcf9a12f9a000274c2b885d9,Broadmeadow 33_11kV,broadmeadow3311kv,2019,365,2018-05-01,2019-04-30,0,96,MW,0.13356164383561644,0,0,0,48,False
2019/FY 2019/Brookvale 33_11kV FY2019.csv,b8a4c981d6638f3dd8b6c97bcd52849efab983331d447ae7b21f9164b9bbcced,Brookvale 33_11kV,brookvale3311kv,2019,365,2018-05-01,2019-04-30,0,96,MW,0.9996860730593607,0,0,0,364,True
2019/FY 2019/Burwood 132_11kV FY2019.csv,56602ca949ccb2bbc3b19124b845e58f10d1af114022daedf45f815e8c86c671,Burwood 132_11kV,burwood13211kv,2019,365,2018-05-01,2019-04-30,0,96,MW,0.9996860730593607,0,0,0,364,True
2019/FY 2019/Campbell St 132_11kV FY2019.csv,6fc74a07b5f6a0d14eedc7ab37b6df45c3d64dc30864cf9b5fda0794296609f3,Campbell St 132_11kV,campbellst13211kv,2019,365,2018-05-01,2019-04-30,0,96,MW,0.9996004566210046,0,0,0,364,True
2019/FY 2019/Camperdown 33_11kV FY2019.csv,c604d2e60248942edee41c121db88f7d0c9c1574376f40664d4a850be7fe1110,Camperdown 33_11kV,camperdown3311kv,2019,365,2018-05-01,2019-04-30,0,96,MW,0.9982876712328768,0,0,0,363,True
2019/FY 2019/Camperdown 33_5kV FY2019.csv,0b6603d753b50477aa4a6eda1de2c4ece75a26a304e711d41d8649c800edb286,Camperdown 33_5kV,camperdown335kv,2019,365,2018-05-01,2019-04-30,0,96,MW,0.9996860730593607,0,0,0,364,True
2019/FY 2019/Campsie 33_11kV FY2019.csv,1a2a2991bcd1a6cad65c473b460c7282785e74024e29ebffa6d80d7b15011c6f,Campsie 33_11kV,campsie3311kv,2019,365,2018-05-01,2019-04-30,0,96,MW,0.9998858447488584,0,0,0,365,True
2019/FY 2019/Cardiff 33_11kV FY2019.csv,c9bda9b33b3e38fae175d1c8d5ee03e383a22a6097fc878b323809f37b3a1a1f,Cardiff 33_11kV,cardiff3311kv,2019,365,2018-05-01,2019-04-30,0,96,MW,0.9670091324200913,0,0,0,353,True
2019/FY 2019/Careel Bay 33_11kV FY2019.csv,07ddd5d94776b156224b81653588eb165ebf7fc371795a2ad1fab1f9405b68d4,Careel Bay 33_11kV,careelbay3311kv,2019,365,2018-05-01,2019-04-30,0,96,MW,0.9995148401826484,0,0,0,364,True
2019/FY 2019/Caringbah 33_11kV FY2019.csv,e25b2afd9296518bf88426a1e0444e92aba7570249ee2350275a84b167153714,Caringbah 33_11kV,caringbah3311kv,2019,365,2018-05-01,2019-04-30,0,96,MW,0.9996860730593607,0,0,0,364,True
2019/FY 2019/Carrington 33_11kV FY2019.csv,55ca1c5e715233b8289ecb1a4ce3a435bf8c32850ef734f5635880ec81b6928b,Carrington 33_11kV,carrington3311kv,2019,365,2018-05-01,2019-04-30,0,96,MW,0.3713470319634703,0,0,1,135,False
2019/FY 2019/Castle Cove 132_11kV FY2019.csv,e9ee3cc86f8b71d249e40b0ef6efd063f86d70790189257aaf0936bf6c2c3673,Castle Cove 132_11kV,castlecove13211kv,2019,365,2018-05-01,2019-04-30,0,96,MW,0.9996860730593607,0,0,0,364,True
2019/FY 2019/Cessnock 33_11kV FY2019.csv,f63e6065c1f3bf15354afd8aff13a0c69a775805e9b29381096c7378b62e9b0a,Cessnock 33_11kV,cessnock3311kv,2019,365,2018-05-01,2019-04-30,0,96,MW,0.0,0,0,0,0,False
2019/FY 2019/Cessnock South 33_11kV FY2019.csv,8314c456443ad820a8bfcf327267f3da71eab9e7138b95a4d1a7cd738e603368,Cessnock South 33_11kV,cessnocksouth3311kv,2019,365,2018-05-01,2019-04-30,0,96,MW,0.9998858447488584,0,0,0,365,True
2019/FY 2019/Charlestown 132_11kV FY2019.csv,8d717c34155bc71bc3147d99e0c2d32874440aa4096f25df584ee20d9c51ebca,Charlestown 132_11kV,charlestown13211kv,2019,365,2018-05-01,2019-04-30,0,96,MW,0.9998858447488584,0,0,0,365,True
2019/FY 2019/Charlestown 33_11kV FY2019.csv,34b2a518413b56a736e259597d314fcfe674678ae980229af5454056677148d4,Charlestown 33_11kV,charlestown3311kv,2019,365,2018-05-01,2019-04-30,0,96,MW,0.0,0,0,0,0,False
2019/FY 2019/Charmhaven 132_11kV FY2019.csv,d15b1dcc1ab8ea02aed3286994867d420b117ec08b896011d1088d82d2c0669e,Charmhaven 132_11kV,charmhaven13211kv,2019,365,2018-05-01,2019-04-30,0,96,MW,0.9996860730593607,0,0,0,364,True
2019/FY 2019/Chatswood 33_11kV FY2019.csv,af70a941a52e89f682a4fba5475b69598bcacf2fb0649d8fb67bbf870d8aadbd,Chatswood 33_11kV,chatswood3311kv,2019,365,2018-05-01,2019-04-30,0,96,MW,0.9996860730593607,0,0,0,364,True
2019/FY 2019/City Central 132_11kV FY2019.csv,70b4556110677179eb1f1b9220cd4bacb02bfdb747a6c6803a7abc20b397771d,City Central 132_11kV,citycentral13211kv,2019,365,2018-05-01,2019-04-30,0,96,MW,0.9996860730593607,0,0,0,364,True
2019/FY 2019/City East 132_11kV FY2019.csv,c9751399f58dd5fb21e0a36a2fbfc4a41ca026923e9e58f59446ae26516be26b,City East 132_11kV,cityeast13211kv,2019,365,2018-05-01,2019-04-30,0,96,MW,0.0,0,0,0,0,False
2019/FY 2019/City East 33_11kV FY2019.csv,ba554cf7f4bf613bed3e9494808dd1c2955e64e5070dd6f65fb5547cbb91652a,City East 33_11kV,cityeast3311kv,2019,365,2018-05-01,2019-04-30,0,96,MW,0.9996860730593607,0,0,0,364,True
2019/FY 2019/City North 132_11kV FY2019.csv,bf5f59e28ef553329a56e7dca403f2a220a0a4b93f5c9ebeec0550a825763403,City North 132_11kV,citynorth13211kv,2019,365,2018-05-01,2019-04-30,0,96,MW,0.9947773972602739,0,0,0,355,True
2019/FY 2019/City North 33_11kV FY2019.csv,3b5eaad5ebf5c3a2efeab99a29d15cd17f3d4b3c1e655ab85bda76acf5cc7afa,City North 33_11kV,citynorth3311kv,2019,365,2018-05-01,2019-04-30,0,96,MW,0.0,0,0,0,0,False
2019/FY 2019/City South 132_11kV FY2019.csv,fe291eb551823442198d93bb191ad68f209aaf9ebc245ba9cae222499f9a7f84,City South 132_11kV,citysouth13211kv,2019,365,2018-05-01,2019-04-30,0,96,MW,0.9996860730593607,0,0,0,364,True
2019/FY 2019/Clovelly 132_11kV FY2019.csv,1137e57f6980ba9b21b66e4b53fd82c25286cfd1b0f3701229aaaae710a311ff,Clovelly 132_11kV,clovelly13211kv,2019,365,2018-05-01,2019-04-30,0,96,MW,0.9996860730593607,0,0,0,364,True
2019/FY 2019/Concord 33_11kV FY2019.csv,f4e3cd03a8cf29e20cf07a41ac576ab0a7e87ffd0544ae94927238b394d5ded5,Concord 33_11kV,concord3311kv,2019,365,2018-05-01,2019-04-30,0,96,MW,0.9996860730593607,0,0,0,364,True
2019/FY 2019/Cronulla 132_11kV FY2019.csv,281f28c65ba10d4dd7be84fd5d87f253cbee0018d4c04aa334179e4b831f8e96,Cronulla 132_11kV,cronulla13211kv,2019,365,2018-05-01,2019-04-30,0,96,MW,0.9996860730593607,0,0,0,364,True
2019/FY 2019/Croudace Bay 33_11kV FY2019.csv,9cbd50c080f6d0c066361fe97ad17722a76fb0c8dc360eee5a22294494eff30c,Croudace Bay 33_11kV,croudacebay3311kv,2019,365,2018-05-01,2019-04-30,0,96,MW,0.9997431506849315,0,0,0,364,True
2019/FY 2019/Crows Nest 132_11kV FY2019.csv,8595147882a490fb3c75220d4cba4f8a0cceec6f2a56dff36134a55263ebd0b2,Crows Nest 132_11kV,crowsnest13211kv,2019,365,2018-05-01,2019-04-30,0,96,MW,0.9998858447488584,0,0,0,365,True
2019/FY 2019/Crows Nest 33_11kV FY2019.csv,b6cb3c7dee98cd7466c983ac496b90cca3a30c71b4d62307dbb8bb01081331a2,Crows Nest 33_11kV,crowsnest3311kv,2019,365,2018-05-01,2019-04-30,0,96,MW,0.0,0,0,0,0,False
2019/FY 2019/Croydon 132_11kV FY2019.csv,92a141ceab206372673d952fb175ac675cb25a36d6d46cf3fa181f293ad55b3a,Croydon 132_11kV,croydon13211kv,2019,365,2018-05-01,2019-04-30,0,96,MW,0.9998858447488584,0,0,0,365,True
2019/FY 2019/Dalley St 132_11kV FY2019.csv,56498d27e35be94bcc9667079d46d13d4a89e749c0df0455ef49696a18657166,Dalley St 132_11kV,dalleyst13211kv,2019,365,2018-05-01,2019-04-30,0,96,MW,0.9996860730593607,0,0,0,364,True
2019/FY 2019/Darling Harbour 132_11kV FY2019.csv,93b6c74293b3caddbe99c446b88d018e9c1fa6a723b47c9a384a0a60583eff58,Darling Harbour 132_11kV,darlingharbour13211kv,2019,365,2018-05-01,2019-04-30,0,96,MW,0.9996860730593607,0,0,0,364,True
2019/FY 2019/Darlinghurst 33_11kV FY2019.csv,9089ee36b5620f1562944798bf3c9a020eae9e69b81846ca9c95d1e323d2cba5,Darlinghurst 33_11kV,darlinghurst3311kv,2019,365,2018-05-01,2019-04-30,0,96,MW,0.9996860730593607,0,0,0,364,True
2019/FY 2019/Dee Why West 33_11kV FY2019.csv,030bb3254ace198ba88c228968fac3661a5a6cb5f19237555bb2da993b824c0e,Dee Why West 33_11kV,deewhywest3311kv,2019,365,2018-05-01,2019-04-30,0,96,MW,0.9996860730593607,0,0,0,364,True
2019/FY 2019/Denman 66_11kV FY2019.csv,f465adfd2e4b31f928badd57ac9486f9c3dc3eecc2430bb4f251acd65c5486f2,Denman 66_11kV,denman6611kv,2019,365,2018-05-01,2019-04-30,0,96,MW,0.9670091324200913,0,0,0,353,True
2019/FY 2019/Double Bay 132_11kV FY2019.csv,d1ad49e8313264450be21693eb8818c5d6fb7c870873ca79f2ca89e4521c7f9f,Double Bay 132_11kV,doublebay13211kv,2019,365,2018-05-01,2019-04-30,0,96,MW,0.9996860730593607,0,0,0,364,True
2019/FY 2019/Drummoyne 132_11kV FY2019.csv,8740fc4c0f255f788b00d8b2bf2b443d63427d004551d2cc91ae1cef0e1d345c,Drummoyne 132_11kV,drummoyne13211kv,2019,365,2018-05-01,2019-04-30,0,96,MW,0.9996860730593607,0,0,0,364,True
2019/FY 2019/Dudley 33_11kV FY2019.csv,880e532219198fd93da521188a209e47a7b480f93275e3e7584d3451c3a7a957,Dudley 33_11kV,dudley3311kv,2019,365,2018-05-01,2019-04-30,0,96,MW,0.0,0,0,0,0,False
2019/FY 2019/Dulwich Hill 33_11kV FY2019.csv,f8a9a1168273bf0aba96c1321700b17007ba4cb31e7a91fb0e4a26dd0d76906b,Dulwich Hill 33_11kV,dulwichhill3311kv,2019,365,2018-05-01,2019-04-30,0,96,MW,0.9996860730593607,0,0,0,364,True
2019/FY 2019/East Maitland 33_11kV FY2019.csv,bdf360103b6db324c68303b13c83dfaed687b6c539dd784df38dd55b7de52448,East Maitland 33_11kV,eastmaitland3311kv,2019,365,2018-05-01,2019-04-30,0,96,MW,0.0,0,0,0,0,False
2019/FY 2019/Edgeworth 33_11kV FY2019.csv,b077241a0ce109ceb62731159eb29622fd1d9199a219222acb844769fca3c55f,Edgeworth 33_11kV,edgeworth3311kv,2019,365,2018-05-01,2019-04-30,0,96,MW,0.9997431506849315,0,0,0,364,True
2019/FY 2019/Empire Bay 66_11kV FY2019.csv,7da1959511b92899824b5ffa00eb8db228e6f87f3180e5a804bb63231ae3df53,Empire Bay 66_11kV,empirebay6611kv,2019,365,2018-05-01,2019-04-30,0,96,MW,0.9988869863013699,0,0,0,362,True
2019/FY 2019/Enfield 33_11kV FY2019.csv,71dc8df95104e6f6c6b357e42e043f79035925918c64a2a66dc903ae4ed9fe9a,Enfield 33_11kV,enfield3311kv,2019,365,2018-05-01,2019-04-30,0,96,MW,0.9996860730593607,0,0,0,364,True
2019/FY 2019/Engadine 132_11kV FY2019.csv,4b9be7ebb80ee07293faad33bdf6941b1a93f0b5e492af4e2a931223b787aa0f,Engadine 132_11kV,engadine13211kv,2019,365,2018-05-01,2019-04-30,0,96,MW,0.9998858447488584,0,0,0,365,True
2019/FY 2019/Engadine 33_11kV FY2019.csv,33f1bff4a6dc5aaf8a90dae2fed2eab0ce604b4a7f16d5bafc8fbc4ade8b7eae,Engadine 33_11kV,engadine3311kv,2019,365,2018-05-01,2019-04-30,0,96,MW,0.07397260273972603,0,0,0,27,False
2019/FY 2019/Epping 66_11kV FY2019.csv,63f47398dc403f9fd25215adc00762446a7461ef236dfea5fe10afee6891b76e,Epping 66_11kV,epping6611kv,2019,365,2018-05-01,2019-04-30,0,96,MW,0.9998858447488584,0,0,0,365,True
2019/FY 2019/Erina 66_11kV FY2019.csv,a90b1b231375daaef9a8efc257f712d0d69e9dd41e69a53a0eaaf054d0136cfc,Erina 66_11kV,erina6611kv,2019,365,2018-05-01,2019-04-30,0,96,MW,0.9996860730593607,0,0,0,364,True
2019/FY 2019/Five Dock 33_11kV FY2019.csv,e90a9f37e8d7bf980caa4fefc25bb324431062d2d9c9f89bb8fa553e4a5170a3,Five Dock 33_11kV,fivedock3311kv,2019,365,2018-05-01,2019-04-30,0,96,MW,0.9996860730593607,0,0,15786,364,True
2019/FY 2019/Flemington 132_11kV FY2019.csv,17705699f45c0818879f6e20a48ea9824b794e9a6143ab2d13a12cf16fff0bed,Flemington 132_11kV,flemington13211kv,2019,365,2018-05-01,2019-04-30,0,96,MW,0.9996860730593607,0,0,0,364,True
2019/FY 2019/Galston 132_11kV FY2019.csv,f097c41c2b97831c9d34d04fccae1b608d28775088f158191889f7fc1311fcb5,Galston 132_11kV,galston13211kv,2019,365,2018-05-01,2019-04-30,0,96,MW,0.9960045662100456,0,0,0,362,True
2019/FY 2019/Gateshead 33_11kV FY2019.csv,0893e0e82ee13748fed013f42d471d5ccc87abec7616059f354e0bc5c9fb1d5f,Gateshead 33_11kV,gateshead3311kv,2019,365,2018-05-01,2019-04-30,0,96,MW,0.9926655251141553,0,0,0,361,True
2019/FY 2019/Gore Hill 33_11kV FY2019.csv,078d4e36257af21aea24caf5658aa12bdaaa1f8024c659b715be9938a92f3473,Gore Hill 33_11kV,gorehill3311kv,2019,365,2018-05-01,2019-04-30,0,96,MW,0.9998858447488584,0,0,0,365,True
2019/FY 2019/Green Square 132_11kV FY2019.csv,755fedf468543a8b5c6cb833aac86a963b83840a2eb187daa41ea725f24d172b,Green Square 132_11kV,greensquare13211kv,2019,365,2018-05-01,2019-04-30,0,96,MW,0.9996860730593607,0,0,0,364,True
2019/FY 2019/Greenacre 132_11kV FY2019.csv,1e189624ba2366087dc6643cb9bcfd731640ae44b90b5e9edce6808c6a022807,Greenacre 132_11kV,greenacre13211kv,2019,365,2018-05-01,2019-04-30,0,96,MW,0.0,0,0,0,0,False
2019/FY 2019/Greenacre Park 132_11kV FY2019.csv,9b11f8ccd4473fec29d589774fe723c3c1089ff9f158de406de680cb387a29ce,Greenacre Park 132_11kV,greenacrepark13211kv,2019,365,2018-05-01,2019-04-30,0,96,MW,0.9996860730593607,0,0,0,364,True
2019/FY 2019/Gwawley Bay 132_11kV FY2019.csv,0f2bd8a958fb84c05b8a17a47d47c7f3ebbd694a5e771ec82703ef3006723611,Gwawley Bay 132_11kV,gwawleybay13211kv,2019,365,2018-05-01,2019-04-30,0,96,MW,0.9914383561643836,0,0,0,360,True
2019/FY 2019/Gwawley Bay 33_11kV FY2019.csv,25a5ac84cfb52713dee72576b2dee90aa3394fbe21d2362c159b6ec0ea6e4010,Gwawley Bay 33_11kV,gwawleybay3311kv,2019,365,2018-05-01,2019-04-30,0,96,MW,0.9996860730593607,0,0,0,364,True
2019/FY 2019/Harbord 33_11kV FY2019.csv,b955c6c32c9c30f5ca58df71714ce8e4f2768e6744d3369b595dc63d88a8826d,Harbord 33_11kV,harbord3311kv,2019,365,2018-05-01,2019-04-30,0,96,MW,0.9994006849315068,0,0,0,363,True
2019/FY 2019/Homebush Bay 132_11kV FY2019.csv,57f6a40b4d1c3a3288bcc0900e4ec1272921981e9cdfad5e46d560ec2f6a839c,Homebush Bay 132_11kV,homebushbay13211kv,2019,365,2018-05-01,2019-04-30,0,96,MW,0.9996860730593607,0,0,0,364,True
2019/FY 2019/Hornsby 132_11kV FY2019.csv,09f5cb7780af74d18e4129499a720d608df9ab0ecaae2f62d47104333b94e5f2,Hornsby 132_11kV,hornsby13211kv,2019,365,2018-05-01,2019-04-30,0,96,MW,0.9996860730593607,0,0,0,364,True
2019/FY 2019/Hunters Hill 66_11kV FY2019.csv,f5143435ef160053565b74371f7ba41be7f4ffb17d0cdfe475e71b6f51ceb1e3,Hunters Hill 66_11kV,huntershill6611kv,2019,365,2018-05-01,2019-04-30,0,96,MW,0.9996289954337899,0,0,0,364,True
2019/FY 2019/Hurstville North 132_11kV FY2019.csv,796c61fc2d8ff3dfdecd95ce64c5b1ec1d67bf65452234cf87bce91835ef9054,Hurstville North 132_11kV,hurstvillenorth13211kv,2019,365,2018-05-01,2019-04-30,0,96,MW,0.9982020547945205,0,0,0,362,True
2019/FY 2019/Hurstville North 33_11kV FY2019.csv,a0d8536bebbde751e883d5faa21d0684522d61de5ba50bfb35933dd3a61d813d,Hurstville North 33_11kV,hurstvillenorth3311kv,2019,365,2018-05-01,2019-04-30,0,96,MW,0.0,0,0,0,0,False
2019/FY 2019/Jannali 33_11kV FY2019.csv,85720d2b0b748c5d45774cb91c8de46df5fb3c7f32424fd8a988c7c5a4d9f333,Jannali 33_11kV,jannali3311kv,2019,365,2018-05-01,2019-04-30,0,96,MW,0.9998858447488584,0,0,0,365,True
2019/FY 2019/Jesmond 132_11kV FY2019.csv,0c192025fe00ad1bb194c1f6fa86a51c8676424f01982cd4d52042a1faf8444e,Jesmond 132_11kV,jesmond13211kv,2019,365,2018-05-01,2019-04-30,0,96,MW,0.9998858447488584,0,0,0,365,True
2019/FY 2019/Jewells 33_11kV FY2019.csv,67cb03ee61ddb7222de11dd09ee2217f09a87f885842f1eb751f5bf4bf67d81d,Jewells 33_11kV,jewells3311kv,2019,365,2018-05-01,2019-04-30,0,96,MW,0.9670091324200913,0,0,0,353,True
2019/FY 2019/Killarney 33_11kV FY2019.csv,1a2b9a1526fafa609882ee4f196b3b8b62c0843788b56a56b9831990a6461cea,Killarney 33_11kV,killarney3311kv,2019,365,2018-05-01,2019-04-30,0,96,MW,0.9996860730593607,0,0,0,364,True
2019/FY 2019/Kingsford 132_11kV FY2019.csv,1fb998d3a48d81e38452dae18cc043ab1d6272d5777ede368c6362cc3c393ab9,Kingsford 132_11kV,kingsford13211kv,2019,365,2018-05-01,2019-04-30,0,96,MW,0.997574200913242,0,0,0,362,True
2019/FY 2019/Kirrawee 132_11kV FY2019.csv,70d0a39269a81f7cc6ba758edf38fe9675f927c7630284e96c50c82999520f02,Kirrawee 132_11kV,kirrawee13211kv,2019,365,2018-05-01,2019-04-30,0,96,MW,0.9996860730593607,0,0,0,364,True
2019/FY 2019/Kogarah 132_11kV FY2019.csv,4559dc4699a35a3a256b071f01a64f4eddd014fbd59c607a9c653d673e47003f,Kogarah 132_11kV,kogarah13211kv,2019,365,2018-05-01,2019-04-30,0,96,MW,0.9995719178082192,0,0,0,364,True
2019/FY 2019/Kotara 33_11kV FY2019.csv,01c770f593ee538aecd6bb5f0121774751dbd4b30e2c35e922d306c0ea60614f,Kotara 33_11kV,kotara3311kv,2019,365,2018-05-01,2019-04-30,0,96,MW,0.9609303652968036,0,0,0,350,True
2019/FY 2019/Kurnell 33_11kV FY2019.csv,2bd822e2980acb8e701af9ffec4efc54a0ac54849be0a68a84fe3b4309a01a1e,Kurnell 33_11kV,kurnell3311kv,2019,365,2018-05-01,2019-04-30,0,96,MW,0.0,0,0,0,0,False
2019/FY 2019/Kurnell 33_6.3kV FY2019.csv,5d873953c93e42deb4d05b551a9b34e0184fa3621bae134c5648b870bda73023,Kurnell 33_6.3kV,kurnell3363kv,2019,365,2018-05-01,2019-04-30,0,96,MW,0.0,0,0,0,0,False
2019/FY 2019/Kurnell South 132_11kV FY2019.csv,ade4232180ba6926f41d2c6126da09a3e85cb01df8f14b8c2161b7d5456e591e,Kurnell South 132_11kV,kurnellsouth13211kv,2019,365,2018-05-01,2019-04-30,0,96,MW,0.9998858447488584,0,0,0,365,True
2019/FY 2019/Kurri 132_11kV FY2019.csv,a8008b8385f6637b06c8a60662c50756c3fe5a579c7617a0a128d65e5362edac,Kurri 132_11kV,kurri13211kv,2019,365,2018-05-01,2019-04-30,0,96,MW,0.9998858447488584,0,0,0,365,True
2019/FY 2019/Kurri 33_11kV FY2019.csv,9adf66c9af21cac8dec7adbbeac3b48d77ead7cbed4fa1b5b0094bfabc907c7c,Kurri 33_11kV,kurri3311kv,2019,365,2018-05-01,2019-04-30,0,96,MW,0.0,0,0,0,0,False
2019/FY 2019/Lake Munmorah 132_11kV FY2019.csv,8a723addb1193c09bb14d3fc93106bd428005c1aeac64d7978a539c0831cca54,Lake Munmorah 132_11kV,lakemunmorah13211kv,2019,365,2018-05-01,2019-04-30,0,96,MW,0.9983732876712329,0,0,0,363,True
2019/FY 2019/Lake Munmorah 33_11kV FY2019.csv,05d2cb2f09771cc71e0a8269e79ca3ab5e902edb0bb7f2d5492ff0d0c51cab66,Lake Munmorah 33_11kV,lakemunmorah3311kv,2019,365,2018-05-01,2019-04-30,0,96,MW,0.0,0,0,0,0,False
2019/FY 2019/Leichhardt 132_11kV FY2019.csv,db56932a692ee6618945ac1bdcc8305ee0ca54f9b36e47f200a9a09b2763d44c,Leichhardt 132_11kV,leichhardt13211kv,2019,365,2018-05-01,2019-04-30,0,96,MW,0.9998858447488584,0,0,0,365,True
2019/FY 2019/Leichhardt 33_11kV FY2019.csv,6b3c2b72d56252207efd26ad9fa29aaf86a060099135319fa685f75409dbdd85,Leichhardt 33_11kV,leichhardt3311kv,2019,365,2018-05-01,2019-04-30,0,96,MW,0.31646689497716896,0,0,0,113,False
2019/FY 2019/Leightonfield 33_11kV FY2019.csv,3088493cf7eda928e47680eaca845c271c3478e89630ed9e80f63c70d4ab90f3,Leightonfield 33_11kV,leightonfield3311kv,2019,365,2018-05-01,2019-04-30,0,96,MW,0.9995148401826484,0,0,0,363,True
2019/FY 2019/Lemington 66_11kV FY2019.csv,0a9d0c68485d2b0dcc426e03f1cadcbda685d8fdc85158273fb5619d2ec85620,Lemington 66_11kV,lemington6611kv,2019,365,2018-05-01,2019-04-30,0,96,MW,0.1163527397260274,0,0,0,42,False
2019/FY 2019/Lidcombe 33_11kV FY2019.csv,3fa87c79057aee26c52605e5e9447f4bf19c1dc3d55dc4f12c48aa6ff27e8a54,Lidcombe 33_11kV,lidcombe3311kv,2019,365,2018-05-01,2019-04-30,0,96,MW,0.9996860730593607,0,0,0,364,True
2019/FY 2019/Lindfield 33_11kV FY2019.csv,034361486c97bf700eb51fdbc27d680c5d39c152863bf8c247a3d5a1c5214737,Lindfield 33_11kV,lindfield3311kv,2019,365,2018-05-01,2019-04-30,0,96,MW,0.9998858447488584,0,0,0,365,True
2019/FY 2019/Lisarow 33_11kV FY2019.csv,9d716f44141a4d03feece706adf36383d6ee06112f8f529ad57d889f571cbab5,Lisarow 33_11kV,lisarow3311kv,2019,365,2018-05-01,2019-04-30,0,96,MW,0.9996860730593607,0,0,0,364,True
2019/FY 2019/Long Jetty 33_11kV FY2019.csv,49fc4a1e6b4d8358605b7074f676b228ff21b0c7d280e591dd8979fe5cfddce0,Long Jetty 33_11kV,longjetty3311kv,2019,365,2018-05-01,2019-04-30,0,96,MW,0.0,0,0,0,0,False
2019/FY 2019/Long Jetty 66_11kV FY2019.csv,c3b32455f42bf4d77676bb74fc6c087edd4a79020dc7792a26de0870ea897e74,Long Jetty 66_11kV,longjetty6611kv,2019,365,2018-05-01,2019-04-30,0,96,MW,0.9998858447488584,0,0,0,365,True
2019/FY 2019/Lucas Heights 33_11kV FY2019.csv,c8e55b2a5c58c77f2e77b97b1d0c683fbbeeced48bb89d55b980bbba0ef204d9,Lucas Heights 33_11kV,lucasheights3311kv,2019,365,2018-05-01,2019-04-30,0,96,MW,0.9994006849315068,0,0,0,363,True
2019/FY 2019/Macquarie Park 132_11kV FY2019.csv,699b8c805ce27c306abbfa7d057ce701b7eb64116ca201fa0b5c628afb90611b,Macquarie Park 132_11kV,macquariepark13211kv,2019,365,2018-05-01,2019-04-30,0,96,MW,0.8818778538812785,0,0,0,321,False
2019/FY 2019/Maitland 33_11kV FY2019.csv,31d3e2537678895e8d9008eca94cf916fe1c84ac75229b78a3b7c2fba9dc0e08,Maitland 33_11kV,maitland3311kv,2019,365,2018-05-01,2019-04-30,0,96,MW,0.9998858447488584,0,0,0,365,True
2019/FY 2019/Maitland Central 33_11kV FY2019.csv,be8daa61529b47284da3baf5c8a024542c097c8545c800ed8f81a9ff0607074f,Maitland Central 33_11kV,maitlandcentral3311kv,2019,365,2018-05-01,2019-04-30,0,96,MW,0.0,0,0,0,0,False
2019/FY 2019/Manly 33_11kV FY2019.csv,fb8edff8553f88455969ac50056c13d20033d8eb953a9890dd2ad06b00896a4a,Manly 33_11kV,manly3311kv,2019,365,2018-05-01,2019-04-30,0,96,MW,0.9995719178082192,0,0,0,364,True
2019/FY 2019/Maroubra 132_11kV FY2019.csv,8b1bd491a823f06ff3a97572e4af8678e6365b1f7b271aeac292d336c9d7129d,Maroubra 132_11kV,maroubra13211kv,2019,365,2018-05-01,2019-04-30,0,96,MW,0.9996860730593607,0,0,0,364,True
2019/FY 2019/Marrickville 132_11kV FY2019.csv,4e4f1d6b0cbc7652ed7f62877e63398e419e07eea1bd8affdf89c0a3c44912c3,Marrickville 132_11kV,marrickville13211kv,2019,365,2018-05-01,2019-04-30,0,96,MW,0.9996860730593607,0,0,0,364,True
2019/FY 2019/Maryland 132_11kV FY2019.csv,2b8a2b6c888741cca266b8bade77a278e2804eac56d61322e3706b58559a2ebf,Maryland 132_11kV,maryland13211kv,2019,365,2018-05-01,2019-04-30,0,96,MW,0.9998858447488584,0,0,0,365,True
2019/FY 2019/Mascot 33_11kV FY2019.csv,fbde08e172bbebc89df444d3e4932f5efb9d6c399076ac4323a532ce7f534989,Mascot 33_11kV,mascot3311kv,2019,365,2018-05-01,2019-04-30,0,96,MW,0.9996860730593607,0,0,0,364,True
2019/FY 2019/Matraville 33_11kV FY2019.csv,0fd9ad1b53ba8ffeeeef3966158837e6c169bd9c93f372cf63f7ad474975b3c8,Matraville 33_11kV,matraville3311kv,2019,365,2018-05-01,2019-04-30,0,96,MW,0.8901255707762558,0,0,0,324,False
2019/FY 2019/Mayfield 33_11kV FY2019.csv,699bff29b04615d889a63dfe37843f7fb210f72d06eb6d10dbd1d344f27a6555,Mayfield 33_11kV,mayfield3311kv,2019,365,2018-05-01,2019-04-30,0,96,MW,0.0,0,0,0,0,False
2019/FY 2019/Mayfield West 132_11kV FY2019.csv,bfcf4d7ad3e5f5366b5dec030cd34225c7bd4782f8adbb62cba7517b425486d2,Mayfield West 132_11kV,mayfieldwest13211kv,2019,365,2018-05-01,2019-04-30,0,96,MW,0.9998858447488584,0,0,0,365,True
2019/FY 2019/Meadowbank 132_11kV FY2019.csv,9052c9fe67fe56de0b787fff82600c4b0ffa0f9a08f9639c04b8b8dec6e14bc7,Meadowbank 132_11kV,meadowbank13211kv,2019,365,2018-05-01,2019-04-30,0,96,MW,0.9996860730593607,0,0,0,364,True
2019/FY 2019/Medowie 33_11kV FY2019.csv,8b97874af38fa04292cf016bfffb36d25882dcb8339bdbaa6e85f3414a7079b1,Medowie 33_11kV,medowie3311kv,2019,365,2018-05-01,2019-04-30,0,96,MW,0.9998858447488584,0,0,0,365,True
2019/FY 2019/Menai 132_11kV FY2019.csv,72e8454271103d4cd3b7a39c86bf420a8171d6132f0e0db7e6e944edf971dccc,Menai 132_11kV,menai13211kv,2019,365,2018-05-01,2019-04-30,0,96,MW,0.9996860730593607,0,0,0,364,True
2019/FY 2019/Merriwa 33_11kV FY2019.csv,79ae5a6e0781be22514e6bd71c77abbe3ddd387f5c655e541568eaa4264ea61c,Merriwa 33_11kV,merriwa3311kv,2019,365,2018-05-01,2019-04-30,0,96,MW,0.9651255707762557,0,0,0,350,True
2019/FY 2019/Metford 33_11kV FY2019.csv,7abac2f4389aeb224b16e616a3888c14b2a6a747d9a76387c69d49c637157be5,Metford 33_11kV,metford3311kv,2019,365,2018-05-01,2019-04-30,0,96,MW,0.9998858447488584,0,0,0,365,True
2019/FY 2019/Milperra 132_11kV FY2019.csv,79c3322fd87b7e333f8a44564e0842a236c917d1cb14680ff8c3165c24598658,Milperra 132_11kV,milperra13211kv,2019,365,2018-05-01,2019-04-30,0,96,MW,0.9996860730593607,0,0,0,364,True
2019/FY 2019/Miranda 33_11kV FY2019.csv,a1a138997c43bf18e6362de9d12e8ac7c355e2a0e8028744aa035997f06e425d,Miranda 33_11kV,miranda3311kv,2019,365,2018-05-01,2019-04-30,0,96,MW,0.9998858447488584,0,0,0,365,True
2019/FY 2019/Mitchell Line 66_11kV FY2019.csv,2043a599795250237bc20a20bf5148b7616d8d0845e3ad56218dd789168db5e6,Mitchell Line 66_11kV,mitchellline6611kv,2019,365,2018-05-01,2019-04-30,0,96,MW,0.9670091324200913,0,0,0,353,True
2019/FY 2019/Mitchells Flat 66_11kV FY2019.csv,c4f64d5e5703eb438d8446d17dfc9b237c64873754176c84f2045f476fb687c5,Mitchells Flat 66_11kV,mitchellsflat6611kv,2019,365,2018-05-01,2019-04-30,0,96,MW,0.8933219178082191,0,0,0,315,False
2019/FY 2019/Mona Vale 33_11kV FY2019.csv,a3206a87a157d2dde4eb5ae7b70280bf78081e491c2ed140446c58f0d3af8f87,Mona Vale 33_11kV,monavale3311kv,2019,365,2018-05-01,2019-04-30,0,96,MW,0.8322488584474886,0,0,0,302,False
2019/FY 2019/Moonan 33_11kV FY2019.csv,38358088ed11c70157d2f437135fc1012a9d04ebed70b0b3624215ddb25a70e9,Moonan 33_11kV,moonan3311kv,2019,365,2018-05-01,2019-04-30,0,96,MW,0.0,0,0,0,0,False
2019/FY 2019/Morisset 132_11kV FY2019.csv,fd6e39147dd7f91d6503077482c9aa4e7cf60a69b31b6bcd2266923c29bf15eb,Morisset 132_11kV,morisset13211kv,2019,365,2018-05-01,2019-04-30,0,96,MW,0.9998858447488584,0,0,0,365,True
2019/FY 2019/Morisset 33_11kV Temp FY2019.csv,5bc4a8f093d03317eaedd24efb06ebe1c3510dbf5af53a8cad9143465c6dbf17,Morisset 33_11kV Temp,morisset3311kvtemp,2019,365,2018-05-01,2019-04-30,0,96,MW,0.0,0,0,0,0,False
2019/FY 2019/Mortdale 33_11kV FY2019.csv,2b6928d51d54b125064b3dd1619e6a48cf145168057e71ea1e39976a01cc090a,Mortdale 33_11kV,mortdale3311kv,2019,365,2018-05-01,2019-04-30,0,96,MW,0.9996860730593607,0,0,0,364,True
2019/FY 2019/Mosman 132_11kV FY2019.csv,8f8b37c553b0403052e72b3ab50b1aa029acffb53b92bd7db52e5984910d2187,Mosman 132_11kV,mosman13211kv,2019,365,2018-05-01,2019-04-30,0,96,MW,0.9996860730593607,0,0,0,364,True
2019/FY 2019/Mt Hutton 33_11kV FY2019.csv,de67fead023ece655a3cabc8e307e3d3ae966d0524b95e6011dd766e25c219d1,Mt Hutton 33_11kV,mthutton3311kv,2019,365,2018-05-01,2019-04-30,0,96,MW,0.9990011415525114,0,0,0,362,True
2019/FY 2019/Mt Thorley 66_11kV FY2019.csv,a166e3b9bf999d8f1bfd452b59c9be4f731a13d340ecaece876496c030ec0f48,Mt Thorley 66_11kV,mtthorley6611kv,2019,365,2018-05-01,2019-04-30,0,96,MW,0.9670091324200913,0,0,0,353,True
2019/FY 2019/Muswellbrook 33_11kV FY2019.csv,b86ffcbed9e4c953ddf5df5a11c609b670e7db78faf00244dd5478ae8d8fc08f,Muswellbrook 33_11kV,muswellbrook3311kv,2019,365,2018-05-01,2019-04-30,0,96,MW,0.9997146118721462,0,0,0,364,True
2019/FY 2019/Narrabeen 33_11kV FY2019.csv,67a1c55ebccfcc1e808bce3927a241a7d7fa685bc7f0e8b8cd1a6421b5eaf70a,Narrabeen 33_11kV,narrabeen3311kv,2019,365,2018-05-01,2019-04-30,0,96,MW,0.9995148401826484,0,0,0,363,True
2019/FY 2019/Nelson Bay 33_11kV FY2019.csv,1a5a10b6dcdfd808da6cb90bb7c61112277d0c189b74cf0064631180ccf71be0,Nelson Bay 33_11kV,nelsonbay3311kv,2019,365,2018-05-01,2019-04-30,0,96,MW,0.9670091324200913,0,0,0,353,True
2019/FY 2019/New Lambton 33_11kV FY2019.csv,a940f5d688d8ad26c203e40f1cb6c50591afe0635470652c8a0eb1027f281777,New Lambton 33_11kV,newlambton3311kv,2019,365,2018-05-01,2019-04-30,0,96,MW,0.9998858447488584,0,0,0,365,True
2019/FY 2019/Newcastle CBD 33_11kV FY2019.csv,71a6c5c75091c2db1fe83fde37b67e54f89babd1b2e0605114a42c96ba430aca,Newcastle CBD 33_11kV,newcastlecbd3311kv,2019,365,2018-05-01,2019-04-30,0,96,MW,0.9998858447488584,0,0,0,365,True
2019/FY 2019/Newdell 66_11kV FY2019.csv,124177c802a2ee039ef1f827de5294df77bb9cfd91404ba0bcd165aec42d2d88,Newdell 66_11kV,newdell6611kv,2019,365,2018-05-01,2019-04-30,0,96,MW,0.9998858447488584,0,0,0,365,True
2019/FY 2019/Newport 33_11kV FY2019.csv,0821251e1bb2fa47cfb93d2d7e3543455362cf7767817f156c5beb640bb33a39,Newport 33_11kV,newport3311kv,2019,365,2018-05-01,2019-04-30,0,96,MW,0.9996860730593607,0,0,0,364,True
2019/FY 2019/Noraville 33_11kV FY2019.csv,ecf4e3e09dff3aa847a80c9d87d926e00c9effde607d4d8433f047f8f8b5e14e,Noraville 33_11kV,noraville3311kv,2019,365,2018-05-01,2019-04-30,0,96,MW,0.9993721461187215,0,0,0,363,True
2019/FY 2019/North Head 33_11kV FY2019.csv,246e84cf9b8a1f8e1adfb210105e82941e4b821758c6a81db780cfb6be3eec48,North Head 33_11kV,northhead3311kv,2019,365,2018-05-01,2019-04-30,0,96,MW,0.9996575342465753,0,0,0,364,True
2019/FY 2019/North Ryde 66_11kV FY2019.csv,e90eff0dce3c9720310cf48f7115a29d80459713684f5bef0df4dd67fff2f93f,North Ryde 66_11kV,northryde6611kv,2019,365,2018-05-01,2019-04-30,0,96,MW,0.0,0,0,0,0,False
2019/FY 2019/North Sydney 132_11kV FY2019.csv,d48ac9861f57596c2e0923620d5ba4d81307bc156c64b038329ff7d65b6981ac,North Sydney 132_11kV,northsydney13211kv,2019,365,2018-05-01,2019-04-30,0,96,MW,0.9998858447488584,0,0,0,365,True
2019/FY 2019/North Sydney 33_11kV FY2019.csv,3e99340242bbe370f613df42150a8b1f40787ba2396e5eb596560699c55b8d05,North Sydney 33_11kV,northsydney3311kv,2019,365,2018-05-01,2019-04-30,0,96,MW,0.0,0,0,0,0,False
2019/FY 2019/Nulkaba 33_11kV FY2019.csv,e520ae9b58d5f5e76f486121b08df3491813ab7cb609d55102ee55e2d0a25da4,Nulkaba 33_11kV,nulkaba3311kv,2019,365,2018-05-01,2019-04-30,0,96,MW,0.9998858447488584,0,0,0,365,True
2019/FY 2019/Olympic Park 132_11kV FY2019.csv,99f95123b959cbc241ecf56d9d7e9916b8cadd8c781297f64e8597fb284e2709,Olympic Park 132_11kV,olympicpark13211kv,2019,365,2018-05-01,2019-04-30,0,96,MW,0.254851598173516,0,0,0,84,False
2019/FY 2019/Paddington 33_11kV FY2019.csv,9ae803c406873fa3af5b5134d49ebe63fab294f05e841c4c3a6bd4cfd20bc7f1,Paddington 33_11kV,paddington3311kv,2019,365,2018-05-01,2019-04-30,0,96,MW,0.9996860730593607,0,0,0,364,True
2019/FY 2019/Padstow 33_11kV FY2019.csv,28b3e6d94f162575aa20c377d735ac448e1e1c780633ac13fec3527b2fb6a298,Padstow 33_11kV,padstow3311kv,2019,365,2018-05-01,2019-04-30,0,96,MW,0.0,0,0,0,0,False
2019/FY 2019/Paxton 33_11kV FY2019.csv,6c447dc0d66c1dca3cbd803fbe2b85d8028c53b71614439a0f8f07ef9862ef78,Paxton 33_11kV,paxton3311kv,2019,365,2018-05-01,2019-04-30,0,96,MW,0.9997431506849315,0,0,0,364,True
2019/FY 2019/Peats Ridge 33_11kV FY2019.csv,4cd6e35cd0ef3813962d0ac8b3678ee85d351ba6cf463acdde971e8615e9a9ec,Peats Ridge 33_11kV,peatsridge3311kv,2019,365,2018-05-01,2019-04-30,0,96,MW,0.9995719178082192,0,0,0,364,True
2019/FY 2019/Pelican 33_11kV FY2019.csv,b2cb92581820306259536b66b0b24266c3f4662cd7db73449dfe652ab496c5f6,Pelican 33_11kV,pelican3311kv,2019,365,2018-05-01,2019-04-30,0,96,MW,0.9670091324200913,0,0,0,353,True
2019/FY 2019/Pennant Hills 132_11kV FY2019.csv,6aac1d891a773bcacde310d1d42ec57dc04e985b0acd2da627d223a300117169,Pennant Hills 132_11kV,pennanthills13211kv,2019,365,2018-05-01,2019-04-30,0,96,MW,0.9996860730593607,0,0,0,364,True
2019/FY 2019/Port Botany 33_11kV FY2019.csv,7826d8354c24cfe5301e7d0ffc7cf223f8528c0f1c29937c2ddbe99bb766ede0,Port Botany 33_11kV,portbotany3311kv,2019,365,2018-05-01,2019-04-30,0,96,MW,0.9996004566210046,0,0,0,364,True
2019/FY 2019/Potts Hill 132_11kV FY2019.csv,88a17655fb208247bfed82049488d505f72f9631e200d57fcf495a998a056e80,Potts Hill 132_11kV,pottshill13211kv,2019,365,2018-05-01,2019-04-30,0,96,MW,0.9998858447488584,0,0,0,365,True
2019/FY 2019/Punchbowl 33_11kV FY2019.csv,5278e35a491620f1e4a0f793670a6866a34aaf16d85d234a5b65955b87c5079b,Punchbowl 33_11kV,punchbowl3311kv,2019,365,2018-05-01,2019-04-30,0,96,MW,0.9998858447488584,0,0,0,365,True
2019/FY 2019/Pymble 33_11kV FY2019.csv,8e15a28875049634829ceb0114e35b3766f575410fa694a357f37a2ec3590f83,Pymble 33_11kV,pymble3311kv,2019,365,2018-05-01,2019-04-30,0,96,MW,0.9996860730593607,0,0,0,364,True
2019/FY 2019/RNS Hospital 132_11kV FY2019.csv,c97b11708118591e5d7114da2a18a71f06ebf9a3c82a9f7f653e925a585e0bd9,RNS Hospital 132_11kV,rnshospital13211kv,2019,365,2018-05-01,2019-04-30,0,96,MW,0.9992865296803652,0,0,0,363,True
2019/FY 2019/Randwick 33_11kV FY2019.csv,5e440689676ad474e193a6a9101020b735ddcfe577134ac278a44a5032f83f0a,Randwick 33_11kV,randwick3311kv,2019,365,2018-05-01,2019-04-30,0,96,MW,0.0,0,0,0,0,False
2019/FY 2019/Rathmines 132_11kV FY2019.csv,1a2eeb05057b5d4c8205c51cc17a14a169409c0417395216509d295e040c4990,Rathmines 132_11kV,rathmines13211kv,2019,365,2018-05-01,2019-04-30,0,96,MW,0.9998858447488584,0,0,0,365,True
2019/FY 2019/Rathmines 132_11kV Temp FY2019.csv,a718910551acc379ac1e663fb881fc0d66330cc28e311cf7e9d3aa6982191683,Rathmines 132_11kV Temp,rathmines13211kvtemp,2019,365,2018-05-01,2019-04-30,0,96,MW,0.0,0,0,0,0,False
2019/FY 2019/Raymond Terr NEW 33_11kV FY2019.csv,f6fcd615f7b102495a3e4f1bb6965935e228f237721ebba9c1b5d9cb20f23679,Raymond Terr NEW 33_11kV,raymondterrnew3311kv,2019,365,2018-05-01,2019-04-30,0,96,MW,0.9998858447488584,0,0,0,365,True
2019/FY 2019/Raymond Terrace 33_11kV FY2019.csv,71835918679b2f5e8dc2c42fa361919166a74b7589db979cd0a3057a57bdfe15,Raymond Terrace 33_11kV,raymondterrace3311kv,2019,365,2018-05-01,2019-04-30,0,96,MW,0.0,0,0,0,0,False
2019/FY 2019/Revesby 132_11kV FY2019.csv,4479b46fa5a81dfeae652e5ab79a204560e478456f5ec13a799b3be280eee306,Revesby 132_11kV,revesby13211kv,2019,365,2018-05-01,2019-04-30,0,96,MW,0.9996860730593607,0,0,0,364,True
2019/FY 2019/Riverwood 33_11kV FY2019.csv,2b2cfde3048d15114f070a48d9685fb7ad0628b0bc7e0ce34d8bef1b7b221606,Riverwood 33_11kV,riverwood3311kv,2019,365,2018-05-01,2019-04-30,0,96,MW,0.9996860730593607,0,0,0,364,True
2019/FY 2019/Rockdale 132_11kV FY2019.csv,d4d99ca8f570108ef8968c6915f3091396d0532da9bbd24bc8938176b966b0ec,Rockdale 132_11kV,rockdale13211kv,2019,365,2018-05-01,2019-04-30,0,96,MW,0.9998858447488584,0,0,0,365,True
2019/FY 2019/Rockdale 33_11kV FY2019.csv,b7f550f677360e47fa36be7333e50106b61ca1984ed486c722c3b416e9a4e3ac,Rockdale 33_11kV,rockdale3311kv,2019,365,2018-05-01,2019-04-30,0,96,MW,0.02237442922374429,0,0,124,8,False
2019/FY 2019/Rose Bay 132_11kV FY2019.csv,d2e0e409e3e96480bd01d5094c776ae1a11a37688d782c12c6cfa14ca68768b0,Rose Bay 132_11kV,rosebay13211kv,2019,365,2018-05-01,2019-04-30,0,96,MW,0.9998858447488584,0,0,0,365,True
2019/FY 2019/Rose Bay 33_11kV FY2019.csv,f5635021f0e2e46439ece24895332e472e0ae2dc3df49a8adfe8e2d3082e228b,Rose Bay 33_11kV,rosebay3311kv,2019,365,2018-05-01,2019-04-30,0,96,MW,0.0,0,0,0,0,False
2019/FY 2019/Rothbury 132_11kV FY2019.csv,e624b0e84782d554a925a4d92760d5c1d5fc62ccbd0dea21e322ced4fd2cd359,Rothbury 132_11kV,rothbury13211kv,2019,365,2018-05-01,2019-04-30,0,96,MW,0.9998858447488584,0,0,0,365,True
2019/FY 2019/Rouchel 33_11kV FY2019.csv,e7590e64d3ece52ca09e001b2c8c4b91120ca8c06b19f718556dc6f0094df190,Rouchel 33_11kV,rouchel3311kv,2019,365,2018-05-01,2019-04-30,0,96,MW,0.0,0,0,0,0,False
2019/FY 2019/Rutherford 33_11kV FY2019.csv,ef14d0566ea0a54094c9f2e235ce0cf75c5a65ccf095466048c7be59936e5dc7,Rutherford 33_11kV,rutherford3311kv,2019,365,2018-05-01,2019-04-30,0,96,MW,0.9670091324200913,0,0,0,353,True
2019/FY 2019/Salt Ash 33_11kV FY2019.csv,e53812724efef6294d33eac60ce0024a0540fc87e2b7aeebc0f5246cb2499c51,Salt Ash 33_11kV,saltash3311kv,2019,365,2018-05-01,2019-04-30,0,96,MW,0.0,0,0,0,0,False
2019/FY 2019/Sans Souci 33_11kV FY2019.csv,d5e5e5c7d18844b0c97fcdb099968860a68a68d15d55fdcda7fca84d536ca0fb,Sans Souci 33_11kV,sanssouci3311kv,2019,365,2018-05-01,2019-04-30,0,96,MW,0.9996860730593607,0,0,0,364,True
2019/FY 2019/Scone 66_11kV FY2019.csv,a22b86f37dc3eb4e910d59f355a41eb49108de5058f1e4a94868bcd1ea84d28d,Scone 66_11kV,scone6611kv,2019,365,2018-05-01,2019-04-30,0,96,MW,0.9953196347031964,0,0,0,363,True
2019/FY 2019/Sefton 132_11kV FY2019.csv,c657ffcee808601c3f5d4e719b8e99226dbe4e69e4260f34c65c4b13029ae650,Sefton 132_11kV,sefton13211kv,2019,365,2018-05-01,2019-04-30,0,96,MW,0.9996004566210046,0,0,278,364,True
2019/FY 2019/Shortland 33_11kV FY2019.csv,5fee91dfe86c1bfd282be6d1b970347df02a0ee23c8a684061ddf1e7a6c0a8cb,Shortland 33_11kV,shortland3311kv,2019,365,2018-05-01,2019-04-30,0,96,MW,0.0,0,0,0,0,False
2019/FY 2019/Singleton 66_11kV FY2019.csv,5aad17bca0c576f2fc7f6eb6038c2b5680e0b8ed5670bfb88c15b9f9922cd2c2,Singleton 66_11kV,singleton6611kv,2019,365,2018-05-01,2019-04-30,0,96,MW,0.9670091324200913,0,0,0,353,True
2019/FY 2019/Singleton North 66_11kV FY2019.csv,56576da23b96863953caf21900b07d6a07b0e1ffcdbb935b6670c8be33a6f047,Singleton North 66_11kV,singletonnorth6611kv,2019,365,2018-05-01,2019-04-30,0,96,MW,0.9997431506849315,0,0,0,364,True
2019/FY 2019/Somersby 132_11kV FY2019.csv,a70a3d5e133028bed98986a79456fe359348c3af3942f644f14b8201a7e1f1c9,Somersby 132_11kV,somersby13211kv,2019,365,2018-05-01,2019-04-30,0,96,MW,0.879337899543379,0,0,0,321,False
2019/FY 2019/St Ives 33_11kV FY2019.csv,3ae5d07b621df7de62041d2b13b56476e117d20555f96cc0314d73264efc8989,St Ives 33_11kV,stives3311kv,2019,365,2018-05-01,2019-04-30,0,96,MW,0.9996860730593607,0,0,0,364,True
2019/FY 2019/St Peters 132_11kV FY2019.csv,2320fc31529e8ea758cc69515c130248d73c23a35b4a3c1cbb0ebf1ce2ec670e,St Peters 132_11kV,stpeters13211kv,2019,365,2018-05-01,2019-04-30,0,96,MW,0.9981449771689498,0,0,0,362,True
2019/FY 2019/Stockton 33_11kV FY2019.csv,729728d71a867e6b1e1f4f5d6cc2202bd7e9fe2287fe704152aaae11247d976f,Stockton 33_11kV,stockton3311kv,2019,365,2018-05-01,2019-04-30,0,96,MW,0.9998858447488584,0,0,0,365,True
2019/FY 2019/Strathfield South 132_11kV FY2019.csv,f66c5c7b98fa71b94c417f61c5b7790b95703222a334df12f17ec3bb91545766,Strathfield South 132_11kV,strathfieldsouth13211kv,2019,365,2018-05-01,2019-04-30,0,96,MW,0.0,0,0,0,0,False
2019/FY 2019/Summer Hill 33_11kV FY2019.csv,2939dd4835b182ec5e7bce86ec964264b4b4c3afd3c599e0f9d811a3d39420e6,Summer Hill 33_11kV,summerhill3311kv,2019,365,2018-05-01,2019-04-30,0,96,MW,0.0,0,0,0,0,False
2019/FY 2019/Surry Hills 33_11kV FY2019.csv,c25adb9e555f3cc1b4ce972eba0baf925796d9de4155adbfb1f655d9a0f47122,Surry Hills 33_11kV,surryhills3311kv,2019,365,2018-05-01,2019-04-30,0,96,MW,0.9996860730593607,0,0,0,364,True
2019/FY 2019/Swansea 33_11kV FY2019.csv,db68bf8299ff8d78024fcc52ea41b8b3a58b37a2442d64f3d44a87695fdacbeb,Swansea 33_11kV,swansea3311kv,2019,365,2018-05-01,2019-04-30,0,96,MW,0.9670091324200913,0,0,0,353,True
2019/FY 2019/Tanilba Bay 33_11kV FY2019.csv,b6d4c225c802f3cefeaedd9bdf5825aba39cc4508a6d095051726be05c0a6f63,Tanilba Bay 33_11kV,tanilbabay3311kv,2019,365,2018-05-01,2019-04-30,0,96,MW,0.9998858447488584,0,0,0,365,True
2019/FY 2019/Tarro 33_11kV FY2019.csv,60f980033f204d7e7d77196b60eabc41fb7a01551f50a84665dd864741193196,Tarro 33_11kV,tarro3311kv,2019,365,2018-05-01,2019-04-30,0,96,MW,0.9994577625570776,0,0,0,364,True
2019/FY 2019/Telarah 33_11kV FY2019.csv,6338a9502643dcae61610b80109378778fb9db4d59fd81b84ba05108f95cff9d,Telarah 33_11kV,telarah3311kv,2019,365,2018-05-01,2019-04-30,0,96,MW,0.8502568493150685,0,2,0,305,False
2019/FY 2019/Terrey Hills 33_11kV FY2019.csv,708ec667363d1b9b2171e8bc4b03c3aac4c27dd8b2daeae605cbad19f5be3f39,Terrey Hills 33_11kV,terreyhills3311kv,2019,365,2018-05-01,2019-04-30,0,96,MW,0.9996860730593607,0,0,0,364,True
2019/FY 2019/Thornton 33_11kV FY2019.csv,5e8855ea65eddd00723b323b26976461b76e042408bd2b1d65d0b42f366eef46,Thornton 33_11kV,thornton3311kv,2019,365,2018-05-01,2019-04-30,0,96,MW,0.9998858447488584,0,0,0,365,True
2019/FY 2019/Tighes Hill 33_11kV FY2019.csv,c4cbbfa70a7e9215bafcbc28c8eea62d65850a99674897ac7655027b62ede72c,Tighes Hill 33_11kV,tigheshill3311kv,2019,365,2018-05-01,2019-04-30,0,96,MW,0.9998858447488584,0,0,0,365,True
2019/FY 2019/Tomago 33_11kV FY2019.csv,942673c48abd4fb71a51a6e37e6c9350897891d884fdf8a3da171731e6dec4b2,Tomago 33_11kV,tomago3311kv,2019,365,2018-05-01,2019-04-30,0,96,MW,0.9998858447488584,0,0,0,365,True
2019/FY 2019/Tomalpin 33_11kV FY2019.csv,2b8a8e6d0e911ccfb96386a75b81271193c594ac1cc1ec4ee593c00e88ae92c8,Tomalpin 33_11kV,tomalpin3311kv,2019,365,2018-05-01,2019-04-30,0,96,MW,0.9986586757990867,0,0,0,361,True
2019/FY 2019/Tomaree 33_11kV FY2019.csv,0c7886fb921b33ee8659b4f3ffe2f54c8bf29c94002a950b49f28b1013999a8c,Tomaree 33_11kV,tomaree3311kv,2019,365,2018-05-01,2019-04-30,0,96,MW,0.9998858447488584,0,0,0,365,True
2019/FY 2019/Top Ryde 132_11kV FY2019.csv,87a3db18e2b0693439c81ae18d1760ade04811576dfff223a25a7322afdc0b79,Top Ryde 132_11kV,topryde13211kv,2019,365,2018-05-01,2019-04-30,0,96,MW,0.9996860730593607,0,0,0,364,True
2019/FY 2019/Toronto 33_11kV FY2019.csv,828c867790e2786b99e307db1bffc8033baa8426c8d196dac5864104860a6fd7,Toronto 33_11kV,toronto3311kv,2019,365,2018-05-01,2019-04-30,0,96,MW,0.0,0,0,0,0,False
2019/FY 2019/Toronto West 132_11kV FY2019.csv,3e013608c9effc936b5ff09b1a5c75acdfa481cf3e74cc23de6ef4a644ca8936,Toronto West 132_11kV,torontowest13211kv,2019,365,2018-05-01,2019-04-30,0,96,MW,0.9670091324200913,0,0,0,353,True
2019/FY 2019/Turramurra 33_11kV FY2019.csv,e9ae3cd79ae97b04a716e8b23e6434ceb2f715c4ac9ac59fc9550238f3324119,Turramurra 33_11kV,turramurra3311kv,2019,365,2018-05-01,2019-04-30,0,96,MW,0.9998858447488584,0,0,0,365,True
2019/FY 2019/Umina 66_11kV FY2019.csv,e9e8c5206ff0c1f14384265727792ae9e9669950dcebbe095b98e616fe646abb,Umina 66_11kV,umina6611kv,2019,365,2018-05-01,2019-04-30,0,96,MW,0.9995433789954338,0,0,0,363,True
2019/FY 2019/Vales Point 33_11kV FY2019.csv,2ab411af459887f53dd2c58967d328284c105a460632bb4a939fc375d21b9b84,Vales Point 33_11kV,valespoint3311kv,2019,365,2018-05-01,2019-04-30,0,96,MW,0.9998287671232877,17,0,0,364,True
2019/FY 2019/Wallalong 33_11kV FY2019.csv,b37f6926e20fb402638bce03290808db4ce6133d162d838b620254c74f796608,Wallalong 33_11kV,wallalong3311kv,2019,365,2018-05-01,2019-04-30,0,96,MW,0.0,0,0,0,0,False
2019/FY 2019/Wallsend 33_11kV FY2019.csv,e7ffaab3db1222b2750e24641b3b2cf225deb2923873ed84d285a9cff41002f0,Wallsend 33_11kV,wallsend3311kv,2019,365,2018-05-01,2019-04-30,0,96,MW,0.0,0,0,0,0,False
2019/FY 2019/Wamberal 132_11kV FY2019.csv,b87a8f05ccd6df912c69a669dac57469548f26e610c51c2652a54bf5cf61472c,Wamberal 132_11kV,wamberal13211kv,2019,365,2018-05-01,2019-04-30,0,96,MW,0.9998858447488584,0,0,0,365,True
2019/FY 2019/Wamberal 66_11kV FY2019.csv,af8696449d878b0b4643b7c683de38089e8001e7c27df8df2332e4401cc9123b,Wamberal 66_11kV,wamberal6611kv,2019,365,2018-05-01,2019-04-30,0,96,MW,0.7230308219178082,0,0,2387,262,False
2019/FY 2019/Waverley 132_11kV FY2019.csv,14df88f329a657b033e9d6d2f82dbf1b99c90789a7e2f428954dadda05e42064,Waverley 132_11kV,waverley13211kv,2019,365,2018-05-01,2019-04-30,0,96,MW,0.9998858447488584,0,0,0,365,True
2019/FY 2019/Waverley 33_11kV FY2019.csv,ec2935855bc53cbe654cba992995867d66e38d1e5459c91923b32f4b53da9841,Waverley 33_11kV,waverley3311kv,2019,365,2018-05-01,2019-04-30,0,96,MW,0.0,0,0,0,0,False
2019/FY 2019/West Gosford 132_11kV FY2019.csv,5bc44986a643270edcf1fe5baa117ff20ecc9e298ff5166a5e8a6957f05e7b5e,West Gosford 132_11kV,westgosford13211kv,2019,365,2018-05-01,2019-04-30,0,96,MW,0.9996860730593607,0,0,0,364,True
2019/FY 2019/Williamtown 33_11kV FY2019.csv,3f0f65f614ab5f76563b469f36449d11d05363e5b361d21f8c6291cd85751048,Williamtown 33_11kV,williamtown3311kv,2019,365,2018-05-01,2019-04-30,0,96,MW,0.9670091324200913,0,0,0,353,True
2019/FY 2019/Woy Woy 66_11kV FY2019.csv,bff7e111672b309bf448920d89eb838a79f4241707e9e3b83621c6920d16cc83,Woy Woy 66_11kV,woywoy6611kv,2019,365,2018-05-01,2019-04-30,0,96,MW,0.9996860730593607,0,0,0,364,True
2019/FY 2019/Wyong 132_11kV FY2019.csv,1b4123da69fa9271a1490cb8b13b05f27953a3158cbdda9de9adfe4838d22a82,Wyong 132_11kV,wyong13211kv,2019,365,2018-05-01,2019-04-30,0,96,MW,0.9996860730593607,0,0,0,364,True
2019/FY 2019/Zetland 132_11kV FY2019.csv,ec47e4078ac48e647f7e387baa007ee7eb96ee8b4d69d45788572a1f23e0130d,Zetland 132_11kV,zetland13211kv,2019,365,2018-05-01,2019-04-30,0,96,MW,0.9996860730593607,0,0,0,364,True
2020/FY 2020/Aberdeen 33_11kV FY2020.csv,b87f1219c72be65fc6d65b6ad6329d4bbb32d6aee5017c33506636c7438efe10,Aberdeen 33_11kV,aberdeen3311kv,2020,366,2019-05-01,2020-04-30,0,96,MW,0.0,0,0,0,0,False
2020/FY 2020/Aberdeen 66_11kV FY2020.csv,2462dc2203e165159189e84db4adda353c73b7506b57ca510f15347543c0cf8f,Aberdeen 66_11kV,aberdeen6611kv,2020,366,2019-05-01,2020-04-30,0,96,MW,0.9998861566484517,0,0,0,366,True
2020/FY 2020/Adamstown 132_11kV FY2020.csv,f96c2a4944c40275a1fa7cd397570ea55ccc447190f8def0e1918fb64f82bd86,Adamstown 132_11kV,adamstown13211kv,2020,366,2019-05-01,2020-04-30,0,96,MW,0.9998861566484517,0,0,0,366,True
2020/FY 2020/Adamstown 33_11kV FY2020.csv,5b2104a1158c3118f32f0a3d77894dec561ab5fb0b26be2c03654b3dc1c08bbb,Adamstown 33_11kV,adamstown3311kv,2020,366,2019-05-01,2020-04-30,0,96,MW,0.0,0,0,0,0,False
2020/FY 2020/Argenton 132_11kV FY2020.csv,47bd363461db3c626fe9065f346ece8df76517293c946c925c0fc2dbbe918fcc,Argenton 132_11kV,argenton13211kv,2020,366,2019-05-01,2020-04-30,0,96,MW,0.9998861566484517,0,0,0,366,True
2020/FY 2020/Arncliffe 33_11kV FY2020.csv,72377a7ad0d04e9c457b2778ed03e62b10b58bb6523036bbcf80a850fa18cf6b,Arncliffe 33_11kV,arncliffe3311kv,2020,366,2019-05-01,2020-04-30,0,96,MW,0.1883822859744991,0,0,0,69,False
2020/FY 2020/Auburn 33_11kV FY2020.csv,0f63eed7188aeb3107ea0e275188a7fc64035c38b63f66081b71ff5992cfbbf8,Auburn 33_11kV,auburn3311kv,2020,366,2019-05-01,2020-04-30,0,96,MW,0.9961577868852459,0,0,0,363,True
2020/FY 2020/Avoca 66_11kV FY2020.csv,41f41f2f6d98e5d48cad9f36c0a4b0dd541d6679527fde3954faae607296b5d3,Avoca 66_11kV,avoca6611kv,2020,366,2019-05-01,2020-04-30,0,96,MW,0.9998861566484517,0,0,0,366,True
2020/FY 2020/Avondale 33_11kV FY2020.csv,efa42ac365290cb691ac70984ef5dab11993eec65183195d95e1e5c53eab8797,Avondale 33_11kV,avondale3311kv,2020,366,2019-05-01,2020-04-30,0,96,MW,0.9971539162112932,0,0,0,365,True
2020/FY 2020/Baerami 33_11kV FY2020.csv,98cc1eb68978a8185a92e890b02cf3a32212613e8d4b73733161a8861e4f3695,Baerami 33_11kV,baerami3311kv,2020,366,2019-05-01,2020-04-30,0,96,MW,0.9992600182149363,0,0,0,365,True
2020/FY 2020/Balgowlah 33_11kV FY2020.csv,b9fdb2b0ba2101a659c5ad711d73e6183e39ee307e09bcfce640e9b78a06d695,Balgowlah 33_11kV,balgowlah3311kv,2020,366,2019-05-01,2020-04-30,0,96,MW,0.0,0,0,0,0,False
2020/FY 2020/Balgowlah North 132_11kV FY2020.csv,49d5be7643b5e73aad6d2bda5edd8ca6cb4977b56c3107701b04bf3ee6640f68,Balgowlah North 132_11kV,balgowlahnorth13211kv,2020,366,2019-05-01,2020-04-30,0,96,MW,0.9998861566484517,0,0,0,366,True
2020/FY 2020/Bankstown 132_11kV FY2020.csv,5056abb844afbb990632a2ffdc5f48cf0ec6ee8070c2605d5a95e122c219a33e,Bankstown 132_11kV,bankstown13211kv,2020,366,2019-05-01,2020-04-30,0,96,MW,0.9998861566484517,0,0,0,366,True
2020/FY 2020/Bass Hill 33_11kV FY2020.csv,256ddba4c192bbbf93ee1cc7a04b56f1b90dfb914311c2fc26f798ca66da7900,Bass Hill 33_11kV,basshill3311kv,2020,366,2019-05-01,2020-04-30,0,96,MW,0.9998861566484517,0,0,0,366,True
2020/FY 2020/Beacon Hill 33_11kV FY2020.csv,a3deaa64093ca9b3bed17003bec909c690a42beee52f93b514cf649e38f9da72,Beacon Hill 33_11kV,beaconhill3311kv,2020,366,2019-05-01,2020-04-30,0,96,MW,0.9961577868852459,0,0,0,363,True
2020/FY 2020/Belmore Park 132_11kV FY2020.csv,0f81cade08a4ab4346b13607bef468c886f6cdc0a6911adf0a47d70c78831dbc,Belmore Park 132_11kV,belmorepark13211kv,2020,366,2019-05-01,2020-04-30,0,96,MW,0.0,0,0,0,0,False
2020/FY 2020/Belrose 33_11kV FY2020.csv,263f5893e25bb48b9d64ef4880310030ac225aa47f6ae32a9d5827d471a05ac9,Belrose 33_11kV,belrose3311kv,2020,366,2019-05-01,2020-04-30,0,96,MW,0.9961577868852459,0,0,0,363,True
2020/FY 2020/Berkeley Vale 132_11kV FY2020.csv,f1405edd1be77932d4886a17b96e397120382455a58b960e8ab8fce0adfd4d6e,Berkeley Vale 132_11kV,berkeleyvale13211kv,2020,366,2019-05-01,2020-04-30,0,96,MW,0.9998861566484517,0,0,0,366,True
2020/FY 2020/Berowra 132_11kV FY2020.csv,0a042fd2d07ccbc83cd4dcb647d7d2d7dfe6449cf4c51769d343a966bbd60a7d,Berowra 132_11kV,berowra13211kv,2020,366,2019-05-01,2020-04-30,0,96,MW,0.9961577868852459,0,0,0,363,True
2020/FY 2020/Blackwattle Bay 33_5kV FY2020.csv,f6d7e334d4fd7359f89d747df5172b12caf860d5e2cb6b558b609e99689814c4,Blackwattle Bay 33_5kV,blackwattlebay335kv,2020,366,2019-05-01,2020-04-30,0,96,MW,0.9961577868852459,0,0,0,363,True
2020/FY 2020/Blakehurst 33_11kV FY2020.csv,63031791f435e1319234235455443eb501e5ecc299b34b15162eaa9a0cdad396,Blakehurst 33_11kV,blakehurst3311kv,2020,366,2019-05-01,2020-04-30,0,96,MW,0.9961577868852459,0,0,0,363,True
2020/FY 2020/Boolaroo 33_11kV FY2020.csv,153d5be2570f669a7a82a0b4be080bbae14820fe43692e60a60ec9a7b8b6284c,Boolaroo 33_11kV,boolaroo3311kv,2020,366,2019-05-01,2020-04-30,0,96,MW,0.0,0,0,0,0,False
2020/FY 2020/Botany 33_11kV FY2020.csv,3dd9a4b5ce95fe24c756587d56b245caff50bc1620a084367bcfd81f283b4923,Botany 33_11kV,botany3311kv,2020,366,2019-05-01,2020-04-30,0,96,MW,0.9998861566484517,0,0,0,366,True
2020/FY 2020/Brandy Hill 132_11kV FY2020.csv,fc750eec21abd5355ee1646d35e7abe7a00dc8d08e9d83daae7219ef6df7968f,Brandy Hill 132_11kV,brandyhill13211kv,2020,366,2019-05-01,2020-04-30,0,96,MW,0.9998861566484517,0,0,0,366,True
2020/FY 2020/Branxton 66_11kV FY2020.csv,3f666f449a6e2c88933f5747873a3f4cb6be7389fc467196cf1685d60015b73d,Branxton 66_11kV,branxton6611kv,2020,366,2019-05-01,2020-04-30,0,96,MW,0.9998861566484517,0,0,0,366,True
2020/FY 2020/Broadmeadow 132_11kV FY2020.csv,204a30c675f48ca017f1cea4cf5ee48635d3568bc651195ee6bc8f7d3185edc6,Broadmeadow 132_11kV,broadmeadow13211kv,2020,366,2019-05-01,2020-04-30,0,96,MW,0.9998861566484517,0,0,0,366,True
2020/FY 2020/Broadmeadow 33_11kV FY2020.csv,cabb38a888696c61ffc47fca1bed8b2be1a4a1467bcc79e05aaa119d5bed0f24,Broadmeadow 33_11kV,broadmeadow3311kv,2020,366,2019-05-01,2020-04-30,0,96,MW,0.0,0,0,0,0,False
2020/FY 2020/Brookvale 33_11kV FY2020.csv,3d5965f3bd9fe6675ce5b6c456b9ee6a433069d093afbf690085732fb69b00a3,Brookvale 33_11kV,brookvale3311kv,2020,366,2019-05-01,2020-04-30,0,96,MW,0.9961577868852459,0,0,0,363,True
2020/FY 2020/Burwood 132_11kV FY2020.csv,356027bb7681a61826a7a8d24fe8e3b50807f106c4e218f7bdf82665f0f56666,Burwood 132_11kV,burwood13211kv,2020,366,2019-05-01,2020-04-30,0,96,MW,0.9961008652094717,0,0,0,363,True
2020/FY 2020/Campbell St 132_11kV FY2020.csv,2040342c6d13122bd0928964f4740f48f6ab69cede0e11bb79e52a14f4dfd16e,Campbell St 132_11kV,campbellst13211kv,2020,366,2019-05-01,2020-04-30,0,96,MW,0.9961577868852459,0,0,0,363,True
2020/FY 2020/Camperdown 33_11kV FY2020.csv,d7478e7a7d0ceaa4e0e84f72cf91c2bf54975340aaa6444260b4b3525eb8d336,Camperdown 33_11kV,camperdown3311kv,2020,366,2019-05-01,2020-04-30,0,96,MW,0.9949908925318761,0,0,0,362,True
2020/FY 2020/Camperdown 33_5kV FY2020.csv,62bcf8493e1c502b9a3665c6b0acdc2e70cb5fd1f9a19f77708780f857e1ee62,Camperdown 33_5kV,camperdown335kv,2020,366,2019-05-01,2020-04-30,0,96,MW,0.9961577868852459,0,0,0,363,True
2020/FY 2020/Campsie 33_11kV FY2020.csv,d76a7f9e72401e8384e4499f04d24bdeecbf4b503e72398a9c1437c52d8bb5de,Campsie 33_11kV,campsie3311kv,2020,366,2019-05-01,2020-04-30,0,96,MW,0.9998861566484517,0,0,0,366,True
2020/FY 2020/Cardiff 33_11kV FY2020.csv,d2d47881b54b3faf1a1afcc021edd9aa8aadf382a200fa02bce9ac0179bec578,Cardiff 33_11kV,cardiff3311kv,2020,366,2019-05-01,2020-04-30,0,96,MW,0.9971254553734062,0,0,0,365,True
2020/FY 2020/Careel Bay 33_11kV FY2020.csv,3cc7709cfe1dfbd5350eb567e5f2221c8ff0fecc3d5efeaf3c8afb542c144d2a,Careel Bay 33_11kV,careelbay3311kv,2020,366,2019-05-01,2020-04-30,0,96,MW,0.999146174863388,0,0,0,363,True
2020/FY 2020/Caringbah 33_11kV FY2020.csv,5f7010f5ca3e86225085d520b61e9da4d152ef03744c349246ffa1fc1f1cab6e,Caringbah 33_11kV,caringbah3311kv,2020,366,2019-05-01,2020-04-30,0,96,MW,0.9961577868852459,0,0,0,363,True
2020/FY 2020/Carrington 33_11kV FY2020.csv,1e59eb4fc5fab43bc143e9fcb70cfea3f658500d83302f4756114a88a2e1c7fe,Carrington 33_11kV,carrington3311kv,2020,366,2019-05-01,2020-04-30,0,96,MW,0.0,0,0,0,0,False
2020/FY 2020/Castle Cove 132_11kV FY2020.csv,449a8e6911c1c911043af7edfef219a7a1592514073e74f53e604da7a3b13ff6,Castle Cove 132_11kV,castlecove13211kv,2020,366,2019-05-01,2020-04-30,0,96,MW,0.9961577868852459,0,0,0,363,True
2020/FY 2020/Cessnock 33_11kV FY2020.csv,af6eab93d58ccba9137837e478baf084e6625b7e960a8aac8f40c457101e70cc,Cessnock 33_11kV,cessnock3311kv,2020,366,2019-05-01,2020-04-30,0,96,MW,0.0,0,0,0,0,False
2020/FY 2020/Cessnock South 33_11kV FY2020.csv,c211849ff7513948c208d87bd7ddd41470464101d6b612839bbe2dce031d3132,Cessnock South 33_11kV,cessnocksouth3311kv,2020,366,2019-05-01,2020-04-30,0,96,MW,0.9998861566484517,0,0,0,366,True
2020/FY 2020/Charlestown 132_11kV FY2020.csv,5ad76ff815ad000368c6ff5920a1cf64e04d7ca9955b0c9ae7ba47266b32bc1d,Charlestown 132_11kV,charlestown13211kv,2020,366,2019-05-01,2020-04-30,0,96,MW,0.9998861566484517,0,0,0,366,True
2020/FY 2020/Charlestown 33_11kV FY2020.csv,f85ea51c0ddcb2d6189b30485f249d5b2a638a1c353d2aa47ab8971bdee62701,Charlestown 33_11kV,charlestown3311kv,2020,366,2019-05-01,2020-04-30,0,96,MW,0.0,0,0,0,0,False
2020/FY 2020/Charmhaven 132_11kV FY2020.csv,16ed1da64ff787fa00561561adff4db9351af7e996638ca2a57def4b115e79fc,Charmhaven 132_11kV,charmhaven13211kv,2020,366,2019-05-01,2020-04-30,0,96,MW,0.9961577868852459,0,0,0,363,True
2020/FY 2020/Chatswood 33_11kV FY2020.csv,992406bb21d46eefb98ef780ffbfea16b0977ea7b956c8a64f8fba703d2aa1b4,Chatswood 33_11kV,chatswood3311kv,2020,366,2019-05-01,2020-04-30,0,96,MW,0.9961577868852459,0,0,0,363,True
2020/FY 2020/City Central 132_11kV FY2020.csv,5e8b10b4d0ae8288939d12dbfabefbb7d1b72e0e373fd5a2e9d9bc90a1c40c06,City Central 132_11kV,citycentral13211kv,2020,366,2019-05-01,2020-04-30,0,96,MW,0.9961577868852459,0,0,0,363,True
2020/FY 2020/City East 132_11kV FY2020.csv,fb2492fa91ca8e42e030d189b524ba4d9637686760ec643df541b5838ab5057f,City East 132_11kV,cityeast13211kv,2020,366,2019-05-01,2020-04-30,0,96,MW,0.0,0,0,0,0,False
2020/FY 2020/City East 33_11kV FY2020.csv,c3acffb48abc655cbf6667ad988080f55b88d2f043aa5a53eccc6c5c78b4ad6f,City East 33_11kV,cityeast3311kv,2020,366,2019-05-01,2020-04-30,0,96,MW,0.9961577868852459,0,0,0,363,True
2020/FY 2020/City North 132_11kV FY2020.csv,17322858f9f9ee295a33ac75d1106c9ab9e37a3b52af523a13051152ef4b162a,City North 132_11kV,citynorth13211kv,2020,366,2019-05-01,2020-04-30,0,96,MW,0.9961577868852459,0,0,0,363,True
2020/FY 2020/City North 33_11kV FY2020.csv,77e3ce47e4d9a1f6f85916bb4607a5bfe2b821c176ae8780099fd5d0ad246c4c,City North 33_11kV,citynorth3311kv,2020,366,2019-05-01,2020-04-30,0,96,MW,0.0,0,0,0,0,False
2020/FY 2020/City South 132_11kV FY2020.csv,2aac99af5709e7d84b7a67238c71261655b5ddff783d0914696561c2f3e44078,City South 132_11kV,citysouth13211kv,2020,366,2019-05-01,2020-04-30,0,96,MW,0.9961577868852459,0,0,0,363,True
2020/FY 2020/Clovelly 132_11kV FY2020.csv,d37930900cbcb573eeed6ffe00cba55240b5e5875b1b4c5a77ad6c90be3cb668,Clovelly 132_11kV,clovelly13211kv,2020,366,2019-05-01,2020-04-30,0,96,MW,0.9961577868852459,0,0,0,363,True
2020/FY 2020/Concord 33_11kV FY2020.csv,61cc1d180fcb0e85565c780fc82fefdb43e47c718a9593c5183b2b800618c9bb,Concord 33_11kV,concord3311kv,2020,366,2019-05-01,2020-04-30,0,96,MW,0.9961577868852459,0,0,0,363,True
2020/FY 2020/Cronulla 132_11kV FY2020.csv,5f0056d272f1540430b23bd920230248d335bf3b3c1aa97d6ed856b3552c4210,Cronulla 132_11kV,cronulla13211kv,2020,366,2019-05-01,2020-04-30,0,96,MW,0.9961577868852459,0,0,0,363,True
2020/FY 2020/Croudace Bay 33_11kV FY2020.csv,ea44adeb15ab74363906a56adf2e53785c5a690dbd2ec3dfe9d8c83c16cbc7b8,Croudace Bay 33_11kV,croudacebay3311kv,2020,366,2019-05-01,2020-04-30,0,96,MW,0.9986338797814208,0,0,0,363,True
2020/FY 2020/Crows Nest 132_11kV FY2020.csv,f299b23a488bed3cb18e7d7c02e72687be169598d7a1488bbbfd02bc04ae6199,Crows Nest 132_11kV,crowsnest13211kv,2020,366,2019-05-01,2020-04-30,0,96,MW,0.9998861566484517,0,0,0,366,True
2020/FY 2020/Crows Nest 33_11kV FY2020.csv,16699d1b5bb713432308285e1329ef4811fcf1aca610218447e02ae5bbc682b9,Crows Nest 33_11kV,crowsnest3311kv,2020,366,2019-05-01,2020-04-30,0,96,MW,0.0,0,0,0,0,False
2020/FY 2020/Croydon 132_11kV FY2020.csv,144bf22839beb5ac85020e4149306de1ff5cb21852d143a8c1589b3ab8d5294d,Croydon 132_11kV,croydon13211kv,2020,366,2019-05-01,2020-04-30,0,96,MW,0.9998861566484517,0,0,0,366,True
2020/FY 2020/Dalley St 132_11kV FY2020.csv,c5fdf460af28b04d1663e2ce133930189fe8eb318cecf73cd26ec27291c0c5a0,Dalley St 132_11kV,dalleyst13211kv,2020,366,2019-05-01,2020-04-30,0,96,MW,0.9961577868852459,0,0,0,363,True
2020/FY 2020/Darling Harbour 132_11kV FY2020.csv,ff7f0bc18ca8dc93ee28e3ff01be17fa1ac6f87b5f1fbefe802261ea73e38166,Darling Harbour 132_11kV,darlingharbour13211kv,2020,366,2019-05-01,2020-04-30,0,96,MW,0.9961577868852459,0,0,0,363,True
2020/FY 2020/Darlinghurst 33_11kV FY2020.csv,ce9dc4fda1ab434325fd87e4f7952d05f2cef4cba8061629b58e12b91d5e00cb,Darlinghurst 33_11kV,darlinghurst3311kv,2020,366,2019-05-01,2020-04-30,0,96,MW,0.9961577868852459,0,0,0,363,True
2020/FY 2020/Dee Why West 33_11kV FY2020.csv,717a05f0f6f83a6475829ae9c68f71cd7f23d34b6357098ea12a88ccaa8918db,Dee Why West 33_11kV,deewhywest3311kv,2020,366,2019-05-01,2020-04-30,0,96,MW,0.9961577868852459,0,0,0,363,True
2020/FY 2020/Denman 66_11kV FY2020.csv,5d2f7618d30e6a6c0ddeba107e58097d5fc60341474de9ee3890cacffcc565e6,Denman 66_11kV,denman6611kv,2020,366,2019-05-01,2020-04-30,0,96,MW,0.9944216757741348,0,0,0,364,True
2020/FY 2020/Double Bay 132_11kV FY2020.csv,74639eb7f3d73271e22a0d5a72bb298c2707cf17aaf76f89cd3f945d289a7119,Double Bay 132_11kV,doublebay13211kv,2020,366,2019-05-01,2020-04-30,0,96,MW,0.9961577868852459,0,0,0,363,True
2020/FY 2020/Drummoyne 132_11kV FY2020.csv,a590b789b88f6c01276286191e91cb27c5f486555877cb7d7a6a89081765dfba,Drummoyne 132_11kV,drummoyne13211kv,2020,366,2019-05-01,2020-04-30,0,96,MW,0.9961577868852459,0,0,0,363,True
2020/FY 2020/Dudley 33_11kV FY2020.csv,3d6b0f95d0ebda92e7427f69120bf9db6ac1e75b4d2e79bd3b204be6eb4ed07e,Dudley 33_11kV,dudley3311kv,2020,366,2019-05-01,2020-04-30,0,96,MW,0.0,0,0,0,0,False
2020/FY 2020/Dulwich Hill 33_11kV FY2020.csv,2df0976e58e0faf621bbeea0b764225bf75ac9a3897f2d5ea24e076bf803c5ef,Dulwich Hill 33_11kV,dulwichhill3311kv,2020,366,2019-05-01,2020-04-30,0,96,MW,0.9961577868852459,0,0,0,363,True
2020/FY 2020/East Maitland 33_11kV FY2020.csv,7bf9374fffb27692ea2284b19fb011d75163d85f7f6691853bf1964bee01c7cd,East Maitland 33_11kV,eastmaitland3311kv,2020,366,2019-05-01,2020-04-30,0,96,MW,0.0,0,0,0,0,False
2020/FY 2020/Edgeworth 33_11kV FY2020.csv,c2a969e619df1fd3ab2440e3b377f10fc155e12e7cc9cf88976dfbb1938424af,Edgeworth 33_11kV,edgeworth3311kv,2020,366,2019-05-01,2020-04-30,0,96,MW,0.9998861566484517,0,0,0,366,True
2020/FY 2020/Empire Bay 66_11kV FY2020.csv,5d07bf77ae518fe0ae39131afd0209d1eeb17559a4de465f2da2d6f217043523,Empire Bay 66_11kV,empirebay6611kv,2020,366,2019-05-01,2020-04-30,0,96,MW,0.9868510928961749,0,0,0,327,True
2020/FY 2020/Enfield 33_11kV FY2020.csv,d0a3d34606ada1f25ee8f377babef9b7ff415f09748315d95a90cbc221fae7a6,Enfield 33_11kV,enfield3311kv,2020,366,2019-05-01,2020-04-30,0,96,MW,0.9961577868852459,0,0,0,363,True
2020/FY 2020/Engadine 132_11kV FY2020.csv,6c2590b7a6378e05a3011844b5980262102748c2af93130c816d78d5329a6df2,Engadine 132_11kV,engadine13211kv,2020,366,2019-05-01,2020-04-30,0,96,MW,0.9998861566484517,0,0,0,366,True
2020/FY 2020/Engadine 33_11kV FY2020.csv,27ceae45643e767eb3644747be456d4141fe3b7e71a5fae61082eee44a4dc7fa,Engadine 33_11kV,engadine3311kv,2020,366,2019-05-01,2020-04-30,0,96,MW,0.0,0,0,0,0,False
2020/FY 2020/Epping 66_11kV FY2020.csv,28369252b19aa959088ccf2cc207daa27d97acaee9d261b7e7875b7972a09cd9,Epping 66_11kV,epping6611kv,2020,366,2019-05-01,2020-04-30,0,96,MW,0.9998861566484517,0,0,0,366,True
2020/FY 2020/Erina 66_11kV FY2020.csv,829a7b695c4b293a6aa20a64fb7905c2e190f93afd5fcce79f2f77996a1cffb8,Erina 66_11kV,erina6611kv,2020,366,2019-05-01,2020-04-30,0,96,MW,0.9961577868852459,0,0,0,363,True
2020/FY 2020/Five Dock 33_11kV FY2020.csv,ddb7c377842e18b1ca6177ab3ec1c52809b9ab9195cb2838374582303ebac9cc,Five Dock 33_11kV,fivedock3311kv,2020,366,2019-05-01,2020-04-30,0,96,MW,0.1883822859744991,0,0,0,69,False
2020/FY 2020/Flemington 132_11kV FY2020.csv,772ba6f365283511cd747aedd7ae5efc44575f232dcbb1091831526f8062cea8,Flemington 132_11kV,flemington13211kv,2020,366,2019-05-01,2020-04-30,0,96,MW,0.9961577868852459,0,0,0,363,True
2020/FY 2020/Galston 132_11kV FY2020.csv,3687e82989672ae230281b807e70eba86267abfdcc1ff823071615c3cf24861c,Galston 132_11kV,galston13211kv,2020,366,2019-05-01,2020-04-30,0,96,MW,0.9998861566484517,0,0,0,366,True
2020/FY 2020/Gateshead 33_11kV FY2020.csv,ad3d8c206199d4767a767c2f34a8d234d48121b176aac247cfec6b0c61ed9bb0,Gateshead 33_11kV,gateshead3311kv,2020,366,2019-05-01,2020-04-30,0,96,MW,0.9998576958105647,0,0,0,366,True
2020/FY 2020/Gore Hill 33_11kV FY2020.csv,00548ee19e1781e96418ce4c5e254e7aaed47135df30cc85a3b1151eb1f0db24,Gore Hill 33_11kV,gorehill3311kv,2020,366,2019-05-01,2020-04-30,0,96,MW,0.9998861566484517,0,0,0,366,True
2020/FY 2020/Green Square 132_11kV FY2020.csv,18eeea2d88ae314a16afa343d0275a36a6627d427e5174f8245b447a99db683d,Green Square 132_11kV,greensquare13211kv,2020,366,2019-05-01,2020-04-30,0,96,MW,0.9961577868852459,0,0,0,363,True
2020/FY 2020/Greenacre 132_11kV FY2020.csv,9d2d496136b43f15f5b25f379011973737782df511c7a6b0b33cb57ebe100acc,Greenacre 132_11kV,greenacre13211kv,2020,366,2019-05-01,2020-04-30,0,96,MW,0.0,0,0,0,0,False
2020/FY 2020/Greenacre Park 132_11kV FY2020.csv,58b834ecbf75cdc13085a5cb962729833881516a5db47c5c8f0289072169e0cb,Greenacre Park 132_11kV,greenacrepark13211kv,2020,366,2019-05-01,2020-04-30,0,96,MW,0.9961577868852459,0,0,0,363,True
2020/FY 2020/Gwawley Bay 132_11kV FY2020.csv,3375b81cdbcd1fb619ad651375b0f52e2ed3f05cc23f1dc2854755b11f8df8b1,Gwawley Bay 132_11kV,gwawleybay13211kv,2020,366,2019-05-01,2020-04-30,0,96,MW,0.9819558287795993,0,0,0,356,True
2020/FY 2020/Gwawley Bay 33_11kV FY2020.csv,fdba32ac3d813512bc3d9d61f8fa6573e9473d91c09e54c29bb047474cad03b1,Gwawley Bay 33_11kV,gwawleybay3311kv,2020,366,2019-05-01,2020-04-30,0,96,MW,0.9961577868852459,0,0,0,363,True
2020/FY 2020/Harbord 33_11kV FY2020.csv,26ae4c5ed8ddf426438be229eb78d2c55197b172baee64795c731f87cd5806cb,Harbord 33_11kV,harbord3311kv,2020,366,2019-05-01,2020-04-30,0,96,MW,0.9959585610200364,0,0,0,362,True
2020/FY 2020/Homebush Bay 132_11kV FY2020.csv,1961fa3bc7974b76ddc8bc4e91701c9487b499e390a808da3cebfbc0b7354a43,Homebush Bay 132_11kV,homebushbay13211kv,2020,366,2019-05-01,2020-04-30,0,96,MW,0.9961577868852459,0,0,0,363,True
2020/FY 2020/Hornsby 132_11kV FY2020.csv,ea01f5c6bd822787dfbcd1ab3a4ee237df1dbab3dc9a686ad879b58f3331fbe0,Hornsby 132_11kV,hornsby13211kv,2020,366,2019-05-01,2020-04-30,0,96,MW,0.9961577868852459,0,0,0,363,True
2020/FY 2020/Hunters Hill 66_11kV FY2020.csv,3477b524a1680a531848c9e787470ffb14be402514253b4330851f3cf4d1e494,Hunters Hill 66_11kV,huntershill6611kv,2020,366,2019-05-01,2020-04-30,0,96,MW,0.9995446265938069,0,0,0,365,True
2020/FY 2020/Hurstville North 132_11kV FY2020.csv,17b23e735a8bc5b0f83bbcbde0f17491b22755d18319f7a9a18d1306095f2cf4,Hurstville North 132_11kV,hurstvillenorth13211kv,2020,366,2019-05-01,2020-04-30,0,96,MW,0.9925147996357013,0,0,0,362,True
2020/FY 2020/Hurstville North 33_11kV FY2020.csv,6a939f384d8d7d9552a8c7e9430170db9ad86f4973fe48fc792ae75b73cf5605,Hurstville North 33_11kV,hurstvillenorth3311kv,2020,366,2019-05-01,2020-04-30,0,96,MW,0.0,0,0,0,0,False
2020/FY 2020/Jannali 33_11kV FY2020.csv,4d637ae0b7e35bf61572d946218de6f3a1cd0abc5e8483e211272bc31b1bfb2b,Jannali 33_11kV,jannali3311kv,2020,366,2019-05-01,2020-04-30,0,96,MW,0.9998861566484517,0,0,0,366,True
2020/FY 2020/Jesmond 132_11kV FY2020.csv,ae98acca92a488480afbc0c6206f4a86342d9378cf8742c2b9c400216a954a1d,Jesmond 132_11kV,jesmond13211kv,2020,366,2019-05-01,2020-04-30,0,96,MW,0.9998861566484517,0,0,0,366,True
2020/FY 2020/Jewells 33_11kV FY2020.csv,3eb27383e7345e4d4bd8170a4c63e2b7d47d2d63c52bc605b78733e11858f33a,Jewells 33_11kV,jewells3311kv,2020,366,2019-05-01,2020-04-30,0,96,MW,0.9944216757741348,0,0,0,364,True
2020/FY 2020/Killarney 33_11kV FY2020.csv,739653e3e4b448e47fc79c38f43f10355e806361a98f25c1429a203f53eacd24,Killarney 33_11kV,killarney3311kv,2020,366,2019-05-01,2020-04-30,0,96,MW,0.9961577868852459,0,0,0,363,True
2020/FY 2020/Kingsford 132_11kV FY2020.csv,b454becd51d52e7fb4440c8a6f533bb11feaf7361dec3fb3fccbae03e1d214ac,Kingsford 132_11kV,kingsford13211kv,2020,366,2019-05-01,2020-04-30,0,96,MW,0.9961293260473588,0,0,0,363,True
2020/FY 2020/Kirrawee 132_11kV FY2020.csv,f5d15a8a9a1ecffc21bec25b6f7214ffcfa4a17515fe411542423136410258ee,Kirrawee 132_11kV,kirrawee13211kv,2020,366,2019-05-01,2020-04-30,0,96,MW,0.9961577868852459,0,0,0,363,True
2020/FY 2020/Kogarah 132_11kV FY2020.csv,eb802c29341c3e5f8df36f2c717411f6c5039aab03320eb4fee31e1c9763fa32,Kogarah 132_11kV,kogarah13211kv,2020,366,2019-05-01,2020-04-30,0,96,MW,0.9960724043715847,0,0,0,363,True
2020/FY 2020/Kotara 33_11kV FY2020.csv,e5a4c1172001d2f0e1a78d5bd287b6323ad1d5e462a3e2993cb87cbc93e38b3d,Kotara 33_11kV,kotara3311kv,2020,366,2019-05-01,2020-04-30,0,96,MW,0.9998861566484517,0,0,0,366,True
2020/FY 2020/Kurnell 33_11kV FY2020.csv,a7cb1507cccff5e8763f48f9f1eb0f20971190d306e0a01e5f8edd0b515c8816,Kurnell 33_11kV,kurnell3311kv,2020,366,2019-05-01,2020-04-30,0,96,MW,0.0,0,0,0,0,False
2020/FY 2020/Kurnell 33_6.3kV FY2020.csv,db685fc96d574db486e857f4b2e19b63ca3d22c0be6da8ec90ff1141884b419b,Kurnell 33_6.3kV,kurnell3363kv,2020,366,2019-05-01,2020-04-30,0,96,MW,0.0,0,0,0,0,False
2020/FY 2020/Kurnell South 132_11kV FY2020.csv,bbb27fcbc26f473d1e372825f66a544a794af11f7a4a6e1e4d41a725cb8ef36b,Kurnell South 132_11kV,kurnellsouth13211kv,2020,366,2019-05-01,2020-04-30,0,96,MW,0.9998861566484517,0,0,0,366,True
2020/FY 2020/Kurri 132_11kV FY2020.csv,e167f9c633c2bd7bfbff23909be9c2234dcd470d1522831568cb6d2580b0abd9,Kurri 132_11kV,kurri13211kv,2020,366,2019-05-01,2020-04-30,0,96,MW,0.7758424408014571,0,0,0,284,False
2020/FY 2020/Kurri 33_11kV FY2020.csv,707f6d584f40d7b06b499729c07915b7848e13148b65163ff08d176ef69ce8de,Kurri 33_11kV,kurri3311kv,2020,366,2019-05-01,2020-04-30,0,96,MW,0.0,0,0,0,0,False
2020/FY 2020/Lake Munmorah 132_11kV FY2020.csv,e2d1be4d5d31eeef818aea588c9fc04d261fab98528d43a10dea21cf7351c0a7,Lake Munmorah 132_11kV,lakemunmorah13211kv,2020,366,2019-05-01,2020-04-30,0,96,MW,0.9924863387978142,0,0,0,362,True
2020/FY 2020/Lake Munmorah 33_11kV FY2020.csv,d75b27d342dd7178ded0cc78fb34cb753965518a6ac1878e3a0ddf9051f5259d,Lake Munmorah 33_11kV,lakemunmorah3311kv,2020,366,2019-05-01,2020-04-30,0,96,MW,0.0,0,0,0,0,False
2020/FY 2020/Leichhardt 132_11kV FY2020.csv,9719ab079d93aba5d22094082aca204d5b3399a6331aa15be639488314f3e952,Leichhardt 132_11kV,leichhardt13211kv,2020,366,2019-05-01,2020-04-30,0,96,MW,0.9998861566484517,0,0,0,366,True
2020/FY 2020/Leichhardt 33_11kV FY2020.csv,e8a199d60227f6864dec7cdaaadda071b4af1009b3ae4e9ac94cd6aea103cfb8,Leichhardt 33_11kV,leichhardt3311kv,2020,366,2019-05-01,2020-04-30,0,96,MW,0.0,0,0,0,0,False
2020/FY 2020/Leightonfield 33_11kV FY2020.csv,4dc2e29464c4df0906f0dd5304848d139eb24dbc85ef92b1c011deb79c2f0c64,Leightonfield 33_11kV,leightonfield3311kv,2020,366,2019-05-01,2020-04-30,0,96,MW,0.9961577868852459,0,0,0,363,True
2020/FY 2020/Lemington 66_11kV FY2020.csv,03ef938c87af60afc776c2b679ed19928f3b94734db1b9f3ae8f9ceda60df475,Lemington 66_11kV,lemington6611kv,2020,366,2019-05-01,2020-04-30,0,96,MW,0.9976662112932605,0,0,0,364,True
2020/FY 2020/Lidcombe 33_11kV FY2020.csv,067af8616c2d9c649157e89fbde20b683cc469deb99bb16159ab67d3b1a9c87a,Lidcombe 33_11kV,lidcombe3311kv,2020,366,2019-05-01,2020-04-30,0,96,MW,0.9961577868852459,0,0,0,363,True
2020/FY 2020/Lindfield 33_11kV FY2020.csv,5a442b4f5618f5095a32490b4c0ca90b9d4b5157e5e81888038ad51c43a6a740,Lindfield 33_11kV,lindfield3311kv,2020,366,2019-05-01,2020-04-30,0,96,MW,0.9998861566484517,0,0,0,366,True
2020/FY 2020/Lisarow 33_11kV FY2020.csv,d550c42317ae47545b789171d1fe5184d48374663db5e6cb7eefc33cfa3e0122,Lisarow 33_11kV,lisarow3311kv,2020,366,2019-05-01,2020-04-30,0,96,MW,0.9961577868852459,0,0,0,363,True
2020/FY 2020/Long Jetty 33_11kV FY2020.csv,98ee3fce7a301739453f4b72cbd6499ad73c1e5b6b3931e759714485e6c421b6,Long Jetty 33_11kV,longjetty3311kv,2020,366,2019-05-01,2020-04-30,0,96,MW,0.0,0,0,0,0,False
2020/FY 2020/Long Jetty 66_11kV FY2020.csv,4f5ee64e5b3f9f50bed2a776a4ccd45e3adc277bc3af69adbbb505f2be5b6195,Long Jetty 66_11kV,longjetty6611kv,2020,366,2019-05-01,2020-04-30,0,96,MW,0.9997723132969034,0,0,0,366,True
2020/FY 2020/Lucas Heights 33_11kV FY2020.csv,4364b26da9b75be7936f9df8a53d6a4a268a1dc339ddfa38d61db384c16c058f,Lucas Heights 33_11kV,lucasheights3311kv,2020,366,2019-05-01,2020-04-30,0,96,MW,0.9961577868852459,0,0,0,363,True
2020/FY 2020/Macquarie Park 132_11kV FY2020.csv,b847cdb0b0f8400976a9ee51b72b46b970630677ffe4741e81e867b74cfb3db9,Macquarie Park 132_11kV,macquariepark13211kv,2020,366,2019-05-01,2020-04-30,0,96,MW,0.9998861566484517,0,0,0,366,True
2020/FY 2020/Maitland 33_11kV FY2020.csv,fb44fa4a95406326f94cf8283b973851ef34bef064940f96e841a9c69bbeff53,Maitland 33_11kV,maitland3311kv,2020,366,2019-05-01,2020-04-30,0,96,MW,0.9998861566484517,0,0,0,366,True
2020/FY 2020/Maitland Central 33_11kV FY2020.csv,32f37d19b22ed182ee07357bbeec83ffd11444b2ffc83d1242e3164552c0390d,Maitland Central 33_11kV,maitlandcentral3311kv,2020,366,2019-05-01,2020-04-30,0,96,MW,0.0,0,0,0,0,False
2020/FY 2020/Manly 33_11kV FY2020.csv,7d950025ed57ac172836ba45056700d2f5b263ea6f81d1374031883a1b7e6598,Manly 33_11kV,manly3311kv,2020,366,2019-05-01,2020-04-30,0,96,MW,0.9998861566484517,0,0,0,366,True
2020/FY 2020/Maroubra 132_11kV FY2020.csv,68647980975bf0ca922e64ec1e95c22065548043736d2db7c81c9e07aebb46ac,Maroubra 132_11kV,maroubra13211kv,2020,366,2019-05-01,2020-04-30,0,96,MW,0.9961577868852459,0,0,0,363,True
2020/FY 2020/Marrickville 132_11kV FY2020.csv,cb88e4b3c90bb77e76e4918bf86167fdb9088c8cdcf6841af1c3bdbdaf6ec076,Marrickville 132_11kV,marrickville13211kv,2020,366,2019-05-01,2020-04-30,0,96,MW,0.9961577868852459,0,0,0,363,True
2020/FY 2020/Maryland 132_11kV FY2020.csv,8c1fa5e94f562372c94a31b3e03b1b72d3a8fd4fa20eb8a397dd369f5e09ca2b,Maryland 132_11kV,maryland13211kv,2020,366,2019-05-01,2020-04-30,0,96,MW,0.9998861566484517,0,0,0,366,True
2020/FY 2020/Mascot 33_11kV FY2020.csv,5a2b346841ab5d70a351e5d396a131af098211ac0a6499d85f1c5f89c9fbb45f,Mascot 33_11kV,mascot3311kv,2020,366,2019-05-01,2020-04-30,0,96,MW,0.9961577868852459,0,0,0,363,True
2020/FY 2020/Matraville 33_11kV FY2020.csv,8ce705fd823d40989bf699cfa23aa6fa2c0fad6f491d32989f81f7936db13e26,Matraville 33_11kV,matraville3311kv,2020,366,2019-05-01,2020-04-30,0,96,MW,0.9998861566484517,0,0,0,366,True
2020/FY 2020/Mayfield 33_11kV FY2020.csv,a63eccf4ea5f616184d2cf603e28324dfbf9613f8d8bc3648ff672d76980332e,Mayfield 33_11kV,mayfield3311kv,2020,366,2019-05-01,2020-04-30,0,96,MW,0.0,0,0,0,0,False
2020/FY 2020/Mayfield West 132_11kV FY2020.csv,8755e0129ff8b959a48f481985a81c80c046fd535b6211fbd090c35b33714be0,Mayfield West 132_11kV,mayfieldwest13211kv,2020,366,2019-05-01,2020-04-30,0,96,MW,0.9998861566484517,0,0,0,366,True
2020/FY 2020/Meadowbank 132_11kV FY2020.csv,f5ffc0b336c5dbd642f7f286211cca205788d077830c0f54836ec1793b4990ca,Meadowbank 132_11kV,meadowbank13211kv,2020,366,2019-05-01,2020-04-30,0,96,MW,0.9961577868852459,0,0,0,363,True
2020/FY 2020/Medowie 33_11kV FY2020.csv,0903f584acf0b1e0ba1969d88572095fb47949650116f5f643937cfd32a413b7,Medowie 33_11kV,medowie3311kv,2020,366,2019-05-01,2020-04-30,0,96,MW,0.9998861566484517,0,0,0,366,True
2020/FY 2020/Menai 132_11kV FY2020.csv,a84682c699e8974b15874623c2a2db46f85a7786fb09dd8579ae6beae85467ed,Menai 132_11kV,menai13211kv,2020,366,2019-05-01,2020-04-30,0,96,MW,0.9961577868852459,0,0,0,363,True
2020/FY 2020/Merriwa 33_11kV FY2020.csv,1a5ec7847a20809f6c3e9375acf43518cf703527921553a6211a51207cab312b,Merriwa 33_11kV,merriwa3311kv,2020,366,2019-05-01,2020-04-30,0,96,MW,0.9998861566484517,0,0,0,366,True
2020/FY 2020/Metford 33_11kV FY2020.csv,1975a600e461b8a6f9d01feb13b3ccc482675bf2acbe006bf3918bb35a4328a8,Metford 33_11kV,metford3311kv,2020,366,2019-05-01,2020-04-30,0,96,MW,0.9998861566484517,0,0,0,366,True
2020/FY 2020/Milperra 132_11kV FY2020.csv,69ae27852d7b6a77ee974359089f02190cd9f6419331f3052c7eb87b8400c555,Milperra 132_11kV,milperra13211kv,2020,366,2019-05-01,2020-04-30,0,96,MW,0.9961577868852459,0,0,0,363,True
2020/FY 2020/Miranda 33_11kV FY2020.csv,727b2e45ad5a0c71a125a66b5a0fd2510e74b41a8db87e84ede4326e8ed375a1,Miranda 33_11kV,miranda3311kv,2020,366,2019-05-01,2020-04-30,0,96,MW,0.9998861566484517,0,0,0,366,True
2020/FY 2020/Mitchell Line 66_11kV FY2020.csv,3ead4bb19e323709a07a6af64f970dd985e4c872adfc659723dc5cc56befb3ac,Mitchell Line 66_11kV,mitchellline6611kv,2020,366,2019-05-01,2020-04-30,0,96,MW,0.9944216757741348,0,0,0,364,True
2020/FY 2020/Mitchells Flat 66_11kV FY2020.csv,75ce3b1f15114509a28efd696ac53b64068fb3502ede9507481f2f5b2efd88ac,Mitchells Flat 66_11kV,mitchellsflat6611kv,2020,366,2019-05-01,2020-04-30,0,96,MW,0.9856841985428051,0,0,0,345,True
2020/FY 2020/Mona Vale 33_11kV FY2020.csv,d1fd27121c7c80f0b36bb69030adf550c59247aa98c010d06a5711f659061340,Mona Vale 33_11kV,monavale3311kv,2020,366,2019-05-01,2020-04-30,0,96,MW,0.9994877049180327,0,0,0,365,True
2020/FY 2020/Moonan 33_11kV FY2020.csv,6e1d027b1417d5e437219e05a187f3f1ec8cc58a7f73437a27711324a200f271,Moonan 33_11kV,moonan3311kv,2020,366,2019-05-01,2020-04-30,0,96,MW,0.9998861566484517,0,0,0,366,True
2020/FY 2020/Morisset 132_11kV FY2020.csv,5d898fe26aadaf04cbdf2cf0abdbfad2219f879536fb6ea67a9726b0ce1d63a5,Morisset 132_11kV,morisset13211kv,2020,366,2019-05-01,2020-04-30,0,96,MW,0.9967839253187614,0,0,0,364,True
2020/FY 2020/Morisset 33_11kV Temp FY2020.csv,119fa2b3dafe56f4b6c21a2144b358c76db7dbfc4d9e83e2888ea7b5abb7a6fd,Morisset 33_11kV Temp,morisset3311kvtemp,2020,366,2019-05-01,2020-04-30,0,96,MW,0.0,0,0,0,0,False
2020/FY 2020/Mortdale 33_11kV FY2020.csv,456de60a842adf20ca39902f80406a60aad8f4ca4c63a541168220413167d525,Mortdale 33_11kV,mortdale3311kv,2020,366,2019-05-01,2020-04-30,0,96,MW,0.9961577868852459,0,0,0,363,True
2020/FY 2020/Mosman 132_11kV FY2020.csv,f2f9cf2a0a0dde181da341b93fe679ac486573b0aecc328771274ad4cb0409db,Mosman 132_11kV,mosman13211kv,2020,366,2019-05-01,2020-04-30,0,96,MW,0.9961577868852459,0,0,0,363,True
2020/FY 2020/Mt Hutton 33_11kV FY2020.csv,4e0ade391afcd39d2e60422f5c63ebcbb2d792829c02babe09fd701aa890b4da,Mt Hutton 33_11kV,mthutton3311kv,2020,366,2019-05-01,2020-04-30,0,96,MW,0.98650956284153,0,0,0,333,True
2020/FY 2020/Mt Thorley 66_11kV FY2020.csv,dc7d5526d67905bc35df454d1720fd14219e4021d1b2b485a84a472542de0319,Mt Thorley 66_11kV,mtthorley6611kv,2020,366,2019-05-01,2020-04-30,0,96,MW,0.9998861566484517,0,0,0,366,True
2020/FY 2020/Muswellbrook 33_11kV FY2020.csv,febb430a337b12c4bde9106dc6a5a4a7bd4abb7be6073641553eac6f2d8cea72,Muswellbrook 33_11kV,muswellbrook3311kv,2020,366,2019-05-01,2020-04-30,0,96,MW,0.999146174863388,0,0,0,365,True
2020/FY 2020/Narrabeen 33_11kV FY2020.csv,109e233c4bb1668c075eaa1446d90c24e3a185b3d8f0847f6423e9e6a8502dc0,Narrabeen 33_11kV,narrabeen3311kv,2020,366,2019-05-01,2020-04-30,0,96,MW,0.9956454918032787,0,0,0,362,True
2020/FY 2020/Nelson Bay 33_11kV FY2020.csv,b639f1f60889023cf4ddc085fae8d36fdbbbdb1fe62dcc8be76ce8f70044a364,Nelson Bay 33_11kV,nelsonbay3311kv,2020,366,2019-05-01,2020-04-30,0,96,MW,0.9998861566484517,0,0,0,366,True
2020/FY 2020/New Lambton 33_11kV FY2020.csv,434fc86cfa3c10d03d77d7beefafda1e07802ca60d913a64c4a6a3ff51955a56,New Lambton 33_11kV,newlambton3311kv,2020,366,2019-05-01,2020-04-30,0,96,MW,0.9998861566484517,0,0,0,366,True
2020/FY 2020/Newcastle CBD 33_11kV FY2020.csv,90304e215593331359c0ab60c823dfffb46ae1ef9bc49fed463a34c4c142abeb,Newcastle CBD 33_11kV,newcastlecbd3311kv,2020,366,2019-05-01,2020-04-30,0,96,MW,0.9998861566484517,0,0,0,366,True
2020/FY 2020/Newdell 66_11kV FY2020.csv,21a72e18306710049437ec78f96333c1bce2eddb96c6c05518db6597cc7c5016,Newdell 66_11kV,newdell6611kv,2020,366,2019-05-01,2020-04-30,0,96,MW,0.9998861566484517,0,0,0,366,True
2020/FY 2020/Newport 33_11kV FY2020.csv,2d76d12844ba573e2980d7e971746b0a6a583fb7da74c40632c85f6fe6890653,Newport 33_11kV,newport3311kv,2020,366,2019-05-01,2020-04-30,0,96,MW,0.9960154826958105,0,0,0,362,True
2020/FY 2020/Noraville 33_11kV FY2020.csv,9bf15a00d6372cddb0747264d312f6009e886fc703ded6358bf80e66d3d1c8f7,Noraville 33_11kV,noraville3311kv,2020,366,2019-05-01,2020-04-30,0,96,MW,0.9961577868852459,0,0,0,363,True
2020/FY 2020/North Head 33_11kV FY2020.csv,380d81fa1a09d4c39f69b8f0d23596bcf5156d51289a9ad7b2744b3bb5345912,North Head 33_11kV,northhead3311kv,2020,366,2019-05-01,2020-04-30,0,96,MW,0.9961577868852459,0,0,0,363,True
2020/FY 2020/North Ryde 66_11kV FY2020.csv,3922f1f8458711630d0bd6e9cecb1ae7eb60ff260243893bf3195b4eccf6cf8c,North Ryde 66_11kV,northryde6611kv,2020,366,2019-05-01,2020-04-30,0,96,MW,0.0,0,0,0,0,False
2020/FY 2020/North Sydney 132_11kV FY2020.csv,f90e730e6039692b028d74deaf8852d8d4f9557e353fffd88514e75d2f880f92,North Sydney 132_11kV,northsydney13211kv,2020,366,2019-05-01,2020-04-30,0,96,MW,0.8632741347905283,0,0,0,316,False
2020/FY 2020/North Sydney 33_11kV FY2020.csv,e57b4289c818a1348bccfd4340ca10702fc9fa83d483de74f9cbe6b04b4d00d7,North Sydney 33_11kV,northsydney3311kv,2020,366,2019-05-01,2020-04-30,0,96,MW,0.0,0,0,0,0,False
2020/FY 2020/Nulkaba 33_11kV FY2020.csv,de9c0a4b03db4a707a8e0591f7f588b6db499eb623d07f67989fb071b2c3cda0,Nulkaba 33_11kV,nulkaba3311kv,2020,366,2019-05-01,2020-04-30,0,96,MW,0.9998292349726776,0,0,0,366,True
2020/FY 2020/Olympic Park 132_11kV FY2020.csv,aa61c81e9d7b902552dd9fd24df05fd898fdc153635da787dece7505b3ac10b3,Olympic Park 132_11kV,olympicpark13211kv,2020,366,2019-05-01,2020-04-30,0,96,MW,0.9998861566484517,0,0,0,366,True
2020/FY 2020/Paddington 33_11kV FY2020.csv,e5c635ca349dee6bdbb3907351943fe4aeaa151439b38fee82340b5fe8afd87e,Paddington 33_11kV,paddington3311kv,2020,366,2019-05-01,2020-04-30,0,96,MW,0.9961577868852459,0,0,0,363,True
2020/FY 2020/Padstow 33_11kV FY2020.csv,60f093e31f47e2de98de0a92681d205fac13d179ae32bb16308722f8cb52c320,Padstow 33_11kV,padstow3311kv,2020,366,2019-05-01,2020-04-30,0,96,MW,0.0,0,0,0,0,False
2020/FY 2020/Paxton 33_11kV FY2020.csv,07974ffa702cbefe2afff5a5ec389093e8cc077cfde9fdea2bd551a6bad552c7,Paxton 33_11kV,paxton3311kv,2020,366,2019-05-01,2020-04-30,0,96,MW,0.999146174863388,0,0,0,365,True
2020/FY 2020/Peats Ridge 33_11kV FY2020.csv,504fd7174e2ab0f511e25eedba9b55da10b10806a932ceab2a69ecb3d0844eb3,Peats Ridge 33_11kV,peatsridge3311kv,2020,366,2019-05-01,2020-04-30,0,96,MW,0.9965562386156649,0,0,0,363,True
2020/FY 2020/Pelican 33_11kV FY2020.csv,fba8181d554b8faab7958f23de57bde52f63b0d7c14abb3df24ef050daa3a22d,Pelican 33_11kV,pelican3311kv,2020,366,2019-05-01,2020-04-30,0,96,MW,0.9998861566484517,0,0,0,366,True
2020/FY 2020/Pennant Hills 132_11kV FY2020.csv,2fa90698eb55515339b3378dddb5bc8f1c14e4b256e5142856a29249b532ed7d,Pennant Hills 132_11kV,pennanthills13211kv,2020,366,2019-05-01,2020-04-30,0,96,MW,0.9961577868852459,0,0,0,363,True
2020/FY 2020/Port Botany 33_11kV FY2020.csv,72dd3e8777b7c93747df44aa37a0f395d724322773ac87e20a2fa72dc19e50c8,Port Botany 33_11kV,portbotany3311kv,2020,366,2019-05-01,2020-04-30,0,96,MW,0.9961577868852459,0,0,0,363,True
2020/FY 2020/Potts Hill 132_11kV FY2020.csv,ccf26cb7ac8df40008fcc095599133d45558b821ad98bbe4d930e618c6c60fc6,Potts Hill 132_11kV,pottshill13211kv,2020,366,2019-05-01,2020-04-30,0,96,MW,0.9998861566484517,0,0,0,366,True
2020/FY 2020/Punchbowl 33_11kV FY2020.csv,cbffc74cfedc7affd37077896b327b26a4571ff77e59dabdb38357f76542b7e4,Punchbowl 33_11kV,punchbowl3311kv,2020,366,2019-05-01,2020-04-30,0,96,MW,0.9998861566484517,0,0,0,366,True
2020/FY 2020/Pymble 33_11kV FY2020.csv,4a572bee046d16cbcccd121d6fa419588135a46d349e342863383a08ec201d58,Pymble 33_11kV,pymble3311kv,2020,366,2019-05-01,2020-04-30,0,96,MW,0.9961577868852459,0,0,0,363,True
2020/FY 2020/RNS Hospital 132_11kV FY2020.csv,e714d229d4bb964644ee690de1ea57679fc242e567d5e3e6f9924b6847bc4a40,RNS Hospital 132_11kV,rnshospital13211kv,2020,366,2019-05-01,2020-04-30,0,96,MW,0.9961577868852459,0,0,0,363,True
2020/FY 2020/Randwick 33_11kV FY2020.csv,dc92c9957e413a6b12f97d729dc09bc85fcb81c0015366071d0b46d7c9d68994,Randwick 33_11kV,randwick3311kv,2020,366,2019-05-01,2020-04-30,0,96,MW,0.0,0,0,0,0,False
2020/FY 2020/Rathmines 132_11kV FY2020.csv,257e84a937b7f56e613935b125167f6bdd3e25d84752e021b22716166a510159,Rathmines 132_11kV,rathmines13211kv,2020,366,2019-05-01,2020-04-30,0,96,MW,0.9998861566484517,0,0,0,366,True
2020/FY 2020/Rathmines 132_11kV Temp FY2020.csv,b702922deec70b1d30e6d680515bfb1bba2d2a18263c1097622625f3540decae,Rathmines 132_11kV Temp,rathmines13211kvtemp,2020,366,2019-05-01,2020-04-30,0,96,MW,0.0,0,0,0,0,False
2020/FY 2020/Raymond Terr NEW 33_11kV FY2020.csv,4f9a6f52bc7b4c96c690677032ed5267b8db6deb5ae59664040249313dae9e35,Raymond Terr NEW 33_11kV,raymondterrnew3311kv,2020,366,2019-05-01,2020-04-30,0,96,MW,0.9998861566484517,0,0,0,366,True
2020/FY 2020/Raymond Terrace 33_11kV FY2020.csv,0e5a749c86169c531fc405df77fb27bd3f68c02596f623565b3a85ca1afba3d5,Raymond Terrace 33_11kV,raymondterrace3311kv,2020,366,2019-05-01,2020-04-30,0,96,MW,0.0,0,0,0,0,False
2020/FY 2020/Revesby 132_11kV FY2020.csv,07e7fd1665e9cf31ba63f2522cbf6cd7c4b655a7568525c7f0bed0a3b30017e1,Revesby 132_11kV,revesby13211kv,2020,366,2019-05-01,2020-04-30,0,96,MW,0.9961577868852459,0,0,0,363,True
2020/FY 2020/Riverwood 33_11kV FY2020.csv,ffc06b9e8c237ea09e0583a2f3b10a07de73b1c222716290580fbf5c610b937d,Riverwood 33_11kV,riverwood3311kv,2020,366,2019-05-01,2020-04-30,0,96,MW,0.9961577868852459,0,0,0,363,True
2020/FY 2020/Rockdale 132_11kV FY2020.csv,7c2cbc0fa5051790fb3bc1ca940cdfb5e7fed1abd8cc75fcb80214ddad3887c9,Rockdale 132_11kV,rockdale13211kv,2020,366,2019-05-01,2020-04-30,0,96,MW,0.9998861566484517,0,0,0,366,True
2020/FY 2020/Rockdale 33_11kV FY2020.csv,e1033848b8366f180c6049cc9c98970c6b11c670aa9c3cde045b1cf812717916,Rockdale 33_11kV,rockdale3311kv,2020,366,2019-05-01,2020-04-30,0,96,MW,0.0,0,0,0,0,False
2020/FY 2020/Rose Bay 132_11kV FY2020.csv,9871f8aac393d526afc115f401e311c80def6fdf261f64a0b3d543deb469643f,Rose Bay 132_11kV,rosebay13211kv,2020,366,2019-05-01,2020-04-30,0,96,MW,0.9998861566484517,0,0,0,366,True
2020/FY 2020/Rose Bay 33_11kV FY2020.csv,70cb9a46685b4923b2dedf2791a5983c1ca1a1ff2e235fd8ab3670ec67d3fd90,Rose Bay 33_11kV,rosebay3311kv,2020,366,2019-05-01,2020-04-30,0,96,MW,0.0,0,0,0,0,False
2020/FY 2020/Rothbury 132_11kV FY2020.csv,8338434ac4363cec3bcd2553e041b10ff206b063ffd08c3ac92f8fe26cc9ebc1,Rothbury 132_11kV,rothbury13211kv,2020,366,2019-05-01,2020-04-30,0,96,MW,0.9998861566484517,0,0,0,366,True
2020/FY 2020/Rouchel 33_11kV FY2020.csv,00df381a31321161f81c8fbc9f9d342022bdcb5e420c7e5e659e94e6562dd803,Rouchel 33_11kV,rouchel3311kv,2020,366,2019-05-01,2020-04-30,0,96,MW,0.9365038706739527,0,0,0,340,False
2020/FY 2020/Rutherford 33_11kV FY2020.csv,4b9652f6da2485e7b090cacef34adf48df10a59130ce51ce039db8b2cf423a0e,Rutherford 33_11kV,rutherford3311kv,2020,366,2019-05-01,2020-04-30,0,96,MW,0.9998861566484517,0,0,0,366,True
2020/FY 2020/Salt Ash 33_11kV FY2020.csv,489d7aef2dd0b36770f2976757461810d473f10069d3d7fb8b162f6155cde26a,Salt Ash 33_11kV,saltash3311kv,2020,366,2019-05-01,2020-04-30,0,96,MW,0.0,0,0,0,0,False
2020/FY 2020/Sans Souci 33_11kV FY2020.csv,4fc5176d10f1f96edba35364faf00041a41c358e7cde020bf1f67f9e30273e32,Sans Souci 33_11kV,sanssouci3311kv,2020,366,2019-05-01,2020-04-30,0,96,MW,0.9961577868852459,0,0,0,363,True
2020/FY 2020/Scone 66_11kV FY2020.csv,3927b421d7507b2242d0b0f5b549405b774847ab960c01adb3678231b10586e1,Scone 66_11kV,scone6611kv,2020,366,2019-05-01,2020-04-30,0,96,MW,0.9998861566484517,0,0,0,366,True
2020/FY 2020/Sefton 132_11kV FY2020.csv,72835852448b75dccac8560173f94e809b9bf7491698c4026bc09c746a25927f,Sefton 132_11kV,sefton13211kv,2020,366,2019-05-01,2020-04-30,0,96,MW,0.9961577868852459,0,0,0,363,True
2020/FY 2020/Shortland 33_11kV FY2020.csv,a91701e110941fea7ce39899620b9b7d5ee383af9f9fa56a2e6b37900faf7e1a,Shortland 33_11kV,shortland3311kv,2020,366,2019-05-01,2020-04-30,0,96,MW,0.0,0,0,0,0,False
2020/FY 2020/Singleton 66_11kV FY2020.csv,b338b7a6912074be0ce1e4ae396747d95caf365c812b47d4fde35790df2813bc,Singleton 66_11kV,singleton6611kv,2020,366,2019-05-01,2020-04-30,0,96,MW,0.9998861566484517,1939,0,0,345,True
2020/FY 2020/Singleton North 66_11kV FY2020.csv,7778a21a6d9ca0806029a3ac30a1631aa98198af5769f6f22b5e20e514828d5f,Singleton North 66_11kV,singletonnorth6611kv,2020,366,2019-05-01,2020-04-30,0,96,MW,0.999146174863388,0,0,0,365,True
2020/FY 2020/Somersby 132_11kV FY2020.csv,bc12135b2e4ea04968546919942bb49168675c5ffd18e8ee1f7c7c5a2c4cc99e,Somersby 132_11kV,somersby13211kv,2020,366,2019-05-01,2020-04-30,0,96,MW,0.9998861566484517,0,0,0,366,True
2020/FY 2020/St Ives 33_11kV FY2020.csv,4cd51dad4703856ab28abb7635876c88a198788ad3db623265ce7d3119f0b2bb,St Ives 33_11kV,stives3311kv,2020,366,2019-05-01,2020-04-30,0,96,MW,0.9961577868852459,0,0,0,363,True
2020/FY 2020/St Peters 132_11kV FY2020.csv,8db7d0b11c780b86b5fef0c32d55c21ba14ec40cb893f5a75c1f20440c490ee7,St Peters 132_11kV,stpeters13211kv,2020,366,2019-05-01,2020-04-30,0,96,MW,0.9949908925318761,0,0,0,362,True
2020/FY 2020/Stockton 33_11kV FY2020.csv,a71ac5e44c22238293f88c6900b5e3d2534fcbb93722d05adeecb1d659973a27,Stockton 33_11kV,stockton3311kv,2020,366,2019-05-01,2020-04-30,0,96,MW,0.9944216757741348,0,0,0,364,True
2020/FY 2020/Strathfield South 132_11kV FY2020.csv,7ff2c0ab3c989c84cfa857511b22cd7ccd0997e7042fb92b4e6c26ccd20d430c,Strathfield South 132_11kV,strathfieldsouth13211kv,2020,366,2019-05-01,2020-04-30,0,96,MW,0.0,0,0,0,0,False
2020/FY 2020/Summer Hill 33_11kV FY2020.csv,ad4bd054178e17d45bfe5a6eb22835517a72a62ba9657fcc33d4593772658aff,Summer Hill 33_11kV,summerhill3311kv,2020,366,2019-05-01,2020-04-30,0,96,MW,0.0,0,0,0,0,False
2020/FY 2020/Surry Hills 33_11kV FY2020.csv,563553dad5942cc86c670989b37e272bacc5a82be88e66e3cab2b8016fc123f1,Surry Hills 33_11kV,surryhills3311kv,2020,366,2019-05-01,2020-04-30,0,96,MW,0.9998861566484517,0,0,0,366,True
2020/FY 2020/Swansea 33_11kV FY2020.csv,7157cd517ac39037552ebea74c5acbf2d1623c5d2dc904d83510e2ed0b81c39b,Swansea 33_11kV,swansea3311kv,2020,366,2019-05-01,2020-04-30,0,96,MW,0.9944216757741348,0,0,0,364,True
2020/FY 2020/Tanilba Bay 33_11kV FY2020.csv,f8f54099320533bdba84cd41686c029b2eb852e18ddcc0c897bcdb98c5749988,Tanilba Bay 33_11kV,tanilbabay3311kv,2020,366,2019-05-01,2020-04-30,0,96,MW,0.9998861566484517,0,0,0,366,True
2020/FY 2020/Tarro 33_11kV FY2020.csv,cd4d7050f78528c801b26a5625579eda6e3153bae5730ccddee8e5bfa79efceb,Tarro 33_11kV,tarro3311kv,2020,366,2019-05-01,2020-04-30,0,96,MW,0.9998861566484517,0,0,0,366,True
2020/FY 2020/Telarah 33_11kV FY2020.csv,7bc75010f6f837ecbac5cd0d398b5cccd53774b8eaf268cabebf6ba424c43aee,Telarah 33_11kV,telarah3311kv,2020,366,2019-05-01,2020-04-30,0,96,MW,0.9301855646630237,0,1,0,337,False
2020/FY 2020/Terrey Hills 33_11kV FY2020.csv,7194d05106aaf9c266b04f5f73f91e7783c1df9fe5b3dbb43364d76a8d024462,Terrey Hills 33_11kV,terreyhills3311kv,2020,366,2019-05-01,2020-04-30,0,96,MW,0.9961293260473588,0,0,0,363,True
2020/FY 2020/Thornton 33_11kV FY2020.csv,27b0543a4ace2e7ecb72afc9201f20c06f0f23e22c31590f388738876fba18bb,Thornton 33_11kV,thornton3311kv,2020,366,2019-05-01,2020-04-30,0,96,MW,0.9998861566484517,0,0,0,366,True
2020/FY 2020/Tighes Hill 33_11kV FY2020.csv,57cc53c3753c0e37db122ddaf3c6d3f4d6f22fe0b0cf7c7535d7cac7274f1671,Tighes Hill 33_11kV,tigheshill3311kv,2020,366,2019-05-01,2020-04-30,0,96,MW,0.9998861566484517,0,0,0,366,True
2020/FY 2020/Tomago 33_11kV FY2020.csv,52521ea717f60f9baab86d72b328c194c42010717c6cca29964eee1225bf5385,Tomago 33_11kV,tomago3311kv,2020,366,2019-05-01,2020-04-30,0,96,MW,0.9998861566484517,0,0,0,366,True
2020/FY 2020/Tomalpin 33_11kV FY2020.csv,a24c4fcfeafe46a1d5284b616e5b31d34d74a24a48a1a3e63f13568b61aaa5b4,Tomalpin 33_11kV,tomalpin3311kv,2020,366,2019-05-01,2020-04-30,0,96,MW,0.9990607923497268,0,0,0,365,True
2020/FY 2020/Tomaree 33_11kV FY2020.csv,c1e65da6a3b3f7314b2ad9d4b2d71a93eff8dbfd129eab3bedc75a6a7ab332ba,Tomaree 33_11kV,tomaree3311kv,2020,366,2019-05-01,2020-04-30,0,96,MW,0.9998861566484517,0,0,0,366,True
2020/FY 2020/Top Ryde 132_11kV FY2020.csv,44523f5aa08acc8d4ce699206064ca1c9dfb9c9cf0c94e9bf6f2d17e6df8e820,Top Ryde 132_11kV,topryde13211kv,2020,366,2019-05-01,2020-04-30,0,96,MW,0.9961577868852459,0,0,0,363,True
2020/FY 2020/Toronto 33_11kV FY2020.csv,f4377b0a0b42ea63815fef549f0b16bcb92498c03a71f677e54a2ca984090ca9,Toronto 33_11kV,toronto3311kv,2020,366,2019-05-01,2020-04-30,0,96,MW,0.0,0,0,0,0,False
2020/FY 2020/Toronto West 132_11kV FY2020.csv,6dc751921f563b66304208b0b8bfa9e0ce7b6eadaf83cab0638a957ca2c5dc5c,Toronto West 132_11kV,torontowest13211kv,2020,366,2019-05-01,2020-04-30,0,96,MW,0.9998861566484517,0,0,0,366,True
2020/FY 2020/Turramurra 33_11kV FY2020.csv,c4d4e7c4ae569a836a6d0fdff4eaab84b25554a6314542a445c97eada609d7a7,Turramurra 33_11kV,turramurra3311kv,2020,366,2019-05-01,2020-04-30,0,96,MW,0.9998861566484517,0,0,0,366,True
2020/FY 2020/Umina 66_11kV FY2020.csv,9cf9ef3b8ee9203c5430c1bdd0e2d1d28e842a1492e8d48d5fa884ea0a00e933,Umina 66_11kV,umina6611kv,2020,366,2019-05-01,2020-04-30,0,96,MW,0.9961577868852459,0,0,0,363,True
2020/FY 2020/Vales Point 33_11kV FY2020.csv,eacd42e7e0905d2852ab85999b2a2aedb568dc6a138471f03529c64891244d5e,Vales Point 33_11kV,valespoint3311kv,2020,366,2019-05-01,2020-04-30,0,96,MW,0.9998861566484517,0,0,0,366,True
2020/FY 2020/Wallalong 33_11kV FY2020.csv,6141ddd963736d459e33c72e6a5415805ba0182c2ecebd46faa4c9738d452de6,Wallalong 33_11kV,wallalong3311kv,2020,366,2019-05-01,2020-04-30,0,96,MW,0.0,0,0,0,0,False
2020/FY 2020/Wallsend 33_11kV FY2020.csv,e7c2ebbc2b8de6e0ac17882f7e4f3257fa9ead3b0c062afcf0d01462958ab3c2,Wallsend 33_11kV,wallsend3311kv,2020,366,2019-05-01,2020-04-30,0,96,MW,0.0,0,0,0,0,False
2020/FY 2020/Wamberal 132_11kV FY2020.csv,2765ce168d5cb49f71df36e850f3fbdc342b56805c4a1750ed04183d5449b0b4,Wamberal 132_11kV,wamberal13211kv,2020,366,2019-05-01,2020-04-30,0,96,MW,0.9998861566484517,0,0,0,366,True
2020/FY 2020/Wamberal 66_11kV FY2020.csv,809788e9544447cb65a98aaeda80b6254f5d2823ca6b1480b68adbb0e8da226b,Wamberal 66_11kV,wamberal6611kv,2020,366,2019-05-01,2020-04-30,0,96,MW,0.021886384335154826,0,0,0,7,False
2020/FY 2020/Waverley 132_11kV FY2020.csv,fcb4fec530aca0b7dcc22bd7fc32fb9f24c106975467c6b216e823a76dac4453,Waverley 132_11kV,waverley13211kv,2020,366,2019-05-01,2020-04-30,0,96,MW,0.9998861566484517,0,0,0,366,True
2020/FY 2020/Waverley 33_11kV FY2020.csv,f407fdd60de858746935e046d063dbb8562176d1732151d213bbae76f264f7a8,Waverley 33_11kV,waverley3311kv,2020,366,2019-05-01,2020-04-30,0,96,MW,0.0,0,0,0,0,False
2020/FY 2020/West Gosford 132_11kV FY2020.csv,409a3fb5d2ecbcdac24f77826b55b02ecd083d7877753a7976cf1a6dbbf100db,West Gosford 132_11kV,westgosford13211kv,2020,366,2019-05-01,2020-04-30,0,96,MW,0.9961577868852459,0,0,0,363,True
2020/FY 2020/Williamtown 33_11kV FY2020.csv,0999aa01f9d71a1085b24a7dae5e3bb2295b455fe502d131ae4d53a3991625ce,Williamtown 33_11kV,williamtown3311kv,2020,366,2019-05-01,2020-04-30,0,96,MW,0.9971539162112932,0,0,0,365,True
2020/FY 2020/Woy Woy 66_11kV FY2020.csv,28423c30bb0b86c13f9a036db80e40f22aa65d9f094606eca65543b77693630b,Woy Woy 66_11kV,woywoy6611kv,2020,366,2019-05-01,2020-04-30,0,96,MW,0.9961577868852459,0,0,0,363,True
2020/FY 2020/Wyong 132_11kV FY2020.csv,71bf60861e29a18caff60b3a9da3b1b2f531588465ab1ffa3d79b5d1075a07f4,Wyong 132_11kV,wyong13211kv,2020,366,2019-05-01,2020-04-30,0,96,MW,0.9961293260473588,0,0,0,363,True
2020/FY 2020/Zetland 132_11kV FY2020.csv,75858990c360591e923ebd0767396379d1068de519187bc941dc15f3bd0e8bde,Zetland 132_11kV,zetland13211kv,2020,366,2019-05-01,2020-04-30,0,96,MW,0.9961577868852459,0,0,0,363,True
2021/FY 2021/Aberdeen 66_11kV FY2021.csv,dfda3bf9c190877422ed423a1e1146a857d1723e28de3767a63e651d64326e75,Aberdeen 66_11kV,aberdeen6611kv,2021,365,2020-05-01,2021-04-30,0,96,MW,0.9998858447488584,0,0,0,365,True
2021/FY 2021/Adamstown 132_11kV FY2021.csv,424f17f1d086f64eb6178dac92c9071156340df3ad8222bd4339d5b96642f94b,Adamstown 132_11kV,adamstown13211kv,2021,365,2020-05-01,2021-04-30,0,96,MW,0.9998858447488584,0,0,0,365,True
2021/FY 2021/Argenton 132_11kV FY2021.csv,2aad1e94b48f6fb6835401a60871fad20e0b7599deaeda47be2ee1bd7d9e43ca,Argenton 132_11kV,argenton13211kv,2021,365,2020-05-01,2021-04-30,0,96,MW,0.9942922374429224,0,0,0,363,True
2021/FY 2021/Arncliffe 33_11kV FY2021.csv,badb059a11cf18e36ff7a646b93e0910992e35c20e68dce3edd038a8e3befec6,Arncliffe 33_11kV,arncliffe3311kv,2021,365,2020-05-01,2021-04-30,0,96,MW,0.0,0,0,0,0,False
2021/FY 2021/Auburn 33_11kV FY2021.csv,c0ceb7963131fc0e391fe15fe83afba194be5f45c1acdccc818be739d9d01990,Auburn 33_11kV,auburn3311kv,2021,365,2020-05-01,2021-04-30,0,96,MW,0.9505707762557077,0,0,0,347,True
2021/FY 2021/Avoca 66_11kV FY2021.csv,29ec95f9c48e19df50a392d01f960faecd81cdcc27682037915846a639d261c1,Avoca 66_11kV,avoca6611kv,2021,365,2020-05-01,2021-04-30,0,96,MW,0.9940639269406393,0,0,0,363,True
2021/FY 2021/Avondale 33_11kV FY2021.csv,83db5b22e6c484a40828da0760545697d6b02acd5ebc6517a4ffd8f37ea4af2e,Avondale 33_11kV,avondale3311kv,2021,365,2020-05-01,2021-04-30,0,96,MW,0.9829623287671233,0,0,0,358,True
2021/FY 2021/Baerami 33_11kV FY2021.csv,b08170643ada3331bfb2d4f37dbe82e1cc17212dea43130059e1f98c138ee404,Baerami 33_11kV,baerami3311kv,2021,365,2020-05-01,2021-04-30,0,96,MW,0.9928938356164384,0,0,0,361,True
2021/FY 2021/Balgowlah North 132_11kV FY2021.csv,0f81ebeee3d83525832d72a7802929fd891f07621fd9f6611a1384b8d69ce128,Balgowlah North 132_11kV,balgowlahnorth13211kv,2021,365,2020-05-01,2021-04-30,0,96,MW,0.9942922374429224,0,0,0,363,True
2021/FY 2021/Bankstown 132_11kV FY2021.csv,adf431bb0cd73865ee7556b6e49699d0666076aea81ae814aed9bd9a54ec2200,Bankstown 132_11kV,bankstown13211kv,2021,365,2020-05-01,2021-04-30,0,96,MW,0.9942922374429224,0,0,0,363,True
2021/FY 2021/Bass Hill 33_11kV FY2021.csv,e5b5b0bb9bb07446aeb4047d0f72458b8fce9b0c47ac25dc03204832516f3dea,Bass Hill 33_11kV,basshill3311kv,2021,365,2020-05-01,2021-04-30,0,96,MW,0.9998858447488584,0,0,0,365,True
2021/FY 2021/Beacon Hill 33_11kV FY2021.csv,7ef86ca1293f27807d941e54173082bcfc3c414541d9058a35fbd1afa98e9a1f,Beacon Hill 33_11kV,beaconhill3311kv,2021,365,2020-05-01,2021-04-30,0,96,MW,0.9505707762557077,0,0,0,347,True
2021/FY 2021/Belmore Park 132_11kV FY2021.csv,679313597f260db87f07d03f4cfbcfe8f724b9ca21b77d59343cdf76c338e165,Belmore Park 132_11kV,belmorepark13211kv,2021,365,2020-05-01,2021-04-30,0,96,MW,0.0,0,0,0,0,False
2021/FY 2021/Belrose 33_11kV FY2021.csv,7d3a1d36a982e770a3c042124f64d62b083b3a9194fe47a1f2006db50acbb16b,Belrose 33_11kV,belrose3311kv,2021,365,2020-05-01,2021-04-30,0,96,MW,0.9505707762557077,0,0,0,347,True
2021/FY 2021/Berkeley Vale 132_11kV FY2021.csv,a4b532c7b6bccdf3fb4092b613ac67345a8be94351c1f877c0f20a2fb1ea7443,Berkeley Vale 132_11kV,berkeleyvale13211kv,2021,365,2020-05-01,2021-04-30,0,96,MW,0.9942922374429224,0,0,0,363,True
2021/FY 2021/Berowra 132_11kV FY2021.csv,eac478f8ebe6b362aac1fd608a365aa193478f22c5ae977b052cb07069285930,Berowra 132_11kV,berowra13211kv,2021,365,2020-05-01,2021-04-30,0,96,MW,0.9505707762557077,0,0,0,347,True
2021/FY 2021/Blackwattle Bay 33_5kV FY2021.csv,e32d923b807b18a13978938c736a40f7bd51a20946d3fd20de446a6afa9f18f4,Blackwattle Bay 33_5kV,blackwattlebay335kv,2021,365,2020-05-01,2021-04-30,0,96,MW,0.9505707762557077,0,0,0,347,True
2021/FY 2021/Blakehurst 33_11kV FY2021.csv,809f1cf455b13c33f23145e1cd254791859fe8c8a89c1eb773911e7d800174b5,Blakehurst 33_11kV,blakehurst3311kv,2021,365,2020-05-01,2021-04-30,0,96,MW,0.9505707762557077,0,0,0,347,True
2021/FY 2021/Botany 33_11kV FY2021.csv,808d87086b4e12836fc4802563741481a5bbece091a384574d22156a933424ec,Botany 33_11kV,botany3311kv,2021,365,2020-05-01,2021-04-30,0,96,MW,0.994406392694064,0,0,0,363,True
2021/FY 2021/Brandy Hill 132_11kV FY2021.csv,e0f67e0d41e0698acb23740b829d4cae6ee42c4e2246cd7401cdc9fbaa65a9ef,Brandy Hill 132_11kV,brandyhill13211kv,2021,365,2020-05-01,2021-04-30,0,96,MW,0.9998858447488584,0,0,0,365,True
2021/FY 2021/Branxton 66_11kV FY2021.csv,6df6950224a5e48a12ab7bbd87713ebf55f9f2ebba5b63841e95676949a3cd06,Branxton 66_11kV,branxton6611kv,2021,365,2020-05-01,2021-04-30,0,96,MW,0.9998858447488584,0,0,0,365,True
2021/FY 2021/Broadmeadow 132_11kV FY2021.csv,c4dfa1e4ea00049cc1c477e6c528a3ecac98520b0d590ab2c43d9652f150e717,Broadmeadow 132_11kV,broadmeadow13211kv,2021,365,2020-05-01,2021-04-30,0,96,MW,0.9998858447488584,0,0,0,365,True
2021/FY 2021/Broadmeadow 33_11kV FY2021.csv,e10eb253eebb49196b5e96c6f423fb5c965370a09f200f8f18c73ab42b7a67de,Broadmeadow 33_11kV,broadmeadow3311kv,2021,365,2020-05-01,2021-04-30,0,96,MW,0.0,0,0,0,0,False
2021/FY 2021/Brookvale 33_11kV FY2021.csv,753c6bef7435e06577ab61a16a19912e076d4130150e6bfc13f0a28be458caba,Brookvale 33_11kV,brookvale3311kv,2021,365,2020-05-01,2021-04-30,0,96,MW,0.9505707762557077,0,0,0,347,True
2021/FY 2021/Burwood 132_11kV FY2021.csv,2319ac2518c42099153887dd8507e6c4bb072a398314ebb4677b007e7b4837a6,Burwood 132_11kV,burwood13211kv,2021,365,2020-05-01,2021-04-30,0,96,MW,0.9505707762557077,0,0,0,347,True
2021/FY 2021/Campbell St 132_11kV FY2021.csv,8b136cec0de46777e4c94a4006eba42677fcb9c3eadd2d2014ca4ec052337e3d,Campbell St 132_11kV,campbellst13211kv,2021,365,2020-05-01,2021-04-30,0,96,MW,0.9942922374429224,0,0,0,363,True
2021/FY 2021/Camperdown 33_11kV FY2021.csv,e81f9bcf9f62198dcbeae526703dc8d47866f24ffae690343d2117c1481c9891,Camperdown 33_11kV,camperdown3311kv,2021,365,2020-05-01,2021-04-30,0,96,MW,0.9998858447488584,0,0,0,365,True
2021/FY 2021/Camperdown 33_5kV FY2021.csv,1a2423e56da9b8b0ef7b2242a64b97cad145160a624fcd927fcb4bb02d83c843,Camperdown 33_5kV,camperdown335kv,2021,365,2020-05-01,2021-04-30,0,96,MW,0.9505707762557077,0,0,0,347,True
2021/FY 2021/Campsie 33_11kV FY2021.csv,7f9e36c6ff0c57e6571d975085c51ee01279279e634679b783c8540745280b3f,Campsie 33_11kV,campsie3311kv,2021,365,2020-05-01,2021-04-30,0,96,MW,0.994406392694064,0,0,0,363,True
2021/FY 2021/Cardiff 33_11kV FY2021.csv,5001204d428885ce590f4894a3159bcf7e789b808360a843f244097d76c0ae1d,Cardiff 33_11kV,cardiff3311kv,2021,365,2020-05-01,2021-04-30,0,96,MW,0.9925513698630137,0,1,0,361,True
2021/FY 2021/Careel Bay 33_11kV FY2021.csv,771027ea6a5043fda1fe5a27c834ed0b95f7808c82c78231a1bcf13156cdfda8,Careel Bay 33_11kV,careelbay3311kv,2021,365,2020-05-01,2021-04-30,0,96,MW,0.9943207762557078,0,0,0,363,True
2021/FY 2021/Caringbah 33_11kV FY2021.csv,ef62ad83836fd6f03678fdbe71d389c9eaa10c265cefee916d589478e14177ea,Caringbah 33_11kV,caringbah3311kv,2021,365,2020-05-01,2021-04-30,0,96,MW,0.9504280821917809,0,0,0,346,True
2021/FY 2021/Carrington 33_11kV FY2021.csv,af3ea2e40eac7a63bc1e30f035f87898a036cb59652fdd41d0df509e536c26d3,Carrington 33_11kV,carrington3311kv,2021,365,2020-05-01,2021-04-30,0,96,MW,0.0,0,0,0,0,False
2021/FY 2021/Castle Cove 132_11kV FY2021.csv,561338abb79fa9db53f574ba512b21266ef8fa5dcc74e22c3345601c6911f4ea,Castle Cove 132_11kV,castlecove13211kv,2021,365,2020-05-01,2021-04-30,0,96,MW,0.9505707762557077,0,0,0,347,True
2021/FY 2021/Cessnock 33_11kV FY2021.csv,385cab74c3578fb8bddda77265fa3bbd508dc560fc9b6e51c39e69f44429f6cc,Cessnock 33_11kV,cessnock3311kv,2021,365,2020-05-01,2021-04-30,0,96,MW,0.0,0,0,0,0,False
2021/FY 2021/Cessnock South 33_11kV FY2021.csv,f920e153b7ad3b627fe00515888f8a407583d10ad671858542cdfaa724c76f9d,Cessnock South 33_11kV,cessnocksouth3311kv,2021,365,2020-05-01,2021-04-30,0,96,MW,0.9942922374429224,0,0,0,363,True
2021/FY 2021/Charlestown 132_11kV FY2021.csv,301a58c2bbaa2d9f6ec6cbe2c2c6949ee4bc9f1d5933bf45bffe8e556fa7ec0b,Charlestown 132_11kV,charlestown13211kv,2021,365,2020-05-01,2021-04-30,0,96,MW,0.9998858447488584,0,0,0,365,True
2021/FY 2021/Charmhaven 132_11kV FY2021.csv,38fdf296eaf4bd65a4c26cd6e28b10629bba664f1f5bea65d337ffee8e9ac64a,Charmhaven 132_11kV,charmhaven13211kv,2021,365,2020-05-01,2021-04-30,0,96,MW,0.7149543378995433,0,0,0,261,False
2021/FY 2021/Chatswood 33_11kV FY2021.csv,e88eb08581b89aeb352ce6d7de063b87d917fb8c6d46b8e6f1fb9d81e9712c1f,Chatswood 33_11kV,chatswood3311kv,2021,365,2020-05-01,2021-04-30,0,96,MW,0.9505707762557077,0,0,0,347,True
2021/FY 2021/City Central 132_11kV FY2021.csv,a81670ab3b5341ad05395fa7e0b838141a283946de5f07bf2763016883b0ab45,City Central 132_11kV,citycentral13211kv,2021,365,2020-05-01,2021-04-30,0,96,MW,0.9505707762557077,0,21500,11808,123,False
2021/FY 2021/City East 132_11kV FY2021.csv,7110a17b1627a9af53b95a1ad0a5d2ade2d64c13b8ccd310df70d4cfb1f5297f,City East 132_11kV,cityeast13211kv,2021,365,2020-05-01,2021-04-30,0,96,MW,0.0,0,0,0,0,False
2021/FY 2021/City East 33_11kV FY2021.csv,a102cbaecb2949dd3ef606c35318f381df4bc0ebed4af9420f2623c558ae37cc,City East 33_11kV,cityeast3311kv,2021,365,2020-05-01,2021-04-30,0,96,MW,0.9505707762557077,0,0,0,347,True
2021/FY 2021/City North 132_11kV FY2021.csv,f57e9752b86f1c1ead57f31cdc2fff317e439767a788116c6a4dd8edde856abd,City North 132_11kV,citynorth13211kv,2021,365,2020-05-01,2021-04-30,0,96,MW,0.9505707762557077,0,0,0,347,True
2021/FY 2021/City North 33_11kV FY2021.csv,0d4ccc2d7a48e667618135d9a24ab8716ca2625e0bb0e21e93063da1b8cdaa9d,City North 33_11kV,citynorth3311kv,2021,365,2020-05-01,2021-04-30,0,96,MW,0.0,0,0,0,0,False
2021/FY 2021/City South 132_11kV FY2021.csv,169680d4d812f07309518284e0d5a3751df3c5f862e4dea461662f9557069d86,City South 132_11kV,citysouth13211kv,2021,365,2020-05-01,2021-04-30,0,96,MW,0.9505707762557077,0,0,0,347,True
2021/FY 2021/Clovelly 132_11kV FY2021.csv,ab8725b33800908ed1830b0403552233a54bff6f1e01ddeecd2f4f5d9666d1ef,Clovelly 132_11kV,clovelly13211kv,2021,365,2020-05-01,2021-04-30,0,96,MW,0.9505707762557077,0,0,0,347,True
2021/FY 2021/Concord 33_11kV FY2021.csv,fbce095e6d2b5932e6c7e39a71ef4d6c27558dbf196c1f7bfc9eda5e6e67b795,Concord 33_11kV,concord3311kv,2021,365,2020-05-01,2021-04-30,0,96,MW,0.9505707762557077,0,0,0,347,True
2021/FY 2021/Cronulla 132_11kV FY2021.csv,e58ab99b358c9f94abd85646a0cb2161b265073790881620e245208765507215,Cronulla 132_11kV,cronulla13211kv,2021,365,2020-05-01,2021-04-30,0,96,MW,0.9505707762557077,0,0,0,347,True
2021/FY 2021/Croudace Bay 33_11kV FY2021.csv,c8c0d9a2de55aef020e1597b56b5a7d55d7238d83eca8b7e954dae82ea58f7f5,Croudace Bay 33_11kV,croudacebay3311kv,2021,365,2020-05-01,2021-04-30,0,96,MW,0.9942922374429224,0,0,0,363,True
2021/FY 2021/Crows Nest 132_11kV FY2021.csv,4470dffac59d859dbb3dc56ea80c39831baaf22db4df6cd8c679d108c99574bc,Crows Nest 132_11kV,crowsnest13211kv,2021,365,2020-05-01,2021-04-30,0,96,MW,0.994406392694064,0,0,0,363,True
2021/FY 2021/Crows Nest 33_11kV FY2021.csv,6870d488d963ff02ff0c61929a2a7d22d91660127a65f07665739b0be38dfa9d,Crows Nest 33_11kV,crowsnest3311kv,2021,365,2020-05-01,2021-04-30,0,96,MW,0.0,0,0,0,0,False
2021/FY 2021/Croydon 132_11kV FY2021.csv,dca2929ce093f7046934977f62a2e8c4fc94a4070b328dc5a5916ecc68e788b1,Croydon 132_11kV,croydon13211kv,2021,365,2020-05-01,2021-04-30,0,96,MW,0.8985159817351598,0,0,0,328,False
2021/FY 2021/Dalley St 132_11kV FY2021.csv,0c2559dfdf3ff4caf21e57f10b4d8e6e93128b4e4c5e9ee314cac85be72f5087,Dalley St 132_11kV,dalleyst13211kv,2021,365,2020-05-01,2021-04-30,0,96,MW,0.9505707762557077,0,0,0,347,True
2021/FY 2021/Darling Harbour 132_11kV FY2021.csv,ebd732eb29c7eb951d31ba2503f7f59092589c3698e28e1c70d910feea1a6c1e,Darling Harbour 132_11kV,darlingharbour13211kv,2021,365,2020-05-01,2021-04-30,0,96,MW,0.9505707762557077,0,0,0,347,True
2021/FY 2021/Darlinghurst 33_11kV FY2021.csv,f4a971fa393eda27f446ab935fc576750a4a09a86651e16a38f542cb1469d7c1,Darlinghurst 33_11kV,darlinghurst3311kv,2021,365,2020-05-01,2021-04-30,0,96,MW,0.9505707762557077,0,0,0,347,True
2021/FY 2021/Dee Why West 33_11kV FY2021.csv,d52cda3e23cfdf81c91de7bb8359384ec007b9bb10a0747ea171fbf1022f978c,Dee Why West 33_11kV,deewhywest3311kv,2021,365,2020-05-01,2021-04-30,0,96,MW,0.9505707762557077,0,0,0,347,True
2021/FY 2021/Denman 66_11kV FY2021.csv,ecbea415cbaec6f02762680edd6308b6cefff6f8a5ad7f9a83c63f009018e994,Denman 66_11kV,denman6611kv,2021,365,2020-05-01,2021-04-30,0,96,MW,0.9942922374429224,0,0,0,363,True
2021/FY 2021/Double Bay 132_11kV FY2021.csv,4c8b04416990df2534c1f342c2c5c7b63cb92a7e6c9abac5f1641c2ade2c6f46,Double Bay 132_11kV,doublebay13211kv,2021,365,2020-05-01,2021-04-30,0,96,MW,0.9505707762557077,0,0,0,347,True
2021/FY 2021/Drummoyne 132_11kV FY2021.csv,8b998a24ec847be0536d5494f9edb5c62ece097495ca2db7e14d8cdc4d9c5504,Drummoyne 132_11kV,drummoyne13211kv,2021,365,2020-05-01,2021-04-30,0,96,MW,0.9122146118721461,0,0,0,333,False
2021/FY 2021/Dulwich Hill 33_11kV FY2021.csv,8a93a08b1ab93566d97db3d624b6666bcf8489a8182e54dad09ddd4747d170f1,Dulwich Hill 33_11kV,dulwichhill3311kv,2021,365,2020-05-01,2021-04-30,0,96,MW,0.9505707762557077,0,0,0,347,True
2021/FY 2021/Edgeworth 33_11kV FY2021.csv,755cd6f5fb7f6d4f6138cc47c2a1ccaa01489f0ae0e1aa921ce937fc513196ad,Edgeworth 33_11kV,edgeworth3311kv,2021,365,2020-05-01,2021-04-30,0,96,MW,0.9971461187214612,0,0,0,363,True
2021/FY 2021/Empire Bay 66_11kV FY2021.csv,f100683639c59ec983d0180b60389879695921cc352b7b6a1caffe2d1fb5222c,Empire Bay 66_11kV,empirebay6611kv,2021,365,2020-05-01,2021-04-30,0,96,MW,0.9998858447488584,0,0,0,365,True
2021/FY 2021/Enfield 33_11kV FY2021.csv,8df8b2259f52052c5e45039ce2fd15f4e0cf046a1e02f8119fc9a868b12c981a,Enfield 33_11kV,enfield3311kv,2021,365,2020-05-01,2021-04-30,0,96,MW,0.9505707762557077,0,0,0,347,True
2021/FY 2021/Engadine 132_11kV FY2021.csv,2957120fa3fe0c47cacd7c2824748ec95d88a889e359fd29ed1be6d804c480e5,Engadine 132_11kV,engadine13211kv,2021,365,2020-05-01,2021-04-30,0,96,MW,0.9998858447488584,0,0,0,365,True
2021/FY 2021/Engadine 33_11kV FY2021.csv,0f10b12ce83f9fefe9dc847273bc01346d1d7e3c20f25bf7cf6cf8cdaed8aed5,Engadine 33_11kV,engadine3311kv,2021,365,2020-05-01,2021-04-30,0,96,MW,0.0,0,0,0,0,False
2021/FY 2021/Epping 66_11kV FY2021.csv,2e087af6950fd99eafa6395d89083e042491bec89c9df4a01c372e246f5c073b,Epping 66_11kV,epping6611kv,2021,365,2020-05-01,2021-04-30,0,96,MW,0.9998858447488584,0,0,0,365,True
2021/FY 2021/Erina 66_11kV FY2021.csv,7220c403492360e403fb46a5039441629d986bc2127bb7e22994e43db50e7bba,Erina 66_11kV,erina6611kv,2021,365,2020-05-01,2021-04-30,0,96,MW,0.9505707762557077,0,0,0,347,True
2021/FY 2021/Five Dock 33_11kV FY2021.csv,8e8589c41d0e79e9e4b55c372b384614a8ff2f1838aab898bb793938f7adad57,Five Dock 33_11kV,fivedock3311kv,2021,365,2020-05-01,2021-04-30,0,96,MW,0.0,0,0,0,0,False
2021/FY 2021/Flemington 132_11kV FY2021.csv,93cf6dbb4a59e02274f4ef598240c4ab57d2715e273da457da449f7cd02a31a3,Flemington 132_11kV,flemington13211kv,2021,365,2020-05-01,2021-04-30,0,96,MW,0.9505707762557077,0,0,0,347,True
2021/FY 2021/Galston 132_11kV FY2021.csv,bb9a1b88862f8b001a65c7f73d5e2ed1db0fc1100adfb12e61aaccb770957db0,Galston 132_11kV,galston13211kv,2021,365,2020-05-01,2021-04-30,0,96,MW,0.9942922374429224,0,0,0,363,True
2021/FY 2021/Gateshead 33_11kV FY2021.csv,8c3f4feb913ebb9f85f9835400608fda4565b58c14611fb3fc94ae3c6d397509,Gateshead 33_11kV,gateshead3311kv,2021,365,2020-05-01,2021-04-30,0,96,MW,0.994406392694064,0,0,0,363,True
2021/FY 2021/Gore Hill 33_11kV FY2021.csv,ee5cfb17d0ef68621dbdedb2ceadf49b6e5b6d3824545c37b32a5eb149ab756c,Gore Hill 33_11kV,gorehill3311kv,2021,365,2020-05-01,2021-04-30,0,96,MW,0.994406392694064,0,0,0,363,True
2021/FY 2021/Green Square 132_11kV FY2021.csv,e225d700ada45770bdd0f2e3869baad50b7a19dacf91ad66b3bebf0f777405af,Green Square 132_11kV,greensquare13211kv,2021,365,2020-05-01,2021-04-30,0,96,MW,0.9122146118721461,0,0,0,333,False
2021/FY 2021/Greenacre 132_11kV FY2021.csv,5f5ee42a137b3fa0105f6397cebec89d23ca9c2ce7a181533064a0e3998a5162,Greenacre 132_11kV,greenacre13211kv,2021,365,2020-05-01,2021-04-30,0,96,MW,0.0,0,0,0,0,False
2021/FY 2021/Greenacre Park 132_11kV FY2021.csv,f2705d177890d7f2f4373b86d8d643c4bc93813811957e284ea3f65b51701fdd,Greenacre Park 132_11kV,greenacrepark13211kv,2021,365,2020-05-01,2021-04-30,0,96,MW,0.9505707762557077,0,0,0,347,True
2021/FY 2021/Gwawley Bay 132_11kV FY2021.csv,341860b9cdff550382fcfc766a9a6e7962aa5fb70b2d38fb90ba3076594bc7d0,Gwawley Bay 132_11kV,gwawleybay13211kv,2021,365,2020-05-01,2021-04-30,0,96,MW,0.6910958904109589,0,0,0,252,False
2021/FY 2021/Gwawley Bay 33_11kV FY2021.csv,a307c49a018b3376a60e5bcadc372daa9c0ab710926655649ab39094a2d3258e,Gwawley Bay 33_11kV,gwawleybay3311kv,2021,365,2020-05-01,2021-04-30,0,96,MW,0.9505707762557077,0,0,0,347,True
2021/FY 2021/Harbord 33_11kV FY2021.csv,1c074876bb96619adbfa6431c8c25e12401f4947359dc3c18ce333248772bab3,Harbord 33_11kV,harbord3311kv,2021,365,2020-05-01,2021-04-30,0,96,MW,0.9505707762557077,0,0,0,347,True
2021/FY 2021/Homebush Bay 132_11kV FY2021.csv,9490599548d9c76286383d7b25e0386f903142dbe60f6f3ada96ae791ebebea4,Homebush Bay 132_11kV,homebushbay13211kv,2021,365,2020-05-01,2021-04-30,0,96,MW,0.9149543378995434,0,0,0,334,False
2021/FY 2021/Hornsby 132_11kV FY2021.csv,7289dc37567f931ae9266c25b96111db33f931eb33521a3623ff5794385a413f,Hornsby 132_11kV,hornsby13211kv,2021,365,2020-05-01,2021-04-30,0,96,MW,0.9505707762557077,0,0,0,347,True
2021/FY 2021/Hunters Hill 66_11kV FY2021.csv,466d0703896600703494a9554f9f3ad25e226cce18479f1d4de99a5b29dc4ab3,Hunters Hill 66_11kV,huntershill6611kv,2021,365,2020-05-01,2021-04-30,0,96,MW,0.994406392694064,0,0,0,363,True
2021/FY 2021/Hurstville North 132_11kV FY2021.csv,31921a5a7e8bfde6c0aa2d8910f522e8c02c95e0fc2478469db0326e67b1d076,Hurstville North 132_11kV,hurstvillenorth13211kv,2021,365,2020-05-01,2021-04-30,0,96,MW,0.8711187214611872,0,0,0,318,False
2021/FY 2021/Hurstville North 33_11kV FY2021.csv,95b2dd11dea609c741708beee4b75cfad7c46993b0a626a9af6ccc680e971264,Hurstville North 33_11kV,hurstvillenorth3311kv,2021,365,2020-05-01,2021-04-30,0,96,MW,0.0,0,0,0,0,False
2021/FY 2021/Jannali 33_11kV FY2021.csv,a3d5da483edeb6595bd27328128090f9db95c1930efee679f3ee4fcc38e6192c,Jannali 33_11kV,jannali3311kv,2021,365,2020-05-01,2021-04-30,0,96,MW,0.994406392694064,0,0,0,363,True
2021/FY 2021/Jesmond 132_11kV FY2021.csv,1bc66204f16171e550f47ba36e165aea90237715520840058f67740b6cc994bf,Jesmond 132_11kV,jesmond13211kv,2021,365,2020-05-01,2021-04-30,0,96,MW,0.9942922374429224,0,0,0,363,True
2021/FY 2021/Jewells 33_11kV FY2021.csv,44d1e0b6c3e4ebd72736076f672883b248aebcbc1c08314a3ccc4ce33e0de8aa,Jewells 33_11kV,jewells3311kv,2021,365,2020-05-01,2021-04-30,0,96,MW,0.9942922374429224,0,0,0,363,True
2021/FY 2021/Killarney 33_11kV FY2021.csv,c50142e175a6ca19314c2217b63c0d02252c4ae7c935f0b3766fdc8a581b1d4b,Killarney 33_11kV,killarney3311kv,2021,365,2020-05-01,2021-04-30,0,96,MW,0.9505707762557077,0,0,0,347,True
2021/FY 2021/Kingsford 132_11kV FY2021.csv,8417662d620d61b9b066b39d0fb11f8946e91ca3b5f23dd00170074e0762e00b,Kingsford 132_11kV,kingsford13211kv,2021,365,2020-05-01,2021-04-30,0,96,MW,0.9942922374429224,0,0,0,363,True
2021/FY 2021/Kirrawee 132_11kV FY2021.csv,c8aabd1fa2f55e375f4b9bb475bbbe03174cd6410665f7097ae23d7aa8abe35d,Kirrawee 132_11kV,kirrawee13211kv,2021,365,2020-05-01,2021-04-30,0,96,MW,0.9505707762557077,0,0,0,347,True
2021/FY 2021/Kogarah 132_11kV FY2021.csv,d490ded5174d415e720a16d6cd4f3c0894532901d4641af442ca55d476a4ae43,Kogarah 132_11kV,kogarah13211kv,2021,365,2020-05-01,2021-04-30,0,96,MW,0.9122146118721461,0,0,0,333,False
2021/FY 2021/Kotara 33_11kV FY2021.csv,2b50bdf694c41003c5718c277a9f4bcc31f3db04d6122362b0735c33739a4b70,Kotara 33_11kV,kotara3311kv,2021,365,2020-05-01,2021-04-30,0,96,MW,0.9998858447488584,0,0,0,365,True
2021/FY 2021/Kurnell South 132_11kV FY2021.csv,8776d892cce2909066c34349fd212b31e4afbb9a11912243929e0cdf5217e516,Kurnell South 132_11kV,kurnellsouth13211kv,2021,365,2020-05-01,2021-04-30,0,96,MW,0.994406392694064,0,0,0,363,True
2021/FY 2021/Kurri 132_11kV FY2021.csv,47ca18e5271e862ebd0b129e35f73b02ce9cb2edba83fbdd4c0666df10470c8d,Kurri 132_11kV,kurri13211kv,2021,365,2020-05-01,2021-04-30,0,96,MW,0.9971461187214612,0,0,0,364,True
2021/FY 2021/Lake Munmorah 132_11kV FY2021.csv,62992f6942e70be0c0a9c706f3d230801302c44451ab2f01c83238b9f2078abe,Lake Munmorah 132_11kV,lakemunmorah13211kv,2021,365,2020-05-01,2021-04-30,0,96,MW,0.9998858447488584,0,0,0,365,True
2021/FY 2021/Leichhardt 132_11kV FY2021.csv,2ee5e5462eee44591a2cd578973c95d4919c0ddbed07024d0ea282418662f3c2,Leichhardt 132_11kV,leichhardt13211kv,2021,365,2020-05-01,2021-04-30,0,96,MW,0.9368721461187215,0,0,0,342,False
2021/FY 2021/Leichhardt 33_11kV FY2021.csv,8547716ceb0081a3cfea0f6f304c23d4a1c173479b9cb6f46c1f2dd281ce7c54,Leichhardt 33_11kV,leichhardt3311kv,2021,365,2020-05-01,2021-04-30,0,96,MW,0.0,0,0,0,0,False
2021/FY 2021/Leightonfield 33_11kV FY2021.csv,00906f22c7388d3bc63de23072c8c8a5824682d628eaa598b0ba942145e11ecc,Leightonfield 33_11kV,leightonfield3311kv,2021,365,2020-05-01,2021-04-30,0,96,MW,0.9505707762557077,0,0,0,347,True
2021/FY 2021/Lemington 66_11kV FY2021.csv,fc76df3871b20cc6c305f86c13077208177fb6e52b3922c1760db116fa766fb4,Lemington 66_11kV,lemington6611kv,2021,365,2020-05-01,2021-04-30,0,96,MW,0.9962328767123287,0,2,0,362,True
2021/FY 2021/Lidcombe 33_11kV FY2021.csv,a2026adc1ce6d8ae9aa8c1b48d2da8db8e2f7760cb8e88ded356c2d86b3b2267,Lidcombe 33_11kV,lidcombe3311kv,2021,365,2020-05-01,2021-04-30,0,96,MW,0.9505707762557077,0,0,0,347,True
2021/FY 2021/Lindfield 33_11kV FY2021.csv,e6507484c173697db3ea15059e9de5a254520484617ee64936cc58e395673496,Lindfield 33_11kV,lindfield3311kv,2021,365,2020-05-01,2021-04-30,0,96,MW,0.994406392694064,0,0,0,363,True
2021/FY 2021/Lisarow 33_11kV FY2021.csv,31312085b2de02f268e7ad4cf9f31feddf81efbaf330bc8162d5740f53dbea70,Lisarow 33_11kV,lisarow3311kv,2021,365,2020-05-01,2021-04-30,0,96,MW,0.9505707762557077,0,0,0,347,True
2021/FY 2021/Long Jetty 66_11kV FY2021.csv,bb523335b5233d2591a3ad4b8b8b7e3792d50f2bf67a95b392fc25b4d3f938f3,Long Jetty 66_11kV,longjetty6611kv,2021,365,2020-05-01,2021-04-30,0,96,MW,0.994263698630137,0,0,0,362,True
2021/FY 2021/Lucas Heights 33_11kV FY2021.csv,f2579632a860f50cd59dc01d142144c39cddb95e23a8511166a65460ad167183,Lucas Heights 33_11kV,lucasheights3311kv,2021,365,2020-05-01,2021-04-30,0,96,MW,0.9502568493150685,0,0,0,346,True
2021/FY 2021/Macquarie Park 132_11kV FY2021.csv,77263f7105d78b4a97cb01cbb5d52c4f9b5bca4fbd2bd447132ee455a4ceeb12,Macquarie Park 132_11kV,macquariepark13211kv,2021,365,2020-05-01,2021-04-30,0,96,MW,0.9368721461187215,0,0,0,342,False
2021/FY 2021/Maitland 33_11kV FY2021.csv,004d4b9249218ea0a5d5e271c4cf246d8777c1d245416c7d8c04ef3b917efc08,Maitland 33_11kV,maitland3311kv,2021,365,2020-05-01,2021-04-30,0,96,MW,0.9998858447488584,0,0,0,365,True
2021/FY 2021/Manly 33_11kV FY2021.csv,8e73ed94fbefc5b535731159fef3db0df69fa75a26373fca34840f2ee44b9109,Manly 33_11kV,manly3311kv,2021,365,2020-05-01,2021-04-30,0,96,MW,0.9940924657534247,0,0,0,362,True
2021/FY 2021/Maroubra 132_11kV FY2021.csv,8993323d22d07f80049d695a9a1a41ff200c5b83f1097b76d9b79814dba38cbe,Maroubra 132_11kV,maroubra13211kv,2021,365,2020-05-01,2021-04-30,0,96,MW,0.9505707762557077,0,0,0,347,True
2021/FY 2021/Marrickville 132_11kV FY2021.csv,f8f295b9ed6c1a468e85a28e2e0e253b091cc71e11c50fe65ac56714c98e784e,Marrickville 132_11kV,marrickville13211kv,2021,365,2020-05-01,2021-04-30,0,96,MW,0.9697488584474886,0,0,0,354,True
2021/FY 2021/Maryland 132_11kV FY2021.csv,8fca09d3949b7f92ba50205adcca26eaef5cdeb4f35bcc8bca80e7b146a64968,Maryland 132_11kV,maryland13211kv,2021,365,2020-05-01,2021-04-30,0,96,MW,0.9998858447488584,0,0,0,365,True
2021/FY 2021/Mascot 33_11kV FY2021.csv,7c7010eb4baeeb0d0eeacf5024b1c23c4e7ea6b047209133e4b777969eb46864,Mascot 33_11kV,mascot3311kv,2021,365,2020-05-01,2021-04-30,0,96,MW,0.9505707762557077,0,0,0,347,True
2021/FY 2021/Matraville 33_11kV FY2021.csv,48bda581ab14dbb3eea376bf27df027fe0e638f1c117947bd5793ad02e40fcd5,Matraville 33_11kV,matraville3311kv,2021,365,2020-05-01,2021-04-30,0,96,MW,0.994406392694064,0,0,0,363,True
2021/FY 2021/Mayfield West 132_11kV FY2021.csv,fae7fa874d7d2ab50c3babe868bc96c7d2f6ba00b3e1406dbbf8187a177918aa,Mayfield West 132_11kV,mayfieldwest13211kv,2021,365,2020-05-01,2021-04-30,0,96,MW,0.9942922374429224,0,0,0,363,True
2021/FY 2021/Meadowbank 132_11kV FY2021.csv,ae71c4cd8fe61174dcc0524203df08b170e7e72b31307c9b068db55592de5984,Meadowbank 132_11kV,meadowbank13211kv,2021,365,2020-05-01,2021-04-30,0,96,MW,0.9505707762557077,0,0,0,347,True
2021/FY 2021/Medowie 33_11kV FY2021.csv,ee3e007a4e1c37fd8a2fc9a4ffb92b26addca23effd3d6f5b47a3f5784e3263a,Medowie 33_11kV,medowie3311kv,2021,365,2020-05-01,2021-04-30,0,96,MW,0.9998858447488584,0,0,0,365,True
2021/FY 2021/Menai 132_11kV FY2021.csv,149575897d0a916204e8a3ca8315ca3be59055e0ac11368f425424708a49cf5d,Menai 132_11kV,menai13211kv,2021,365,2020-05-01,2021-04-30,0,96,MW,0.9505707762557077,0,0,0,347,True
2021/FY 2021/Merriwa 33_11kV FY2021.csv,25b244ce7344e0b79b67d66cb9ec03ce981a534a304208a0ed8f78b76ba80a86,Merriwa 33_11kV,merriwa3311kv,2021,365,2020-05-01,2021-04-30,0,96,MW,0.991466894977169,0,0,0,359,True
2021/FY 2021/Metford 33_11kV FY2021.csv,9b7d2d8ce5d8b75fb9c812fb4365b885f66835a0dca4f136d4cc0b249ad2d03d,Metford 33_11kV,metford3311kv,2021,365,2020-05-01,2021-04-30,0,96,MW,0.9998858447488584,0,0,0,365,True
2021/FY 2021/Milperra 132_11kV FY2021.csv,71702471decab5386de7a35d78a2a825cc3799649a3144504236435406f2ca5f,Milperra 132_11kV,milperra13211kv,2021,365,2020-05-01,2021-04-30,0,96,MW,0.9505707762557077,0,0,0,347,True
2021/FY 2021/Miranda 33_11kV FY2021.csv,ba150326eda1b12631b14109739188982d57661203bf6519ac4d5954f8bdc9a6,Miranda 33_11kV,miranda3311kv,2021,365,2020-05-01,2021-04-30,0,96,MW,0.994406392694064,0,0,0,363,True
2021/FY 2021/Mitchell Line 66_11kV FY2021.csv,66338c7278b3cd17e82c0d7ff46cbf7ffb6b1a057416d33faa534214d1255f45,Mitchell Line 66_11kV,mitchellline6611kv,2021,365,2020-05-01,2021-04-30,0,96,MW,0.9942922374429224,0,0,0,363,True
2021/FY 2021/Mitchells Flat 66_11kV FY2021.csv,f55bea18ed42210322d38439be7b9ca7adc10ba99f4dc0746f3f8755f89421a8,Mitchells Flat 66_11kV,mitchellsflat6611kv,2021,365,2020-05-01,2021-04-30,0,96,MW,0.9973173515981735,0,0,0,361,True
2021/FY 2021/Mona Vale 33_11kV FY2021.csv,7a5a6fc6148967818bba541b93ca80ff699787b9764350bf42437516049d4f8d,Mona Vale 33_11kV,monavale3311kv,2021,365,2020-05-01,2021-04-30,0,96,MW,0.994406392694064,0,0,0,363,True
2021/FY 2021/Moonan 33_11kV FY2021.csv,18273ddb8e567d14d9a665da6f6dff074724fc41abcc6f55fb43691c965d3070,Moonan 33_11kV,moonan3311kv,2021,365,2020-05-01,2021-04-30,0,96,MW,0.994406392694064,0,0,0,363,True
2021/FY 2021/Morisset 132_11kV FY2021.csv,799eb0b5f42b781b029af7f2f14bc0d97717ad4c2b3c97e0a904063de1c9a973,Morisset 132_11kV,morisset13211kv,2021,365,2020-05-01,2021-04-30,0,96,MW,0.9970319634703196,0,0,0,364,True
2021/FY 2021/Mortdale 33_11kV FY2021.csv,91f30672243014d42815063bd52c868f56bfdaaa6409031f6a6f42566045b2af,Mortdale 33_11kV,mortdale3311kv,2021,365,2020-05-01,2021-04-30,0,96,MW,0.9505707762557077,0,0,0,347,True
2021/FY 2021/Mosman 132_11kV FY2021.csv,688b81116587f5d927127460f801d5a0d47a4b4565d82f1714ea4e8e00036472,Mosman 132_11kV,mosman13211kv,2021,365,2020-05-01,2021-04-30,0,96,MW,0.9505707762557077,0,0,0,347,True
2021/FY 2021/Mt Hutton 33_11kV FY2021.csv,494b4b55f454289c50379154d63a805bbc1a97e12c8dc55a2815f5c561f389d2,Mt Hutton 33_11kV,mthutton3311kv,2021,365,2020-05-01,2021-04-30,0,96,MW,0.9377853881278538,0,0,0,241,False
2021/FY 2021/Mt Thorley 66_11kV FY2021.csv,e7c8d9ec2d2f41b17a6d183bbefc867b6305b2f73b8698d7d05af9f1b41c64b4,Mt Thorley 66_11kV,mtthorley6611kv,2021,365,2020-05-01,2021-04-30,0,96,MW,0.9942922374429224,0,0,0,363,True
2021/FY 2021/Muswellbrook 33_11kV FY2021.csv,d5734ab6be1712765ed51caad267d8f0b2cdb08f0729762b849c6afe6cfc3c3c,Muswellbrook 33_11kV,muswellbrook3311kv,2021,365,2020-05-01,2021-04-30,0,96,MW,0.8190639269406392,0,0,0,299,False
2021/FY 2021/Narrabeen 33_11kV FY2021.csv,770204a26f3bbc32299908aa48850980827ba5cdcf879e970c4e6a7dfe98d489,Narrabeen 33_11kV,narrabeen3311kv,2021,365,2020-05-01,2021-04-30,0,96,MW,0.9502568493150685,0,0,0,346,True
2021/FY 2021/Nelson Bay 33_11kV FY2021.csv,692be00f3d5c8e85548e1f2b84a308233629fe03a95e9db7a091355ea6bc006a,Nelson Bay 33_11kV,nelsonbay3311kv,2021,365,2020-05-01,2021-04-30,0,96,MW,0.9942922374429224,0,0,0,363,True
2021/FY 2021/New Lambton 33_11kV FY2021.csv,921eb5089aab8f2761ad99fe54b707150f391fdfa19518dcb0fb916575765993,New Lambton 33_11kV,newlambton3311kv,2021,365,2020-05-01,2021-04-30,0,96,MW,0.9962043378995433,0,0,0,363,True
2021/FY 2021/Newcastle CBD 33_11kV FY2021.csv,7b1c9ecf09e11257ced98a892d5318df8cdcca79390e8e22b5eff1a9b94ef4df,Newcastle CBD 33_11kV,newcastlecbd3311kv,2021,365,2020-05-01,2021-04-30,0,96,MW,0.9942922374429224,0,0,0,363,True
2021/FY 2021/Newdell 66_11kV FY2021.csv,501423b633e2d3899111f40927988a3a737c24237ef75c0d0232b4bb2ea055cd,Newdell 66_11kV,newdell6611kv,2021,365,2020-05-01,2021-04-30,0,96,MW,0.9998858447488584,0,0,0,365,True
2021/FY 2021/Newport 33_11kV FY2021.csv,19dbb56f52576aacf504e7c181a2f3391e98b2e593d90a56a4438555ae6de8ad,Newport 33_11kV,newport3311kv,2021,365,2020-05-01,2021-04-30,0,96,MW,0.9505707762557077,0,0,0,347,True
2021/FY 2021/Noraville 33_11kV FY2021.csv,1de51b5ce2a8d447b7aa62d74db9ffcc9e67c8b7c71777b5ed7bb44324481ab5,Noraville 33_11kV,noraville3311kv,2021,365,2020-05-01,2021-04-30,0,96,MW,0.9505707762557077,0,0,0,347,True
2021/FY 2021/North Head 33_11kV FY2021.csv,4ac23169595bd204b02f8eb2deae2dc2744cac442503b2d93c78ef59dafa8df5,North Head 33_11kV,northhead3311kv,2021,365,2020-05-01,2021-04-30,0,96,MW,0.9505707762557077,0,0,0,347,True
2021/FY 2021/North Sydney 132_11kV FY2021.csv,b75d0bb64d86a458bbb2973def05a92af246a6baa3b154651c694f80fbb752f2,North Sydney 132_11kV,northsydney13211kv,2021,365,2020-05-01,2021-04-30,0,96,MW,0.994406392694064,0,0,0,363,True
2021/FY 2021/North Sydney 33_11kV FY2021.csv,872d06cfcc3776d5027c5e04ac7f82f0eb46e40383bae55f21f05a8a2d0b67f2,North Sydney 33_11kV,northsydney3311kv,2021,365,2020-05-01,2021-04-30,0,96,MW,0.0,0,0,0,0,False
2021/FY 2021/Nulkaba 33_11kV FY2021.csv,24d9551726c17b32a9e6652d4a4e484e0cd739dfb45b072e71ccbfd36588a4f8,Nulkaba 33_11kV,nulkaba3311kv,2021,365,2020-05-01,2021-04-30,0,96,MW,0.9942922374429224,0,0,0,363,True
2021/FY 2021/Olympic Park 132_11kV FY2021.csv,aae9b5c7b13257f7786fbbae37c1f6f6ad68860374961721acb4602499608909,Olympic Park 132_11kV,olympicpark13211kv,2021,365,2020-05-01,2021-04-30,0,96,MW,0.994406392694064,0,0,0,363,True
2021/FY 2021/Paddington 33_11kV FY2021.csv,41630aa50ad1bf734bf7389b223768ec5e0feaae80be68e0f895156e33c47856,Paddington 33_11kV,paddington3311kv,2021,365,2020-05-01,2021-04-30,0,96,MW,0.9505707762557077,0,0,0,347,True
2021/FY 2021/Paxton 33_11kV FY2021.csv,6a824b9c1e6d31ab536789524ad280a823c0b42481971a04b9eaf19263915ba9,Paxton 33_11kV,paxton3311kv,2021,365,2020-05-01,2021-04-30,0,96,MW,0.8190639269406392,0,0,0,299,False
2021/FY 2021/Peats Ridge 33_11kV FY2021.csv,425f6d172124dcd6e673ea2639089780cf55885741f8e63d5efdcf36b3a75430,Peats Ridge 33_11kV,peatsridge3311kv,2021,365,2020-05-01,2021-04-30,0,96,MW,0.9942922374429224,0,0,0,363,True
2021/FY 2021/Pelican 33_11kV FY2021.csv,49fee753c8b79e266b42b7e66d2e9d0c1effed75d646a83e9b171688875a192c,Pelican 33_11kV,pelican3311kv,2021,365,2020-05-01,2021-04-30,0,96,MW,0.9942922374429224,0,0,0,363,True
2021/FY 2021/Pennant Hills 132_11kV FY2021.csv,a68feb2584456cc9adf7c7688f796ed55702c317c6fa1d2687b3cc2128a5e8f0,Pennant Hills 132_11kV,pennanthills13211kv,2021,365,2020-05-01,2021-04-30,0,96,MW,0.9505707762557077,0,0,0,347,True
2021/FY 2021/Port Botany 33_11kV FY2021.csv,5e236e57d10fdbf23afa2670be9b2eb80c071b7d6b7e419b0d0e65d5d1cb94cd,Port Botany 33_11kV,portbotany3311kv,2021,365,2020-05-01,2021-04-30,0,96,MW,0.9942922374429224,0,0,0,363,True
2021/FY 2021/Potts Hill 132_11kV FY2021.csv,57cbd2d651eac52e77dfc897ee0861506af1aa03420d87c74bd021f4ba8fba81,Potts Hill 132_11kV,pottshill13211kv,2021,365,2020-05-01,2021-04-30,0,96,MW,0.994406392694064,0,0,0,363,True
2021/FY 2021/Punchbowl 33_11kV FY2021.csv,cfeece3f871c70657346f60ba1cb993615cfb1058d335dd15ea929cd8ce84a45,Punchbowl 33_11kV,punchbowl3311kv,2021,365,2020-05-01,2021-04-30,0,96,MW,0.9998858447488584,0,0,0,365,True
2021/FY 2021/Pymble 33_11kV FY2021.csv,19f26f50d203628a2c9091a5649e957b6eb23a16ff1cfd6ef1ddb7ee7b070195,Pymble 33_11kV,pymble3311kv,2021,365,2020-05-01,2021-04-30,0,96,MW,0.9505707762557077,0,0,0,347,True
2021/FY 2021/RNS Hospital 132_11kV FY2021.csv,ef423504fe1a1609dbd7ffc8f7d82237b5bd8ab149c24704f336c76b953054ec,RNS Hospital 132_11kV,rnshospital13211kv,2021,365,2020-05-01,2021-04-30,0,96,MW,0.9942922374429224,0,0,0,363,True
2021/FY 2021/Rathmines 132_11kV FY2021.csv,90b3a10fb0ad7de8b6572c9f71b6c76f6c41e0ebb65d83f5cac270228877e0a4,Rathmines 132_11kV,rathmines13211kv,2021,365,2020-05-01,2021-04-30,0,96,MW,0.9998858447488584,0,0,0,365,True
2021/FY 2021/Raymond Terr NEW 33_11kV FY2021.csv,f4f8980a92e8363e4532e1a4a823e8053a955175b9526e52cd051a13cec41a23,Raymond Terr NEW 33_11kV,raymondterrnew3311kv,2021,365,2020-05-01,2021-04-30,0,96,MW,0.9942922374429224,0,0,0,363,True
2021/FY 2021/Revesby 132_11kV FY2021.csv,b48fbf9843d3a8361d7988535a4ce7b1c01c354c90d47ca7ea894aa3889e48b5,Revesby 132_11kV,revesby13211kv,2021,365,2020-05-01,2021-04-30,0,96,MW,0.9505707762557077,0,0,0,347,True
2021/FY 2021/Riverwood 33_11kV FY2021.csv,6ba5cf15739388b1b26acccd2d4438cc5b11e5a3810fe5430cde686aa1c69205,Riverwood 33_11kV,riverwood3311kv,2021,365,2020-05-01,2021-04-30,0,96,MW,0.9505707762557077,0,0,0,347,True
2021/FY 2021/Rockdale 132_11kV FY2021.csv,c4a2cae64c8ae2f1df2717c516fbb2fcf5226fd4e7cea3fa6c1d8afd645a1af3,Rockdale 132_11kV,rockdale13211kv,2021,365,2020-05-01,2021-04-30,0,96,MW,0.9697488584474886,0,0,0,354,True
2021/FY 2021/Rockdale 33_11kV FY2021.csv,57273e76a95d60d5970ef289d5bfc68f20adda64ed25284f6d44e288d64fa6f8,Rockdale 33_11kV,rockdale3311kv,2021,365,2020-05-01,2021-04-30,0,96,MW,0.0,0,0,0,0,False
2021/FY 2021/Rose Bay 132_11kV FY2021.csv,c92922a8c7712091c61925c21757ec9fc12d534578c0c612e4e4bbcd74d2e5ac,Rose Bay 132_11kV,rosebay13211kv,2021,365,2020-05-01,2021-04-30,0,96,MW,0.9094748858447489,0,0,0,332,False
2021/FY 2021/Rose Bay 33_11kV FY2021.csv,243fb918fa971901da4f5a0eaa85838ba54628c03e0acb079f1a2d6176531ea0,Rose Bay 33_11kV,rosebay3311kv,2021,365,2020-05-01,2021-04-30,0,96,MW,0.0,0,0,0,0,False
2021/FY 2021/Rothbury 132_11kV FY2021.csv,18e793f946a3556c83ded8038d1522bc3904da5025f235174d6b6a737b57aa8b,Rothbury 132_11kV,rothbury13211kv,2021,365,2020-05-01,2021-04-30,0,96,MW,0.994406392694064,0,0,0,363,True
2021/FY 2021/Rouchel 33_11kV FY2021.csv,89fca1254a1cbb6d704e344d0f1899549c7f1ddce91d6287041ee96bf5ba7542,Rouchel 33_11kV,rouchel3311kv,2021,365,2020-05-01,2021-04-30,0,96,MW,0.9593036529680365,0,0,0,349,True
2021/FY 2021/Rutherford 33_11kV FY2021.csv,3981a6f5f3fa3107fea040c11c305dd2e69c753318ba7533063a673cea6294f2,Rutherford 33_11kV,rutherford3311kv,2021,365,2020-05-01,2021-04-30,0,96,MW,0.9942922374429224,0,0,0,363,True
2021/FY 2021/Sans Souci 33_11kV FY2021.csv,d02567f14527ad51ab49d5c6ea962b32433c6c5a583998f96770c6aba6342b0a,Sans Souci 33_11kV,sanssouci3311kv,2021,365,2020-05-01,2021-04-30,0,96,MW,0.9505707762557077,0,0,0,347,True
2021/FY 2021/Scone 66_11kV FY2021.csv,194880179645e52aa45c29221058bba6da52064a0ad4c77b4a195c94e2dac373,Scone 66_11kV,scone6611kv,2021,365,2020-05-01,2021-04-30,0,96,MW,0.9942922374429224,0,0,0,363,True
2021/FY 2021/Sefton 132_11kV FY2021.csv,a593c3a1d865a5485de343d3f89f9858cb83da36fc5ec663d28770d7166df574,Sefton 132_11kV,sefton13211kv,2021,365,2020-05-01,2021-04-30,0,96,MW,0.9505422374429223,0,0,0,347,True
2021/FY 2021/Singleton 66_11kV FY2021.csv,0e652242996ba2bbb05bfe4d0b3c1490392eed1342697ecfd8c4a4d5efac810e,Singleton 66_11kV,singleton6611kv,2021,365,2020-05-01,2021-04-30,0,96,MW,0.9971461187214612,0,0,0,364,True
2021/FY 2021/Singleton North 66_11kV FY2021.csv,74bdc4943a77959717fd0894ab888fe0b3f7bb200dbe5bed2acf22ee19bddc7a,Singleton North 66_11kV,singletonnorth6611kv,2021,365,2020-05-01,2021-04-30,0,96,MW,0.8190639269406392,0,0,0,299,False
2021/FY 2021/Somersby 132_11kV FY2021.csv,4d19e28f133e8e1db18c1008b47085c0e28403dddf157f1027ef34c0a51cc56f,Somersby 132_11kV,somersby13211kv,2021,365,2020-05-01,2021-04-30,0,96,MW,0.9657248858447488,0,0,0,352,True
2021/FY 2021/St Ives 33_11kV FY2021.csv,b94a5d27789342919cb29342b59cbaab2fa3dc2f93cf7caaccefc98987405f1a,St Ives 33_11kV,stives3311kv,2021,365,2020-05-01,2021-04-30,0,96,MW,0.9505707762557077,0,0,0,347,True
2021/FY 2021/St Peters 132_11kV FY2021.csv,687d9b5d0e3381aeaa693be7e1a693b510b940664620f18c2f5b2061109eb9aa,St Peters 132_11kV,stpeters13211kv,2021,365,2020-05-01,2021-04-30,0,96,MW,0.9670091324200913,0,0,0,353,True
2021/FY 2021/Stockton 33_11kV FY2021.csv,5cb1f62cfc44fce256291b412a3f7e96cb5e4fdafbf5051bf90486322e4cdf7d,Stockton 33_11kV,stockton3311kv,2021,365,2020-05-01,2021-04-30,0,96,MW,0.9933789954337899,0,0,0,361,True
2021/FY 2021/Strathfield South 132_11kV FY2021.csv,16c947f3853e4643019e4c1eb600fa113f6ffd1a3da1f4cc712cdead55d43902,Strathfield South 132_11kV,strathfieldsouth13211kv,2021,365,2020-05-01,2021-04-30,0,96,MW,0.0,0,0,0,0,False
2021/FY 2021/Summer Hill 33_11kV FY2021.csv,b705eb3fca657deb9da508ba45185866a4988d4628f0a26272477c14993b11e2,Summer Hill 33_11kV,summerhill3311kv,2021,365,2020-05-01,2021-04-30,0,96,MW,0.0,0,0,0,0,False
2021/FY 2021/Surry Hills 33_11kV FY2021.csv,6177c019dd8fb6a9820b295305b299c64058cc09c04c141b6ba9059df6bba003,Surry Hills 33_11kV,surryhills3311kv,2021,365,2020-05-01,2021-04-30,0,96,MW,0.994406392694064,0,0,0,363,True
2021/FY 2021/Swansea 33_11kV FY2021.csv,ba2d5702d324ded983e835715608f8518a9968e42a93660e2aa15e58f291011b,Swansea 33_11kV,swansea3311kv,2021,365,2020-05-01,2021-04-30,0,96,MW,0.9942922374429224,0,0,0,363,True
2021/FY 2021/Tanilba Bay 33_11kV FY2021.csv,eafb1873d7c7d74739cde890382cd7d2d772de56a7c6677c63a7aae5412f53bb,Tanilba Bay 33_11kV,tanilbabay3311kv,2021,365,2020-05-01,2021-04-30,0,96,MW,0.994406392694064,0,0,0,363,True
2021/FY 2021/Tarro 33_11kV FY2021.csv,d5300e0251e6ae1516e1b13415aceb68f2d4f872010bce1335cf1ce6ec525baf,Tarro 33_11kV,tarro3311kv,2021,365,2020-05-01,2021-04-30,0,96,MW,0.9942922374429224,0,0,0,363,True
2021/FY 2021/Telarah 33_11kV FY2021.csv,884807c0a5142866d1e600b1f91053c77dcc431fa31b8e6d8088bd10dc32a8ae,Telarah 33_11kV,telarah3311kv,2021,365,2020-05-01,2021-04-30,0,96,MW,0.9177511415525114,0,1,0,333,False
2021/FY 2021/Terrey Hills 33_11kV FY2021.csv,2073a599ba9b0d626a1bcde9f04afb6110cf92b9d10a3a6824c1a5ffe4431d65,Terrey Hills 33_11kV,terreyhills3311kv,2021,365,2020-05-01,2021-04-30,0,96,MW,0.9505707762557077,0,0,0,347,True
2021/FY 2021/Thornton 33_11kV FY2021.csv,90b02f3defc7c4631440ef0992e3421377944c36542dd2104ef83f9d4711843a,Thornton 33_11kV,thornton3311kv,2021,365,2020-05-01,2021-04-30,0,96,MW,0.994406392694064,0,0,0,363,True
2021/FY 2021/Tighes Hill 33_11kV FY2021.csv,d9933ca38e59e511908ae19903fcd34114ad275d49e8dadde8c6036b524aa837,Tighes Hill 33_11kV,tigheshill3311kv,2021,365,2020-05-01,2021-04-30,0,96,MW,0.9942922374429224,0,0,0,363,True
2021/FY 2021/Tomago 33_11kV FY2021.csv,b44ee9e0f972b00c4a0205b110b540451c855bde1f53ad6c19efed057f56fce8,Tomago 33_11kV,tomago3311kv,2021,365,2020-05-01,2021-04-30,0,96,MW,0.9942922374429224,0,0,0,363,True
2021/FY 2021/Tomalpin 33_11kV FY2021.csv,2e8c65229b820d8878e256001b7581475f7b7c77925515db3af6225b6fac6884,Tomalpin 33_11kV,tomalpin3311kv,2021,365,2020-05-01,2021-04-30,0,96,MW,0.9927796803652968,0,0,0,361,True
2021/FY 2021/Tomaree 33_11kV FY2021.csv,9f024121fa67d8e630f1be11bab2a73dd4e2a830123515f44db01d98ebebdbc7,Tomaree 33_11kV,tomaree3311kv,2021,365,2020-05-01,2021-04-30,0,96,MW,0.9998858447488584,0,0,0,365,True
2021/FY 2021/Top Ryde 132_11kV FY2021.csv,e3c5f11fa183b650d23a8384c574f6c9c301f54b5ce3a52c73488f2db983c333,Top Ryde 132_11kV,topryde13211kv,2021,365,2020-05-01,2021-04-30,0,96,MW,0.9504566210045662,0,0,0,347,True
2021/FY 2021/Toronto 33_11kV FY2021.csv,a50610356cf36b92164c3ce516cc10da5fcecddcedc1d4133f403bf4798a2d1f,Toronto 33_11kV,toronto3311kv,2021,365,2020-05-01,2021-04-30,0,96,MW,0.0,0,0,0,0,False
2021/FY 2021/Toronto West 132_11kV FY2021.csv,32c62e61c966179459fcd54c08868447668c16f8ae32e13837d0eb74cbe30274,Toronto West 132_11kV,torontowest13211kv,2021,365,2020-05-01,2021-04-30,0,96,MW,0.9942922374429224,0,0,0,363,True
2021/FY 2021/Turramurra 33_11kV FY2021.csv,27f1e56915c0bc0787376da054a7e58ec445c9f0c22e1bd6022ca6e6f783fda5,Turramurra 33_11kV,turramurra3311kv,2021,365,2020-05-01,2021-04-30,0,96,MW,0.9942922374429224,0,0,0,363,True
2021/FY 2021/Umina 66_11kV FY2021.csv,39f841c1edecdccbc031388324ffcc4ccef4321c93450265df7b60e0c2d8ce91,Umina 66_11kV,umina6611kv,2021,365,2020-05-01,2021-04-30,0,96,MW,0.9505707762557077,0,0,0,347,True
2021/FY 2021/Vales Point 33_11kV FY2021.csv,9e34e3342f57a6bdc0ffd45abc36a89ca291b6b8b6606f86c6aafa58aaba77f2,Vales Point 33_11kV,valespoint3311kv,2021,365,2020-05-01,2021-04-30,0,96,MW,0.994406392694064,0,0,0,363,True
2021/FY 2021/Wamberal 132_11kV FY2021.csv,9db7b027d5e4639e21e291e2ba34e83d1affe92c10724d2a946fc7888cc2c5d8,Wamberal 132_11kV,wamberal13211kv,2021,365,2020-05-01,2021-04-30,0,96,MW,0.9942922374429224,0,0,0,363,True
2021/FY 2021/Wamberal 66_11kV FY2021.csv,5c49cad5f6adf11451ade56fd05897e77f34a81e1ac1b650c7426f6e17a5e906,Wamberal 66_11kV,wamberal6611kv,2021,365,2020-05-01,2021-04-30,0,96,MW,0.3593036529680365,0,0,88,130,False
2021/FY 2021/Waverley 132_11kV FY2021.csv,2e74f44686cdd42da9ae463be5013a32a095d64653e5937aa01773903df7f04b,Waverley 132_11kV,waverley13211kv,2021,365,2020-05-01,2021-04-30,0,96,MW,0.994406392694064,0,0,0,363,True
2021/FY 2021/Waverley 33_11kV FY2021.csv,669af2dd821385e180cf9b61b7e2c68880f8be26754122efd7a5bbaf17f00125,Waverley 33_11kV,waverley3311kv,2021,365,2020-05-01,2021-04-30,0,96,MW,0.0,0,0,0,0,False
2021/FY 2021/West Gosford 132_11kV FY2021.csv,94c484a1640c23e645a565ff511c94278e2c862a2a632df8a5e6ef8d69980304,West Gosford 132_11kV,westgosford13211kv,2021,365,2020-05-01,2021-04-30,0,96,MW,0.8711187214611872,0,0,0,318,False
2021/FY 2021/Williamtown 33_11kV FY2021.csv,bfcda548aaa39c80b9214b4490c0ecbc64501ebbdc795f1f0b5f5abdc876125b,Williamtown 33_11kV,williamtown3311kv,2021,365,2020-05-01,2021-04-30,0,96,MW,0.9942922374429224,0,0,29,363,True
2021/FY 2021/Woy Woy 66_11kV FY2021.csv,59a845862c2a0a252f778d57689e8994b75d35c5a6174133689c558e1953ef22,Woy Woy 66_11kV,woywoy6611kv,2021,365,2020-05-01,2021-04-30,0,96,MW,0.9505707762557077,0,0,0,347,True
2021/FY 2021/Wyong 132_11kV FY2021.csv,2d6e4f15bee93784d93a3b820a95911b17fc164f809e92ec4b3b3ce4f312ac1d,Wyong 132_11kV,wyong13211kv,2021,365,2020-05-01,2021-04-30,0,96,MW,0.8628995433789954,0,0,0,315,False
2021/FY 2021/Zetland 132_11kV FY2021.csv,b71b95a97f144fc68d0b8066b59a0e085149e1ea227c52da9571ce639f01f2e3,Zetland 132_11kV,zetland13211kv,2021,365,2020-05-01,2021-04-30,0,96,MW,0.9505707762557077,0,0,0,347,True
2022/FY 2022/Aberdeen 66_11kV FY2022.csv,8600936698577e43fe6b372b2ad6e04e0d3b377dde52f6f1ea7cb909a640aae3,Aberdeen 66_11kV,aberdeen6611kv,2022,362,2021-05-01,2022-04-30,0,96,MW,0.999856123388582,0,0,0,362,True
2022/FY 2022/Adamstown 132_11kV FY2022.csv,32f27aa961750ef9e7fcb5faf5e2ce50f932aef6e1b4ca84c63640f0dd545f04,Adamstown 132_11kV,adamstown13211kv,2022,362,2021-05-01,2022-04-30,0,96,MW,0.9998848987108656,0,0,0,362,True
2022/FY 2022/Argenton 132_11kV FY2022.csv,d57c6808f7525e3b0bd0f6b4b68bfcaab6fd78815016644f690c2a4544cb89be,Argenton 132_11kV,argenton13211kv,2022,361,2021-05-01,2022-04-30,0,96,MW,0.9997691597414589,0,0,0,361,True
2022/FY 2022/Auburn 33_11kV FY2022.csv,dfe7e583e1203876158789b1ec668d8e2a39ebf1ae81aedf09ab6b43cd27f4d4,Auburn 33_11kV,auburn3311kv,2022,365,2021-05-01,2022-04-30,0,96,MW,0.9998858447488584,0,0,0,365,True
2022/FY 2022/Avoca 66_11kV FY2022.csv,2b68248afb7f4ad3214cb2da03278dc5b0e776df9193b84cf76ef82438e1a9d0,Avoca 66_11kV,avoca6611kv,2022,362,2021-05-01,2022-04-30,0,96,MW,0.9998848987108656,0,0,0,362,True
2022/FY 2022/Avondale 33_11kV FY2022.csv,96311854bb764d75fd064e772c580178960dd45fb73f58f6ab30afb2695b447d,Avondale 33_11kV,avondale3311kv,2022,362,2021-05-01,2022-04-30,0,96,MW,0.9998848987108656,0,0,0,362,True
2022/FY 2022/Baerami 33_11kV FY2022.csv,941ed5501c2fd9e6e9d097b55458f7b295a0f9654835763549549efa76d92e4a,Baerami 33_11kV,baerami3311kv,2022,362,2021-05-01,2022-04-30,0,96,MW,0.9987051104972375,0,0,0,359,True
2022/FY 2022/Balgowlah North 132_11kV FY2022.csv,97246c1f5e126aaf0fcd9643f5d74736096fae4945092b92f95dba2bcc5f369d,Balgowlah North 132_11kV,balgowlahnorth13211kv,2022,361,2021-05-01,2022-04-30,0,96,MW,0.9997691597414589,0,0,0,361,True
2022/FY 2022/Bankstown 132_11kV FY2022.csv,662882fea04f6efe83c423358fbab2c1bd34a2e26bf7af8dd0cad90da861c88b,Bankstown 132_11kV,bankstown13211kv,2022,364,2021-05-01,2022-04-30,0,96,MW,0.9997710622710623,0,0,0,364,True
2022/FY 2022/Bass Hill 33_11kV FY2022.csv,5464234d73961512b25a738805a776ccf9d92d760436f1eb943ef9ee3951fb40,Bass Hill 33_11kV,basshill3311kv,2022,362,2021-05-01,2022-04-30,0,96,MW,0.9998848987108656,0,0,0,362,True
2022/FY 2022/Beacon Hill 33_11kV FY2022.csv,f168d40567eb97afc9e55ca3ceabd8934dd5c136746f9c70a311823494077aa1,Beacon Hill 33_11kV,beaconhill3311kv,2022,365,2021-05-01,2022-04-30,0,96,MW,0.9998858447488584,0,0,0,365,True
2022/FY 2022/Belrose 33_11kV FY2022.csv,036b682a2a41d6b22dd22835b55b4c0a01d85489b43be28e4e4fc2626317dc62,Belrose 33_11kV,belrose3311kv,2022,365,2021-05-01,2022-04-30,0,96,MW,0.9998858447488584,0,0,0,365,True
2022/FY 2022/Berkeley Vale 132_11kV FY2022.csv,4e81e1f0a5c3d6b4635d60e727d9ea034579fd673ec6e0d09b03e1b490591d17,Berkeley Vale 132_11kV,berkeleyvale13211kv,2022,361,2021-05-01,2022-04-30,0,96,MW,0.9997691597414589,0,0,0,361,True
2022/FY 2022/Berowra 132_11kV FY2022.csv,02136703c3c54e489231305b8036bfdb1541909667b543f216584c7772ea1335,Berowra 132_11kV,berowra13211kv,2022,365,2021-05-01,2022-04-30,0,96,MW,0.9998858447488584,0,0,0,365,True
2022/FY 2022/Blackwattle Bay 33_5kV FY2022.csv,d4a61821c0fe0c6b70e2bad0b8bc044a2aafc5c7f8732ea12cbac3e9033d52f3,Blackwattle Bay 33_5kV,blackwattlebay335kv,2022,365,2021-05-01,2022-04-30,0,96,MW,0.9998858447488584,0,0,0,365,True
2022/FY 2022/Blakehurst 33_11kV FY2022.csv,b18a5acac2772a8f2737578c6908a4fb275c7148338d3ce71870c68b729613d0,Blakehurst 33_11kV,blakehurst3311kv,2022,365,2021-05-01,2022-04-30,0,96,MW,0.9998858447488584,0,0,0,365,True
2022/FY 2022/Botany 33_11kV FY2022.csv,9b3b3da453e3c2edf7988f67db3eabef126a8c1c09b38d51d3244f054c156e32,Botany 33_11kV,botany3311kv,2022,365,2021-05-01,2022-04-30,0,96,MW,0.9998858447488584,0,0,0,365,True
2022/FY 2022/Brandy Hill 132_11kV FY2022.csv,26f477d819032d5147121cdc8cfe3f574fda6f6406cd715fd55dd75ecbecfe57,Brandy Hill 132_11kV,brandyhill13211kv,2022,365,2021-05-01,2022-04-30,0,96,MW,0.7680650684931507,0,0,0,280,False
2022/FY 2022/Branxton 66_11kV FY2022.csv,6dc20b5e68c006cad626255be219096f6112e6ef384d9b1b7b75f4b4f19d9e08,Branxton 66_11kV,branxton6611kv,2022,362,2021-05-01,2022-04-30,0,96,MW,0.9998848987108656,0,0,0,362,True
2022/FY 2022/Broadmeadow 132_11kV FY2022.csv,67ec930824714d2e1385ec2b445f67e3913d9f228c997b077bb978dd268df869,Broadmeadow 132_11kV,broadmeadow13211kv,2022,362,2021-05-01,2022-04-30,0,96,MW,0.9998848987108656,0,0,0,362,True
2022/FY 2022/Brookvale 33_11kV FY2022.csv,72ad9c7318293816ddacad8187f51ea4318f8c462406177183267013b8569be4,Brookvale 33_11kV,brookvale3311kv,2022,365,2021-05-01,2022-04-30,0,96,MW,0.9998858447488584,0,0,0,365,True
2022/FY 2022/Burwood 132_11kV FY2022.csv,17fb1d26ffd2da3d63b17e11169d4f2fa2a88c47dd18e996316a133dfa6a8c4d,Burwood 132_11kV,burwood13211kv,2022,365,2021-05-01,2022-04-30,0,96,MW,0.9998858447488584,0,0,0,365,True
2022/FY 2022/Campbell St 132_11kV FY2022.csv,e9816ef0fb624cac1140e231584a3e29d95b368fa278fdd3b3ff38b3a3a7ddd9,Campbell St 132_11kV,campbellst13211kv,2022,365,2021-05-01,2022-04-30,0,96,MW,0.9998858447488584,0,0,0,365,True
2022/FY 2022/Camperdown 33_11kV FY2022.csv,a1762851b6a9689c4bf6b08eb329f3fc764e59548093f5e3433aa58af954f5db,Camperdown 33_11kV,camperdown3311kv,2022,362,2021-05-01,2022-04-30,0,96,MW,0.9998848987108656,0,0,0,362,True
2022/FY 2022/Camperdown 33_5kV FY2022.csv,e80f63cffe48e71d9b745ad40fe9d1d4d563b48d2572c167b27947012cd2fb61,Camperdown 33_5kV,camperdown335kv,2022,365,2021-05-01,2022-04-30,0,96,MW,0.9998858447488584,0,0,0,365,True
2022/FY 2022/Campsie 33_11kV FY2022.csv,abd65335dcc079a1c7132991d2352838d754b6fcd5b4592a5fd460fc9bb4f7ef,Campsie 33_11kV,campsie3311kv,2022,365,2021-05-01,2022-04-30,0,96,MW,0.9998858447488584,0,0,0,365,True
2022/FY 2022/Cardiff 33_11kV FY2022.csv,ee9274ab4c0cb68e80216e987a47484ce656190e8bdef113e5c2181ce4c3b31b,Cardiff 33_11kV,cardiff3311kv,2022,362,2021-05-01,2022-04-30,0,96,MW,0.9998848987108656,0,0,0,362,True
2022/FY 2022/Careel Bay 33_11kV FY2022.csv,2cd0a2fef426b2a70a6dd4ab36e7d4788afdd9d28428f1a69b2a81e817acc970,Careel Bay 33_11kV,careelbay3311kv,2022,365,2021-05-01,2022-04-30,0,96,MW,0.9998858447488584,0,0,0,365,True
2022/FY 2022/Caringbah 33_11kV FY2022.csv,0d84bad933404c5785c9107600c6533d7d1e1bbcb8b8a8df8895f7f9f23df63b,Caringbah 33_11kV,caringbah3311kv,2022,365,2021-05-01,2022-04-30,0,96,MW,0.9998858447488584,0,0,0,365,True
2022/FY 2022/Castle Cove 132_11kV FY2022.csv,6d3d5c731c179602f68adffdc9869f9a13aedae6a4afc52f323dc880a88e7fef,Castle Cove 132_11kV,castlecove13211kv,2022,365,2021-05-01,2022-04-30,0,96,MW,0.9998858447488584,0,0,0,365,True
2022/FY 2022/Cessnock South 33_11kV FY2022.csv,f49b51ce3a9c4ecd220af7da30936126e753a9bfabd3409856bd658937cc8d91,Cessnock South 33_11kV,cessnocksouth3311kv,2022,361,2021-05-01,2022-04-30,0,96,MW,0.9997691597414589,0,0,0,361,True
2022/FY 2022/Charlestown 132_11kV FY2022.csv,606ef6d330b311b2e4dd1cb3ca239988e1363f3f150ee608137f96131cf82a2d,Charlestown 132_11kV,charlestown13211kv,2022,362,2021-05-01,2022-04-30,0,96,MW,0.9998848987108656,0,0,0,362,True
2022/FY 2022/Charmhaven 132_11kV FY2022.csv,683a3e29526ada277d1c3db07e111b8a809c042db9e940c536879ff7100e2cdc,Charmhaven 132_11kV,charmhaven13211kv,2022,365,2021-05-01,2022-04-30,0,96,MW,0.9998858447488584,0,0,0,365,True
2022/FY 2022/Chatswood 33_11kV FY2022.csv,09fe4b3b0e5991af8011f758691017dad352cfe8bcf362e5a0fa6f0de59eb0bc,Chatswood 33_11kV,chatswood3311kv,2022,365,2021-05-01,2022-04-30,0,96,MW,0.9998858447488584,0,0,0,365,True
2022/FY 2022/City Central 132_11kV FY2022.csv,1d8d9ed821d018d200dc07b33763a612bdbd37ce6bd4b185b4a3505105bd6359,City Central 132_11kV,citycentral13211kv,2022,365,2021-05-01,2022-04-30,0,96,MW,0.9998858447488584,0,0,0,365,True
2022/FY 2022/City East 33_11kV FY2022.csv,6dd3aa08b8873a7b764ada1be3fa21cef9216c910d05cfd5be655c17b86d9fc2,City East 33_11kV,cityeast3311kv,2022,365,2021-05-01,2022-04-30,0,96,MW,0.9998858447488584,0,0,0,365,True
2022/FY 2022/City North 132_11kV FY2022.csv,a0dd22059c67bd1103e88a923d449b7c7cc665f1dcc5a8973b0418097329f892,City North 132_11kV,citynorth13211kv,2022,365,2021-05-01,2022-04-30,0,96,MW,0.9998858447488584,0,0,0,365,True
2022/FY 2022/City South 132_11kV FY2022.csv,67340236482df2cdc9917dd4e7b7af76411ddc290560c10ab59c28f5d8ebf924,City South 132_11kV,citysouth13211kv,2022,365,2021-05-01,2022-04-30,0,96,MW,0.9998858447488584,0,0,0,365,True
2022/FY 2022/Clovelly 132_11kV FY2022.csv,f11a04d5ff750fb7962db386b0300e2ba6198b5d3b3a00d94c9f48081360ec38,Clovelly 132_11kV,clovelly13211kv,2022,365,2021-05-01,2022-04-30,0,96,MW,0.9998858447488584,0,0,0,365,True
2022/FY 2022/Concord 33_11kV FY2022.csv,4534e4f1ff62e799b2f4cdcd6d51a4e753de10b3903490f866361c44a5440c9a,Concord 33_11kV,concord3311kv,2022,365,2021-05-01,2022-04-30,0,96,MW,0.9998858447488584,0,0,0,365,True
2022/FY 2022/Cronulla 132_11kV FY2022.csv,ce4a6bc715cd6f298baf7a023750f5a0848f280f32fd3241e592bf23145bada4,Cronulla 132_11kV,cronulla13211kv,2022,365,2021-05-01,2022-04-30,0,96,MW,0.9998858447488584,0,0,0,365,True
2022/FY 2022/Croudace Bay 33_11kV FY2022.csv,7518f420a4c20f5ddfdcd140a91515ee4c4339bb60723547f31d5df79093a928,Croudace Bay 33_11kV,croudacebay3311kv,2022,362,2021-05-01,2022-04-30,0,96,MW,0.9998848987108656,0,0,0,362,True
2022/FY 2022/Crows Nest 132_11kV FY2022.csv,6e20965992f44f89617a548a50dc394f7da4aa984120c09972cff5730fbbc039,Crows Nest 132_11kV,crowsnest13211kv,2022,365,2021-05-01,2022-04-30,0,96,MW,0.9998858447488584,0,0,0,365,True
2022/FY 2022/Croydon 132_11kV FY2022.csv,bd35b61f817b8c99766dfad8f8bab12d0a1fcc379fae5c0292996f43b6f8b7a6,Croydon 132_11kV,croydon13211kv,2022,365,2021-05-01,2022-04-30,0,96,MW,0.9998858447488584,0,0,0,365,True
2022/FY 2022/Dalley St 132_11kV FY2022.csv,7259f5d7407dcfa1a7fe763809163ad750ed5b2d01889b49cf863b034edb1984,Dalley St 132_11kV,dalleyst13211kv,2022,365,2021-05-01,2022-04-30,0,96,MW,0.9998858447488584,0,0,0,365,True
2022/FY 2022/Darling Harbour 132_11kV FY2022.csv,8f2ca5213d46d9dba7af87731a0866a1cd5bdee19266c2d93f746c73725b1f6e,Darling Harbour 132_11kV,darlingharbour13211kv,2022,365,2021-05-01,2022-04-30,0,96,MW,0.9998858447488584,0,0,0,365,True
2022/FY 2022/Darlinghurst 33_11kV FY2022.csv,91a1c756309dbc72c7fbebb01dff391f774058e26e4454c8f88e5290a35234ec,Darlinghurst 33_11kV,darlinghurst3311kv,2022,365,2021-05-01,2022-04-30,0,96,MW,0.9998858447488584,0,0,0,365,True
2022/FY 2022/Dee Why West 33_11kV FY2022.csv,85e219353b4083ee8ecf53e3141ca8869e559d2f35cf58ad1fd57b78ddf2ffc8,Dee Why West 33_11kV,deewhywest3311kv,2022,365,2021-05-01,2022-04-30,0,96,MW,0.9998858447488584,0,0,0,365,True
2022/FY 2022/Denman 66_11kV FY2022.csv,a144e844d1298454ee160a65558fbdf65f0cfe17fb8f8836a53506338bb3ed61,Denman 66_11kV,denman6611kv,2022,362,2021-05-01,2022-04-30,0,96,MW,0.9998848987108656,0,0,0,362,True
2022/FY 2022/Double Bay 132_11kV FY2022.csv,01f509ddbb560a785a197d9b17103fff1ccdfaebcaf4a2a235c148bd9daba4ad,Double Bay 132_11kV,doublebay13211kv,2022,365,2021-05-01,2022-04-30,0,96,MW,0.9998858447488584,0,0,0,365,True
2022/FY 2022/Drummoyne 132_11kV FY2022.csv,dc78adb73a60bab17a70268af3be438a91632b47414d700d4bed67f86fdd2f79,Drummoyne 132_11kV,drummoyne13211kv,2022,365,2021-05-01,2022-04-30,0,96,MW,0.9998858447488584,0,0,0,365,True
2022/FY 2022/Dulwich Hill 33_11kV FY2022.csv,7288e539236376a4d4b8881dce7342ccc5f45fe5ce7dfc1391191a05d38abeb2,Dulwich Hill 33_11kV,dulwichhill3311kv,2022,365,2021-05-01,2022-04-30,0,96,MW,0.9998858447488584,0,0,0,365,True
2022/FY 2022/Edgeworth 33_11kV FY2022.csv,19b16b6c6b378fc696530b2423e8a5dc767b15ea57d09fd5efaab245323ac4bd,Edgeworth 33_11kV,edgeworth3311kv,2022,362,2021-05-01,2022-04-30,0,96,MW,0.9998848987108656,0,0,0,362,True
2022/FY 2022/Empire Bay 66_11kV FY2022.csv,f11f7eafd4c2ca7fbc6992bc9734ce8f01e34e37f63ce16291b639ea56c4155b,Empire Bay 66_11kV,empirebay6611kv,2022,362,2021-05-01,2022-04-30,0,96,MW,0.9998848987108656,0,0,0,362,True
2022/FY 2022/Enfield 33_11kV FY2022.csv,b6ee959361b09afeebfb5411a1e7b03080316b3a2d84dc5fa73baa14b3b2f5f3,Enfield 33_11kV,enfield3311kv,2022,365,2021-05-01,2022-04-30,0,96,MW,0.7974029680365297,0,0,0,291,False
2022/FY 2022/Engadine 132_11kV FY2022.csv,91c2102fd1702e3c43777d52064a882aee0dce77225f4fc73550b11303cfd1e4,Engadine 132_11kV,engadine13211kv,2022,362,2021-05-01,2022-04-30,0,96,MW,0.9998848987108656,0,0,0,362,True
2022/FY 2022/Epping 66_11kV FY2022.csv,2a18916af2e74b5e10b7f9bd0e744c5cd98b2b12f58f76061981898fe4dc9a72,Epping 66_11kV,epping6611kv,2022,362,2021-05-01,2022-04-30,0,96,MW,0.9998848987108656,0,0,0,362,True
2022/FY 2022/Erina 66_11kV FY2022.csv,a02720cc3042234ecf7bc7fd87fb450cab240e9776af2cd161d15615bb6b5a9b,Erina 66_11kV,erina6611kv,2022,365,2021-05-01,2022-04-30,0,96,MW,0.9998858447488584,0,0,0,365,True
2022/FY 2022/Flemington 132_11kV FY2022.csv,fa8aa70a2076afb3ed4c484119e6021b322c86c583d7de17c435ae026f95ec4d,Flemington 132_11kV,flemington13211kv,2022,365,2021-05-01,2022-04-30,0,96,MW,0.9998858447488584,0,0,0,365,True
2022/FY 2022/Galston 132_11kV FY2022.csv,1cda717b421478bad6c6169a9e735b7c3a6f3e9a945d1eaf7d3f5650e5fdd1cb,Galston 132_11kV,galston13211kv,2022,364,2021-05-01,2022-04-30,0,96,MW,0.9996565934065934,0,0,0,364,True
2022/FY 2022/Gateshead 33_11kV FY2022.csv,d947a2007368d61c09eb1665e0b251f3dee8fd81b81130a8eb402082f9be1c1b,Gateshead 33_11kV,gateshead3311kv,2022,365,2021-05-01,2022-04-30,0,96,MW,0.9998858447488584,0,0,0,365,True
2022/FY 2022/Gore Hill 33_11kV FY2022.csv,93eb8f49c46e799017613a63a31c4ba38bd603371af43d62e10dbec2f4e904b0,Gore Hill 33_11kV,gorehill3311kv,2022,365,2021-05-01,2022-04-30,0,96,MW,0.9998858447488584,0,0,0,365,True
2022/FY 2022/Green Square 132_11kV FY2022.csv,26f95485d94ce436fa0893ac453ba104c8fce27f5a74f7501b46da250816b630,Green Square 132_11kV,greensquare13211kv,2022,365,2021-05-01,2022-04-30,0,96,MW,0.9998858447488584,0,0,0,365,True
2022/FY 2022/Greenacre Park 132_11kV FY2022.csv,0cdb3f11bd597cbb9eb0944fae53c2758e2901348cb93c8ab8262e557f69deb6,Greenacre Park 132_11kV,greenacrepark13211kv,2022,365,2021-05-01,2022-04-30,0,96,MW,0.9998858447488584,0,0,0,365,True
2022/FY 2022/Gwawley Bay 132_11kV FY2022.csv,106bbe990dda0509d6e4cd0b2999531780c858c3548f1c13ef6a15d2769992f0,Gwawley Bay 132_11kV,gwawleybay13211kv,2022,206,2021-05-01,2022-01-22,0,96,MW,0.997876213592233,0,0,0,205,False
2022/FY 2022/Harbord 33_11kV FY2022.csv,1a7445668e04e524c38686eef511576f7a728743a3d8f2eeb0b65e280ddb826d,Harbord 33_11kV,harbord3311kv,2022,365,2021-05-01,2022-04-30,0,96,MW,0.9998858447488584,0,0,0,365,True
2022/FY 2022/Homebush Bay 132_11kV FY2022.csv,4a92e747db26f296f18f2cc7de709ea16e8e98b3586dff568a5696760ea85317,Homebush Bay 132_11kV,homebushbay13211kv,2022,365,2021-05-01,2022-04-30,0,96,MW,0.9998858447488584,0,0,0,365,True
2022/FY 2022/Hornsby 132_11kV FY2022.csv,6470e430d0b3336faa57fe9a1545faad4f5cf9d870c320dbbd73713975239eb3,Hornsby 132_11kV,hornsby13211kv,2022,365,2021-05-01,2022-04-30,0,96,MW,0.9998858447488584,0,0,0,365,True
2022/FY 2022/Hunters Hill 66_11kV FY2022.csv,c0cf4c9e8379eedbd5b93d766bf71db207220601174ce09ee9d9ad3862eb3874,Hunters Hill 66_11kV,huntershill6611kv,2022,365,2021-05-01,2022-04-30,0,96,MW,0.9998858447488584,0,0,0,365,True
2022/FY 2022/Hurstville North 132_11kV FY2022.csv,b82e66c60291e8bb0bfb81ab779eb9ffc191b080fe9960aa01738287d1cb92a8,Hurstville North 132_11kV,hurstvillenorth13211kv,2022,365,2021-05-01,2022-04-30,0,96,MW,0.9998858447488584,0,0,0,365,True
2022/FY 2022/Jannali 33_11kV FY2022.csv,d3e503d033333d2325e1b22c6f137ff5a8ca46afa25be61ba7edd624a991cddd,Jannali 33_11kV,jannali3311kv,2022,266,2021-05-01,2022-01-21,0,96,MW,0.9998433583959899,0,0,0,266,False
2022/FY 2022/Jesmond 132_11kV FY2022.csv,12cd28dd1f5242be9cac6c1c97a2ccfa4175f53dada4def2e80464f1b834bdf1,Jesmond 132_11kV,jesmond13211kv,2022,362,2021-05-01,2022-04-30,0,96,MW,0.9998848987108656,0,0,0,362,True
2022/FY 2022/Jewells 33_11kV FY2022.csv,866283b140c94c9971c54512e042d56ed4867e7c798af84fe665f25ade7fcb3e,Jewells 33_11kV,jewells3311kv,2022,361,2021-05-01,2022-04-30,0,96,MW,0.9998845798707294,0,0,0,361,True
2022/FY 2022/Killarney 33_11kV FY2022.csv,13351713c3c2f3e7a84f386ac6930ade41a39a2bc24dcb436f83da748ce7c8fa,Killarney 33_11kV,killarney3311kv,2022,365,2021-05-01,2022-04-30,0,96,MW,0.9998858447488584,0,0,0,365,True
2022/FY 2022/Kingsford 132_11kV FY2022.csv,3f583fb9ec1af72953ea91f2fe8b681105a543691f3c6e078a562f1f65214b03,Kingsford 132_11kV,kingsford13211kv,2022,361,2021-05-01,2022-04-30,0,96,MW,0.9996537396121884,0,0,0,361,True
2022/FY 2022/Kirrawee 132_11kV FY2022.csv,083d5345041280804c920096b8827d1f379ae8f22f15e2b2770fd92b2d8b2caf,Kirrawee 132_11kV,kirrawee13211kv,2022,365,2021-05-01,2022-04-30,0,96,MW,0.9998858447488584,0,0,0,365,True
2022/FY 2022/Kogarah 132_11kV FY2022.csv,89be8eeb41ebc9dd5695bf93c5fb06653ad47ae78607e027c0ae9134323d7ae8,Kogarah 132_11kV,kogarah13211kv,2022,365,2021-05-01,2022-04-30,0,96,MW,0.9998858447488584,0,0,0,365,True
2022/FY 2022/Kotara 33_11kV FY2022.csv,2e312eb63633081a1e35275af46d6335ebbc6df35f0b81f5077ae238dcf41d47,Kotara 33_11kV,kotara3311kv,2022,362,2021-05-01,2022-04-30,0,96,MW,0.9998848987108656,0,0,0,362,True
2022/FY 2022/Kurnell South 132_11kV FY2022.csv,d103794aa4ff7d08374e71bbb3714176be4d6a91c825c451764026d022e3f551,Kurnell South 132_11kV,kurnellsouth13211kv,2022,365,2021-05-01,2022-04-30,0,96,MW,0.9998858447488584,0,0,0,365,True
2022/FY 2022/Kurri 132_11kV FY2022.csv,0c543b4685a1dc66704589980d10f6dd7e087eb4ceaa6668d4f7d69b67d9aa34,Kurri 132_11kV,kurri13211kv,2022,365,2021-05-01,2022-04-30,0,96,MW,0.9998858447488584,0,0,0,365,True
2022/FY 2022/Lake Munmorah 132_11kV FY2022.csv,4e4d4ddd92795aab22ebbaeb1fddb1b861d48027f676386380c85c248cb47aac,Lake Munmorah 132_11kV,lakemunmorah13211kv,2022,362,2021-05-01,2022-04-30,0,96,MW,0.9998848987108656,0,0,0,362,True
2022/FY 2022/Leichhardt 132_11kV FY2022.csv,bb6642eb574703925167ec143846662b093ca9e32f214eb680ea5bce4b1ee662,Leichhardt 132_11kV,leichhardt13211kv,2022,365,2021-05-01,2022-04-30,0,96,MW,0.9998858447488584,0,0,0,365,True
2022/FY 2022/Leightonfield 33_11kV FY2022.csv,ce151bae9dbced0af20071f82cf1e3931f3ec952f2125d14d167ce03aa4b44cf,Leightonfield 33_11kV,leightonfield3311kv,2022,365,2021-05-01,2022-04-30,0,96,MW,0.9998858447488584,0,0,0,365,True
2022/FY 2022/Lemington 66_11kV FY2022.csv,19a62daaa463e9a0de5a74a4c8571658fa4254c487e3a8a8f48e4abd3e3b5ec3,Lemington 66_11kV,lemington6611kv,2022,362,2021-05-01,2022-04-30,0,96,MW,0.9938996316758748,0,0,0,359,True
2022/FY 2022/Lidcombe 33_11kV FY2022.csv,6fec9b28cea343581c26896e0cf0eb981d8b7cc5dcb867a44875ad4830d872ff,Lidcombe 33_11kV,lidcombe3311kv,2022,365,2021-05-01,2022-04-30,0,96,MW,0.9998858447488584,0,0,0,365,True
2022/FY 2022/Lindfield 33_11kV FY2022.csv,e91a4e48856501ab0cf1f434d2a1ad7b537f06f779c92727a9562e94fdc47f43,Lindfield 33_11kV,lindfield3311kv,2022,266,2021-05-01,2022-01-21,0,96,MW,0.9998433583959899,0,0,0,266,False
2022/FY 2022/Lisarow 33_11kV FY2022.csv,4ab28d4fb39de7a3fd5cc4626855fb2ce16364b1ec81f02fac866c2328015e49,Lisarow 33_11kV,lisarow3311kv,2022,365,2021-05-01,2022-04-30,0,96,MW,0.9998858447488584,0,0,0,365,True
2022/FY 2022/Long Jetty 66_11kV FY2022.csv,1b61a82e6a06c3cbae5968ae89feedcd51af099a14612b9f13219d3761802412,Long Jetty 66_11kV,longjetty6611kv,2022,365,2021-05-01,2022-04-30,0,96,MW,0.9998858447488584,0,0,0,365,True
2022/FY 2022/Lucas Heights 33_11kV FY2022.csv,bbcb0d63127966e584bd3a2b7f09185e1a8d983aa192071a0e9b700527a87fb5,Lucas Heights 33_11kV,lucasheights3311kv,2022,365,2021-05-01,2022-04-30,0,96,MW,0.9998858447488584,0,0,0,365,True
2022/FY 2022/Macquarie Park 132_11kV FY2022.csv,bbf17d2b8f01bc62a5d81bf7d06762d0f21fdb8fea153203cbef02b3e5d874ff,Macquarie Park 132_11kV,macquariepark13211kv,2022,365,2021-05-01,2022-04-30,0,96,MW,0.9998858447488584,0,0,0,365,True
2022/FY 2022/Maitland 33_11kV FY2022.csv,cd89b6f48d8214f1d6108b315e25edaf6841061a9f9b9e4e0b291f7353b85dff,Maitland 33_11kV,maitland3311kv,2022,362,2021-05-01,2022-04-30,0,96,MW,0.9998848987108656,0,0,0,362,True
2022/FY 2022/Manly 33_11kV FY2022.csv,9a331bc97c793b7b43f51e4475eb7b7e01824ed5316b77369eb4aa13cd2dbbdd,Manly 33_11kV,manly3311kv,2022,365,2021-05-01,2022-04-30,0,96,MW,0.9998858447488584,0,0,0,365,True
2022/FY 2022/Maroubra 132_11kV FY2022.csv,d289fe5700f48917ba18e333916a44c5fe3d0e394cb674d61d30805dc0d682c2,Maroubra 132_11kV,maroubra13211kv,2022,365,2021-05-01,2022-04-30,0,96,MW,0.9998858447488584,0,0,0,365,True
2022/FY 2022/Marrickville 132_11kV FY2022.csv,917765dff5298712ef547439315f92fa3c06e98d15b5f924d256efa76daca501,Marrickville 132_11kV,marrickville13211kv,2022,365,2021-05-01,2022-04-30,0,96,MW,0.9998858447488584,0,0,0,365,True
2022/FY 2022/Maryland 132_11kV FY2022.csv,747063fc82a46925f895b675d0cdf800bf0c8638325026e3609fceebd715665e,Maryland 132_11kV,maryland13211kv,2022,362,2021-05-01,2022-04-30,0,96,MW,0.9998848987108656,0,0,0,362,True
2022/FY 2022/Mascot 33_11kV FY2022.csv,81d10bba4d16bd40ab68517b508a1111b332530530a3377793c22e18e0078199,Mascot 33_11kV,mascot3311kv,2022,365,2021-05-01,2022-04-30,0,96,MW,0.9998858447488584,0,0,0,365,True
2022/FY 2022/Matraville 33_11kV FY2022.csv,317409dc028e9821f2aba5d27e713eb9d5231ae1b51303037d19b8529536563d,Matraville 33_11kV,matraville3311kv,2022,365,2021-05-01,2022-04-30,0,96,MW,0.9998858447488584,0,0,0,365,True
2022/FY 2022/Mayfield West 132_11kV FY2022.csv,c96f4d4992aeb10237bce9718d9c0252ebec1167549040734bd410c801cbf395,Mayfield West 132_11kV,mayfieldwest13211kv,2022,357,2021-05-01,2022-04-30,0,96,MW,0.9997665732959851,0,0,0,357,True
2022/FY 2022/Meadowbank 132_11kV FY2022.csv,b38aab4b8660d0f2d29b91aae0b95851e262cf7c07e803b874921b11fe459447,Meadowbank 132_11kV,meadowbank13211kv,2022,365,2021-05-01,2022-04-30,0,96,MW,0.9998858447488584,0,0,0,365,True
2022/FY 2022/Medowie 33_11kV FY2022.csv,bafb03f339edf7394dcd2a8407f94a8d96b172655cd99ee7db786e490a4067ed,Medowie 33_11kV,medowie3311kv,2022,362,2021-05-01,2022-04-30,0,96,MW,0.9998848987108656,0,0,0,362,True
2022/FY 2022/Menai 132_11kV FY2022.csv,172b864e1e75ad1b44172c1163c527cb28727389a4f0f13f02cce1f97a4b9c5b,Menai 132_11kV,menai13211kv,2022,365,2021-05-01,2022-04-30,0,96,MW,0.9998858447488584,0,0,0,365,True
2022/FY 2022/Merriwa 33_11kV FY2022.csv,b5b07dbc998e60a3181ece6a0647e523166c1e8af94114c3f4e5e57409eb9813,Merriwa 33_11kV,merriwa3311kv,2022,362,2021-05-01,2022-04-30,0,96,MW,0.997496546961326,0,0,0,358,True
2022/FY 2022/Metford 33_11kV FY2022.csv,37bc8632225fe819cb65dd19fa7fb3b8278b5ca5354eaedfb6b32e91035852a3,Metford 33_11kV,metford3311kv,2022,362,2021-05-01,2022-04-30,0,96,MW,0.9998848987108656,0,0,0,362,True
2022/FY 2022/Milperra 132_11kV FY2022.csv,d0a1ed073a094c72865236527b9b208f66ad4a1e401eaab1732c4084840d381b,Milperra 132_11kV,milperra13211kv,2022,365,2021-05-01,2022-04-30,0,96,MW,0.9998858447488584,0,0,0,365,True
2022/FY 2022/Miranda 33_11kV FY2022.csv,f1d3413c064901c70b076ce9660112554ce04192581872a7f6f9413804807767,Miranda 33_11kV,miranda3311kv,2022,365,2021-05-01,2022-04-30,0,96,MW,0.9998858447488584,0,0,0,365,True
2022/FY 2022/Mitchell Line 66_11kV FY2022.csv,e7b216cca6c0673ee4dabd0d12f88592dc60b0c9f8ff5bac7eb8bd1732caf28e,Mitchell Line 66_11kV,mitchellline6611kv,2022,361,2021-05-01,2022-04-30,0,96,MW,0.9997691597414589,0,0,0,361,True
2022/FY 2022/Mitchells Flat 66_11kV FY2022.csv,34d9182e1f3076fe3d26f5a7e8307fcaa8adcd2869878f8e4db4eb22c4b0257f,Mitchells Flat 66_11kV,mitchellsflat6611kv,2022,313,2021-05-01,2022-04-30,0,96,MW,0.9984691160809371,0,0,0,310,False
2022/FY 2022/Mona Vale 33_11kV FY2022.csv,d8f2f61017e2368257f81363e466c67a2489bec3ce9ff726f38e168acce684f8,Mona Vale 33_11kV,monavale3311kv,2022,266,2021-05-01,2022-01-21,0,96,MW,0.9998433583959899,0,0,0,266,False
2022/FY 2022/Moonan 33_11kV FY2022.csv,a7558d63cbc70ed7ebe03cf81a6978d87e2a56d2a69281744f9fb783e52f62be,Moonan 33_11kV,moonan3311kv,2022,365,2021-05-01,2022-04-30,0,96,MW,0.9998858447488584,0,0,0,365,True
2022/FY 2022/Morisset 132_11kV FY2022.csv,450f8d07e52572d97ed6939cb3044340f26ff39641cd4275b570f421c77c2ddc,Morisset 132_11kV,morisset13211kv,2022,294,2021-05-01,2022-04-30,0,96,MW,0.999858276643991,0,0,4728,294,False
2022/FY 2022/Mortdale 33_11kV FY2022.csv,091491a7790cd65f3ccc3fc85f4d191ed4ccbdc0da0429d193bbcf799266744b,Mortdale 33_11kV,mortdale3311kv,2022,365,2021-05-01,2022-04-30,0,96,MW,0.9998858447488584,0,0,0,365,True
2022/FY 2022/Mosman 132_11kV FY2022.csv,b478f93b8720a4d0396e523fd46464e39c502f42fed7fe1216b7b625c12bfd61,Mosman 132_11kV,mosman13211kv,2022,365,2021-05-01,2022-04-30,0,96,MW,0.9998858447488584,0,0,0,365,True
2022/FY 2022/Mt Hutton 33_11kV FY2022.csv,c79db45db2fdbd12a1967e64fefd2a2c66eaede010b5edd3575bc04357f6e050,Mt Hutton 33_11kV,mthutton3311kv,2022,365,2021-05-01,2022-04-30,0,96,MW,0.9288527397260274,0,0,0,208,False
2022/FY 2022/Mt Thorley 66_11kV FY2022.csv,f4b516e3cae77f32a4fc88da96523366d60b0a2d3cb82867cb02cd076466246e,Mt Thorley 66_11kV,mtthorley6611kv,2022,362,2021-05-01,2022-04-30,0,96,MW,0.9998848987108656,0,0,0,362,True
2022/FY 2022/Muswellbrook 33_11kV FY2022.csv,e2dc5e30fa9314a121b60151e074a8906f3060e235267f727a72abba07b5df13,Muswellbrook 33_11kV,muswellbrook3311kv,2022,365,2021-05-01,2022-04-30,0,96,MW,0.9394406392694064,0,0,0,342,False
2022/FY 2022/Narrabeen 33_11kV FY2022.csv,914d3ae23938ea663ae26feca5da1ea00b78719b50650b2ff4b268ab9f7eceb0,Narrabeen 33_11kV,narrabeen3311kv,2022,365,2021-05-01,2022-04-30,0,96,MW,0.9998858447488584,0,0,0,365,True
2022/FY 2022/Nelson Bay 33_11kV FY2022.csv,f7bed960ecc7be655798b4b7d9c423c5e97233e741acc23f5668b14c2e3d2e55,Nelson Bay 33_11kV,nelsonbay3311kv,2022,362,2021-05-01,2022-04-30,0,96,MW,0.9998848987108656,0,0,0,362,True
2022/FY 2022/New Lambton 33_11kV FY2022.csv,e4ac79e3117afe72c6a335bb26dfadd662b3253d1f67a48d3396d2846e3d0aff,New Lambton 33_11kV,newlambton3311kv,2022,365,2021-05-01,2022-04-30,0,96,MW,0.9998858447488584,0,0,0,365,True
2022/FY 2022/Newcastle CBD 33_11kV FY2022.csv,ced971b6e984d8491e26c854b1824e13bdf95fc70f1a642f18efefdf565eaa0d,Newcastle CBD 33_11kV,newcastlecbd3311kv,2022,362,2021-05-01,2022-04-30,0,96,MW,0.9998848987108656,0,0,0,362,True
2022/FY 2022/Newdell 66_11kV FY2022.csv,3c8e97c15e059b27e3215e26d491d200fb12c1e33d1c7ffedd2186372afddcda,Newdell 66_11kV,newdell6611kv,2022,362,2021-05-01,2022-04-30,0,96,MW,0.9998848987108656,0,0,0,362,True
2022/FY 2022/Newport 33_11kV FY2022.csv,3979bcd72db2fc0439825e9f3a723738a059311612f21290d660bb61322c0f88,Newport 33_11kV,newport3311kv,2022,365,2021-05-01,2022-04-30,0,96,MW,0.9998858447488584,0,0,0,365,True
2022/FY 2022/Noraville 33_11kV FY2022.csv,d9ad63a7edf38adbb01c8797a4d707b2dee0042449516e8655b9f51e810c9ee8,Noraville 33_11kV,noraville3311kv,2022,365,2021-05-01,2022-04-30,0,96,MW,0.9998858447488584,0,0,0,365,True
2022/FY 2022/North Head 33_11kV FY2022.csv,7b27247551832be6dd5a4ecda9855e2f463131591e6f9f4110058b8860bc3475,North Head 33_11kV,northhead3311kv,2022,365,2021-05-01,2022-04-30,0,96,MW,0.9998858447488584,0,0,0,365,True
2022/FY 2022/North Sydney 132_11kV FY2022.csv,eb255a0019ca58422f20f8613bf1f3fe2db0e07a77f1d7e3011e29e29dc87737,North Sydney 132_11kV,northsydney13211kv,2022,365,2021-05-01,2022-04-30,0,96,MW,0.9998858447488584,0,0,0,365,True
2022/FY 2022/Nulkaba 33_11kV FY2022.csv,11b6c19d60d7254c1f983ff0a3272588c397b8e4f690fe9377db6d68cd8b8537,Nulkaba 33_11kV,nulkaba3311kv,2022,361,2021-05-01,2022-04-30,0,96,MW,0.9997691597414589,0,0,0,361,True
2022/FY 2022/Olympic Park 132_11kV FY2022.csv,a08eade73b6ecb711e78d12249bce32152f23c7614cbdde4b33d3a34ac6a621c,Olympic Park 132_11kV,olympicpark13211kv,2022,365,2021-05-01,2022-04-30,0,96,MW,0.9998858447488584,0,0,0,365,True
2022/FY 2022/Paddington 33_11kV FY2022.csv,3212f5434f3981ceaf11a1745c57c08607ae1eaddde3d5581bb33b96495ce1e2,Paddington 33_11kV,paddington3311kv,2022,365,2021-05-01,2022-04-30,0,96,MW,0.9998858447488584,0,0,0,365,True
2022/FY 2022/Paxton 33_11kV FY2022.csv,9264fe8935c0e4c8d22ab5022f2f0476b382bf03f4285316eba5f0efd0c3cb8d,Paxton 33_11kV,paxton3311kv,2022,365,2021-05-01,2022-04-30,0,96,MW,0.9998858447488584,0,0,0,365,True
2022/FY 2022/Peats Ridge 33_11kV FY2022.csv,7e2fff1efc49df4c847c9dfa3b8a384fe0ea35c92f938e03831dd9fe426af395,Peats Ridge 33_11kV,peatsridge3311kv,2022,361,2021-05-01,2022-04-30,0,96,MW,0.9997691597414589,0,0,0,361,True
2022/FY 2022/Pelican 33_11kV FY2022.csv,05526c00d895307c831e05fe8eee27caa9506a9d689b8cb90a9bd9abdb1baadf,Pelican 33_11kV,pelican3311kv,2022,362,2021-05-01,2022-04-30,0,96,MW,0.9998848987108656,0,0,0,362,True
2022/FY 2022/Pennant Hills 132_11kV FY2022.csv,66ee5f6a661a460688b9936a6225e865b6f4f3b2b19c7c873daf146303860850,Pennant Hills 132_11kV,pennanthills13211kv,2022,365,2021-05-01,2022-04-30,0,96,MW,0.9998858447488584,0,0,0,365,True
2022/FY 2022/Port Botany 33_11kV FY2022.csv,b0ae3a39282ec695b8165c36c5cf367515fcbb275e1f4c430cd7e1f0fe07f73b,Port Botany 33_11kV,portbotany3311kv,2022,361,2021-05-01,2022-04-30,0,96,MW,0.9997691597414589,0,0,0,361,True
2022/FY 2022/Potts Hill 132_11kV FY2022.csv,2cf91444efba994781780a1f2e71005c8716fda2fdd1a12f8f85edebb7dbcbca,Potts Hill 132_11kV,pottshill13211kv,2022,365,2021-05-01,2022-04-30,0,96,MW,0.9998858447488584,0,0,0,365,True
2022/FY 2022/Punchbowl 33_11kV FY2022.csv,0b3ea717a1750390f8e321ec68fd1206b282e56e7526b54ead9d4a8bb0abfba1,Punchbowl 33_11kV,punchbowl3311kv,2022,362,2021-05-01,2022-04-30,0,96,MW,0.9998848987108656,0,0,0,362,True
2022/FY 2022/Pymble 33_11kV FY2022.csv,f8c5dd2c9bb32556838504aa3610f0e1888056f4dcf08c9599996852fb550380,Pymble 33_11kV,pymble3311kv,2022,365,2021-05-01,2022-04-30,0,96,MW,0.9998858447488584,0,0,0,365,True
2022/FY 2022/RNS Hospital 132_11kV FY2022.csv,023c33dbf05431f376179077846d68c4cf9056c1a6720a73fa2ad68bef95c2a6,RNS Hospital 132_11kV,rnshospital13211kv,2022,361,2021-05-01,2022-04-30,0,96,MW,0.9997691597414589,0,0,0,361,True
2022/FY 2022/Rathmines 132_11kV FY2022.csv,e22a5ce525855aba931960f15831aa330fdad8d80d200b1a50e35ce8ec752e4c,Rathmines 132_11kV,rathmines13211kv,2022,362,2021-05-01,2022-04-30,0,96,MW,0.9998848987108656,0,0,0,362,True
2022/FY 2022/Raymond Terr NEW 33_11kV FY2022.csv,a88a270849f04bd3d8f1eb3a99d1ef57a988e53ec8bb2dcd1548afbcc6bf155d,Raymond Terr NEW 33_11kV,raymondterrnew3311kv,2022,361,2021-05-01,2022-04-30,0,96,MW,0.9997691597414589,0,0,0,361,True
2022/FY 2022/Revesby 132_11kV FY2022.csv,85b098b54ec5ba41f788500fa99d57d65e44c5cc0a7442420ce2dca5f292784c,Revesby 132_11kV,revesby13211kv,2022,365,2021-05-01,2022-04-30,0,96,MW,0.9998858447488584,0,0,0,365,True
2022/FY 2022/Riverwood 33_11kV FY2022.csv,08e353591ca56a7e63c13700e29480aed067ebd750178a9a756c6ce3df02e96b,Riverwood 33_11kV,riverwood3311kv,2022,365,2021-05-01,2022-04-30,0,96,MW,0.9998858447488584,0,0,0,365,True
2022/FY 2022/Rockdale 132_11kV FY2022.csv,5b2b30f3ad002bb4ccddd701f380da67cef6d97c4395ea73534935760ea29598,Rockdale 132_11kV,rockdale13211kv,2022,365,2021-05-01,2022-04-30,0,96,MW,0.9998858447488584,0,0,0,365,True
2022/FY 2022/Rose Bay 132_11kV FY2022.csv,e9f0c7e94ba95231187fa8dad70950c3a9b8c1c9b6ae49088430b0d46057a013,Rose Bay 132_11kV,rosebay13211kv,2022,365,2021-05-01,2022-04-30,0,96,MW,0.9998858447488584,0,0,0,365,True
2022/FY 2022/Rothbury 132_11kV FY2022.csv,29312b4c6054b1b989f69379ae42c29feb7c8d77a4102358e5270c646e871e2c,Rothbury 132_11kV,rothbury13211kv,2022,365,2021-05-01,2022-04-30,0,96,MW,0.9998858447488584,0,0,0,365,True
2022/FY 2022/Rouchel 33_11kV FY2022.csv,ff630013a474144036b920987a0078c4214a8888d5755aae251e23609532791e,Rouchel 33_11kV,rouchel3311kv,2022,363,2021-05-01,2022-04-30,0,96,MW,0.9987086776859504,0,0,0,360,True
2022/FY 2022/Rutherford 33_11kV FY2022.csv,059d3a2d2acfc9436c5b79e890987e868fa2a61dff2af4be5de2d376b25c0605,Rutherford 33_11kV,rutherford3311kv,2022,362,2021-05-01,2022-04-30,0,96,MW,0.9998848987108656,0,0,0,362,True
2022/FY 2022/Sans Souci 33_11kV FY2022.csv,a9d37db372a8167d231d594a74d5ca77f4bdd447c3111038bd0d347976fca04c,Sans Souci 33_11kV,sanssouci3311kv,2022,365,2021-05-01,2022-04-30,0,96,MW,0.9998858447488584,0,0,0,365,True
2022/FY 2022/Scone 66_11kV FY2022.csv,510772a24f8dcbd156984060da04335c69e3b7ab8d6c4f2a09a1d48fdc4d974b,Scone 66_11kV,scone6611kv,2022,361,2021-05-01,2022-04-30,0,96,MW,0.9997691597414589,0,0,0,361,True
2022/FY 2022/Sefton 132_11kV FY2022.csv,11f049390a4a43866de206df4e41c3d3969a55f2c87ec19dc4f250c62cf3358e,Sefton 132_11kV,sefton13211kv,2022,365,2021-05-01,2022-04-30,0,96,MW,0.9998858447488584,0,0,0,365,True
2022/FY 2022/Singleton 66_11kV FY2022.csv,ef0f569f6a86ce6f35e17098eed1b3629a1f0fea27980d142e93617f555b0dfc,Singleton 66_11kV,singleton6611kv,2022,365,2021-05-01,2022-04-30,0,96,MW,0.998601598173516,0,0,0,364,True
2022/FY 2022/Singleton North 66_11kV FY2022.csv,4cb34cc6092a18d5f705771c0a1ce3abbcc65117822521405f23e50169c73b7e,Singleton North 66_11kV,singletonnorth6611kv,2022,365,2021-05-01,2022-04-30,0,96,MW,0.9998858447488584,0,0,0,365,True
2022/FY 2022/Somersby 132_11kV FY2022.csv,c0673fb9fe3eee7ab0d1b3debb4f1f2c74f5ce329468668b0e27dfadfa2bd57f,Somersby 132_11kV,somersby13211kv,2022,365,2021-05-01,2022-04-30,0,96,MW,0.9998858447488584,0,0,0,365,True
2022/FY 2022/St Ives 33_11kV FY2022.csv,55f681dd01a193cbd1950b5f82b087c551733ba5dd5ad932c161e48fc5cb6962,St Ives 33_11kV,stives3311kv,2022,365,2021-05-01,2022-04-30,0,96,MW,0.9998858447488584,0,0,0,365,True
2022/FY 2022/St Peters 132_11kV FY2022.csv,fcd4cedc8c8f61bf9347b6f9a6d7d7f077ef443fbe5a12cb38e04f5f4172fc93,St Peters 132_11kV,stpeters13211kv,2022,365,2021-05-01,2022-04-30,0,96,MW,0.9998858447488584,0,0,0,365,True
2022/FY 2022/Stockton 33_11kV FY2022.csv,fb243538b7b9653c807ba7596740a8e47024e99361a1a0f3e6df5ec799999c86,Stockton 33_11kV,stockton3311kv,2022,318,2021-05-01,2022-04-30,0,96,MW,0.9989845387840671,0,0,0,317,False
2022/FY 2022/Strathfield South 132_11kV FY2022.csv,cf78ff5123ac65ffa0ada331e3b3261bff90e96d8a5a5e5111bc9b2a1666109f,Strathfield South 132_11kV,strathfieldsouth13211kv,2022,365,2021-05-01,2022-04-30,0,96,MW,0.9998858447488584,0,0,0,365,True
2022/FY 2022/Surry Hills 33_11kV FY2022.csv,f8b95c0cdf24d5575f23ea52896447f14bd8653f4d8f21109d27405a505d9144,Surry Hills 33_11kV,surryhills3311kv,2022,365,2021-05-01,2022-04-30,0,96,MW,0.9998858447488584,0,0,0,365,True
2022/FY 2022/Swansea 33_11kV FY2022.csv,fc29567eab2d2bdc7ab5c7318342248d2ccf8e7a3465073d2b574cca113cdc68,Swansea 33_11kV,swansea3311kv,2022,362,2021-05-01,2022-04-30,0,96,MW,0.9998848987108656,0,0,0,362,True
2022/FY 2022/Tanilba Bay 33_11kV FY2022.csv,97bc64111a87aec2b1e25adfb17e534e5f2fad16748b15c140df4b7d5dd985da,Tanilba Bay 33_11kV,tanilbabay3311kv,2022,365,2021-05-01,2022-04-30,0,96,MW,0.9998858447488584,0,0,0,365,True
2022/FY 2022/Tarro 33_11kV FY2022.csv,f5d850e91dea0806da396f49cdd433f32ee237679420896d6ad856ecee661d48,Tarro 33_11kV,tarro3311kv,2022,361,2021-05-01,2022-04-30,0,96,MW,0.9998845798707294,0,0,0,361,True
2022/FY 2022/Telarah 33_11kV FY2022.csv,dadefd73ae840bb60ec929fc8e039eadb1f82ddb4a4bfeeffdcbb075478ab2b2,Telarah 33_11kV,telarah3311kv,2022,362,2021-05-01,2022-04-30,0,96,MW,0.9998848987108656,0,0,0,362,True
2022/FY 2022/Terrey Hills 33_11kV FY2022.csv,43a9538ae3abbcf6958cbe51ef7192583dc64f6356cbde9f239bb013973863b5,Terrey Hills 33_11kV,terreyhills3311kv,2022,365,2021-05-01,2022-04-30,0,96,MW,0.9998858447488584,0,0,0,365,True
2022/FY 2022/Thornton 33_11kV FY2022.csv,346089a24ac4d6430e65d126a8501c0076e3457f92dc54620cae8a53a35e792e,Thornton 33_11kV,thornton3311kv,2022,365,2021-05-01,2022-04-30,0,96,MW,0.9998858447488584,0,0,0,365,True
2022/FY 2022/Tighes Hill 33_11kV FY2022.csv,b719d6c41156ce1c37a06e78291c235cd19cd73b3c8978e5a6064b38580c0735,Tighes Hill 33_11kV,tigheshill3311kv,2022,361,2021-05-01,2022-04-30,0,96,MW,0.9997691597414589,0,0,0,361,True
2022/FY 2022/Tomago 33_11kV FY2022.csv,c80f7016eab454b6c2589ecde7de05dc8b81192b2381abaca0a0aa1fb5081cb5,Tomago 33_11kV,tomago3311kv,2022,361,2021-05-01,2022-04-30,0,96,MW,0.9997691597414589,0,0,0,361,True
2022/FY 2022/Tomalpin 33_11kV FY2022.csv,ec3053061ab485b110f99485e5469acc9bb0e9f0f0b2fbe9ca22af3695552ed7,Tomalpin 33_11kV,tomalpin3311kv,2022,361,2021-05-01,2022-04-30,0,96,MW,0.9997691597414589,0,0,2,361,True
2022/FY 2022/Tomaree 33_11kV FY2022.csv,44df9f77cfb21ac0ea1f36a22c8de934726c66d093bd1e6bdeff5eb78d5744e1,Tomaree 33_11kV,tomaree3311kv,2022,362,2021-05-01,2022-04-30,0,96,MW,0.9998848987108656,0,0,0,362,True
2022/FY 2022/Top Ryde 132_11kV FY2022.csv,45e4f48723cac5dc0eaa558be339f7064da20fee095dc4c9d0243965bef85748,Top Ryde 132_11kV,topryde13211kv,2022,365,2021-05-01,2022-04-30,0,96,MW,0.9998858447488584,0,0,0,365,True
2022/FY 2022/Toronto West 132_11kV FY2022.csv,b2048eefea2deb8b4ce2a3b88ef4a4ce810c54070b8b1a75d059b4ee48532132,Toronto West 132_11kV,torontowest13211kv,2022,361,2021-05-01,2022-04-30,0,96,MW,0.9997691597414589,0,0,0,361,True
2022/FY 2022/Turramurra 33_11kV FY2022.csv,dc3d89cf993ba81858a79284ed4cfc9cbe15c48746bf72dd23968117ef3c7ac4,Turramurra 33_11kV,turramurra3311kv,2022,330,2021-05-01,2022-04-30,0,96,MW,0.9998737373737374,0,0,0,330,True
2022/FY 2022/Umina 66_11kV FY2022.csv,6d68efa23259973cb79233a8814023ef3fbfbc16928081a01963a62e29f2ed60,Umina 66_11kV,umina6611kv,2022,365,2021-05-01,2022-04-30,0,96,MW,0.999857305936073,4,0,0,364,True
2022/FY 2022/Vales Point 33_11kV FY2022.csv,347cb9ec472594b9e6d513e3648a804a927f097640d8f55f5fbb68ed272f84d7,Vales Point 33_11kV,valespoint3311kv,2022,365,2021-05-01,2022-04-30,0,96,MW,0.9998858447488584,0,0,0,365,True
2022/FY 2022/Wamberal 132_11kV FY2022.csv,5b0d06164d43bb86bf2f94160342475f2696ad49956ee94b0944b1e9e14c1dbb,Wamberal 132_11kV,wamberal13211kv,2022,361,2021-05-01,2022-04-30,0,96,MW,0.9997691597414589,0,0,0,361,True
2022/FY 2022/Waverley 132_11kV FY2022.csv,e567447c1c227f7a670534f1a59e29b27d0fe1d29b2da07b3a0fdadc03435efd,Waverley 132_11kV,waverley13211kv,2022,365,2021-05-01,2022-04-30,0,96,MW,0.9998858447488584,0,0,0,365,True
2022/FY 2022/West Gosford 132_11kV FY2022.csv,50f6e928d732219f758450ca054dc17d63928d4c44094ef0c7cd3af23b38ad8b,West Gosford 132_11kV,westgosford13211kv,2022,365,2021-05-01,2022-04-30,0,96,MW,0.9998858447488584,0,0,0,365,True
2022/FY 2022/Williamtown 33_11kV FY2022.csv,677dda15383999c65bd67a15ba81fd21374cb8c77979b640a23332f3fb51d034,Williamtown 33_11kV,williamtown3311kv,2022,362,2021-05-01,2022-04-30,0,96,MW,0.9998848987108656,0,0,0,362,True
2022/FY 2022/Woy Woy 66_11kV FY2022.csv,9f1368f3b166a1a0f2c56a663cb3d782b36648d2294faf7e56a90b035fb4cce8,Woy Woy 66_11kV,woywoy6611kv,2022,365,2021-05-01,2022-04-30,0,96,MW,0.9998858447488584,0,0,0,365,True
2022/FY 2022/Wyong 132_11kV FY2022.csv,d800ef1f44fa5affffec40f8b72f34172a7189421fee2937a88f2c3b33520f86,Wyong 132_11kV,wyong13211kv,2022,365,2021-05-01,2022-04-30,0,96,MW,0.9998858447488584,0,0,0,365,True
2022/FY 2022/Zetland 132_11kV FY2022.csv,3a8add6422af80378689192b09eb4dc9877c6579e2696cd768e7f26a9e99919a,Zetland 132_11kV,zetland13211kv,2022,365,2021-05-01,2022-04-30,0,96,MW,0.9998858447488584,0,0,0,365,True
2023/FY2023/Aberdeen 66_11kV FY2023.csv,ad0e004a5fd319f3a31e54836add6796f1c10960acc825304f9b925e04f00a83,Aberdeen 66_11kV,aberdeen6611kv,2023,365,2022-05-01,2023-04-30,0,96,MW,0.9394977168949772,0,0,0,343,False
2023/FY2023/Adamstown 132_11kV FY2023.csv,54d0e3502af1811acaee1938b7eabc34457820b2107fb2c94a045144bf6ec009,Adamstown 132_11kV,adamstown13211kv,2023,365,2022-05-01,2023-04-30,0,96,MW,0.9942922374429224,0,0,0,363,True
2023/FY2023/Argenton 132_11kV FY2023.csv,dcaf8b1b931999824403cf33027e36fcabe667658dfb2faa86b560903be93d3b,Argenton 132_11kV,argenton13211kv,2023,365,2022-05-01,2023-04-30,0,96,MW,0.7861872146118721,0,0,0,287,False
2023/FY2023/Arncliffe 33_11kV FY2023.csv,b205fd49c496a2c85cdec1056c411a68bb6ae0932987546a574bbc7141717044,Arncliffe 33_11kV,arncliffe3311kv,2023,365,2022-05-01,2023-04-30,0,96,MW,0.0,0,0,0,0,False
2023/FY2023/Auburn 33_11kV FY2023.csv,7a38abd7d6684dd3426ba622f0ea589b4d21f6ebf40e6ad334bc3a82f2980bd8,Auburn 33_11kV,auburn3311kv,2023,365,2022-05-01,2023-04-30,0,96,MW,0.9971746575342466,0,0,0,364,True
2023/FY2023/Avoca 66_11kV FY2023.csv,ece6c3c7ea8104a1085a0ffc35189f03cbe653d2de00826efbfc35383d3586a0,Avoca 66_11kV,avoca6611kv,2023,365,2022-05-01,2023-04-30,0,96,MW,0.9997716894977169,0,0,0,365,True
2023/FY2023/Avondale 33_11kV FY2023.csv,651b08807c7c2b91cf846f8a0cbd94dc035103a3e8d2e4622eda9b107438c5b0,Avondale 33_11kV,avondale3311kv,2023,365,2022-05-01,2023-04-30,0,96,MW,0.9368721461187215,0,0,0,342,False
2023/FY2023/Baerami 33_11kV FY2023.csv,49a65d70104a7f34bf631ab86ecfaa78a74507d74e12a97de7f447a8cf51722d,Baerami 33_11kV,baerami3311kv,2023,365,2022-05-01,2023-04-30,0,96,MW,0.9982876712328768,0,0,0,362,True
2023/FY2023/Balgowlah North 132_11kV FY2023.csv,54ef1410fc2e9d21f5f5dbcb471a9686adea5edd25c643525f5b3efb7f9aeddb,Balgowlah North 132_11kV,balgowlahnorth13211kv,2023,365,2022-05-01,2023-04-30,0,96,MW,0.9998858447488584,0,0,0,365,True
2023/FY2023/Bankstown 132_11kV FY2023.csv,2f3eacc0ca3d69ee1124f589e767a03a9ff7eacd8e5359b8792e47d3124a0800,Bankstown 132_11kV,bankstown13211kv,2023,365,2022-05-01,2023-04-30,0,96,MW,0.9998858447488584,0,0,0,365,True
2023/FY2023/Bass Hill 33_11kV FY2023.csv,1acbf56bcf1636facde6996c16398319c4f9b9a7c0a8c7ac03a10fd026b69aed,Bass Hill 33_11kV,basshill3311kv,2023,365,2022-05-01,2023-04-30,0,96,MW,0.9914098173515982,0,0,0,361,True
2023/FY2023/Beacon Hill 33_11kV FY2023.csv,3dc193d6abe8c9b510ba46593e95df794ca2a3f80375d303dc3749125531d502,Beacon Hill 33_11kV,beaconhill3311kv,2023,365,2022-05-01,2023-04-30,0,96,MW,0.9971746575342466,0,0,0,364,True
2023/FY2023/Belmore Park 132_11kV FY2023.csv,7223234ec6e6d8880637ad7244cdd91dc5212ed7876467263bc155cc7ee07aee,Belmore Park 132_11kV,belmorepark13211kv,2023,365,2022-05-01,2023-04-30,0,96,MW,0.9778538812785388,0,0,0,357,True
2023/FY2023/Belrose 33_11kV FY2023.csv,f0d4964a7aef562fd9e043327c50ea9410ecde7f9c919cf96dd2e5058eb216a8,Belrose 33_11kV,belrose3311kv,2023,365,2022-05-01,2023-04-30,0,96,MW,0.9971746575342466,0,0,0,364,True
2023/FY2023/Berkeley Vale 132_11kV FY2023.csv,4d2627501339977776658af397983420b659c5c91051e7f5d9ee49f0cb8fdfdd,Berkeley Vale 132_11kV,berkeleyvale13211kv,2023,365,2022-05-01,2023-04-30,0,96,MW,0.9998858447488584,0,0,0,365,True
2023/FY2023/Berowra 132_11kV FY2023.csv,cdc592318ccd36409707c8044ac31b884bed813766dbbf56d5487c6edd45d6bd,Berowra 132_11kV,berowra13211kv,2023,365,2022-05-01,2023-04-30,0,96,MW,0.9971746575342466,0,0,0,364,True
2023/FY2023/Blackwattle Bay 33_5kV FY2023.csv,3abb8d683f2b308f9dbc5ab9d1a1b7b01f1f8639f8beabd03fa6b5c4ef1c0d4f,Blackwattle Bay 33_5kV,blackwattlebay335kv,2023,365,2022-05-01,2023-04-30,0,96,MW,0.9971746575342466,1024,0,0,297,False
2023/FY2023/Blakehurst 33_11kV FY2023.csv,b6c605635fe96d5ca0a7ff20f974408d7b28ef981a303ca043985b3243c8beb4,Blakehurst 33_11kV,blakehurst3311kv,2023,365,2022-05-01,2023-04-30,0,96,MW,0.9971746575342466,0,0,0,364,True
2023/FY2023/Botany 33_11kV FY2023.csv,dcde3c4da2771cf69c0501e5dc49799fd71eacc581f05768b46b7d717e7906d1,Botany 33_11kV,botany3311kv,2023,365,2022-05-01,2023-04-30,0,96,MW,0.9998858447488584,0,0,0,365,True
2023/FY2023/Brandy Hill 132_11kV FY2023.csv,30c5ac25dc4c28f7af5472e496788e44b5bc9fdd3e7d7a43517be555fc217ea7,Brandy Hill 132_11kV,brandyhill13211kv,2023,365,2022-05-01,2023-04-30,0,96,MW,0.9723744292237443,0,0,0,355,True
2023/FY2023/Branxton 66_11kV FY2023.csv,5b0f6804f6360eee68cc83218e46de35f2f86f5b492c76804324a0f60c48c547,Branxton 66_11kV,branxton6611kv,2023,365,2022-05-01,2023-04-30,0,96,MW,0.9942922374429224,0,0,0,363,True
2023/FY2023/Broadmeadow 132_11kV FY2023.csv,d0db83108f323af60f8466fdddb2c3111bf5126eee6d2dee57e59a676fe14df7,Broadmeadow 132_11kV,broadmeadow13211kv,2023,365,2022-05-01,2023-04-30,0,96,MW,0.9942922374429224,0,0,0,363,True
2023/FY2023/Broadmeadow 33_11kV FY2023.csv,4bff1bf8aa4cd62f263717415818a38b4129d27d6041e3f92ba62d7619a80193,Broadmeadow 33_11kV,broadmeadow3311kv,2023,365,2022-05-01,2023-04-30,0,96,MW,0.0,0,0,0,0,False
2023/FY2023/Brookvale 33_11kV FY2023.csv,1568af773b207b46f80f40dc0ec2309201238746b46765b603824c4389522abc,Brookvale 33_11kV,brookvale3311kv,2023,365,2022-05-01,2023-04-30,0,96,MW,0.9971746575342466,0,0,0,364,True
2023/FY2023/Burwood 132_11kV FY2023.csv,9dd9fa7fbd5458eaab983e97eb215c5f06922cc3b3fa48e1bc402ce5c3bf3d0f,Burwood 132_11kV,burwood13211kv,2023,365,2022-05-01,2023-04-30,0,96,MW,0.9971746575342466,0,0,0,364,True
2023/FY2023/Campbell St 132_11kV FY2023.csv,93a5e46aa7e7c8f9037f8127c17bcc0c2ac2177b78caa7aa53fb71f1dbb70487,Campbell St 132_11kV,campbellst13211kv,2023,365,2022-05-01,2023-04-30,0,96,MW,0.8301655251141552,0,0,0,303,False
2023/FY2023/Camperdown 33_11kV FY2023.csv,b8e19603f54f90e83fcd362736778db65dacdfd0a335fe1ce849808ca47d46b0,Camperdown 33_11kV,camperdown3311kv,2023,365,2022-05-01,2023-04-30,0,96,MW,0.9423801369863014,0,0,0,344,False
2023/FY2023/Camperdown 33_5kV FY2023.csv,539ce9d0675323de62c467deadc6a5f135ff659a91d64023c847b9d251f61ecc,Camperdown 33_5kV,camperdown335kv,2023,365,2022-05-01,2023-04-30,0,96,MW,0.9971746575342466,0,0,0,364,True
2023/FY2023/Campsie 33_11kV FY2023.csv,2e38fd3b9b3eb5b6f94b008ab0b40cbc48dd27aefaab964ad45ac4a42d9bcdb2,Campsie 33_11kV,campsie3311kv,2023,365,2022-05-01,2023-04-30,0,96,MW,0.9971746575342466,0,0,0,364,True
2023/FY2023/Cardiff 33_11kV FY2023.csv,5c6164d715dcac18e93b98ab503aa954db430880d31eea38262dfd82bb639d0e,Cardiff 33_11kV,cardiff3311kv,2023,365,2022-05-01,2023-04-30,0,96,MW,0.9997716894977169,0,0,0,365,True
2023/FY2023/Careel Bay 33_11kV FY2023.csv,9857751e5cb10f1215b74346e5e8f4e70a5f21100e5d6ffee7afc4cc29785488,Careel Bay 33_11kV,careelbay3311kv,2023,365,2022-05-01,2023-04-30,0,96,MW,0.9971746575342466,0,0,0,364,True
2023/FY2023/Caringbah 33_11kV FY2023.csv,b1c7cf048cabb8462b437230bddb8ed27f1932b579b97c4af029728e179f2abb,Caringbah 33_11kV,caringbah3311kv,2023,365,2022-05-01,2023-04-30,0,96,MW,0.9971746575342466,0,0,0,364,True
2023/FY2023/Carrington 33_11kV FY2023.csv,52b1bc86a887738c7b57a85d5afe380bbc4881a21c47fa7f5b3a94859891103f,Carrington 33_11kV,carrington3311kv,2023,365,2022-05-01,2023-04-30,0,96,MW,0.0,0,0,0,0,False
2023/FY2023/Castle Cove 132_11kV FY2023.csv,763d0ea77d05c9dcdc0490efc7d28abbaa9aabc2aa114e715d14005eced6043f,Castle Cove 132_11kV,castlecove13211kv,2023,365,2022-05-01,2023-04-30,0,96,MW,0.9971746575342466,0,0,0,364,True
2023/FY2023/Cessnock 33_11kV FY2023.csv,83836e8d1a5aaa6273211e35da84ea3d7c118568710278abd356ed47edc3b2f0,Cessnock 33_11kV,cessnock3311kv,2023,365,2022-05-01,2023-04-30,0,96,MW,0.0,0,0,0,0,False
2023/FY2023/Cessnock South 33_11kV FY2023.csv,037be216ac9dc6855ac4b95355425f04004d99a4a1044e8da84c65aeb5b187a3,Cessnock South 33_11kV,cessnocksouth3311kv,2023,365,2022-05-01,2023-04-30,0,96,MW,0.9998858447488584,0,0,0,365,True
2023/FY2023/Charlestown 132_11kV FY2023.csv,1c8788528c687e1c00eea3a3884b07c7de9e04184d3abbda5d47ddccd0927814,Charlestown 132_11kV,charlestown13211kv,2023,365,2022-05-01,2023-04-30,0,96,MW,0.9942922374429224,0,0,0,363,True
2023/FY2023/Charmhaven 132_11kV FY2023.csv,7627dc51b951afd3ba645389a18f08505ce310ff310a7ea289f679c5c1bb7275,Charmhaven 132_11kV,charmhaven13211kv,2023,365,2022-05-01,2023-04-30,0,96,MW,0.9751141552511415,0,0,0,356,True
2023/FY2023/Chatswood 33_11kV FY2023.csv,88c9d43b551b1eead0b95f458f75fc22913af34290c7ec8e5e8f7af8b046387e,Chatswood 33_11kV,chatswood3311kv,2023,365,2022-05-01,2023-04-30,0,96,MW,0.9971746575342466,0,0,0,364,True
2023/FY2023/City Central 132_11kV FY2023.csv,0a9503b5646bec98fb73f55a9cabbc3e7c18c8ab8f14529e684c000ebb483974,City Central 132_11kV,citycentral13211kv,2023,365,2022-05-01,2023-04-30,0,96,MW,0.9971746575342466,0,0,0,364,True
2023/FY2023/City East 33_11kV FY2023.csv,30538dc8567759d0362d9d817c5a0d846595b5fecbea559a3fad1d22adefa1e4,City East 33_11kV,cityeast3311kv,2023,365,2022-05-01,2023-04-30,0,96,MW,0.999857305936073,0,0,0,365,True
2023/FY2023/City North 132_11kV FY2023.csv,740eebc6f07f3ba7bf0895e2c1cc004dbfab9a544abf5f28d77aba76e23e0941,City North 132_11kV,citynorth13211kv,2023,365,2022-05-01,2023-04-30,0,96,MW,0.9834474885844748,0,0,0,359,True
2023/FY2023/City South 132_11kV FY2023.csv,e69ae991aea380316de64a20894b0856092ed4424137c7998c56b81afe3febfb,City South 132_11kV,citysouth13211kv,2023,365,2022-05-01,2023-04-30,0,96,MW,0.9971746575342466,0,0,0,364,True
2023/FY2023/Clovelly 132_11kV FY2023.csv,5d430f51951915ec036df93dd43a615145aae956166c50bf69939dcccb20913a,Clovelly 132_11kV,clovelly13211kv,2023,365,2022-05-01,2023-04-30,0,96,MW,0.9971746575342466,0,0,0,364,True
2023/FY2023/Concord 33_11kV FY2023.csv,812027c8bbdd1817eada2949f1f5b524100714a08f83e38505322bc978608f9e,Concord 33_11kV,concord3311kv,2023,365,2022-05-01,2023-04-30,0,96,MW,0.9971746575342466,0,0,0,364,True
2023/FY2023/Cronulla 132_11kV FY2023.csv,dd36290fdc67b44067cb3a76953499408d92954cce567eabadb7e7e28c6e2cb6,Cronulla 132_11kV,cronulla13211kv,2023,365,2022-05-01,2023-04-30,0,96,MW,0.9971746575342466,0,0,0,364,True
2023/FY2023/Croudace Bay 33_11kV FY2023.csv,9e020574e25f7a883d09121b095a4711d788d6213b9bd8e80d5e084bfa0ba487,Croudace Bay 33_11kV,croudacebay3311kv,2023,365,2022-05-01,2023-04-30,0,96,MW,0.9998858447488584,0,0,0,365,True
2023/FY2023/Crows Nest 132_11kV FY2023.csv,3ebe6e990335cec5351762b2220b0980e3a374e3a45eb841a086680c3cad7330,Crows Nest 132_11kV,crowsnest13211kv,2023,365,2022-05-01,2023-04-30,0,96,MW,0.9971746575342466,0,0,0,364,True
2023/FY2023/Crows Nest 33_11kV FY2023.csv,87ccf5cc6d9f4d8e5b2949244f20c1ff27920f543c1c7d169c840b0eaf377c11,Crows Nest 33_11kV,crowsnest3311kv,2023,365,2022-05-01,2023-04-30,0,96,MW,0.0,0,0,0,0,False
2023/FY2023/Croydon 132_11kV FY2023.csv,a07a2d45565af7e2199333e6b93e92334c7be1a0c58312aec83a6e4dc226b146,Croydon 132_11kV,croydon13211kv,2023,365,2022-05-01,2023-04-30,0,96,MW,0.9971746575342466,0,0,0,364,True
2023/FY2023/Dalley St 132_11kV FY2023.csv,1e782c65d459b10c6ca52d350ba2f0610c2c4451f7823bf41e4c6ebbb821e5a0,Dalley St 132_11kV,dalleyst13211kv,2023,365,2022-05-01,2023-04-30,0,96,MW,0.999857305936073,0,0,0,365,True
2023/FY2023/Darling Harbour 132_11kV FY2023.csv,8223f89b4af3364fb041cb0cc8a5b325b77a369411333a106a46ca003ed5ea15,Darling Harbour 132_11kV,darlingharbour13211kv,2023,365,2022-05-01,2023-04-30,0,96,MW,0.9971746575342466,0,0,0,364,True
2023/FY2023/Darlinghurst 33_11kV FY2023.csv,9544f98e4b56c47658c3068a378067b3ed2d3e5e29d5ffeb7cec183efd870687,Darlinghurst 33_11kV,darlinghurst3311kv,2023,365,2022-05-01,2023-04-30,0,96,MW,0.9971746575342466,0,0,0,364,True
2023/FY2023/Dee Why West 33_11kV FY2023.csv,d57c317ff26da04b0fc3045688c0dc6f91e00dd8a9b072cf78ba1618f0981ffc,Dee Why West 33_11kV,deewhywest3311kv,2023,365,2022-05-01,2023-04-30,0,96,MW,0.9971746575342466,0,0,0,364,True
2023/FY2023/Denman 66_11kV FY2023.csv,56707e3b361a4943df20527efcccc7f05afaaef97bf9018fbaaacc65936ce1d3,Denman 66_11kV,denman6611kv,2023,365,2022-05-01,2023-04-30,0,96,MW,0.9259132420091324,0,0,0,338,False
2023/FY2023/Double Bay 132_11kV FY2023.csv,6d0ef95385c007623ff4725aba665327c5ffce8dbd924aa0d697863cc015a520,Double Bay 132_11kV,doublebay13211kv,2023,365,2022-05-01,2023-04-30,0,96,MW,0.9968321917808219,0,0,0,363,True
2023/FY2023/Drummoyne 132_11kV FY2023.csv,3553a57a058c24895f9092a825ab808106fdad881e324d473ff924f6cba9d7d2,Drummoyne 132_11kV,drummoyne13211kv,2023,365,2022-05-01,2023-04-30,0,96,MW,0.9670376712328768,0,0,0,353,True
2023/FY2023/Dulwich Hill 33_11kV FY2023.csv,d22c283ca94f6a4a655cc6c931175c6012fde32703f4adcdc5f52f36d3413181,Dulwich Hill 33_11kV,dulwichhill3311kv,2023,365,2022-05-01,2023-04-30,0,96,MW,0.9971746575342466,0,0,0,364,True
2023/FY2023/Edgeworth 33_11kV FY2023.csv,9a279239998f30dc1c8a18f689d32743adc094095b628fe73f177edfe9910f2a,Edgeworth 33_11kV,edgeworth3311kv,2023,365,2022-05-01,2023-04-30,0,96,MW,0.9914383561643836,0,0,0,362,True
2023/FY2023/Empire Bay 66_11kV FY2023.csv,9151b7784374d0d3c192222f322d8ef12052c283e2bcef4190aaaf7f0f9183ec,Empire Bay 66_11kV,empirebay6611kv,2023,365,2022-05-01,2023-04-30,0,96,MW,0.9942922374429224,0,0,0,363,True
2023/FY2023/Enfield 33_11kV FY2023.csv,6033e7a9fae1f44444ff287811c6e03a87223942c0f1613e05bbaecd6e215f7c,Enfield 33_11kV,enfield3311kv,2023,365,2022-05-01,2023-04-30,0,96,MW,0.0547945205479452,0,0,0,20,False
2023/FY2023/Engadine 132_11kV FY2023.csv,740b9b4e62e6d1aca061c295f3e1a891d77661fc9b3e5949655d54d6a1032aaa,Engadine 132_11kV,engadine13211kv,2023,365,2022-05-01,2023-04-30,0,96,MW,0.9942922374429224,0,0,0,363,True
2023/FY2023/Engadine 33_11kV FY2023.csv,346fe70124966ba12ca953f9f8aec610f8681c982e962209b9046162eebd3eef,Engadine 33_11kV,engadine3311kv,2023,365,2022-05-01,2023-04-30,0,96,MW,0.0,0,0,0,0,False
2023/FY2023/Epping 66_11kV FY2023.csv,c59e7b212aa4d96820b96c0b6fef3d17b8f566748becc8ef6ac679c0b0df21ee,Epping 66_11kV,epping6611kv,2023,365,2022-05-01,2023-04-30,0,96,MW,0.9914383561643836,0,0,0,362,True
2023/FY2023/Erina 66_11kV FY2023.csv,2028980f587e251dc71e6218e8f95a96008370777861d8b92aaba543fbbab490,Erina 66_11kV,erina6611kv,2023,365,2022-05-01,2023-04-30,0,96,MW,0.9971746575342466,0,0,0,364,True
2023/FY2023/Five Dock 33_11kV FY2023.csv,3a80d4e33f7612d2fb1090b5341ba7610a1fb990e6b7fe61460ab92cca4ba203,Five Dock 33_11kV,fivedock3311kv,2023,365,2022-05-01,2023-04-30,0,96,MW,0.0,0,0,0,0,False
2023/FY2023/Flemington 132_11kV FY2023.csv,2bec5ea910cf991fb7b00750f87c37240ef218a01c339e11b26e2c660315c2eb,Flemington 132_11kV,flemington13211kv,2023,365,2022-05-01,2023-04-30,0,96,MW,0.9971746575342466,0,0,0,364,True
2023/FY2023/Galston 132_11kV FY2023.csv,da79dd637d68a1cbbe6191e9897f16392d1df1b2f76a7d5cc787e61eb64e3cfc,Galston 132_11kV,galston13211kv,2023,365,2022-05-01,2023-04-30,0,96,MW,0.9834474885844748,0,0,0,359,True
2023/FY2023/Gateshead 33_11kV FY2023.csv,150fc20606d2eb7673ed8a4839fe93cc04dc98e7e384f54131ed923a9c71c693,Gateshead 33_11kV,gateshead3311kv,2023,365,2022-05-01,2023-04-30,0,96,MW,0.9845890410958904,0,0,2640,333,True
2023/FY2023/Gore Hill 33_11kV FY2023.csv,5ced3eab71a20391d8039a7fcecfe0fd72891f99f1c0fe9c1fa94628a3cc916d,Gore Hill 33_11kV,gorehill3311kv,2023,365,2022-05-01,2023-04-30,0,96,MW,0.9971746575342466,0,0,0,364,True
2023/FY2023/Green Square 132_11kV FY2023.csv,7f2dace238e66a6d50b1ade2f3d63bd31a9f8f1ab05e0eb90f11cf75efbfeb9e,Green Square 132_11kV,greensquare13211kv,2023,365,2022-05-01,2023-04-30,0,96,MW,0.9778538812785388,0,0,0,357,True
2023/FY2023/Greenacre 132_11kV FY2023.csv,ca2015beadfbd4c7f308a5a1938d8b965dc412b74b3fe0c5e228fee856041249,Greenacre 132_11kV,greenacre13211kv,2023,365,2022-05-01,2023-04-30,0,96,MW,0.9423801369863014,0,0,0,344,False
2023/FY2023/Greenacre Park 132_11kV FY2023.csv,fc981c7bb3f0ac059a0fcbfd74f9d4cdd9b7dcf09291ffe8644012932b171c45,Greenacre Park 132_11kV,greenacrepark13211kv,2023,365,2022-05-01,2023-04-30,0,96,MW,0.9971746575342466,0,0,0,364,True
2023/FY2023/Gwawley Bay 132_11kV FY2023.csv,98034814d9a756d71b423e9534b903ecf0da1e6c8437d5fce28011cd10d984c1,Gwawley Bay 132_11kV,gwawleybay13211kv,2023,365,2022-05-01,2023-04-30,0,96,MW,0.7275399543378995,0,0,0,264,False
2023/FY2023/Gwawley Bay 33_11kV FY2023.csv,a40b38e260f83f19df2f45f3512783b442c6b97d86f869dce7673ee3f155d9f3,Gwawley Bay 33_11kV,gwawleybay3311kv,2023,365,2022-05-01,2023-04-30,0,96,MW,0.0,0,0,0,0,False
2023/FY2023/Harbord 33_11kV FY2023.csv,26c4f3e36b4401b9f7db50eb74e68676f41a72b96afa085c390adc3a3e23c6a2,Harbord 33_11kV,harbord3311kv,2023,365,2022-05-01,2023-04-30,0,96,MW,0.9971746575342466,0,0,0,364,True
2023/FY2023/Homebush Bay 132_11kV FY2023.csv,014ac1b8e5870a6cd980e728f546f48dc12a80fe349e787db17a2fb815102069,Homebush Bay 132_11kV,homebushbay13211kv,2023,365,2022-05-01,2023-04-30,0,96,MW,0.9751141552511415,0,0,0,356,True
2023/FY2023/Hornsby 132_11kV FY2023.csv,843035a9e64f7b34133b25004df8dfdc8f1920ba2d155b50e616d446378d5e9d,Hornsby 132_11kV,hornsby13211kv,2023,365,2022-05-01,2023-04-30,0,96,MW,0.9971746575342466,0,0,0,364,True
2023/FY2023/Hunters Hill 66_11kV FY2023.csv,d331285ce2d68b3fb46f6bf3d4a206d602e67719c104ca267c67ce608ee25e20,Hunters Hill 66_11kV,huntershill6611kv,2023,365,2022-05-01,2023-04-30,0,96,MW,0.997060502283105,0,0,0,364,True
2023/FY2023/Hurstville North 132_11kV FY2023.csv,db601576e9b10cd2a3f7ec7530aa50dcdfe8fc4e043eb3b0bab490dab0fc729c,Hurstville North 132_11kV,hurstvillenorth13211kv,2023,365,2022-05-01,2023-04-30,0,96,MW,0.9751141552511415,0,0,0,356,True
2023/FY2023/Jannali 33_11kV FY2023.csv,cbfa67f7fe06aad5877dce39fb8c1e8a7c54769acb75949ef7f8c0ad006c6f27,Jannali 33_11kV,jannali3311kv,2023,365,2022-05-01,2023-04-30,0,96,MW,0.9971746575342466,0,0,0,364,True
2023/FY2023/Jesmond 132_11kV FY2023.csv,54557b7f51ef89a63cd8e38c0136341e5483a17a080ca61732a62036c035d9da,Jesmond 132_11kV,jesmond13211kv,2023,365,2022-05-01,2023-04-30,0,96,MW,0.9998858447488584,0,0,0,365,True
2023/FY2023/Jewells 33_11kV FY2023.csv,eee4f81c4571000dede7a76971332f433379a095abf52d6121ed954e23bbe990,Jewells 33_11kV,jewells3311kv,2023,365,2022-05-01,2023-04-30,0,96,MW,0.9998858447488584,0,0,0,365,True
2023/FY2023/Killarney 33_11kV FY2023.csv,7e6b0f49c99a4bfc7f1fd15de3067336259ac37de64186e1b75a913d7c5aa017,Killarney 33_11kV,killarney3311kv,2023,365,2022-05-01,2023-04-30,0,96,MW,0.9971746575342466,0,0,0,364,True
2023/FY2023/Kingsford 132_11kV FY2023.csv,57a38e1207b42c3c3525437d17d78adf4c64ac0291036b1b64645edb3b33b644,Kingsford 132_11kV,kingsford13211kv,2023,365,2022-05-01,2023-04-30,0,96,MW,0.9997716894977169,0,0,0,365,True
2023/FY2023/Kirrawee 132_11kV FY2023.csv,fdd96b5442bfb8b2e96eff386724c96d09ca212edddfeda215432299e39de544,Kirrawee 132_11kV,kirrawee13211kv,2023,365,2022-05-01,2023-04-30,0,96,MW,0.9971746575342466,0,0,0,364,True
2023/FY2023/Kogarah 132_11kV FY2023.csv,db454e49d78955dcd201d6c7a485c8ff47fb0a42f1f98587b5a2b78fe4f44cc6,Kogarah 132_11kV,kogarah13211kv,2023,365,2022-05-01,2023-04-30,0,96,MW,0.9751141552511415,0,0,0,356,True
2023/FY2023/Kotara 33_11kV FY2023.csv,f03dbb4cbacea564df92d0b3cce59959406bba434d6812da69b7d8cf24a601b4,Kotara 33_11kV,kotara3311kv,2023,365,2022-05-01,2023-04-30,0,96,MW,0.9942922374429224,0,0,0,363,True
2023/FY2023/Kurnell South 132_11kV FY2023.csv,52cd7da2cb9db721cb408ef6657a40c1d88a9eb14e38139dbc6a157d1004673b,Kurnell South 132_11kV,kurnellsouth13211kv,2023,365,2022-05-01,2023-04-30,0,96,MW,0.9971746575342466,0,0,0,364,True
2023/FY2023/Kurri 132_11kV FY2023.csv,e8d48feda622e44c6ff2be7b9c24e735358755b93c79abb6e173d12e297e9e15,Kurri 132_11kV,kurri13211kv,2023,365,2022-05-01,2023-04-30,0,96,MW,0.9817922374429223,0,0,2601,331,True
2023/FY2023/Lake Munmorah 132_11kV FY2023.csv,bd7489f9a4635a9c012cdf8d4cebc22c572704f0d4b577e639cf0ebb9aab4be8,Lake Munmorah 132_11kV,lakemunmorah13211kv,2023,365,2022-05-01,2023-04-30,0,96,MW,0.9942922374429224,0,0,0,363,True
2023/FY2023/Leichhardt 132_11kV FY2023.csv,46037ab001d2a75b721e38839bb0da8ff582affcdcccac3a0e77dd145ae7a257,Leichhardt 132_11kV,leichhardt13211kv,2023,365,2022-05-01,2023-04-30,0,96,MW,0.9751141552511415,0,0,0,356,True
2023/FY2023/Leichhardt 33_11kV FY2023.csv,955b786193a29c55d29145f2ee217d5f5e946e9f29f887e02a6356f0dcb8b664,Leichhardt 33_11kV,leichhardt3311kv,2023,365,2022-05-01,2023-04-30,0,96,MW,0.0,0,0,0,0,False
2023/FY2023/Leightonfield 33_11kV FY2023.csv,8de9c6e1aa0fefe44e954a645898da52066297359506a5aabcbaadae52469ee5,Leightonfield 33_11kV,leightonfield3311kv,2023,365,2022-05-01,2023-04-30,0,96,MW,0.9971746575342466,0,0,0,364,True
2023/FY2023/Lemington 66_11kV FY2023.csv,3e6c1a002fe0cf2b84d93aa20237b456607bbccc1b7e84579a37f573c6289499,Lemington 66_11kV,lemington6611kv,2023,365,2022-05-01,2023-04-30,0,96,MW,0.9940068493150684,0,1,0,362,True
2023/FY2023/Lidcombe 33_11kV FY2023.csv,809208387aefd9a99b9cbaebf64237b941fa5725641ef7bac7787f81a89c8db6,Lidcombe 33_11kV,lidcombe3311kv,2023,365,2022-05-01,2023-04-30,0,96,MW,0.9971746575342466,0,0,0,364,True
2023/FY2023/Lindfield 33_11kV FY2023.csv,45d73d55d5ebc078d5b274a75c8b4f1c3a1e8d1de93f6c4f0aeb59b194267772,Lindfield 33_11kV,lindfield3311kv,2023,365,2022-05-01,2023-04-30,0,96,MW,0.9971746575342466,0,0,0,364,True
2023/FY2023/Lisarow 33_11kV FY2023.csv,22d226b67bd2346e4bd36d38b5daea35e812c62d6b0ecd24743abac85d097b92,Lisarow 33_11kV,lisarow3311kv,2023,365,2022-05-01,2023-04-30,0,96,MW,0.9971746575342466,0,0,0,364,True
2023/FY2023/Long Jetty 66_11kV FY2023.csv,1da4e419a198f8ec2328c13ff87847b1bc041dbc2e40c78c6d5a044793cd16bd,Long Jetty 66_11kV,longjetty6611kv,2023,365,2022-05-01,2023-04-30,0,96,MW,0.9971746575342466,0,0,0,364,True
2023/FY2023/Lucas Heights 33_11kV FY2023.csv,45c85e5fcbd20eeff36313dc05a0c9ad68a4e4f4525ed11c268ce16e65a1d913,Lucas Heights 33_11kV,lucasheights3311kv,2023,365,2022-05-01,2023-04-30,0,96,MW,0.9971746575342466,6,0,0,363,True
2023/FY2023/Macquarie Park 132_11kV FY2023.csv,49118839c60e16517419eb3b4e21e8f351ec9ff4e5874712045ccf7ca82f81a5,Macquarie Park 132_11kV,macquariepark13211kv,2023,365,2022-05-01,2023-04-30,0,96,MW,0.9971746575342466,0,0,0,364,True
2023/FY2023/Maitland 33_11kV FY2023.csv,689fa5e289b15468c56fce7f39091a5f56813f13869a847389008c7be2169625,Maitland 33_11kV,maitland3311kv,2023,365,2022-05-01,2023-04-30,0,96,MW,0.9698630136986301,0,0,0,300,True
2023/FY2023/Manly 33_11kV FY2023.csv,e7572c35767a5d5a6c863ce9c9b3aac6a6ad7e22bdbc239e679419c3b5d20eb4,Manly 33_11kV,manly3311kv,2023,365,2022-05-01,2023-04-30,0,96,MW,0.9971746575342466,0,0,0,364,True
2023/FY2023/Maroubra 132_11kV FY2023.csv,75d727d86a25af05932787445b3a9d290e4df5d66a4d420339284cdc23280515,Maroubra 132_11kV,maroubra13211kv,2023,365,2022-05-01,2023-04-30,0,96,MW,0.9971746575342466,0,0,0,364,True
2023/FY2023/Marrickville 132_11kV FY2023.csv,410f80ea847cd27b4b774d3e67822fa0723b6e577558e7ca230e1d503828db66,Marrickville 132_11kV,marrickville13211kv,2023,365,2022-05-01,2023-04-30,0,96,MW,0.9751141552511415,0,0,0,356,True
2023/FY2023/Maryland 132_11kV FY2023.csv,084b2dcc7c676c754d6bb69e7196c121f5a69cff3b4d9bc5955a892169b6d593,Maryland 132_11kV,maryland13211kv,2023,365,2022-05-01,2023-04-30,0,96,MW,0.9942922374429224,0,0,0,363,True
2023/FY2023/Mascot 33_11kV FY2023.csv,3761812e48a8c3272679bfceb48f7e4af8b57c226c0dbf929add4a471f009eed,Mascot 33_11kV,mascot3311kv,2023,365,2022-05-01,2023-04-30,0,96,MW,0.9971746575342466,0,0,0,364,True
2023/FY2023/Matraville 33_11kV FY2023.csv,3572aa0fe4b7c70879bfeb731abb5f898a4375f5547276d51e2807619e9bbf05,Matraville 33_11kV,matraville3311kv,2023,365,2022-05-01,2023-04-30,0,96,MW,0.9998858447488584,0,0,0,365,True
2023/FY2023/Mayfield West 132_11kV FY2023.csv,18b92ea353aa95b35b9fa09d8c74989733f4d03e3cb84b1270a7d388bae16156,Mayfield West 132_11kV,mayfieldwest13211kv,2023,365,2022-05-01,2023-04-30,0,96,MW,0.9834474885844748,0,0,0,359,True
2023/FY2023/Meadowbank 132_11kV FY2023.csv,37a4331a7814b4af65a8a46d6a99017cc8fe40540fc6ec5084c76bc6887d2f35,Meadowbank 132_11kV,meadowbank13211kv,2023,365,2022-05-01,2023-04-30,0,96,MW,0.9971746575342466,0,0,0,364,True
2023/FY2023/Medowie 33_11kV FY2023.csv,3cd3316a218c9bfcbabae55c083de55112a36fa1556b66e75b09f05d2b8719a9,Medowie 33_11kV,medowie3311kv,2023,365,2022-05-01,2023-04-30,0,96,MW,0.9971746575342466,0,0,0,364,True
2023/FY2023/Menai 132_11kV FY2023.csv,77078a7def1b48a873c4e634b4272bfe515b7739edeb8a729665493b1ec8fba4,Menai 132_11kV,menai13211kv,2023,365,2022-05-01,2023-04-30,0,96,MW,0.9971746575342466,0,0,0,364,True
2023/FY2023/Merriwa 33_11kV FY2023.csv,4711417db68722a89313e3539b6cae30cff30577a1d89e5319fbf10756af2d8d,Merriwa 33_11kV,merriwa3311kv,2023,365,2022-05-01,2023-04-30,0,96,MW,0.9972888127853882,0,0,0,361,True
2023/FY2023/Metford 33_11kV FY2023.csv,0d02e2a06e7828a69d8bffa737c0fd6aa0421aa6ea7d6267633ad337c0269d00,Metford 33_11kV,metford3311kv,2023,365,2022-05-01,2023-04-30,0,96,MW,0.9971746575342466,0,0,0,364,True
2023/FY2023/Milperra 132_11kV FY2023.csv,5b8cad8b72821799a0122a59759d14110406252f91ea8902a035e2eef9985d7f,Milperra 132_11kV,milperra13211kv,2023,365,2022-05-01,2023-04-30,0,96,MW,0.9971746575342466,0,0,0,364,True
2023/FY2023/Miranda 33_11kV FY2023.csv,7472b8dd95f66857dc244f85849cd50615af94479e9b4a5163ffb373ad192dd0,Miranda 33_11kV,miranda3311kv,2023,365,2022-05-01,2023-04-30,0,96,MW,0.9971746575342466,0,0,0,364,True
2023/FY2023/Mitchell Line 66_11kV FY2023.csv,87d807cc90fae8a171708c4daf0cfb6fdf982dc0a7f76fbd1ee2d8907cd5d7b1,Mitchell Line 66_11kV,mitchellline6611kv,2023,365,2022-05-01,2023-04-30,0,96,MW,0.9998858447488584,0,0,0,365,True
2023/FY2023/Mitchells Flat 66_11kV FY2023.csv,f567073bb77e94811328dc5746d7a88495cbcfbf11dbca1f173ed80860b1c480,Mitchells Flat 66_11kV,mitchellsflat6611kv,2023,365,2022-05-01,2023-04-30,0,96,MW,0.9730022831050228,0,0,0,351,True
2023/FY2023/Mona Vale 33_11kV FY2023.csv,d4ff84d10d3bcfcaff19a4576f250b15628eaf00fbf71e9c05f6f095b9028600,Mona Vale 33_11kV,monavale3311kv,2023,365,2022-05-01,2023-04-30,0,96,MW,0.9971746575342466,0,0,0,364,True
2023/FY2023/Moonan 33_11kV FY2023.csv,c2b33eedf3d2177e5f25624f516e8f8332f53de0d35957bf0da9ba7a8e6b7e8c,Moonan 33_11kV,moonan3311kv,2023,365,2022-05-01,2023-04-30,0,96,MW,0.9971746575342466,0,0,0,364,True
2023/FY2023/Morisset 132_11kV FY2023.csv,0d55c9afebf5acee9c463089ce2c8656c494f2856c792524ad8e02d23493571a,Morisset 132_11kV,morisset13211kv,2023,365,2022-05-01,2023-04-30,0,96,MW,0.9998858447488584,0,0,0,365,True
2023/FY2023/Mortdale 33_11kV FY2023.csv,82770840cfe3a7d69cbd9b2bcd6e6e98cad768b7fe1603795c3ed5b790a25fee,Mortdale 33_11kV,mortdale3311kv,2023,365,2022-05-01,2023-04-30,0,96,MW,0.9971746575342466,0,0,0,364,True
2023/FY2023/Mosman 132_11kV FY2023.csv,8c7af8e51fda6b9a592ca6653b92dabed681de8f46e32d6a184f4fd1a11fbb27,Mosman 132_11kV,mosman13211kv,2023,365,2022-05-01,2023-04-30,0,96,MW,0.9971746575342466,0,0,0,364,True
2023/FY2023/Mt Hutton 33_11kV FY2023.csv,ef3352297db4626856f593592e1229da4e566d28dee51a8670b855b62770ffbb,Mt Hutton 33_11kV,mthutton3311kv,2023,365,2022-05-01,2023-04-30,0,96,MW,0.8819634703196347,0,0,2615,148,False
2023/FY2023/Mt Thorley 66_11kV FY2023.csv,eb302455a79c91d8a679cb29a6ff58f02d63b92ffa83491c20391089e611bb40,Mt Thorley 66_11kV,mtthorley6611kv,2023,365,2022-05-01,2023-04-30,0,96,MW,0.9998858447488584,0,0,0,365,True
2023/FY2023/Muswellbrook 33_11kV FY2023.csv,e6a92d29affc66cef29e321a4af384d35f317bc69a6f58b74453b75ef6e2b539,Muswellbrook 33_11kV,muswellbrook3311kv,2023,365,2022-05-01,2023-04-30,0,96,MW,0.9847888127853881,0,0,2600,333,True
2023/FY2023/Narrabeen 33_11kV FY2023.csv,b0e65624d5c6e5f43722f23f457505fd395715a69f0bbf5b0f1ff6d649986a0b,Narrabeen 33_11kV,narrabeen3311kv,2023,365,2022-05-01,2023-04-30,0,96,MW,0.9971746575342466,22,0,0,363,True
2023/FY2023/Nelson Bay 33_11kV FY2023.csv,ea6f5ddc266dae38686db65c0e97a5294bd37eb62406fa9a40f443459e37673a,Nelson Bay 33_11kV,nelsonbay3311kv,2023,365,2022-05-01,2023-04-30,0,96,MW,0.9752283105022831,0,0,0,356,True
2023/FY2023/New Lambton 33_11kV FY2023.csv,046878febd842449048289860cee9e61a6fba9f53ec90844580b592f968a246f,New Lambton 33_11kV,newlambton3311kv,2023,365,2022-05-01,2023-04-30,0,96,MW,0.9971746575342466,0,0,0,364,True
2023/FY2023/Newcastle CBD 33_11kV FY2023.csv,99ce9f62404b1f2a14addab26a4f011c68b0135416b0d9f4e68d141d7d61d4a4,Newcastle CBD 33_11kV,newcastlecbd3311kv,2023,365,2022-05-01,2023-04-30,0,96,MW,0.9998858447488584,0,0,0,365,True
2023/FY2023/Newdell 66_11kV FY2023.csv,dbf254ead1eacde63994ceccc76e4a114cf1bd3509a383a573f70d49e5a525cf,Newdell 66_11kV,newdell6611kv,2023,365,2022-05-01,2023-04-30,0,96,MW,0.9942922374429224,0,0,0,363,True
2023/FY2023/Newport 33_11kV FY2023.csv,c43f1666ed14ba9dc7d1c6c49b284f77d9bbe2dc2f1a6dabd1344b60e8b11233,Newport 33_11kV,newport3311kv,2023,365,2022-05-01,2023-04-30,0,96,MW,0.9971746575342466,0,0,0,364,True
2023/FY2023/Noraville 33_11kV FY2023.csv,bb07eafa1bcde03b1d8539e293fbf348614f5afe0a9d307d61573775ee388103,Noraville 33_11kV,noraville3311kv,2023,365,2022-05-01,2023-04-30,0,96,MW,0.9947773972602739,0,0,0,362,True
2023/FY2023/North Head 33_11kV FY2023.csv,8d3ef809b386b17a08272a1850e6eead73b7f456ee334973841f33f4a14d7515,North Head 33_11kV,northhead3311kv,2023,365,2022-05-01,2023-04-30,0,96,MW,0.9971746575342466,0,0,0,364,True
2023/FY2023/North Sydney 132_11kV FY2023.csv,757562405ca55d7167d9539d0fc13b60d6984ecc88cdb8190a630b66266d35a0,North Sydney 132_11kV,northsydney13211kv,2023,365,2022-05-01,2023-04-30,0,96,MW,0.9971746575342466,0,0,0,364,True
2023/FY2023/North Sydney 33_11kV FY2023.csv,2e5d3d08ce2c6b059b13edd83ece4207fc685d3751a930850aa7388e69f87bbb,North Sydney 33_11kV,northsydney3311kv,2023,365,2022-05-01,2023-04-30,0,96,MW,0.0,0,0,0,0,False
2023/FY2023/Nulkaba 33_11kV FY2023.csv,69e607f37273e578bd13323eae5ad6e86c4c5fdb118070867bc4067cb2e9b905,Nulkaba 33_11kV,nulkaba3311kv,2023,365,2022-05-01,2023-04-30,0,96,MW,0.9997146118721462,0,0,0,365,True
2023/FY2023/Olympic Park 132_11kV FY2023.csv,bb31978aa270a381a0237668574b45e697b0c1fa6eaa797d5520cd89c97fab62,Olympic Park 132_11kV,olympicpark13211kv,2023,365,2022-05-01,2023-04-30,0,96,MW,0.9971746575342466,0,0,0,364,True
2023/FY2023/Paddington 33_11kV FY2023.csv,116fd7f2fc556247477eb2ea76e1b366eec2ed2a864389b0f453758cad937058,Paddington 33_11kV,paddington3311kv,2023,365,2022-05-01,2023-04-30,0,96,MW,0.9971746575342466,0,0,0,364,True
2023/FY2023/Paxton 33_11kV FY2023.csv,c22efadebe8ab1bff844de8aea299a36c1d831e10f93604cac968f7227ce7157,Paxton 33_11kV,paxton3311kv,2023,365,2022-05-01,2023-04-30,0,96,MW,0.9968321917808219,0,0,0,363,True
2023/FY2023/Peats Ridge 33_11kV FY2023.csv,09e8bd5255099ddc5c69d5824293c58b4d0c7cc7ba54a4b33861fa5ad9d1a0b6,Peats Ridge 33_11kV,peatsridge3311kv,2023,365,2022-05-01,2023-04-30,0,96,MW,0.9998858447488584,0,0,0,365,True
2023/FY2023/Pelican 33_11kV FY2023.csv,3eb2741a54b782e15950b11e09990e260eeef2fb212eec0fb18f7d56eb3b0110,Pelican 33_11kV,pelican3311kv,2023,365,2022-05-01,2023-04-30,0,96,MW,0.9997716894977169,0,0,0,365,True
2023/FY2023/Pennant Hills 132_11kV FY2023.csv,57cff28e3fa8037b4d733c7c700ba4e842c32663a62164f81f0ed9698201ea7c,Pennant Hills 132_11kV,pennanthills13211kv,2023,365,2022-05-01,2023-04-30,0,96,MW,0.9968321917808219,0,0,0,363,True
2023/FY2023/Port Botany 33_11kV FY2023.csv,fd8686f35883aa0ba222585875865b83cd597477778f41cf36054aee49822131,Port Botany 33_11kV,portbotany3311kv,2023,365,2022-05-01,2023-04-30,0,96,MW,0.9998858447488584,0,0,0,365,True
2023/FY2023/Potts Hill 132_11kV FY2023.csv,63f182dcaf1a7dcde81291443df8183e05a807b243534645c512452877561f6e,Potts Hill 132_11kV,pottshill13211kv,2023,365,2022-05-01,2023-04-30,0,96,MW,0.9971746575342466,0,0,0,364,True
2023/FY2023/Punchbowl 33_11kV FY2023.csv,95dd405c4f67bbe9a6f5ca4a61d7b7e7026c805f80e4782680d66f92911c76ce,Punchbowl 33_11kV,punchbowl3311kv,2023,365,2022-05-01,2023-04-30,0,96,MW,0.9942922374429224,0,0,0,363,True
2023/FY2023/Pymble 33_11kV FY2023.csv,b2232caadda39acd90b5d83b4daf175ed8f2001142159b133eda99d27b34cf98,Pymble 33_11kV,pymble3311kv,2023,365,2022-05-01,2023-04-30,0,96,MW,0.9971746575342466,0,0,0,364,True
2023/FY2023/RNS Hospital 132_11kV FY2023.csv,703f752c315c4b97bd145801acc3777a819414688b340a8fce7ed5295b16fd0a,RNS Hospital 132_11kV,rnshospital13211kv,2023,365,2022-05-01,2023-04-30,0,96,MW,0.9998858447488584,0,0,0,365,True
2023/FY2023/Rathmines 132_11kV FY2023.csv,cadd332c17f935c3597bc6d4a00285f9d7bf42e8b7beff75ec8cb97ba35d758b,Rathmines 132_11kV,rathmines13211kv,2023,365,2022-05-01,2023-04-30,0,96,MW,0.9942922374429224,0,0,0,363,True
2023/FY2023/Raymond Terr NEW 33_11kV FY2023.csv,d8c8368c2fc65faf1b5406fff04ac891c7139c7c897e71e800236aa9178900d3,Raymond Terr NEW 33_11kV,raymondterrnew3311kv,2023,365,2022-05-01,2023-04-30,0,96,MW,0.9971746575342466,0,0,539,364,True
2023/FY2023/Revesby 132_11kV FY2023.csv,424ef17aa7cb2e4542730e17b294b76640cb5436e4c454f078470db861403314,Revesby 132_11kV,revesby13211kv,2023,365,2022-05-01,2023-04-30,0,96,MW,0.9971746575342466,0,0,0,364,True
2023/FY2023/Riverwood 33_11kV FY2023.csv,5c3103616d3498df39a1e195d0e364c7b65a0c83035c8344ffe4bf5b44aca5bd,Riverwood 33_11kV,riverwood3311kv,2023,365,2022-05-01,2023-04-30,0,96,MW,0.9971746575342466,0,0,0,364,True
2023/FY2023/Rockdale 132_11kV FY2023.csv,2990ee74b7b1b17d6681d5132c0dc7caafd7e4d5f3c891b3a13173732d8edbb3,Rockdale 132_11kV,rockdale13211kv,2023,365,2022-05-01,2023-04-30,0,96,MW,0.9915525114155251,0,0,0,362,True
2023/FY2023/Rockdale 33_11kV FY2023.csv,8c19b6f28aa5b8ac4044ee961a347caa34a0043ca432ce91d0864cba91fc9be8,Rockdale 33_11kV,rockdale3311kv,2023,365,2022-05-01,2023-04-30,0,96,MW,0.0,0,0,0,0,False
2023/FY2023/Rose Bay 132_11kV FY2023.csv,bbe46da0faabe3e9a0558156e77a0875077549ebd0fa010b47a73b09a4f280fa,Rose Bay 132_11kV,rosebay13211kv,2023,365,2022-05-01,2023-04-30,0,96,MW,0.9971746575342466,0,0,0,364,True
2023/FY2023/Rothbury 132_11kV FY2023.csv,4c20795af6e1d45197817903ad0593b38681e5e5a397bafb28b1a117f6b2af58,Rothbury 132_11kV,rothbury13211kv,2023,365,2022-05-01,2023-04-30,0,96,MW,0.9971746575342466,0,0,0,364,True
2023/FY2023/Rouchel 33_11kV FY2023.csv,c09cb3010a6236cf20d273923205e371e75901f96132561c1da45b7e39760e7b,Rouchel 33_11kV,rouchel3311kv,2023,365,2022-05-01,2023-04-30,0,96,MW,0.9959474885844749,0,15,0,363,True
2023/FY2023/Rutherford 33_11kV FY2023.csv,095bca12389e9fc9e8bc40d419f4d4d04b908187758afb6f411f562ffe83c0c6,Rutherford 33_11kV,rutherford3311kv,2023,365,2022-05-01,2023-04-30,0,96,MW,0.9889269406392694,0,0,0,361,True
2023/FY2023/Sans Souci 33_11kV FY2023.csv,ba2baf0992298490985e0685135a7da8b67311c778ad54834162100b447292f2,Sans Souci 33_11kV,sanssouci3311kv,2023,365,2022-05-01,2023-04-30,0,96,MW,0.9971746575342466,0,0,0,364,True
2023/FY2023/Scone 66_11kV FY2023.csv,40976ed15d6ddcceb342e3a3420f68e37125a10e8bd62a7dd2caf8843f5e1af9,Scone 66_11kV,scone6611kv,2023,365,2022-05-01,2023-04-30,0,96,MW,0.9998858447488584,0,0,0,365,True
2023/FY2023/Sefton 132_11kV FY2023.csv,67dd29fdcb01047417cfb2a630bdb786c1ec46e7e2f85024a76f150493dddc89,Sefton 132_11kV,sefton13211kv,2023,365,2022-05-01,2023-04-30,0,96,MW,0.9971746575342466,0,0,0,364,True
2023/FY2023/Singleton 66_11kV FY2023.csv,6d0738e035ff0b2437ed8455c5502618816c952ebd87918798601e75a8ce8a46,Singleton 66_11kV,singleton6611kv,2023,365,2022-05-01,2023-04-30,0,96,MW,0.9846461187214612,0,0,2600,333,True
2023/FY2023/Singleton North 66_11kV FY2023.csv,b121b07739028dbe8c255c2508599b10e436c59a4c0370a6b495d67d7ca15b40,Singleton North 66_11kV,singletonnorth6611kv,2023,365,2022-05-01,2023-04-30,0,96,MW,0.9853025114155252,0,0,2555,334,True
2023/FY2023/Somersby 132_11kV FY2023.csv,7addb51255e4dee259f148cc1061a63ed62f73ec0467c49f3d90fa3e4972e2ba,Somersby 132_11kV,somersby13211kv,2023,365,2022-05-01,2023-04-30,0,96,MW,0.9778538812785388,0,0,0,357,True
2023/FY2023/St Ives 33_11kV FY2023.csv,dcd62f3820a5fdfb54a35ec648d7660704ac842ef4cfc5d70041800daf5d1ca7,St Ives 33_11kV,stives3311kv,2023,365,2022-05-01,2023-04-30,0,96,MW,0.9971746575342466,0,0,0,364,True
2023/FY2023/St Peters 132_11kV FY2023.csv,04db231a727fdb13c793007ef2a92c76c9324bc7c4d2c18209829a91ca1e5164,St Peters 132_11kV,stpeters13211kv,2023,365,2022-05-01,2023-04-30,0,96,MW,0.9751141552511415,0,0,0,356,True
2023/FY2023/Stockton 33_11kV FY2023.csv,e10c0a0776116bc67563194619ab6584839199e80b8f6b719421f4c828b689ed,Stockton 33_11kV,stockton3311kv,2023,365,2022-05-01,2023-04-30,0,96,MW,0.9834474885844748,0,0,0,359,True
2023/FY2023/Strathfield South 132_11kV FY2023.csv,8238a9e6213b1b2256323876fae9759d63465f380112927545d4239ee578e0df,Strathfield South 132_11kV,strathfieldsouth13211kv,2023,365,2022-05-01,2023-04-30,0,96,MW,0.9971746575342466,0,0,0,364,True
2023/FY2023/Summer Hill 33_11kV FY2023.csv,c383d74ca2849e617e28de097997c58bb4e7a175a2c22d3ba7e75c4ddea73083,Summer Hill 33_11kV,summerhill3311kv,2023,365,2022-05-01,2023-04-30,0,96,MW,0.8171232876712329,0,0,0,298,False
2023/FY2023/Surry Hills 33_11kV FY2023.csv,86b4ad77bd68cb5304452a83fc032c51d9dbfbdfcf28933a6bff477403a226c3,Surry Hills 33_11kV,surryhills3311kv,2023,365,2022-05-01,2023-04-30,0,96,MW,0.9971746575342466,0,0,0,364,True
2023/FY2023/Swansea 33_11kV FY2023.csv,679ee4cc3528643afaea19186da7613db4f91ddd3976ec5695f7cb11185e8396,Swansea 33_11kV,swansea3311kv,2023,365,2022-05-01,2023-04-30,0,96,MW,0.9998858447488584,0,0,0,365,True
2023/FY2023/Tanilba Bay 33_11kV FY2023.csv,2cad647439c214614418efa92edc2e3559d648f36b0c7350fb2903bd393c1b4d,Tanilba Bay 33_11kV,tanilbabay3311kv,2023,365,2022-05-01,2023-04-30,0,96,MW,0.9971746575342466,0,0,0,364,True
2023/FY2023/Tarro 33_11kV FY2023.csv,2cd253d167475b8215def45e91727e294f93ee71e009c87b7d608068d43e2782,Tarro 33_11kV,tarro3311kv,2023,365,2022-05-01,2023-04-30,0,96,MW,0.9998858447488584,0,0,0,365,True
2023/FY2023/Telarah 33_11kV FY2023.csv,8943a9511fe244f4b49ac2744376cb8ddcc26024b97c9f06047ec7351b72a948,Telarah 33_11kV,telarah3311kv,2023,365,2022-05-01,2023-04-30,0,96,MW,0.9972317351598173,0,0,0,363,True
2023/FY2023/Terrey Hills 33_11kV FY2023.csv,74059c9532be34070a9d6e4e1b46fcfa66955a847a683d2c0c17b9d0703e1813,Terrey Hills 33_11kV,terreyhills3311kv,2023,365,2022-05-01,2023-04-30,0,96,MW,0.9971746575342466,0,0,0,364,True
2023/FY2023/Thornton 33_11kV FY2023.csv,6d8b8c0afa0c8ce526fe0890265851b5d68d3ae1c25a816b49bf267f6e8f2abb,Thornton 33_11kV,thornton3311kv,2023,365,2022-05-01,2023-04-30,0,96,MW,0.9839041095890411,0,0,2477,333,True
2023/FY2023/Tighes Hill 33_11kV FY2023.csv,ea3e4118be2d89667c0cf9ba05404a0447bc86d5c0a6ac6df12597b6ff1af673,Tighes Hill 33_11kV,tigheshill3311kv,2023,365,2022-05-01,2023-04-30,0,96,MW,0.9997716894977169,0,0,0,365,True
2023/FY2023/Tomago 33_11kV FY2023.csv,a5638cc642da7e10f23e14dbc3d852682a7f1aa344dbabf64a591b5a6b338548,Tomago 33_11kV,tomago3311kv,2023,365,2022-05-01,2023-04-30,0,96,MW,0.9998858447488584,0,0,0,365,True
2023/FY2023/Tomalpin 33_11kV FY2023.csv,55e877a36a0a7ab6b625a3ac7f3fae74eb6e27713208960b104a3cf5a029985e,Tomalpin 33_11kV,tomalpin3311kv,2023,365,2022-05-01,2023-04-30,0,96,MW,0.9998858447488584,0,0,2,365,True
2023/FY2023/Tomaree 33_11kV FY2023.csv,edf7b4206428f26349a16f1c52696d2bf3032b064b1f0a40add1362990882dd4,Tomaree 33_11kV,tomaree3311kv,2023,365,2022-05-01,2023-04-30,0,96,MW,0.9942922374429224,0,0,0,363,True
2023/FY2023/Top Ryde 132_11kV FY2023.csv,935abc4c6e5646a39e04a37a38ad5da720cc295a199b7ca764ffe67234fb0675,Top Ryde 132_11kV,topryde13211kv,2023,365,2022-05-01,2023-04-30,0,96,MW,0.9971746575342466,0,0,0,364,True
2023/FY2023/Toronto 33_11kV FY2023.csv,b46307fe8a6aa0df3f3c90e11910127f627dd5ce4cd6db0bf101fe6c2d41d17f,Toronto 33_11kV,toronto3311kv,2023,365,2022-05-01,2023-04-30,0,96,MW,0.0,0,0,0,0,False
2023/FY2023/Toronto West 132_11kV FY2023.csv,b206606ba8befde2847364619ac466da2de9dcc5c0dfdfa9fb51185df633f913,Toronto West 132_11kV,torontowest13211kv,2023,365,2022-05-01,2023-04-30,0,96,MW,0.9998858447488584,0,0,0,365,True
2023/FY2023/Turramurra 33_11kV FY2023.csv,2ac24aab5385165d2ec2dd4f25069fb4858a5397f53bc26f9cf838a8d4f58df4,Turramurra 33_11kV,turramurra3311kv,2023,365,2022-05-01,2023-04-30,0,96,MW,0.9834474885844748,0,0,0,359,True
2023/FY2023/Umina 66_11kV FY2023.csv,701975913baa335b2ad26a9ea288715541bb8761142c18f270a93c3efb550fad,Umina 66_11kV,umina6611kv,2023,365,2022-05-01,2023-04-30,0,96,MW,0.9971746575342466,0,0,0,364,True
2023/FY2023/Vales Point 33_11kV FY2023.csv,e32d7866144de57c868ebe961ee991df716bcbab9ef6775d5312cfee337b4ab1,Vales Point 33_11kV,valespoint3311kv,2023,365,2022-05-01,2023-04-30,0,96,MW,0.9971746575342466,0,0,0,364,True
2023/FY2023/Wamberal 132_11kV FY2023.csv,2e30ddb58bee1aaa3ff31224c7bf644a70e535dcb2f1f95090cd0af583e75fff,Wamberal 132_11kV,wamberal13211kv,2023,365,2022-05-01,2023-04-30,0,96,MW,0.9971461187214612,0,0,0,364,True
2023/FY2023/Wamberal 66_11kV FY2023.csv,692c9f324a730f8c934d7c1e3811f88ad63dc6f46dcd0e3075f395f2d8a50080,Wamberal 66_11kV,wamberal6611kv,2023,365,2022-05-01,2023-04-30,0,96,MW,0.0,0,0,0,0,False
2023/FY2023/Waverley 132_11kV FY2023.csv,53f9c5046097036d7b906b16546df29de781690cd3ce9043d2506f04ae8b0b0f,Waverley 132_11kV,waverley13211kv,2023,365,2022-05-01,2023-04-30,0,96,MW,0.9971746575342466,0,0,0,364,True
2023/FY2023/West Gosford 132_11kV FY2023.csv,6b045bcd3f9ff89a3d8830c856d7b86fa7996c335d48736c1bdb80f05ca71785,West Gosford 132_11kV,westgosford13211kv,2023,365,2022-05-01,2023-04-30,0,96,MW,0.9751141552511415,0,0,0,356,True
2023/FY2023/Williamtown 33_11kV FY2023.csv,3ec7fea09ccf40e325d683f6bca3686eb5cde362d4347dc6c42df522586aa0ae,Williamtown 33_11kV,williamtown3311kv,2023,365,2022-05-01,2023-04-30,0,96,MW,0.9971746575342466,0,0,0,364,True
2023/FY2023/Woy Woy 66_11kV FY2023.csv,0706a529a092d1d494af50c65afd04907d8b9f5430c8ac049c5eae7698bcf18b,Woy Woy 66_11kV,woywoy6611kv,2023,365,2022-05-01,2023-04-30,0,96,MW,0.9971746575342466,0,0,0,364,True
2023/FY2023/Wyong 132_11kV FY2023.csv,133a6ffc15984366c3e23741618ebef854185ded4541fb56b45e854b8d7edaa7,Wyong 132_11kV,wyong13211kv,2023,365,2022-05-01,2023-04-30,0,96,MW,0.9751141552511415,0,0,0,356,True
2023/FY2023/Zetland 132_11kV FY2023.csv,4dad32b5c977660906196d91dc243b52f0130fcb71e2a57a7f9c8e77fd4c65c9,Zetland 132_11kV,zetland13211kv,2023,365,2022-05-01,2023-04-30,0,96,MW,0.9971746575342466,0,0,0,364,True
2024/FY24 v2/Aberdeen 66_11kV FY2024.csv,28d896c60a22f2353f1bdbd5f418e75da878f5f92c298409cc5e44049e50ecdf,Aberdeen 66_11kV,aberdeen6611kv,2024,366,2023-05-01,2024-04-30,0,96,MW,0.9562841530054644,546,5,0,297,False
2024/FY24 v2/Adamstown 132_11kV FY2024.csv,530687bb4a87215cd5b8cd39b448dfe6570dbd11155cba5982fec9a0724d896c,Adamstown 132_11kV,adamstown13211kv,2024,366,2023-05-01,2024-04-30,0,96,MW,0.9534665300546448,1,0,0,346,True
2024/FY24 v2/Argenton 132_11kV FY2024.csv,481d37aed9faf7c666e4c03da59685f1b7ec42f9b4a728422610b5ce6ec7078f,Argenton 132_11kV,argenton13211kv,2024,365,2023-05-01,2024-04-30,0,96,MW,0.9512271689497717,0,0,0,344,True
2024/FY24 v2/Auburn 33_11kV FY2024.csv,2f176ac2478af981b017d04e8d3b7d546f937ad4835095fa9cd4515aba2d7a52,Auburn 33_11kV,auburn3311kv,2024,366,2023-05-01,2024-04-30,0,96,MW,0.9555441712204007,0,0,0,349,True
2024/FY24 v2/Avoca 66_11kV FY2024.csv,6b5b8c0c91ea40752bc944d90ce006c5bd4a7196752fc08fd10a4755454cb357,Avoca 66_11kV,avoca6611kv,2024,366,2023-05-01,2024-04-30,0,96,MW,0.9562841530054644,77,3,0,334,True
2024/FY24 v2/Avondale 33_11kV FY2024.csv,c99e4561610df1635cfe2b4897fe693b31e0894ec4859fd77e052f86fea77b38,Avondale 33_11kV,avondale3311kv,2024,366,2023-05-01,2024-04-30,0,96,MW,0.9562841530054644,3481,3,0,94,False
2024/FY24 v2/Baerami 33_11kV FY2024.csv,ac734c4cee60c68dbfb8adc8aa0adb715b952392b2dc3cdc9f153ea5fa74e4d5,Baerami 33_11kV,baerami3311kv,2024,366,2023-05-01,2024-04-30,0,96,MW,0.953551912568306,0,25,0,349,True
2024/FY24 v2/Balgowlah North 132_11kV FY2024.csv,b43b750d217525858738694a12be4e38ab97544293e7253885442cf582c690ae,Balgowlah North 132_11kV,balgowlahnorth13211kv,2024,366,2023-05-01,2024-04-30,0,96,MW,0.9562841530054644,0,8,0,350,True
2024/FY24 v2/Bankstown 132_11kV FY2024.csv,187bc2502f5a5aa9d17459ee3f313e99ffe9d5a9eb9a538598411c67058d2c40,Bankstown 132_11kV,bankstown13211kv,2024,366,2023-05-01,2024-04-30,0,96,MW,0.9545195810564663,0,0,0,348,True
2024/FY24 v2/Bass Hill 33_11kV FY2024.csv,ac37e4eee4fdffc49ddbf61118db5c78872836162417d7f3a7f4e265aa0854ea,Bass Hill 33_11kV,basshill3311kv,2024,366,2023-05-01,2024-04-30,0,96,MW,0.9562841530054644,0,5,0,350,True
2024/FY24 v2/Beacon Hill 33_11kV FY2024.csv,8b5d35e403918dbc888bb26f6866215d7a3b52b3daf4fd2fd509845fe50fedf9,Beacon Hill 33_11kV,beaconhill3311kv,2024,366,2023-05-01,2024-04-30,0,96,MW,0.9538934426229508,0,0,0,347,True
2024/FY24 v2/Belmore Park 132_11kV FY2024.csv,e80c59131d514724c8ede0584e250058c6461c7467fa1d75ac63e4e77a9d36d4,Belmore Park 132_11kV,belmorepark13211kv,2024,366,2023-05-01,2024-04-30,0,96,MW,0.953551912568306,0,4,0,349,True
2024/FY24 v2/Belrose 33_11kV FY2024.csv,75afa78dd0e52c43d01d0c3224765097547f0793436e9c56a0d1b4e79b6f8ab5,Belrose 33_11kV,belrose3311kv,2024,366,2023-05-01,2024-04-30,0,96,MW,0.9499373861566485,0,0,0,346,False
2024/FY24 v2/Berkeley Vale 132_11kV FY2024.csv,e78307108944562295a87595cc0c9e31d9d4916c076a2a43963f5b207c602401,Berkeley Vale 132_11kV,berkeleyvale13211kv,2024,366,2023-05-01,2024-04-30,0,96,MW,0.9562841530054644,0,4,0,350,True
2024/FY24 v2/Berowra 132_11kV FY2024.csv,00215df7ef421e9b2e0defa0ea50124dfc0de54dfef92911b29f41a993d2cd5d,Berowra 132_11kV,berowra13211kv,2024,336,2023-05-31,2024-04-30,0,96,MW,0.8427579365079365,0,8,0,281,False
2024/FY24 v2/Blakehurst 33_11kV FY2024.csv,6447bd4c5da0119d20a75da638d5cea16ec2615fb55712826c3f47d7f43ed7f8,Blakehurst 33_11kV,blakehurst3311kv,2024,366,2023-05-01,2024-04-30,0,96,MW,0.9554018670309654,0,0,0,349,True
2024/FY24 v2/Botany 33_11kV FY2024.csv,292e60d8b87f6d761a9841092950d9f5faf126d3989c1d7f95d9550923c48844,Botany 33_11kV,botany3311kv,2024,366,2023-05-01,2024-04-30,0,96,MW,0.9481728142076503,0,0,0,345,False
2024/FY24 v2/Brandy Hill 132_11kV FY2024.csv,38becffd0477537db9848d3c7d3c4fdcb2f7039ea396111f01cc0f3f43080459,Brandy Hill 132_11kV,brandyhill13211kv,2024,366,2023-05-01,2024-04-30,0,96,MW,0.9480874316939891,3115,20,0,102,False
2024/FY24 v2/Branxton 66_11kV FY2024.csv,1ec20c588b675837dfc2fa5b701a71c6de272198c3e4b1ea802e1f7d1db30449,Branxton 66_11kV,branxton6611kv,2024,366,2023-05-01,2024-04-30,0,96,MW,0.953551912568306,4187,8,0,71,False
2024/FY24 v2/Broadmeadow 132_11kV FY2024.csv,e01a4149291687bec62b48bb37889d9f50f3f1d35ce207694644baee1ce119bd,Broadmeadow 132_11kV,broadmeadow13211kv,2024,366,2023-05-01,2024-04-30,0,96,MW,0.9555157103825137,0,0,0,349,True
2024/FY24 v2/Brookvale 33_11kV FY2024.csv,ce242fb43e58aa5182bc700009edf9a21c4b03232b6f77c9b830b6b6014f4378,Brookvale 33_11kV,brookvale3311kv,2024,362,2023-05-01,2024-04-30,0,96,MW,0.9507941988950276,0,0,0,340,True
2024/FY24 v2/Burwood 132_11kV FY2024.csv,3a2099cb70fadf23b67b41995dd2406f348f79e83faa2ba12566af6ab3b79273,Burwood 132_11kV,burwood13211kv,2024,366,2023-05-01,2024-04-30,0,96,MW,0.9379838342440802,0,0,0,337,False
2024/FY24 v2/Campbell St 132_11kV FY2024.csv,2ab5548890e1df57908acbeb98aee7331196e9c0362c419ff43113dadd8c2a02,Campbell St 132_11kV,campbellst13211kv,2024,366,2023-05-01,2024-04-30,0,96,MW,0.9528119307832422,0,0,0,345,True
2024/FY24 v2/Camperdown 33_11kV FY2024.csv,6f2b1194455240c27af955c84571ece3dea5fbe3c759907ccb3757efec21ec5a,Camperdown 33_11kV,camperdown3311kv,2024,366,2023-05-01,2024-04-30,0,96,MW,0.9508196721311475,0,4,0,348,True
2024/FY24 v2/Camperdown 33_5kV FY2024.csv,b4a1d1c91cf286fa57f6448726c4b14b33bf6271ed9af4ba5eb713b0602ba25f,Camperdown 33_5kV,camperdown335kv,2024,366,2023-05-01,2024-04-30,0,96,MW,0.9819558287795993,1,1,0,357,True
2024/FY24 v2/Campsie 33_11kV FY2024.csv,d4259445ff531e6a0028f8ae74c42bad911fccc237a81ef714295a1fa584dcdf,Campsie 33_11kV,campsie3311kv,2024,366,2023-05-01,2024-04-30,0,96,MW,0.9552880236794171,0,0,0,349,True
2024/FY24 v2/Cardiff 33_11kV FY2024.csv,6aa8d98d5f25de353a6cb2ed3e9465047837591727ef333e7bfab85c8818f26c,Cardiff 33_11kV,cardiff3311kv,2024,366,2023-05-01,2024-04-30,0,96,MW,0.9562841530054644,80,7,0,338,True
2024/FY24 v2/Careel Bay 33_11kV FY2024.csv,378b1bdb686caeee547f3e0cf47684f1f240947d511928241b594c0406421131,Careel Bay 33_11kV,careelbay3311kv,2024,338,2023-05-01,2024-04-30,0,96,MW,0.9526935404339251,0,0,0,322,True
2024/FY24 v2/Caringbah 33_11kV FY2024.csv,70026909bae5c8adc58eb6a87cb1e028eb6101749556cc16a96226149efbaa83,Caringbah 33_11kV,caringbah3311kv,2024,366,2023-05-01,2024-04-30,0,96,MW,0.9538934426229508,0,0,0,347,True
2024/FY24 v2/Castle Cove 132_11kV FY2024.csv,3529f36c8cbc23361f5941c2cd9b9ae1bf28b9d43824c90346d8daff61824630,Castle Cove 132_11kV,castlecove13211kv,2024,366,2023-05-01,2024-04-30,0,96,MW,0.9541495901639344,0,0,0,347,True
2024/FY24 v2/Cessnock South 33_11kV FY2024.csv,7ab1df5decf29f9dfe8967e0c089ea1f11e2a444b0b1b61cd74a28d3c9ecb035,Cessnock South 33_11kV,cessnocksouth3311kv,2024,366,2023-05-01,2024-04-30,0,96,MW,0.9562841530054644,1132,3,0,233,False
2024/FY24 v2/Charlestown 132_11kV FY2024.csv,3160b599476a7e5dbe45fc9f4e927f72ed6e996512bf0fd334c0838ecf1f1856,Charlestown 132_11kV,charlestown13211kv,2024,366,2023-05-01,2024-04-30,0,96,MW,0.9538934426229508,0,0,0,347,True
2024/FY24 v2/Charmhaven 132_11kV FY2024.csv,4a3700318ba73bad90906eab0058879dd702c24ae26f95a3f14c1b8210af42d2,Charmhaven 132_11kV,charmhaven13211kv,2024,366,2023-05-01,2024-04-30,0,96,MW,0.9464936247723132,0,51,0,340,False
2024/FY24 v2/Chatswood 33_11kV FY2024.csv,9d0723877c072cd7ea93cde07698bfc20cc31e6cf7ab47dcc45753e7506d71d8,Chatswood 33_11kV,chatswood3311kv,2024,366,2023-05-01,2024-04-30,0,96,MW,0.9310393897996357,0,0,0,339,False
2024/FY24 v2/City Central 132_11kV FY2024.csv,fdce73280bb2c1548a60371776d985ee6cf15d5f43545bc7b3ac7f2c5b3bd475,City Central 132_11kV,citycentral13211kv,2024,366,2023-05-01,2024-04-30,0,96,MW,0.9538080601092896,0,40,0,344,True
2024/FY24 v2/City North 132_11kV FY2024.csv,371b6877b3e3a1eaa6dd1e01d8ef1bba9425a9f23bb953dc47c19a7be58a839d,City North 132_11kV,citynorth13211kv,2024,336,2023-05-01,2024-04-30,0,96,MW,0.9521329365079365,0,0,0,317,True
2024/FY24 v2/City South 132_11kV FY2024.csv,7b391e09cde618e7fa3bea5f227c140517b52be009bef5573bf8e33bf4838505,City South 132_11kV,citysouth13211kv,2024,366,2023-05-01,2024-04-30,0,96,MW,0.9555441712204007,0,0,0,349,True
2024/FY24 v2/Clovelly 132_11kV FY2024.csv,0c37107bc39a39fe4f8434e7677a949ca37b58a2a19e76894c294b3f69a16bd5,Clovelly 132_11kV,clovelly13211kv,2024,366,2023-05-01,2024-04-30,0,96,MW,0.9551741803278688,0,0,0,348,True
2024/FY24 v2/Concord 33_11kV FY2024.csv,a5aa260f27625408bd194145936eeb6f20b73bbdc2114b7d972dd6db6df0d9fd,Concord 33_11kV,concord3311kv,2024,336,2023-05-01,2024-04-30,0,96,MW,0.9430183531746031,0,0,0,314,False
2024/FY24 v2/Cronulla 132_11kV FY2024.csv,d940ce57616fa4f7b4abe47f0296ac9c2df031ff7867abba1590d3ba62bf92eb,Cronulla 132_11kV,cronulla13211kv,2024,366,2023-05-01,2024-04-30,0,96,MW,0.9553734061930783,0,0,0,349,True
2024/FY24 v2/Croudace Bay 33_11kV FY2024.csv,d4add67a669daa2143ea3dade95254b0bedf7d57e557b419639404cd23836745,Croudace Bay 33_11kV,croudacebay3311kv,2024,366,2023-05-01,2024-04-30,0,96,MW,0.9562841530054644,2819,3,0,144,False
2024/FY24 v2/Crows Nest 132_11kV FY2024.csv,52b42d40cbefdff4bb3be0973ca1f11d28da8d0daabc382807c439b75f46ce6f,Crows Nest 132_11kV,crowsnest13211kv,2024,366,2023-05-01,2024-04-30,0,96,MW,0.954804189435337,0,0,0,348,True
2024/FY24 v2/Croydon 132_11kV FY2024.csv,ff142dcc1c160c9d170773548aea6f1df79fc4c75ff20d49de436d032c191c5f,Croydon 132_11kV,croydon13211kv,2024,308,2023-05-01,2024-04-30,0,96,MW,0.9545454545454546,0,0,0,294,False
2024/FY24 v2/Dalley St 132_11kV FY2024.csv,31ca964e8705c872725c5996e3a793dae45c845a65dbd0f926c301d333aa3172,Dalley St 132_11kV,dalleyst13211kv,2024,366,2023-05-01,2024-04-30,0,96,MW,0.9546334244080146,0,0,0,348,True
2024/FY24 v2/Darling Harbour 132_11kV FY2024.csv,8015558649dc933dae57e76d0e1a935979f4f66ec7de30b7d99ee22b5b59e7c6,Darling Harbour 132_11kV,darlingharbour13211kv,2024,366,2023-05-01,2024-04-30,0,96,MW,0.9546618852459017,0,0,0,347,True
2024/FY24 v2/Darlinghurst 33_11kV FY2024.csv,1fcf54f662691ec75099a153215d0e8c439c5c2a6e444d013f2d65c57375eb78,Darlinghurst 33_11kV,darlinghurst3311kv,2024,366,2023-05-01,2024-04-30,0,96,MW,0.9499658469945356,0,0,0,345,False
2024/FY24 v2/Dee Why West 33_11kV FY2024.csv,20b601021401372aa0fa826a69939f599eafc5faafc276c2352229b1c19aa321,Dee Why West 33_11kV,deewhywest3311kv,2024,366,2023-05-01,2024-04-30,0,96,MW,0.9555157103825137,0,0,0,349,True
2024/FY24 v2/Denman 66_11kV FY2024.csv,2fbc821ee3f115194e53383c28e3c4691b87844101abdcca4ed83dcf92147a0e,Denman 66_11kV,denman6611kv,2024,366,2023-05-01,2024-04-30,0,96,MW,0.9480874316939891,120,13,0,328,False
2024/FY24 v2/Double Bay 132_11kV FY2024.csv,811bcde37bea1744b8d57c73448b0f4dd8766b0130e776428fc05c0b30609e47,Double Bay 132_11kV,doublebay13211kv,2024,366,2023-05-01,2024-04-30,0,96,MW,0.9519296448087432,0,0,0,343,True
2024/FY24 v2/Drummoyne 132_11kV FY2024.csv,fd0e1e46cc22ebeff18888def5bcce522a7a91b75cbac358584b64a293cac85b,Drummoyne 132_11kV,drummoyne13211kv,2024,366,2023-05-01,2024-04-30,0,96,MW,0.9525273224043715,0,0,0,348,True
2024/FY24 v2/Edgeworth 33_11kV FY2024.csv,ec7bd0b61b411e55f5184783eb5d1d378f9c28ba9e84918a0393719cd8224726,Edgeworth 33_11kV,edgeworth3311kv,2024,366,2023-05-01,2024-04-30,0,96,MW,0.9562841530054644,0,3210,0,350,True
2024/FY24 v2/Empire Bay 66_11kV FY2024.csv,9e1576dff0e01312f965a6b21f2370b9e415296f312cde6c3686ff0659bc9f16,Empire Bay 66_11kV,empirebay6611kv,2024,366,2023-05-01,2024-04-30,0,96,MW,0.953551912568306,2838,6,0,133,False
2024/FY24 v2/Engadine 132_11kV FY2024.csv,69d7b0d92c99827c8c2b69057b3dfc244fbb764b6c213c43f2f8527bf66fb6ac,Engadine 132_11kV,engadine13211kv,2024,366,2023-05-01,2024-04-30,0,96,MW,0.9473474499089253,46,0,0,339,False
2024/FY24 v2/Epping 66_11kV FY2024.csv,4d479b1ae3846b2eea002a0025d5252382ad9024678d111ce0ab24f3d0d1b96f,Epping 66_11kV,epping6611kv,2024,338,2023-05-01,2024-04-30,0,96,MW,0.9556213017751479,0,0,0,323,True
2024/FY24 v2/Erina 66_11kV FY2024.csv,46de817089b3780e304dc4247dc07a65025cfcc55a686969f178e85e6990f98f,Erina 66_11kV,erina6611kv,2024,365,2023-05-01,2024-04-30,0,96,MW,0.9462899543378995,0,0,0,342,False
2024/FY24 v2/Flemington 132_11kV FY2024.csv,afcf45cd28abb4b04affda683d90ca40f3a92c2a2f788ecdbc882d00e55056af,Flemington 132_11kV,flemington13211kv,2024,366,2023-05-01,2024-04-30,0,96,MW,0.9515311930783242,0,0,0,347,True
2024/FY24 v2/Galston 132_11kV FY2024.csv,a52e5785ac1985ceac9958b30cf3b2d39c63e0af460fec7e8a2f0a757be8d776,Galston 132_11kV,galston13211kv,2024,366,2023-05-01,2024-04-30,0,96,MW,0.9562841530054644,99,3,0,339,True
2024/FY24 v2/Gateshead 33_11kV FY2024.csv,aa4d67b6015c8d7bda4fefe17de3b5f83dc380eab3e231ddc8ce663e4b93d2c0,Gateshead 33_11kV,gateshead3311kv,2024,366,2023-05-01,2024-04-30,0,96,MW,0.9554587887067395,0,1,0,349,True
2024/FY24 v2/Gore Hill 33_11kV FY2024.csv,00899dd453b194832f3f064a2007c8e4ec0ed692e042d78d39758f9c03154a59,Gore Hill 33_11kV,gorehill3311kv,2024,366,2023-05-01,2024-04-30,0,96,MW,0.9562841530054644,0,0,0,350,True
2024/FY24 v2/Green Square 132_11kV FY2024.csv,9094781c5282095963c761b75797c7398efe3d85b927620c4287017bf0ea7a6d,Green Square 132_11kV,greensquare13211kv,2024,366,2023-05-01,2024-04-30,0,96,MW,0.9170651183970856,0,0,0,335,False
2024/FY24 v2/Greenacre 132_11kV FY2024.csv,2e9e42a801470a6e5662ae2f170d7cb732c43c49a3e0af4c75d1c0a09adc8a01,Greenacre 132_11kV,greenacre13211kv,2024,309,2023-05-01,2024-04-30,0,96,MW,0.9463996763754046,0,0,0,291,False
2024/FY24 v2/Gwawley Bay 132_11kV FY2024.csv,930ff54f0b0a080d16b02677177209363257a31f8862c80c39cefb495166186c,Gwawley Bay 132_11kV,gwawleybay13211kv,2024,356,2023-05-01,2024-04-30,0,96,MW,0.9412745786516854,0,0,0,329,False
2024/FY24 v2/Harbord 33_11kV FY2024.csv,5c256db1969e375c65c2495757b95dc8fb7374d82142350246bcf1c405f6f78f,Harbord 33_11kV,harbord3311kv,2024,336,2023-05-01,2024-04-30,0,96,MW,0.9468625992063492,0,0,0,317,False
2024/FY24 v2/Homebush Bay 132_11kV FY2024.csv,13100a25fda089981020899892dc27511524d724629c86677712e41d7d7fe5aa,Homebush Bay 132_11kV,homebushbay13211kv,2024,366,2023-05-01,2024-04-30,0,96,MW,0.9465220856102003,0,0,0,345,False
2024/FY24 v2/Hornsby 132_11kV FY2024.csv,3e254626e6335c5f8fcc1b24a3d1ce568b7366ef5817e1889be1ff22c06caf6b,Hornsby 132_11kV,hornsby13211kv,2024,366,2023-05-01,2024-04-30,0,96,MW,0.9528119307832422,0,0,0,348,True
2024/FY24 v2/Hunters Hill 66_11kV FY2024.csv,d13f3e14e4d112d0d76477d9b72be09b5e2bd3885625fe6d3d98f7085fb86693,Hunters Hill 66_11kV,huntershill6611kv,2024,338,2023-05-01,2024-04-30,0,96,MW,0.9556213017751479,0,0,0,323,True
2024/FY24 v2/Hurstville North 132_11kV FY2024.csv,aecafbe1850673ca16254d82cdf2efb91fb8f0a2e63b7e788062cb0d62ec45e9,Hurstville North 132_11kV,hurstvillenorth13211kv,2024,366,2023-05-01,2024-04-30,0,96,MW,0.9508196721311475,0,5,0,348,True
2024/FY24 v2/Jannali 33_11kV FY2024.csv,2ea36e47a907fb307241505ab0bff375eebb4d1413cf78fa13b2b2a1b71ede29,Jannali 33_11kV,jannali3311kv,2024,366,2023-05-01,2024-04-30,0,96,MW,0.9353369763205829,400,0,0,283,False
2024/FY24 v2/Jesmond 132_11kV FY2024.csv,b7bd56c63321058c93e8d681c1312c84c32bb7a657096a6873f2368203de0d4e,Jesmond 132_11kV,jesmond13211kv,2024,366,2023-05-01,2024-04-30,0,96,MW,0.9555441712204007,0,0,0,349,True
2024/FY24 v2/Jewells 33_11kV FY2024.csv,6318637bae95166820668500543f55cb80977f57391a41c1a907e780232ef7b0,Jewells 33_11kV,jewells3311kv,2024,366,2023-05-01,2024-04-30,0,96,MW,0.9562841530054644,1931,2,0,191,False
2024/FY24 v2/Killarney 33_11kV FY2024.csv,561070d9dcaf3ce24433e13c3c99e7c808d6ade802a21c9b6b48f5e59b66249e,Killarney 33_11kV,killarney3311kv,2024,366,2023-05-01,2024-04-30,0,96,MW,0.9528119307832422,0,0,0,348,True
2024/FY24 v2/Kingsford 132_11kV FY2024.csv,1d7068a51c1ea94b9b538e5e354e087573cc7e953bc0cf15b76f19ca378e4ab2,Kingsford 132_11kV,kingsford13211kv,2024,366,2023-05-01,2024-04-30,0,96,MW,0.9562841530054644,0,3,0,350,True
2024/FY24 v2/Kirrawee 132_11kV FY2024.csv,0a63bf4afb64d5abb3754e58ef41b9eb0093d5a52b85a1fcaf6caeb6cb5e1c00,Kirrawee 132_11kV,kirrawee13211kv,2024,366,2023-05-01,2024-04-30,0,96,MW,0.953551912568306,0,0,0,347,True
2024/FY24 v2/Kogarah 132_11kV FY2024.csv,28f46394b0c25608a9da102cc06a749f45bd263ac7f8dbb924e22b1fb4baa701,Kogarah 132_11kV,kogarah13211kv,2024,366,2023-05-01,2024-04-30,0,96,MW,0.933686247723133,0,0,0,341,False
2024/FY24 v2/Kotara 33_11kV FY2024.csv,678b9fe42cd8734549f2b20a6af6f1bcbd689ffb7e8ac1554f461afc790e0020,Kotara 33_11kV,kotara3311kv,2024,366,2023-05-01,2024-04-30,0,96,MW,0.9289617486338798,0,5,0,340,False
2024/FY24 v2/Kurnell South 132_11kV FY2024.csv,6989ae41f138b99823cbd847372b78ca2b9aabfa91d7c74172688ddf21ed2d1d,Kurnell South 132_11kV,kurnellsouth13211kv,2024,366,2023-05-01,2024-04-30,0,96,MW,0.9410291438979964,0,0,0,343,False
2024/FY24 v2/Kurri 132_11kV FY2024.csv,9b6340854265b4abd943134a1138343047d28cfaaa21c4cd7a85ce0732858f74,Kurri 132_11kV,kurri13211kv,2024,366,2023-05-01,2024-04-30,0,96,MW,0.8770491803278688,0,0,0,321,False
2024/FY24 v2/Lake Munmorah 132_11kV FY2024.csv,478ccac855c31e84931629c27d64fdf6958967cfb556d31da076389af323adb2,Lake Munmorah 132_11kV,lakemunmorah13211kv,2024,366,2023-05-01,2024-04-30,0,96,MW,0.9562841530054644,1879,5,0,192,False
2024/FY24 v2/Leichhardt 132_11kV FY2024.csv,6c74f2dbe447e460a07c33b201c304f5a1898ec5636ca7e0764824771da19472,Leichhardt 132_11kV,leichhardt13211kv,2024,366,2023-05-01,2024-04-30,0,96,MW,0.9371584699453552,0,4,0,343,False
2024/FY24 v2/Leightonfield 33_11kV FY2024.csv,172aacdc45afcc8ee61b489ae1f50b2056a4267373b8e9f482c6bb4a16cefb5b,Leightonfield 33_11kV,leightonfield3311kv,2024,366,2023-05-01,2024-04-30,0,96,MW,0.9509335154826958,0,0,0,346,True
2024/FY24 v2/Lemington 66_11kV FY2024.csv,51d2c4b764215da579c25867a8ee5adfdcf7670aa0e37cabcae5e5d56c5f55b3,Lemington 66_11kV,lemington6611kv,2024,366,2023-05-01,2024-04-30,0,96,MW,0.9398622495446266,0,6,0,344,False
2024/FY24 v2/Lidcombe 33_11kV FY2024.csv,2bc5900b69b451091a171c4fc032b43d382a6b6b9535a20e529b93bae0568ebd,Lidcombe 33_11kV,lidcombe3311kv,2024,366,2023-05-01,2024-04-30,0,96,MW,0.9509335154826958,0,0,0,345,True
2024/FY24 v2/Lindfield 33_11kV FY2024.csv,7f526713fe2ced80a33461c543ad9f29c03231db0aa78c561c817285ec1871ca,Lindfield 33_11kV,lindfield3311kv,2024,366,2023-05-01,2024-04-30,0,96,MW,0.9503927595628415,0,0,0,345,True
2024/FY24 v2/Lisarow 33_11kV FY2024.csv,8bc9cd839dc177b3b8a321001fa49b22a126d24b9bb8ca6b2c324fd3156b448e,Lisarow 33_11kV,lisarow3311kv,2024,366,2023-05-01,2024-04-30,0,96,MW,0.9517019581056466,0,0,0,347,True
2024/FY24 v2/Long Jetty 66_11kV FY2024.csv,86474f167d054e5b8089c5e2f1c502ee1978263ea94b8271685f1d03af1c683b,Long Jetty 66_11kV,longjetty6611kv,2024,336,2023-05-01,2024-04-30,0,96,MW,0.9535280257936508,0,0,0,319,True
2024/FY24 v2/Lucas Heights 33_11kV FY2024.csv,27dbce1ffdb07dc5cec0a3c4fadb8bd45e3af3eedc095abc541a05459f35f422,Lucas Heights 33_11kV,lucasheights3311kv,2024,366,2023-05-01,2024-04-30,0,96,MW,0.8812044626593807,0,0,0,221,False
2024/FY24 v2/Macquarie Park 132_11kV FY2024.csv,6fcc6bc8c2f22e23e32e3fe67fa83fe0044be8deb7db95b601cc963ad1c1f0f0,Macquarie Park 132_11kV,macquariepark13211kv,2024,366,2023-05-01,2024-04-30,0,96,MW,0.9562841530054644,0,4,0,350,True
2024/FY24 v2/Maitland 33_11kV FY2024.csv,4acdd783217e3bbd1f8f4d243a3dae43eb27ae875114dd6bcba94fe4f13a9449,Maitland 33_11kV,maitland3311kv,2024,366,2023-05-01,2024-04-30,0,96,MW,0.9562841530054644,697,6,0,267,False
2024/FY24 v2/Manly 33_11kV FY2024.csv,02ee2288b347c81c2bc592c149bd79e71498cd0a7e78433f00df9e75b76b35f6,Manly 33_11kV,manly3311kv,2024,337,2023-05-01,2024-04-30,0,96,MW,0.9547168644906033,0,0,0,321,True
2024/FY24 v2/Maroubra 132_11kV FY2024.csv,9e9ab1031c20dcbe8ce723d6f2089b0db5d242b81bc2a87b55336b70d4200af9,Maroubra 132_11kV,maroubra13211kv,2024,366,2023-05-01,2024-04-30,0,96,MW,0.9548326502732241,0,0,0,348,True
2024/FY24 v2/Marrickville 132_11kV FY2024.csv,ec62089dbda8d521c20557071b5cacf1297bee10dfe9eec0f54f219e62002420,Marrickville 132_11kV,marrickville13211kv,2024,366,2023-05-01,2024-04-30,0,96,MW,0.9480874316939891,0,5,0,347,False
2024/FY24 v2/Maryland 132_11kV FY2024.csv,6212d53c3fbbc51f46b980360553b65c4ee6b771b2409c7ebce4693a6e964573,Maryland 132_11kV,maryland13211kv,2024,366,2023-05-01,2024-04-30,0,96,MW,0.953551912568306,8155,7,0,20,False
2024/FY24 v2/Mascot 33_11kV FY2024.csv,ea780017ae9073f2c722fa2f3fb243dc8bb4db666e932abe2653da9c9de19668,Mascot 33_11kV,mascot3311kv,2024,366,2023-05-01,2024-04-30,0,96,MW,0.9541211293260473,0,0,0,347,True
2024/FY24 v2/Matraville 33_11kV FY2024.csv,d543b3774841eca10141a5c53145e985fd493e7809b17dc9690d67dcdaffba98,Matraville 33_11kV,matraville3311kv,2024,309,2023-05-01,2024-04-30,0,96,MW,0.9543554476806904,0,0,0,294,False
2024/FY24 v2/Mayfield West 132_11kV FY2024.csv,e1c573ad338894641263480ace995c02c082195fbe1bc8fa1ed2649380f44fc0,Mayfield West 132_11kV,mayfieldwest13211kv,2024,366,2023-05-01,2024-04-30,0,96,MW,0.9562841530054644,0,3,0,350,True
2024/FY24 v2/Meadowbank 132_11kV FY2024.csv,e65c792ecaf27c823b392e0b8fc6f752b1f6b80a04ad5273f550221d86a786f3,Meadowbank 132_11kV,meadowbank13211kv,2024,366,2023-05-01,2024-04-30,0,96,MW,0.9528119307832422,0,0,0,348,True
2024/FY24 v2/Medowie 33_11kV FY2024.csv,8b5504d387270b5bdab104e841c2699c11bf9c498a7963f54e8f3e85e0aae33a,Medowie 33_11kV,medowie3311kv,2024,366,2023-05-01,2024-04-30,0,96,MW,0.953551912568306,5825,7,0,36,False
2024/FY24 v2/Menai 132_11kV FY2024.csv,82da8feb3a0017fd96e4086293b2838bf0ed5ba48128b295dbef79849c3f591d,Menai 132_11kV,menai13211kv,2024,366,2023-05-01,2024-04-30,0,96,MW,0.9553449453551912,0,0,0,349,True
2024/FY24 v2/Merriwa 33_11kV FY2024.csv,ee9fddc8783d12b33db6b6cbb13f9139673bd16c03c8a9f70467ed6a18b16e5c,Merriwa 33_11kV,merriwa3311kv,2024,366,2023-05-01,2024-04-30,0,96,MW,0.953551912568306,67,73,0,340,True
2024/FY24 v2/Metford 33_11kV FY2024.csv,e975bf284412acdd0666a2eaea6cda5105ea29a53ceab617e6b041549b8dc5dc,Metford 33_11kV,metford3311kv,2024,366,2023-05-01,2024-04-30,0,96,MW,0.9562272313296903,426,6,0,285,False
2024/FY24 v2/Milperra 132_11kV FY2024.csv,b8f44340bd80068c561ce130fc133176c456f57159fef03f1940bb946c1dd5f5,Milperra 132_11kV,milperra13211kv,2024,366,2023-05-01,2024-04-30,0,96,MW,0.9524704007285975,0,0,0,347,True
2024/FY24 v2/Miranda 33_11kV FY2024.csv,64702c175017c91c1e87627e5cc6365fa6c3f83e909d0f204bc9b5202f8f9388,Miranda 33_11kV,miranda3311kv,2024,366,2023-05-01,2024-04-30,0,96,MW,0.9531534608378871,0,0,0,346,True
2024/FY24 v2/Mitchell Line 66_11kV FY2024.csv,929f9087ec0955492dd6e2e70e06ff53689a0bb8a2a392cfce8878211dc1b11b,Mitchell Line 66_11kV,mitchellline6611kv,2024,366,2023-05-01,2024-04-30,0,96,MW,0.9562841530054644,39,3,0,340,True
2024/FY24 v2/Mitchells Flat 66_11kV FY2024.csv,b0edcff939cac634c7d5050556185935f60ccf62cb183db7113c7001c29f0e4d,Mitchells Flat 66_11kV,mitchellsflat6611kv,2024,366,2023-05-01,2024-04-30,0,96,MW,0.953551912568306,4662,92,0,64,False
2024/FY24 v2/Mona Vale 33_11kV FY2024.csv,bdf0858758c51e0ceefc11281c87b718a8d7017cc27fbb466b8951bc665ada0c,Mona Vale 33_11kV,monavale3311kv,2024,309,2023-05-01,2024-04-30,0,96,MW,0.9535126752966558,0,0,0,293,False
2024/FY24 v2/Moonan 33_11kV FY2024.csv,eca73a2aa15fb96d6321a1a131c202724556b0b05f45d3a8c16b4b0b2109ed0a,Moonan 33_11kV,moonan3311kv,2024,366,2023-05-01,2024-04-30,0,96,MW,0.946351320582878,0,0,0,340,False
2024/FY24 v2/Morisset 132_11kV FY2024.csv,c8046fe726723c4cd2a12847a515ec58c4a9f9c2d270aeea2c72f0fc8f5f6d48,Morisset 132_11kV,morisset13211kv,2024,366,2023-05-01,2024-04-30,0,96,MW,0.9507342896174863,1861,12,0,193,False
2024/FY24 v2/Mortdale 33_11kV FY2024.csv,d9d6e7f11181b9bed72b859de41c2416c43e3d5ef83b474653cc279caaf73d7e,Mortdale 33_11kV,mortdale3311kv,2024,366,2023-05-01,2024-04-30,0,96,MW,0.9532673041894353,0,0,0,345,True
2024/FY24 v2/Mosman 132_11kV FY2024.csv,b155d4559a01cc182dded7cb94d4694ba8453a3ecba3239dd98d95c5165f27c6,Mosman 132_11kV,mosman13211kv,2024,366,2023-05-01,2024-04-30,0,96,MW,0.9555441712204007,0,0,0,349,True
2024/FY24 v2/Mt Hutton 33_11kV FY2024.csv,dc5b46f5dd609d5582b3e352007e028221370825576792bcd6ea8cde8529a593,Mt Hutton 33_11kV,mthutton3311kv,2024,366,2023-05-01,2024-04-30,0,96,MW,0.8537397540983607,0,38,0,158,False
2024/FY24 v2/Mt Thorley 66_11kV FY2024.csv,2e5bec60c6f53b7ec95be65b670e7ea7f0d85b7b7cfbea09fc08cf3705b1ba69,Mt Thorley 66_11kV,mtthorley6611kv,2024,366,2023-05-01,2024-04-30,0,96,MW,0.9562841530054644,16,4,0,347,True
2024/FY24 v2/Muswellbrook 33_11kV FY2024.csv,5a18988eaa8dad31e0b8ec7bf0db55c3ca088f3be80d24759049c4dffe2e084c,Muswellbrook 33_11kV,muswellbrook3311kv,2024,366,2023-05-01,2024-04-30,0,96,MW,0.9448713570127505,0,0,0,343,False
2024/FY24 v2/Narrabeen 33_11kV FY2024.csv,08c384fbce64fa1106b40e1cf337bc1b84bd590b33951bf5298ecb5503d8b0d8,Narrabeen 33_11kV,narrabeen3311kv,2024,366,2023-05-01,2024-04-30,0,96,MW,0.9552026411657559,0,0,0,348,True
2024/FY24 v2/Nelson Bay 33_11kV FY2024.csv,914d7e0220cd582f97c2aab6d5e4622a74731e93c713e382199763fe818fd5d0,Nelson Bay 33_11kV,nelsonbay3311kv,2024,366,2023-05-01,2024-04-30,0,96,MW,0.9562841530054644,128,3,0,325,True
2024/FY24 v2/New Lambton 33_11kV FY2024.csv,9fc39cb9906c88905cb66d73dcb31e85903019e9aa4fe47e7ba0850c7908805e,New Lambton 33_11kV,newlambton3311kv,2024,366,2023-05-01,2024-04-30,0,96,MW,0.9528403916211293,0,0,0,345,True
2024/FY24 v2/Newcastle CBD 33_11kV FY2024.csv,04e95d95bfbd7e817e0242d78d184bf345defb0bac602afe93693d3d057d3df3,Newcastle CBD 33_11kV,newcastlecbd3311kv,2024,366,2023-05-01,2024-04-30,0,96,MW,0.9562841530054644,0,3,0,350,True
2024/FY24 v2/Newdell 66_11kV FY2024.csv,6a77262328c238f6ddd74109263178cb86b981afaccba56f1f0c3a0344063a13,Newdell 66_11kV,newdell6611kv,2024,366,2023-05-01,2024-04-30,0,96,MW,0.9562841530054644,0,5,0,350,True
2024/FY24 v2/Newport 33_11kV FY2024.csv,60c808929b7a0aaeb662667a5ee5dc9df6cb87ce6c76b3f13cc3e4d3dab1bd89,Newport 33_11kV,newport3311kv,2024,366,2023-05-01,2024-04-30,0,96,MW,0.9538934426229508,0,0,0,347,True
2024/FY24 v2/Noraville 33_11kV FY2024.csv,50f0d1dbf3182bf42e03abba0ea11bf518fc623c1b43f9f7d11d667252109200,Noraville 33_11kV,noraville3311kv,2024,366,2023-05-01,2024-04-30,0,96,MW,0.9461236338797814,0,0,0,342,False
2024/FY24 v2/North Head 33_11kV FY2024.csv,b4daabeea814ba6f1ce9668f7a6d902106833dd4960876cf88bceccecc96398f,North Head 33_11kV,northhead3311kv,2024,366,2023-05-01,2024-04-30,0,96,MW,0.9488274134790529,0,0,0,343,False
2024/FY24 v2/North Sydney 132_11kV FY2024.csv,2a689d58c27cb28fbc65d5442a33703c4e25e2145d0bae4ba3184862ebf54651,North Sydney 132_11kV,northsydney13211kv,2024,366,2023-05-01,2024-04-30,0,96,MW,0.9546334244080146,0,0,0,348,True
2024/FY24 v2/Nulkaba 33_11kV FY2024.csv,e21223e90b2ff41f04478966061d95e5eeb3904cdbfe0e1f74a6b195ecfaf542,Nulkaba 33_11kV,nulkaba3311kv,2024,366,2023-05-01,2024-04-30,0,96,MW,0.9562841530054644,77,83,0,338,True
2024/FY24 v2/Olympic Park 132_11kV FY2024.csv,7b2eaa68c6882d690d5b1988f080c5468dc2af4d0f8a29042b58115e183282be,Olympic Park 132_11kV,olympicpark13211kv,2024,338,2023-05-01,2024-04-30,0,96,MW,0.9486563116370809,0,0,0,319,False
2024/FY24 v2/Paddington 33_11kV FY2024.csv,c7e59876f638465f98c155fac832466df71acf46276941833d2d5e93bc1ede30,Paddington 33_11kV,paddington3311kv,2024,366,2023-05-01,2024-04-30,0,96,MW,0.9549180327868853,0,0,0,348,True
2024/FY24 v2/Paxton 33_11kV FY2024.csv,c0147aff45e92cabde53c0f98e39ab609fa3a6a2c9b64db1432b8bfefc105d7c,Paxton 33_11kV,paxton3311kv,2024,365,2023-05-01,2024-04-30,0,96,MW,0.9486586757990868,1,7,0,341,False
2024/FY24 v2/Peats Ridge 33_11kV FY2024.csv,d85eb02983391087d64fd53a7dfebea024bf4ccc75afed7ebd68075fd32e44fe,Peats Ridge 33_11kV,peatsridge3311kv,2024,366,2023-05-01,2024-04-30,0,96,MW,0.953551912568306,0,4,0,349,True
2024/FY24 v2/Pelican 33_11kV FY2024.csv,5698bb4c8fac6694442ccbb10760ad6922e43de7906295a4cef92e82aee7046b,Pelican 33_11kV,pelican3311kv,2024,366,2023-05-01,2024-04-30,0,96,MW,0.9562841530054644,0,4,0,350,True
2024/FY24 v2/Pennant Hills 132_11kV FY2024.csv,06a4188d223a4b51ec91fd1b6e4c2722474397727bdf3cc334b0fb358950a303,Pennant Hills 132_11kV,pennanthills13211kv,2024,366,2023-05-01,2024-04-30,0,96,MW,0.9555157103825137,0,0,0,349,True
2024/FY24 v2/Port Botany 33_11kV FY2024.csv,b53bdd9ca72ef918b1f3a22f023f97a67cb30fc3ed7583b71197a49acddbd19f,Port Botany 33_11kV,portbotany3311kv,2024,366,2023-05-01,2024-04-30,0,96,MW,0.9562841530054644,0,4,0,350,True
2024/FY24 v2/Potts Hill 132_11kV FY2024.csv,9d9b54f35734daca3fb049970e01c5e7ff986660638de484898cc3bd27f386ba,Potts Hill 132_11kV,pottshill13211kv,2024,366,2023-05-01,2024-04-30,0,96,MW,0.9550887978142076,0,0,0,348,True
2024/FY24 v2/Punchbowl 33_11kV FY2024.csv,2515e58e3d46aa6406af422e1fb2a2589392a1df34d9e511ef1dd4dd48d6bda2,Punchbowl 33_11kV,punchbowl3311kv,2024,366,2023-05-01,2024-04-30,0,96,MW,0.953551912568306,0,5,0,349,True
2024/FY24 v2/Pymble 33_11kV FY2024.csv,fe57903451708235e7b4624916761d1a8ada984dff29661f6f52a88604d84724,Pymble 33_11kV,pymble3311kv,2024,366,2023-05-01,2024-04-30,0,96,MW,0.9555441712204007,0,0,0,349,True
2024/FY24 v2/RNS Hospital 132_11kV FY2024.csv,06f82e3fb801094c9f20fe81ffc75692de4b6535bdfcafb65c205aab61f51f22,RNS Hospital 132_11kV,rnshospital13211kv,2024,366,2023-05-01,2024-04-30,0,96,MW,0.953551912568306,0,4,0,349,True
2024/FY24 v2/Rathmines 132_11kV FY2024.csv,a6d9a5764cba3ea6fe656a2ad48ef4643732ec0d51b1f2fbaa7053a4664b2095,Rathmines 132_11kV,rathmines13211kv,2024,366,2023-05-01,2024-04-30,0,96,MW,0.9562841530054644,4221,6,0,86,False
2024/FY24 v2/Raymond Terr NEW 33_11kV FY2024.csv,292964a1d54c0d8664a0cc75c817efbc65360680a598a92cdebd9cd42b0ae46b,Raymond Terr NEW 33_11kV,raymondterrnew3311kv,2024,366,2023-05-01,2024-04-30,0,96,MW,0.9538934426229508,282,3,0,311,True
2024/FY24 v2/Revesby 132_11kV FY2024.csv,66957985409e14340f401f8a7e0f37f26ef2eb94d0f03e5fce4d76183a723d43,Revesby 132_11kV,revesby13211kv,2024,366,2023-05-01,2024-04-30,0,96,MW,0.9545765027322405,0,0,0,348,True
2024/FY24 v2/Riverwood 33_11kV FY2024.csv,09e9ae32702182ce665a7032ba15ff46d22b751f15b813a8a354498d1a82ac44,Riverwood 33_11kV,riverwood3311kv,2024,366,2023-05-01,2024-04-30,0,96,MW,0.9538934426229508,0,0,0,347,True
2024/FY24 v2/Rockdale 132_11kV FY2024.csv,e5d9b58f087f27ddb7fbaae5525cdd1e8ab90060cac931e241e7d54491ecbb78,Rockdale 132_11kV,rockdale13211kv,2024,366,2023-05-01,2024-04-30,0,96,MW,0.9562841530054644,0,4,0,350,True
2024/FY24 v2/Rose Bay 132_11kV FY2024.csv,70bd12832f5130a730cbe0c1dd7f5e15f1d0bea5ca39642ab06bf55f0a9143dd,Rose Bay 132_11kV,rosebay13211kv,2024,366,2023-05-01,2024-04-30,0,96,MW,0.9538934426229508,0,0,0,347,True
2024/FY24 v2/Rothbury 132_11kV FY2024.csv,86170843db98f85ec1969a3caa3ba3155ec212076dcdb9592b2945084d7dc607,Rothbury 132_11kV,rothbury13211kv,2024,366,2023-05-01,2024-04-30,0,96,MW,0.9431067850637522,3438,185,0,109,False
2024/FY24 v2/Rouchel 33_11kV FY2024.csv,6efb3d4e95f97e628749a22b18d478ec0aeae18c16df1e622137db8c750ab6ec,Rouchel 33_11kV,rouchel3311kv,2024,366,2023-05-01,2024-04-30,0,96,MW,0.9365038706739527,0,6,0,320,False
2024/FY24 v2/Rutherford 33_11kV FY2024.csv,cf8b8637490c8fc48aff96e41edc5812df701e6451ac4ce12057b4bd2000f688,Rutherford 33_11kV,rutherford3311kv,2024,366,2023-05-01,2024-04-30,0,96,MW,0.9562841530054644,368,3,0,309,True
2024/FY24 v2/Sans Souci 33_11kV FY2024.csv,b94cd25c6091ef403f76fe70c48c50f2883381043cb6b74aa00c823ddb67888f,Sans Souci 33_11kV,sanssouci3311kv,2024,336,2023-05-01,2024-04-30,0,96,MW,0.9522259424603174,0,0,0,317,True
2024/FY24 v2/Scone 66_11kV FY2024.csv,2eead5fc6ff0830499efce43a79ffa9b4c1334e0ca11b4c18848de1fd82afffd,Scone 66_11kV,scone6611kv,2024,366,2023-05-01,2024-04-30,0,96,MW,0.9562841530054644,0,4,0,350,True
2024/FY24 v2/Sefton 132_11kV FY2024.csv,cbfa58c7a26c6a2aee1eca04acec06f94efb38586d2c155269b53ec6d1c85da7,Sefton 132_11kV,sefton13211kv,2024,366,2023-05-01,2024-04-30,0,96,MW,0.9555441712204007,0,0,0,349,True
2024/FY24 v2/Singleton 66_11kV FY2024.csv,f06223d0df2fae50f19521453b91293eb38521dccf3b4d835d47a5655d0a1d4f,Singleton 66_11kV,singleton6611kv,2024,366,2023-05-01,2024-04-30,0,96,MW,0.9504212204007286,0,0,0,345,True
2024/FY24 v2/Singleton North 66_11kV FY2024.csv,69f0157eebfcbb5ffc046dd11cf392a4ad69c0c5f2afa5f2a2369c41d642cfec,Singleton North 66_11kV,singletonnorth6611kv,2024,366,2023-05-01,2024-04-30,0,96,MW,0.9555441712204007,0,0,0,349,True
2024/FY24 v2/Somersby 132_11kV FY2024.csv,4018ddb42f54735b5b3f8ed00b192a23afc1726dd700433d89cedc1610056b0a,Somersby 132_11kV,somersby13211kv,2024,366,2023-05-01,2024-04-30,0,96,MW,0.9562841530054644,957,4,0,278,False
2024/FY24 v2/St Ives 33_11kV FY2024.csv,b216b9e731dd86aa25b0769a362d38c918c3afb7da8dcd6cf3d86454d06a192d,St Ives 33_11kV,stives3311kv,2024,366,2023-05-01,2024-04-30,0,96,MW,0.9445013661202186,0,0,0,338,False
2024/FY24 v2/St Peters 132_11kV FY2024.csv,b210e472f87176c0b59240e7535d2625b6deae13b5c94b90355cb5b0828a4ed3,St Peters 132_11kV,stpeters13211kv,2024,366,2023-05-01,2024-04-30,0,96,MW,0.953551912568306,0,101,0,348,True
2024/FY24 v2/Stockton 33_11kV FY2024.csv,e15be83dca7d3922836cab8bd13c268cf1ab3e72d3a7f5d9886e1d863f43c6ec,Stockton 33_11kV,stockton3311kv,2024,366,2023-05-01,2024-04-30,0,96,MW,0.9562841530054644,2895,8,0,144,False
2024/FY24 v2/Strathfield South 132_11kV FY2024.csv,5de0e375e98f31e3af2df67721eda345f835311e792209b7a447d24c5fa5d252,Strathfield South 132_11kV,strathfieldsouth13211kv,2024,366,2023-05-01,2024-04-30,0,96,MW,0.9562841530054644,0,0,0,350,True
2024/FY24 v2/Summer Hill 33_11kV FY2024.csv,62dbe2e8c052fc9ab78c793a2783ebb87207353e5956eacf98aae8b9909e2e00,Summer Hill 33_11kV,summerhill3311kv,2024,366,2023-05-01,2024-04-30,0,96,MW,0.9562841530054644,0,0,0,350,True
2024/FY24 v2/Surry Hills 33_11kV FY2024.csv,5baa2df2cf497367a8b51b275ba7e383690524c65984cfbc9f242da4fc4532f1,Surry Hills 33_11kV,surryhills3311kv,2024,366,2023-05-01,2024-04-30,0,96,MW,0.9562841530054644,0,0,0,350,True
2024/FY24 v2/Swansea 33_11kV FY2024.csv,8313b8f469911706a22686bc666cd66c4cd5b2e37aebc9faf6c3f3fa57b721b2,Swansea 33_11kV,swansea3311kv,2024,366,2023-05-01,2024-04-30,0,96,MW,0.9562841530054644,3844,3,0,112,False
2024/FY24 v2/Tanilba Bay 33_11kV FY2024.csv,81ab3e7d6d6fc69a278e882aeb14dd61b60778b3dc5993c8365d636bf1fae87e,Tanilba Bay 33_11kV,tanilbabay3311kv,2024,366,2023-05-01,2024-04-30,0,96,MW,0.953551912568306,2564,3,0,150,False
2024/FY24 v2/Tarro 33_11kV FY2024.csv,26f631f0ea10fc66654525a44204e63503cb45b02a2cec3e8e2af7fdaa1ec5c8,Tarro 33_11kV,tarro3311kv,2024,366,2023-05-01,2024-04-30,0,96,MW,0.953551912568306,0,3,0,349,True
2024/FY24 v2/Telarah 33_11kV FY2024.csv,f89ef42a3a4ca452a2e3c19eb333b11be553a52e619d314d1b239a459a590fac,Telarah 33_11kV,telarah3311kv,2024,366,2023-05-01,2024-04-30,0,96,MW,0.9562841530054644,1896,3,0,190,False
2024/FY24 v2/Terrey Hills 33_11kV FY2024.csv,2e206e0c6b55c0f13a55a6813e0d775d6f53522246227481024fa21d73888065,Terrey Hills 33_11kV,terreyhills3311kv,2024,366,2023-05-01,2024-04-30,0,96,MW,0.9481443533697632,0,0,0,342,False
2024/FY24 v2/Thornton 33_11kV FY2024.csv,7913e2186cc0f7db95b8ceef14f449306cefc8d8301ef5a56694e461dc591057,Thornton 33_11kV,thornton3311kv,2024,366,2023-05-01,2024-04-30,0,96,MW,0.9552880236794171,3303,2,0,119,False
2024/FY24 v2/Tighes Hill 33_11kV FY2024.csv,35fcfdc286940ea1552c835d629b42a71c9053aeda1b1f42b922c8269b61e458,Tighes Hill 33_11kV,tigheshill3311kv,2024,366,2023-05-01,2024-04-30,0,96,MW,0.9508196721311475,0,3,0,348,True
2024/FY24 v2/Tomago 33_11kV FY2024.csv,5bfc02d97ff255d1ddac03672e412bae63d6dca03fcfcb3c586c93ef8608dfc6,Tomago 33_11kV,tomago3311kv,2024,366,2023-05-01,2024-04-30,0,96,MW,0.9562841530054644,0,4,0,350,True
2024/FY24 v2/Tomalpin 33_11kV FY2024.csv,cb16cbb6957f01a0b916c9f3acbbc5f9b5d55eb8ea2f4cd13e8ca25397e6f728,Tomalpin 33_11kV,tomalpin3311kv,2024,366,2023-05-01,2024-04-30,0,96,MW,0.9562841530054644,0,4,0,350,True
2024/FY24 v2/Tomaree 33_11kV FY2024.csv,ac79b9f8cf3c47c130e7eef5c9262a53e7c67391bc338548d2e59f0b57784f65,Tomaree 33_11kV,tomaree3311kv,2024,366,2023-05-01,2024-04-30,0,96,MW,0.953551912568306,605,6,0,277,False
2024/FY24 v2/Top Ryde 132_11kV FY2024.csv,fec1f2e82498d9f8f406051fc6dd76d9ab4e3bd1bf0a59a8bac87b4e547e7889,Top Ryde 132_11kV,topryde13211kv,2024,366,2023-05-01,2024-04-30,0,96,MW,0.9473474499089253,0,0,0,346,False
2024/FY24 v2/Toronto West 132_11kV FY2024.csv,5b4fa0bf37c50732c5736f4c724ce4dc6197663016449668d852eb95c86e168d,Toronto West 132_11kV,torontowest13211kv,2024,366,2023-05-01,2024-04-30,0,96,MW,0.9562841530054644,222,4,0,325,True
2024/FY24 v2/Turramurra 33_11kV FY2024.csv,0acf3c692c8d7a7d8c6e2bba0dec56e0907ba38905ceb71dfc9d617e3f03287b,Turramurra 33_11kV,turramurra3311kv,2024,366,2023-05-01,2024-04-30,0,96,MW,0.953551912568306,0,3,0,349,True
2024/FY24 v2/Umina 66_11kV FY2024.csv,e81140963e46bd827285eeb946c7fb6d98c80b577d2696e93b43bf7fe0c8158c,Umina 66_11kV,umina6611kv,2024,337,2023-05-01,2024-04-30,0,96,MW,0.9462475272007913,0,0,0,316,False
2024/FY24 v2/Vales Point 33_11kV FY2024.csv,51040777cb29582a2344ef3de1c779785c39e528abbbd458d884996d578035eb,Vales Point 33_11kV,valespoint3311kv,2024,337,2023-05-01,2024-04-30,0,96,MW,0.9476075667655787,0,0,0,318,False
2024/FY24 v2/Wamberal 132_11kV FY2024.csv,5ac5a3db5eab834290f769dadf45dcf0f03d680c6723dd53fe06163a0e6a5fb5,Wamberal 132_11kV,wamberal13211kv,2024,366,2023-05-01,2024-04-30,0,96,MW,0.9562841530054644,1869,3,0,183,False
2024/FY24 v2/Waverley 132_11kV FY2024.csv,1b8d79a75b82b049e4dddc5fb6b5e36a5ba4efd2e0da03474db7fd355d56e040,Waverley 132_11kV,waverley13211kv,2024,366,2023-05-01,2024-04-30,0,96,MW,0.9555441712204007,0,0,0,349,True
2024/FY24 v2/West Gosford 132_11kV FY2024.csv,fa5d392a8f2d19d254ce2355d85da848224e87d0bb793548ae25247361b65e0a,West Gosford 132_11kV,westgosford13211kv,2024,366,2023-05-01,2024-04-30,0,96,MW,0.9562841530054644,0,4,0,350,True
2024/FY24 v2/Williamtown 33_11kV FY2024.csv,d20546a3c7b15d9c0abc83a940fa1f51999c73eee6e091deefef21a6d37986bd,Williamtown 33_11kV,williamtown3311kv,2024,366,2023-05-01,2024-04-30,0,96,MW,0.9528119307832422,0,0,0,348,True
2024/FY24 v2/Woy Woy 66_11kV FY2024.csv,13c77b2ffc1f791eb784550479ae57a4f32a86f1ca4590fa8293cc2afa3058f4,Woy Woy 66_11kV,woywoy6611kv,2024,366,2023-05-01,2024-04-30,0,96,MW,0.9554872495446266,0,0,0,349,True
2024/FY24 v2/Wyong 132_11kV FY2024.csv,90e1277197b0ba1fa997a8d270d1c79c0bbb00146f7e85a8b726da2cfdadec5a,Wyong 132_11kV,wyong13211kv,2024,366,2023-05-01,2024-04-30,0,96,MW,0.9508196721311475,804,9,0,276,False
2024/FY24 v2/Zetland 132_11kV FY2024.csv,5356ce3a0e89af196ef8bbfe318d1c536b409f4781a88052d52ebdc4f258dcfb,Zetland 132_11kV,zetland13211kv,2024,366,2023-05-01,2024-04-30,0,96,MW,0.9554303278688525,0,0,0,349,True
2025/Ausgrid Distribution Zone Substation Data FY25/Aberdeen 66_11kV FY25.csv,72886dc0aff94c4c364ebde03ffdc4ca2e30c7d46e322fcd6f57236732624dda,Aberdeen 66_11kV,aberdeen6611kv,2025,363,2024-05-01,2025-04-29,0,96,MW,0.9721935261707989,1752,2,0,215,False
2025/Ausgrid Distribution Zone Substation Data FY25/Adamstown 132_11kV FY25.csv,e8aded2d9b25afaf7aa28b198915c6ff290a1e89edf64a86bf7d67886a5eb256,Adamstown 132_11kV,adamstown13211kv,2025,364,2024-05-01,2025-04-29,0,96,MW,0.9759615384615384,17,1,0,352,True
2025/Ausgrid Distribution Zone Substation Data FY25/Argenton 132_11kV FY25.csv,42fb3661e48f9b6159786eb521cae5dad4944a5f75105aa3d991074f94747cce,Argenton 132_11kV,argenton13211kv,2025,364,2024-05-01,2025-04-29,0,96,MW,0.9759615384615384,159,0,0,332,True
2025/Ausgrid Distribution Zone Substation Data FY25/Auburn 33_11kV FY25.csv,a39985f4956d28e31ebeb660c4c67b63992eb837dcb48dfb1f91de865ec35eb0,Auburn 33_11kV,auburn3311kv,2025,364,2024-05-01,2025-04-29,0,96,MW,0.9759901556776557,0,0,0,355,True
2025/Ausgrid Distribution Zone Substation Data FY25/Avoca 66_11kV FY25.csv,614709d849c2926c79bc2cde749a26b3285f9019e92e281163ee8cdeb789f47c,Avoca 66_11kV,avoca6611kv,2025,364,2024-05-01,2025-04-29,0,96,MW,0.9749885531135531,347,0,0,312,True
2025/Ausgrid Distribution Zone Substation Data FY25/Avondale 33_11kV FY25.csv,86cfcfb3cdc8a7207868e646e6187d80ded0c695e066c8274a88b73229a507cc,Avondale 33_11kV,avondale3311kv,2025,364,2024-05-01,2025-04-29,0,96,MW,0.9749885531135531,4085,0,0,92,False
2025/Ausgrid Distribution Zone Substation Data FY25/Baerami 33_11kV FY25.csv,69126f7c0befbec4c29f83f600c550fc0745794c45241944f3ed5a10e17852b4,Baerami 33_11kV,baerami3311kv,2025,364,2024-05-01,2025-04-29,0,96,MW,0.9749885531135531,28,32,0,351,True
2025/Ausgrid Distribution Zone Substation Data FY25/Balgowlah North 132_11kV FY25.csv,5d33ce88c6bff3e5db0185662eac98cf2f75f0b7685b47f43dc45786327a9765,Balgowlah North 132_11kV,balgowlahnorth13211kv,2025,362,2024-05-01,2025-04-29,0,96,MW,0.9803176795580111,0,0,0,355,True
2025/Ausgrid Distribution Zone Substation Data FY25/Bankstown 132_11kV FY25.csv,fd82bf3e47248e32160ed30b0af22268671303a6c97b70a563dd02b67e353318,Bankstown 132_11kV,bankstown13211kv,2025,364,2024-05-01,2025-04-29,0,96,MW,0.9759615384615384,0,0,0,355,True
2025/Ausgrid Distribution Zone Substation Data FY25/Bass Hill 33_11kV FY25.csv,823ee9013b9024554be27b0bf923094fa19178a728a9a63cc4fcc456e6ab6f49,Bass Hill 33_11kV,basshill3311kv,2025,358,2024-05-01,2025-04-29,0,96,MW,0.988419459962756,0,204,0,353,True
2025/Ausgrid Distribution Zone Substation Data FY25/Beacon Hill 33_11kV FY25.csv,92341ca5347977e02b9f350ba4bbddd238ab56c88ada696100b047da7996cf0d,Beacon Hill 33_11kV,beaconhill3311kv,2025,364,2024-05-01,2025-04-29,0,96,MW,0.9735004578754579,0,0,0,353,True
2025/Ausgrid Distribution Zone Substation Data FY25/Belmore Park 132_11kV FY25.csv,9155294d8e7c5a3a7d4bd82d8febd925a6308b5f307b2f7c52e14812124be82c,Belmore Park 132_11kV,belmorepark13211kv,2025,364,2024-05-01,2025-04-29,0,96,MW,0.9722699175824175,0,0,0,354,True
2025/Ausgrid Distribution Zone Substation Data FY25/Belrose 33_11kV FY25.csv,90225fb3361a58fdc8591210d6a5e799104c30373bf00525b6ed0feb7a35b289,Belrose 33_11kV,belrose3311kv,2025,364,2024-05-01,2025-04-29,0,96,MW,0.9720982142857143,0,0,0,355,True
2025/Ausgrid Distribution Zone Substation Data FY25/Berkeley Vale 132_11kV FY25.csv,3fd5fe67812bd96af6a32f96bea9c3f74909acfb0bacca87a13d2bc939f9203e,Berkeley Vale 132_11kV,berkeleyvale13211kv,2025,364,2024-05-01,2025-04-29,0,96,MW,0.9749885531135531,0,0,0,355,True
2025/Ausgrid Distribution Zone Substation Data FY25/Berowra 132_11kV FY25.csv,e8b18f8078be157872d22f138733ff8b7f1a75a7d34299d3b4d5c2fe875eb0e5,Berowra 132_11kV,berowra13211kv,2025,364,2024-05-01,2025-04-29,0,96,MW,0.9753891941391941,0,0,0,354,True
2025/Ausgrid Distribution Zone Substation Data FY25/Blakehurst 33_11kV FY25.csv,08dd905a00e5b8fd6649f87961f0c8eb6035ad7e96eb88b5eb8cccec1d406799,Blakehurst 33_11kV,blakehurst3311kv,2025,364,2024-05-01,2025-04-29,0,96,MW,0.9759329212454212,0,0,0,355,True
2025/Ausgrid Distribution Zone Substation Data FY25/Botany 33_11kV FY25.csv,368b8b2db2c679f60fd60da3f5280c096d005d6e80a1e39a3c8ecebbd2a9a71d,Botany 33_11kV,botany3311kv,2025,364,2024-05-01,2025-04-29,0,96,MW,0.9759615384615384,0,0,0,355,True
2025/Ausgrid Distribution Zone Substation Data FY25/Brandy Hill 132_11kV FY25.csv,970e3ba009177b83b0ba17a633b51e95a564445f77fc404238457d7d41c3810d,Brandy Hill 132_11kV,brandyhill13211kv,2025,364,2024-05-01,2025-04-29,0,96,MW,0.9701236263736264,3377,34,0,111,False
2025/Ausgrid Distribution Zone Substation Data FY25/Branxton 66_11kV FY25.csv,398b7028e6292721e6591d4e011227dfee6c95fc3a154423184a945592d6b8af,Branxton 66_11kV,branxton6611kv,2025,358,2024-05-01,2025-04-29,0,96,MW,0.985655260707635,4370,0,0,77,False
2025/Ausgrid Distribution Zone Substation Data FY25/Broadmeadow 132_11kV FY25.csv,8f2113a080cf06c125ae43e7932835e730351e9e2aa1fe88bfbea72cb0d6787e,Broadmeadow 132_11kV,broadmeadow13211kv,2025,364,2024-05-01,2025-04-29,0,96,MW,0.9760473901098901,0,0,0,355,True
2025/Ausgrid Distribution Zone Substation Data FY25/Brookvale 33_11kV FY25.csv,9fd6871fc5abd742d9f4736ae4d5e0c5bc8b9bea60d687aed4cb3d8718a71723,Brookvale 33_11kV,brookvale3311kv,2025,364,2024-05-01,2025-04-29,0,96,MW,0.9759615384615384,0,0,0,355,True
2025/Ausgrid Distribution Zone Substation Data FY25/Burwood 132_11kV FY25.csv,c89870f71c61de10438fd2a34efae69e06c326180c4e401e4d02172f8f2aa8f5,Burwood 132_11kV,burwood13211kv,2025,364,2024-05-01,2025-04-29,0,96,MW,0.9759615384615384,0,0,0,355,True
2025/Ausgrid Distribution Zone Substation Data FY25/Campbell St 132_11kV FY25.csv,192b58fbb95d5f2254ab561fb4392c121a9670eecc6efc306929638cd5de89f8,Campbell St 132_11kV,campbellst13211kv,2025,364,2024-05-01,2025-04-29,0,96,MW,0.9759615384615384,0,0,0,355,True
2025/Ausgrid Distribution Zone Substation Data FY25/Camperdown 33_11kV FY25.csv,67a5556761d60efa7ae95516875b896b0925f94b449da2ebcb5be9c97c4efb72,Camperdown 33_11kV,camperdown3311kv,2025,364,2024-05-01,2025-04-29,0,96,MW,0.9395318223443223,0,0,0,342,False
2025/Ausgrid Distribution Zone Substation Data FY25/Campsie 33_11kV FY25.csv,b9e1f4e9da48adc26587b5d03c4b302597af674ba4ae1833e26973ca89e8236e,Campsie 33_11kV,campsie3311kv,2025,364,2024-05-01,2025-04-29,0,96,MW,0.9755322802197802,0,0,0,355,True
2025/Ausgrid Distribution Zone Substation Data FY25/Cardiff 33_11kV FY25.csv,b430da1af0d16ed752beec04b1938ac51d95286c1e10e0c2122792138f51534b,Cardiff 33_11kV,cardiff3311kv,2025,364,2024-05-01,2025-04-29,0,96,MW,0.9749885531135531,338,0,0,310,True
2025/Ausgrid Distribution Zone Substation Data FY25/Careel Bay 33_11kV FY25.csv,6a7672d1f3ec294fbb951584fa61ec2dea435446c1c11bd58584ecf9828fac71,Careel Bay 33_11kV,careelbay3311kv,2025,364,2024-05-01,2025-04-29,0,96,MW,0.9759615384615384,0,0,0,355,True
2025/Ausgrid Distribution Zone Substation Data FY25/Caringbah 33_11kV FY25.csv,c237fc58c46b0a4f889cf6b259ae067dd503bf42a99dddbdfe1eb2f2fdf580e9,Caringbah 33_11kV,caringbah3311kv,2025,364,2024-05-01,2025-04-29,0,96,MW,0.9724416208791209,0,0,0,350,True
2025/Ausgrid Distribution Zone Substation Data FY25/Castle Cove 132_11kV FY25.csv,6b79d11234d11fd989b1365308acc0898e7c560e608c327d386a2a74d045ecf9,Castle Cove 132_11kV,castlecove13211kv,2025,364,2024-05-01,2025-04-29,0,96,MW,0.975246108058608,0,0,0,354,True
2025/Ausgrid Distribution Zone Substation Data FY25/Cessnock South 33_11kV FY25.csv,3252090213ddc32727f92d91dd97f388fe55d3c73ef97cfbd4d471dd62d8245a,Cessnock South 33_11kV,cessnocksouth3311kv,2025,361,2024-05-01,2025-04-29,0,96,MW,0.9830043859649122,1791,0,0,214,False
2025/Ausgrid Distribution Zone Substation Data FY25/Charlestown 132_11kV FY25.csv,8c1661bce0e5e8f230b9330e621c30a2f00f4e646d7904c44eb5bc5db0ef9cac,Charlestown 132_11kV,charlestown13211kv,2025,364,2024-05-01,2025-04-29,0,96,MW,0.9759615384615384,0,0,0,355,True
2025/Ausgrid Distribution Zone Substation Data FY25/Charmhaven 132_11kV FY25.csv,4ef2f644f2443e223978febe7b4270dafe0dfecb3f23ec2c7e1101bd633ecf5d,Charmhaven 132_11kV,charmhaven13211kv,2025,364,2024-05-01,2025-04-29,0,96,MW,0.9694654304029304,0,15,0,338,True
2025/Ausgrid Distribution Zone Substation Data FY25/Chatswood 33_11kV FY25.csv,3ef2621f170f5cef0aaca67827e6f17b073ae805aedce46d7e04a64c07f521ed,Chatswood 33_11kV,chatswood3311kv,2025,364,2024-05-01,2025-04-29,0,96,MW,0.97152586996337,0,0,0,349,True
2025/Ausgrid Distribution Zone Substation Data FY25/City Central 132_11kV FY25.csv,2372d844ac748cb778ec0e9a897a63800cf787308d6ff1a350da80cc2d5fd102,City Central 132_11kV,citycentral13211kv,2025,364,2024-05-01,2025-04-29,0,96,MW,0.9668612637362637,0,0,0,330,True
2025/Ausgrid Distribution Zone Substation Data FY25/City North 132_11kV FY25.csv,81181134db0ac06d677c606188e56e5602aace5c530384d594289fc46bf69109,City North 132_11kV,citynorth13211kv,2025,364,2024-05-01,2025-04-29,0,96,MW,0.9759615384615384,0,0,0,355,True
2025/Ausgrid Distribution Zone Substation Data FY25/City South 132_11kV FY25.csv,cd4e2e1559134f0906d601b590bd3bfa7353f830021c4cb95bf27f034f6443af,City South 132_11kV,citysouth13211kv,2025,364,2024-05-01,2025-04-29,0,96,MW,0.9759615384615384,0,0,0,355,True
2025/Ausgrid Distribution Zone Substation Data FY25/Clovelly 132_11kV FY25.csv,5da95fbe090c0b5bf91282cdc265cb56347bb9a5546ceb3ad76b707b5f94b997,Clovelly 132_11kV,clovelly13211kv,2025,364,2024-05-01,2025-04-29,0,96,MW,0.9755895146520146,0,0,0,355,True
2025/Ausgrid Distribution Zone Substation Data FY25/Concord 33_11kV FY25.csv,c258a4b621a2f12cb53e5d04e7c6da94e7522706ef6bec07215e37a5c8c49b38,Concord 33_11kV,concord3311kv,2025,364,2024-05-01,2025-04-29,0,96,MW,0.9759615384615384,0,0,0,355,True
2025/Ausgrid Distribution Zone Substation Data FY25/Cronulla 132_11kV FY25.csv,6d1cbcb6f86adb2984a6ac8b7e0b586a5ff09dc898a67a964c0a079bf081b92f,Cronulla 132_11kV,cronulla13211kv,2025,364,2024-05-01,2025-04-29,0,96,MW,0.9759043040293041,0,0,0,355,True
2025/Ausgrid Distribution Zone Substation Data FY25/Croudace Bay 33_11kV FY25.csv,07131faed0c22030408602b85ff50c62c59130f8a566eb8ae4881e46efe68a39,Croudace Bay 33_11kV,croudacebay3311kv,2025,361,2024-05-01,2025-04-29,0,96,MW,0.9830043859649122,3175,0,0,133,False
2025/Ausgrid Distribution Zone Substation Data FY25/Crows Nest 132_11kV FY25.csv,941100a1c1e547cf12f7dd4ba0c5208c3315c67278aef35259ac6200228dc827,Crows Nest 132_11kV,crowsnest13211kv,2025,364,2024-05-01,2025-04-29,0,96,MW,0.9759615384615384,0,0,0,355,True
2025/Ausgrid Distribution Zone Substation Data FY25/Croydon 132_11kV FY25.csv,26c111536e9380ce25b6dd83329dc17d59c75f1e95df8f410d19c561ee7594e2,Croydon 132_11kV,croydon13211kv,2025,364,2024-05-01,2025-04-29,0,96,MW,0.9759615384615384,0,0,0,355,True
2025/Ausgrid Distribution Zone Substation Data FY25/Dalley St 132_11kV FY25.csv,ec684e2b6fa60ca2e9db4ef6ebdb673c0a86c6779ad7b9ff667c3fc3ee3ce74b,Dalley St 132_11kV,dalleyst13211kv,2025,364,2024-05-01,2025-04-29,0,96,MW,0.9759615384615384,0,0,0,355,True
2025/Ausgrid Distribution Zone Substation Data FY25/Darling Harbour 132_11kV FY25.csv,e0082e48cafa9b39f01f0352ace2e83782a84ebaaec14a459a85558be3f5645c,Darling Harbour 132_11kV,darlingharbour13211kv,2025,358,2024-05-01,2025-04-29,0,96,MW,0.9570821694599627,0,0,0,339,True
2025/Ausgrid Distribution Zone Substation Data FY25/Darlinghurst 33_11kV FY25.csv,a778b3b637812469bd27f494126168a4ec9be7e53da4934d3a3e3e6d8b47d31d,Darlinghurst 33_11kV,darlinghurst3311kv,2025,364,2024-05-01,2025-04-29,0,96,MW,0.9703239468864469,0,0,0,355,True
2025/Ausgrid Distribution Zone Substation Data FY25/Dee Why West 33_11kV FY25.csv,d64bbaed5979ba6e1845553b2ecd4a66fadcd6af0e4cce2fff29b5abed7cad9b,Dee Why West 33_11kV,deewhywest3311kv,2025,364,2024-05-01,2025-04-29,0,96,MW,0.9759615384615384,0,0,0,355,True
2025/Ausgrid Distribution Zone Substation Data FY25/Denman 66_11kV FY25.csv,fcd965152479973521b3617bdeb014d6e0584d92cbdae7ba04e58895564ca866,Denman 66_11kV,denman6611kv,2025,364,2024-05-01,2025-04-29,0,96,MW,0.9749885531135531,617,2,0,292,False
2025/Ausgrid Distribution Zone Substation Data FY25/Double Bay 132_11kV FY25.csv,484e71b22be050609713fcc34285d711d452c507e1e60d69aebfd6dd26d89a28,Double Bay 132_11kV,doublebay13211kv,2025,364,2024-05-01,2025-04-29,0,96,MW,0.9741872710622711,0,0,0,355,True
2025/Ausgrid Distribution Zone Substation Data FY25/Drummoyne 132_11kV FY25.csv,fe7c6e0c6042fede38a9ce3df24d80f0bde97783ff3cf2ec9802e08e45eabcf3,Drummoyne 132_11kV,drummoyne13211kv,2025,364,2024-05-01,2025-04-29,0,96,MW,0.9753605769230769,0,0,0,355,True
2025/Ausgrid Distribution Zone Substation Data FY25/Edgeworth 33_11kV FY25.csv,3ffa1a7c19da3e3d16275771faf680c7b34fc1af4ccb4b551fa6b7ae4fcba473,Edgeworth 33_11kV,edgeworth3311kv,2025,364,2024-05-01,2025-04-29,0,96,MW,0.9775927197802198,0,0,0,356,True
2025/Ausgrid Distribution Zone Substation Data FY25/Empire Bay 66_11kV FY25.csv,6520bd7fda270ddbc33737dce1015262963a6b1d82a2880723b2ce22d7e59b9e,Empire Bay 66_11kV,empirebay6611kv,2025,358,2024-05-01,2025-04-29,0,96,MW,0.985655260707635,3072,1,0,140,False
2025/Ausgrid Distribution Zone Substation Data FY25/Engadine 132_11kV FY25.csv,47be64dba159494c7081a1e4d124ec15620200561b079cb1dc56f46964fe47fa,Engadine 132_11kV,engadine13211kv,2025,364,2024-05-01,2025-04-29,0,96,MW,0.9759615384615384,823,0,0,266,False
2025/Ausgrid Distribution Zone Substation Data FY25/Epping 66_11kV FY25.csv,c5ba76b3a1e8735f17a571d83ca4c7aa3f612d3e5028bc22daab5b677a346724,Epping 66_11kV,epping6611kv,2025,364,2024-05-01,2025-04-29,0,96,MW,0.9753605769230769,0,0,0,353,True
2025/Ausgrid Distribution Zone Substation Data FY25/Erina 66_11kV FY25.csv,7962547c191f979a5895e44aae7a3ea7aad2557a88b972766ea460888e83d25c,Erina 66_11kV,erina6611kv,2025,364,2024-05-01,2025-04-29,0,96,MW,0.9757039835164835,0,0,0,354,True
2025/Ausgrid Distribution Zone Substation Data FY25/Flemington 132_11kV FY25.csv,bc7baa6da2b5f9d3af11f49af929106e3d2c27ba08fee0b51f96c3b573609e37,Flemington 132_11kV,flemington13211kv,2025,364,2024-05-01,2025-04-29,0,96,MW,0.9759615384615384,0,0,0,355,True
2025/Ausgrid Distribution Zone Substation Data FY25/Galston 132_11kV FY25.csv,c0430e3f5f61691196e623373503a4ad0585614d809aa777b4cbed01b4fa9203,Galston 132_11kV,galston13211kv,2025,364,2024-05-01,2025-04-29,0,96,MW,0.9749885531135531,359,0,0,305,True
2025/Ausgrid Distribution Zone Substation Data FY25/Gateshead 33_11kV FY25.csv,8b8988df7294d13dfd04616dc860fda8c7c6de70f7d5fe55fb11a5752d0879cb,Gateshead 33_11kV,gateshead3311kv,2025,364,2024-05-01,2025-04-29,0,96,MW,0.9758184523809523,0,0,0,355,True
2025/Ausgrid Distribution Zone Substation Data FY25/Gore Hill 33_11kV FY25.csv,cba7cf7949db95d38f2dfdb7f70248297840779a736790e86b5e696262343049,Gore Hill 33_11kV,gorehill3311kv,2025,364,2024-05-01,2025-04-29,0,96,MW,0.9759615384615384,0,0,0,355,True
2025/Ausgrid Distribution Zone Substation Data FY25/Green Square 132_11kV FY25.csv,fcfcd6a9caaef95044f3a4dccc9f06deb446e31a24eae19c2d62b430f731db4e,Green Square 132_11kV,greensquare13211kv,2025,364,2024-05-01,2025-04-29,0,96,MW,0.9754464285714286,0,0,0,354,True
2025/Ausgrid Distribution Zone Substation Data FY25/Greenacre 132_11kV FY25.csv,d43ea981606285421f73ebed50456c09014374bab348f45bc0f5eaadc6241263,Greenacre 132_11kV,greenacre13211kv,2025,364,2024-05-01,2025-04-29,0,96,MW,0.9755895146520146,0,0,0,354,True
2025/Ausgrid Distribution Zone Substation Data FY25/Gwawley Bay 132_11kV FY25.csv,cc9c8ed1a03f4e369ad1af58a0a525683aca55fae4f4fd640d669d6e1f0937fb,Gwawley Bay 132_11kV,gwawleybay13211kv,2025,277,2024-05-01,2025-04-29,0,96,MW,0.9560394103489771,0,2,0,260,False
2025/Ausgrid Distribution Zone Substation Data FY25/Harbord 33_11kV FY25.csv,940fe3b3c83860ffd81bd21bdb209bc6fa519bb00d6f065226dd33f0edb7804a,Harbord 33_11kV,harbord3311kv,2025,364,2024-05-01,2025-04-29,0,96,MW,0.9754464285714286,0,0,0,354,True
2025/Ausgrid Distribution Zone Substation Data FY25/Homebush Bay 132_11kV FY25.csv,6620d4b5480f343dd8bb9f62de6732f3e9dd4106ce58eaae1ecd3fd32c70f194,Homebush Bay 132_11kV,homebushbay13211kv,2025,364,2024-05-01,2025-04-29,0,96,MW,0.9759615384615384,0,0,0,355,True
2025/Ausgrid Distribution Zone Substation Data FY25/Hornsby 132_11kV FY25.csv,c92cfe803446435fb13639ff9905d82e3096d431997d8efbf4e4057e0dd1cce7,Hornsby 132_11kV,hornsby13211kv,2025,364,2024-05-01,2025-04-29,0,96,MW,0.9759615384615384,0,0,0,355,True
2025/Ausgrid Distribution Zone Substation Data FY25/Hunters Hill 66_11kV FY25.csv,7ecace63c5a66accd20cec4a90097236ff0d84073f938f2b804672a43f889bb5,Hunters Hill 66_11kV,huntershill6611kv,2025,364,2024-05-01,2025-04-29,0,96,MW,0.9759615384615384,0,0,0,355,True
2025/Ausgrid Distribution Zone Substation Data FY25/Hurstville North 132_11kV FY25.csv,be93a9e68c4ff3dae7133940e820fa676fcbaedcac82ce7b1884d0dc18b27726,Hurstville North 132_11kV,hurstvillenorth13211kv,2025,363,2024-05-01,2025-04-29,0,96,MW,0.9694674012855831,0,0,0,352,True
2025/Ausgrid Distribution Zone Substation Data FY25/Jannali 33_11kV FY25.csv,2c03974589565ab9209626621cb55fe9d0652f9ea9d45223dc4cfaafc7711d9d,Jannali 33_11kV,jannali3311kv,2025,364,2024-05-01,2025-04-29,0,96,MW,0.9759615384615384,1166,0,0,240,False
2025/Ausgrid Distribution Zone Substation Data FY25/Jesmond 132_11kV FY25.csv,cda931a19e9dde0ee589752e574cbd07f5b137b6c6b14f593262129c3de78ec0,Jesmond 132_11kV,jesmond13211kv,2025,364,2024-05-01,2025-04-29,0,96,MW,0.9759615384615384,0,0,0,355,True
2025/Ausgrid Distribution Zone Substation Data FY25/Jewells 33_11kV FY25.csv,8dbb5eee50721762e63d8ff9223dc765c8ec80c9802332b189d9cbd8ebf8fbe3,Jewells 33_11kV,jewells3311kv,2025,364,2024-05-01,2025-04-29,0,96,MW,0.9749885531135531,2659,2,0,168,False
2025/Ausgrid Distribution Zone Substation Data FY25/Killarney 33_11kV FY25.csv,d97fe0169c49296f53fdc3eb8289025177fd611c88d59e8cdd83d4d2820f4082,Killarney 33_11kV,killarney3311kv,2025,364,2024-05-01,2025-04-29,0,96,MW,0.9759615384615384,0,0,0,355,True
2025/Ausgrid Distribution Zone Substation Data FY25/Kingsford 132_11kV FY25.csv,7547e574cb6bd17b9cf0b68bf442feddaa454ec3d1e6fef15679fc66ae63e4f9,Kingsford 132_11kV,kingsford13211kv,2025,364,2024-05-01,2025-04-29,0,96,MW,0.9749885531135531,0,0,0,355,True
2025/Ausgrid Distribution Zone Substation Data FY25/Kirrawee 132_11kV FY25.csv,94448961f30419fe792ddfdba23318109388e947b0290df87d199426313fcbe8,Kirrawee 132_11kV,kirrawee13211kv,2025,364,2024-05-01,2025-04-29,0,96,MW,0.9743589743589743,0,0,0,355,True
2025/Ausgrid Distribution Zone Substation Data FY25/Kogarah 132_11kV FY25.csv,21eddceac810dca544595490b7c28ab88b61880591874ac0ead6151099817a6b,Kogarah 132_11kV,kogarah13211kv,2025,364,2024-05-01,2025-04-29,0,96,MW,0.9759615384615384,0,0,0,355,True
2025/Ausgrid Distribution Zone Substation Data FY25/Kotara 33_11kV FY25.csv,a44e3154e8b7aed2f3555e4f8431bc2d526fa755a7ee40fb57fd9337fd95d5c9,Kotara 33_11kV,kotara3311kv,2025,364,2024-05-01,2025-04-29,0,96,MW,0.9775354853479854,0,0,0,356,True
2025/Ausgrid Distribution Zone Substation Data FY25/Kurnell South 132_11kV FY25.csv,dead997442660d4c15336d4fd7b6440a55bee6fc118d638933d095230b7cedd7,Kurnell South 132_11kV,kurnellsouth13211kv,2025,364,2024-05-01,2025-04-29,0,96,MW,0.9759329212454212,0,0,0,355,True
2025/Ausgrid Distribution Zone Substation Data FY25/Kurri 132_11kV FY25.csv,429a48a98f80fe299f206873868d4957aa29c7c099d136250eca13671b6ce8b1,Kurri 132_11kV,kurri13211kv,2025,364,2024-05-01,2025-04-29,0,96,MW,0.9759615384615384,1941,0,0,196,False
2025/Ausgrid Distribution Zone Substation Data FY25/Lake Munmorah 132_11kV FY25.csv,db0f9389f96275ae659a748f30c3ec8357f9baff72f07b8151e34e38143e8202,Lake Munmorah 132_11kV,lakemunmorah13211kv,2025,357,2024-05-01,2025-04-29,0,96,MW,0.9883870214752568,2706,0,0,154,False
2025/Ausgrid Distribution Zone Substation Data FY25/Leichhardt 132_11kV FY25.csv,6c527b17ec6cbc86c8a40e8f293267b103dfe5cf58ca14ee69d5e4cbcd91a63c,Leichhardt 132_11kV,leichhardt13211kv,2025,364,2024-05-01,2025-04-29,0,96,MW,0.9722699175824175,0,0,0,354,True
2025/Ausgrid Distribution Zone Substation Data FY25/Leightonfield 33_11kV FY25.csv,2d2a4de54279ebd9ed24d555a4b584ece0a5aea17f1c6d3ea149f151d9aa286a,Leightonfield 33_11kV,leightonfield3311kv,2025,364,2024-05-01,2025-04-29,0,96,MW,0.9758756868131868,0,0,0,355,True
2025/Ausgrid Distribution Zone Substation Data FY25/Lemington 66_11kV FY25.csv,ef59725e7b207da25d52f3f33857f59b59ba60c5ff8a6244cafca540b68f602d,Lemington 66_11kV,lemington6611kv,2025,357,2024-05-01,2025-04-29,0,96,MW,0.9883870214752568,0,2,0,353,True
2025/Ausgrid Distribution Zone Substation Data FY25/Lidcombe 33_11kV FY25.csv,306321cc734f66dafa68811734d2a573d7561b1cddcf57732249ae5e79137b7d,Lidcombe 33_11kV,lidcombe3311kv,2025,364,2024-05-01,2025-04-29,0,96,MW,0.9759615384615384,0,0,0,355,True
2025/Ausgrid Distribution Zone Substation Data FY25/Lindfield 33_11kV FY25.csv,77b9321ada93b74e2ff0e498ae7a3edf0149e0966b22f68d054a3ed474c55eab,Lindfield 33_11kV,lindfield3311kv,2025,364,2024-05-01,2025-04-29,0,96,MW,0.9759615384615384,0,0,0,355,True
2025/Ausgrid Distribution Zone Substation Data FY25/Lisarow 33_11kV FY25.csv,bfb0df080fbff1cab48b58da37925afd5af85050b30ecc69135b136cebbb1a68,Lisarow 33_11kV,lisarow3311kv,2025,364,2024-05-01,2025-04-29,0,96,MW,0.9746737637362637,0,0,0,355,True
2025/Ausgrid Distribution Zone Substation Data FY25/Long Jetty 66_11kV FY25.csv,c387ad4a11c95843c7ee881a020f86657733bf4582c22130b7d0ceaa72c5e77a,Long Jetty 66_11kV,longjetty6611kv,2025,364,2024-05-01,2025-04-29,0,96,MW,0.97378663003663,0,0,0,352,True
2025/Ausgrid Distribution Zone Substation Data FY25/Lucas Heights 33_11kV FY25.csv,28ee808385a4fb4657bb9750734f7e8f8ba984fbcc867522a7cc0bcef3de86fc,Lucas Heights 33_11kV,lucasheights3311kv,2025,364,2024-05-01,2025-04-29,0,96,MW,0.9616529304029304,0,0,0,342,True
2025/Ausgrid Distribution Zone Substation Data FY25/Macquarie Park 132_11kV FY25.csv,7ffe3479ad5cfafed0d47ab032fc4d21252dcb407699d0d6c7f64a24ac7a43e6,Macquarie Park 132_11kV,macquariepark13211kv,2025,364,2024-05-01,2025-04-29,0,96,MW,0.9722699175824175,0,0,0,354,True
2025/Ausgrid Distribution Zone Substation Data FY25/Maitland 33_11kV FY25.csv,2f319b7d26e840c0126f0dcc78086cda28480f1c4f98fae8cccabe8d21e2d807,Maitland 33_11kV,maitland3311kv,2025,358,2024-05-01,2025-04-29,0,96,MW,0.985655260707635,1435,0,0,228,False
2025/Ausgrid Distribution Zone Substation Data FY25/Manly 33_11kV FY25.csv,f3b5528c3a4ebe8da9448954ba3a84b33e6e2e24af9661da54c4390f0b092c58,Manly 33_11kV,manly3311kv,2025,364,2024-05-01,2025-04-29,0,96,MW,0.9759615384615384,0,0,0,355,True
2025/Ausgrid Distribution Zone Substation Data FY25/Maroubra 132_11kV FY25.csv,851ae4446060219ab89e170ba430b9e29a6bf539a7c390335619a9d9f3ce0d43,Maroubra 132_11kV,maroubra13211kv,2025,364,2024-05-01,2025-04-29,0,96,MW,0.9759615384615384,0,0,0,355,True
2025/Ausgrid Distribution Zone Substation Data FY25/Marrickville 132_11kV FY25.csv,16961350d615de5dcb6054a16bc5378fa6885eb19293833c33aa85c9a9a414e0,Marrickville 132_11kV,marrickville13211kv,2025,364,2024-05-01,2025-04-29,0,96,MW,0.9312900641025641,0,0,0,339,False
2025/Ausgrid Distribution Zone Substation Data FY25/Maryland 132_11kV FY25.csv,35b5e28c902288a4b940ead57b85fc6ae856f811db34ac5517244d40937cfe37,Maryland 132_11kV,maryland13211kv,2025,364,2024-05-01,2025-04-29,0,96,MW,0.9779933608058609,7903,1,0,24,False
2025/Ausgrid Distribution Zone Substation Data FY25/Mascot 33_11kV FY25.csv,c010aa6651dcde66594a5169bc9910c160ce3f1b7184551923f72a160d8bc77a,Mascot 33_11kV,mascot3311kv,2025,364,2024-05-01,2025-04-29,0,96,MW,0.9758184523809523,0,0,0,355,True
2025/Ausgrid Distribution Zone Substation Data FY25/Matraville 33_11kV FY25.csv,1f469d868bfae16f0de3a51e72fec0e9039bd6b54ae8a577719e2d98c1bb328d,Matraville 33_11kV,matraville3311kv,2025,364,2024-05-01,2025-04-29,0,96,MW,0.9759615384615384,0,0,0,355,True
2025/Ausgrid Distribution Zone Substation Data FY25/Mayfield West 132_11kV FY25.csv,ec0d7df9284d060770c5f224f631e63881a5b28a16c376d7c7791561ce449351,Mayfield West 132_11kV,mayfieldwest13211kv,2025,364,2024-05-01,2025-04-29,0,96,MW,0.9749885531135531,0,0,0,355,True
2025/Ausgrid Distribution Zone Substation Data FY25/Meadowbank 132_11kV FY25.csv,5e2217a4064a2de0f85513187da2991fa319493e16e10b088240cc449ba46696,Meadowbank 132_11kV,meadowbank13211kv,2025,364,2024-05-01,2025-04-29,0,96,MW,0.9759615384615384,0,0,0,355,True
2025/Ausgrid Distribution Zone Substation Data FY25/Medowie 33_11kV FY25.csv,45bb349a6fa7b16a2a8b66ffa7e23744a4c6d025613bfaa32b093b0060ec5b79,Medowie 33_11kV,medowie3311kv,2025,358,2024-05-01,2025-04-29,0,96,MW,0.985655260707635,5805,53,0,42,False
2025/Ausgrid Distribution Zone Substation Data FY25/Menai 132_11kV FY25.csv,4ca910dd331942f3948c9f5f478fef16faefc1c75095545f2408cf2fa799f5ad,Menai 132_11kV,menai13211kv,2025,364,2024-05-01,2025-04-29,0,96,MW,0.975761217948718,0,0,0,355,True
2025/Ausgrid Distribution Zone Substation Data FY25/Merriwa 33_11kV FY25.csv,9b9c78e8732123de669bbe57489ecbcd8f1eec0d6b5c5b2c78c8cc3f5ece9e85,Merriwa 33_11kV,merriwa3311kv,2025,361,2024-05-01,2025-04-29,0,96,MW,0.9830043859649122,692,47,0,288,False
2025/Ausgrid Distribution Zone Substation Data FY25/Metford 33_11kV FY25.csv,e1a1b337f9e65b1f04ba1da0ecc951850b7c27e7b0ee77da11eb21a4f19e8088,Metford 33_11kV,metford3311kv,2025,359,2024-05-01,2025-04-29,0,96,MW,0.9856952181987001,867,0,0,276,False
2025/Ausgrid Distribution Zone Substation Data FY25/Milperra 132_11kV FY25.csv,aea3c6b9c0ad403f72bc2ea0083c3a7d8d779fea5bc4550c68bfcf88ee206e3c,Milperra 132_11kV,milperra13211kv,2025,364,2024-05-01,2025-04-29,0,96,MW,0.9739010989010989,0,0,0,355,True
2025/Ausgrid Distribution Zone Substation Data FY25/Miranda 33_11kV FY25.csv,da5c18c2e9558fdcd45a7bfdc5cfcfa280ff1bfa46d98754535780fbe7453431,Miranda 33_11kV,miranda3311kv,2025,364,2024-05-01,2025-04-29,0,96,MW,0.9755608974358975,0,0,0,355,True
2025/Ausgrid Distribution Zone Substation Data FY25/Mitchell Line 66_11kV FY25.csv,949ed270c83254c21dabd776bc5c6d14914d4b05f0d7b504cb128e3f9b1cc13f,Mitchell Line 66_11kV,mitchellline6611kv,2025,364,2024-05-01,2025-04-29,0,96,MW,0.9749885531135531,163,18,0,327,True
2025/Ausgrid Distribution Zone Substation Data FY25/Mitchells Flat 66_11kV FY25.csv,ec1853fcc53a0a9fd31af1823d8313914a80654bd39a126dd315c0a9b7741da4,Mitchells Flat 66_11kV,mitchellsflat6611kv,2025,364,2024-05-01,2025-04-29,0,96,MW,0.9724130036630036,5345,45,0,51,False
2025/Ausgrid Distribution Zone Substation Data FY25/Mona Vale 33_11kV FY25.csv,e56b80630de2f1f4bd9d7c00962914d8a827ea5d9ce2cda08e816938aa891495,Mona Vale 33_11kV,monavale3311kv,2025,364,2024-05-01,2025-04-29,0,96,MW,0.9759615384615384,0,0,0,355,True
2025/Ausgrid Distribution Zone Substation Data FY25/Moonan 33_11kV FY25.csv,ffa06d40d4c956897eff0ca3e6bf1be2808e9517a301e9668d4ca556fd25a1e5,Moonan 33_11kV,moonan3311kv,2025,364,2024-05-01,2025-04-29,0,96,MW,0.9753033424908425,0,2,0,353,True
2025/Ausgrid Distribution Zone Substation Data FY25/Morisset 132_11kV FY25.csv,9c2c9646edd54c7b37fecdc587205d0951a1e0957f46bbc310cbed0aa6000156,Morisset 132_11kV,morisset13211kv,2025,362,2024-05-01,2025-04-29,0,96,MW,0.9803176795580111,2401,0,0,183,False
2025/Ausgrid Distribution Zone Substation Data FY25/Mortdale 33_11kV FY25.csv,91ea92241eb02264c3f2664b40bd7a15d6d7ab39ac58a1a69242550d7f5a6ac3,Mortdale 33_11kV,mortdale3311kv,2025,364,2024-05-01,2025-04-29,0,96,MW,0.9754178113553114,0,0,0,354,True
2025/Ausgrid Distribution Zone Substation Data FY25/Mosman 132_11kV FY25.csv,138ac18a9376f5786ec8eb0f7e0aed6365f5e7bf89b3169ecdb01d2662f8e575,Mosman 132_11kV,mosman13211kv,2025,364,2024-05-01,2025-04-29,0,96,MW,0.9759615384615384,0,0,0,355,True
2025/Ausgrid Distribution Zone Substation Data FY25/Mt Hutton 33_11kV FY25.csv,e00b8b2fc89db2f66ae72e16349a589cc2c5a8b572d56146b274667ac2e98a75,Mt Hutton 33_11kV,mthutton3311kv,2025,364,2024-05-01,2025-04-29,0,96,MW,0.9037889194139194,0,10,0,208,False
2025/Ausgrid Distribution Zone Substation Data FY25/Mt Thorley 66_11kV FY25.csv,d5987a33cfeba6721acdd444dfebe9c21d3b73ce4f7b2654418890b97e159b81,Mt Thorley 66_11kV,mtthorley6611kv,2025,361,2024-05-01,2025-04-29,0,96,MW,0.9830043859649122,111,3,0,340,True
2025/Ausgrid Distribution Zone Substation Data FY25/Muswellbrook 33_11kV FY25.csv,4e2a5e544f8375db1a2066d411ced8c7bb79ba3d9c33c3007bf8576bab450ca7,Muswellbrook 33_11kV,muswellbrook3311kv,2025,364,2024-05-01,2025-04-29,0,96,MW,0.9673763736263736,0,0,0,355,True
2025/Ausgrid Distribution Zone Substation Data FY25/Narrabeen 33_11kV FY25.csv,aa2ef3401f7298a5d07ae23f78d39036c268360569687cb0700de21a082af964,Narrabeen 33_11kV,narrabeen3311kv,2025,364,2024-05-01,2025-04-29,0,96,MW,0.9751888736263736,0,0,0,354,True
2025/Ausgrid Distribution Zone Substation Data FY25/Nelson Bay 33_11kV FY25.csv,40276b5c5b9a231d78de86429681fee106f9fa797a43223a0adb33468cf49f01,Nelson Bay 33_11kV,nelsonbay3311kv,2025,364,2024-05-01,2025-04-29,0,96,MW,0.9749885531135531,653,61,0,282,False
2025/Ausgrid Distribution Zone Substation Data FY25/New Lambton 33_11kV FY25.csv,bc46bd30c3c1d73db50da771f3c49aa728c3b5324a24a3d07ba1e7c1e9c216a7,New Lambton 33_11kV,newlambton3311kv,2025,364,2024-05-01,2025-04-29,0,96,MW,0.9720409798534798,0,0,0,352,True
2025/Ausgrid Distribution Zone Substation Data FY25/Newcastle CBD 33_11kV FY25.csv,49445dcb5641411549b80777d891cbb1e89ccb85aee745921761d2235efd2048,Newcastle CBD 33_11kV,newcastlecbd3311kv,2025,361,2024-05-01,2025-04-29,0,96,MW,0.9830043859649122,0,11,0,355,True
2025/Ausgrid Distribution Zone Substation Data FY25/Newdell 66_11kV FY25.csv,61f837855c7646c9c54685610d98660e8ce2b3aa7b60af0419c7f6203aef4d8e,Newdell 66_11kV,newdell6611kv,2025,358,2024-05-01,2025-04-29,0,96,MW,0.988419459962756,0,1,0,354,True
2025/Ausgrid Distribution Zone Substation Data FY25/Newport 33_11kV FY25.csv,8bd3850bf86cc9d9148a80fb960eaafe2f55707f771bcd09af791dc434cf709d,Newport 33_11kV,newport3311kv,2025,364,2024-05-01,2025-04-29,0,96,MW,0.97378663003663,0,0,0,352,True
2025/Ausgrid Distribution Zone Substation Data FY25/Noraville 33_11kV FY25.csv,85bd9a48a73cc8376bf59ec9c7cebe29086b9eb536ff7cac9e3220974cf2abfe,Noraville 33_11kV,noraville3311kv,2025,364,2024-05-01,2025-04-29,0,96,MW,0.9759329212454212,0,0,0,355,True
2025/Ausgrid Distribution Zone Substation Data FY25/North Head 33_11kV FY25.csv,40199fa0ed412390929b4c7a495109b812542e3eb81e4c789427da112a715900,North Head 33_11kV,northhead3311kv,2025,364,2024-05-01,2025-04-29,0,96,MW,0.9757039835164835,0,0,0,354,True
2025/Ausgrid Distribution Zone Substation Data FY25/North Sydney 132_11kV FY25.csv,00747873e102521eb433c11e1e51f102f3bfdae94d67c10790ece8b1fb2bd80b,North Sydney 132_11kV,northsydney13211kv,2025,364,2024-05-01,2025-04-29,0,96,MW,0.9759615384615384,0,0,0,355,True
2025/Ausgrid Distribution Zone Substation Data FY25/Nulkaba 33_11kV FY25.csv,a1944e6cbade84ce4d4ed65cbc2b113ff9e29c035427578146fd7f77cb101c43,Nulkaba 33_11kV,nulkaba3311kv,2025,364,2024-05-01,2025-04-29,0,96,MW,0.9749885531135531,1311,0,0,231,False
2025/Ausgrid Distribution Zone Substation Data FY25/Olympic Park 132_11kV FY25.csv,e82a7f3cd6303c4ee372b8d8abbdc2601b5b29abf2dfcbb192d73a9778cde4f5,Olympic Park 132_11kV,olympicpark13211kv,2025,364,2024-05-01,2025-04-29,0,96,MW,0.9759615384615384,0,0,0,355,True
2025/Ausgrid Distribution Zone Substation Data FY25/Paddington 33_11kV FY25.csv,79f253af3a415833e3d0f663cca7beb6acc8aa2abe0cd54c11be2d60f50aa131,Paddington 33_11kV,paddington3311kv,2025,364,2024-05-01,2025-04-29,0,96,MW,0.9759615384615384,0,0,0,355,True
2025/Ausgrid Distribution Zone Substation Data FY25/Paxton 33_11kV FY25.csv,3065efc1e07968ca47212b171287ac4bce1ee456888ea2da986624a21df44e85,Paxton 33_11kV,paxton3311kv,2025,364,2024-05-01,2025-04-29,0,96,MW,0.9746451465201466,0,1,0,353,True
2025/Ausgrid Distribution Zone Substation Data FY25/Peats Ridge 33_11kV FY25.csv,1605b618f69026b63eb2c99bf6dc7bbff46f0f5f7a276fd04fdb02801eb98174,Peats Ridge 33_11kV,peatsridge3311kv,2025,362,2024-05-01,2025-04-29,0,96,MW,0.9803176795580111,0,0,0,355,True
2025/Ausgrid Distribution Zone Substation Data FY25/Pelican 33_11kV FY25.csv,90280ec306be1ec4b9e39d5aa907a909e2f4360303f87c04d6a9402c65a77e06,Pelican 33_11kV,pelican3311kv,2025,364,2024-05-01,2025-04-29,0,96,MW,0.9749885531135531,0,0,0,355,True
2025/Ausgrid Distribution Zone Substation Data FY25/Pennant Hills 132_11kV FY25.csv,ab9f2ca5ef3fee0157fdc82c92317a7025b033209442db1d0b92161ff2044926,Pennant Hills 132_11kV,pennanthills13211kv,2025,364,2024-05-01,2025-04-29,0,96,MW,0.9759615384615384,0,0,0,355,True
2025/Ausgrid Distribution Zone Substation Data FY25/Port Botany 33_11kV FY25.csv,2e682b4c854ffb9c64476e75be92800fbc635aa18412d4b5ec7779e7f0f79541,Port Botany 33_11kV,portbotany3311kv,2025,361,2024-05-01,2025-04-29,0,96,MW,0.9830043859649122,0,0,0,355,True
2025/Ausgrid Distribution Zone Substation Data FY25/Potts Hill 132_11kV FY25.csv,1940a8ad913303bd5f6ba79050345aaa9252c9b1d6b88da36f3837d411943428,Potts Hill 132_11kV,pottshill13211kv,2025,364,2024-05-01,2025-04-29,0,96,MW,0.9759901556776557,0,0,0,355,True
2025/Ausgrid Distribution Zone Substation Data FY25/Punchbowl 33_11kV FY25.csv,0a52eb0c278ba0d1ed3ed672b6ebc6d47bf5b6f9fd47b40e4cc193282a25cb99,Punchbowl 33_11kV,punchbowl3311kv,2025,359,2024-05-01,2025-04-29,0,96,MW,0.9856952181987001,0,0,0,354,True
2025/Ausgrid Distribution Zone Substation Data FY25/Pymble 33_11kV FY25.csv,fdddd58657cd0ce4c81be2ca756eb30b9c8a70da15ca1e7b1bcf7fa29328b6b7,Pymble 33_11kV,pymble3311kv,2025,364,2024-05-01,2025-04-29,0,96,MW,0.9759615384615384,0,0,0,355,True
2025/Ausgrid Distribution Zone Substation Data FY25/RNS Hospital 132_11kV FY25.csv,388bdd236e84f01d8775c2a1f14d6388c8bc0a7e69c8c3105860d7e0f05fea35,RNS Hospital 132_11kV,rnshospital13211kv,2025,364,2024-05-01,2025-04-29,0,96,MW,0.9749885531135531,0,0,0,355,True
2025/Ausgrid Distribution Zone Substation Data FY25/Rathmines 132_11kV FY25.csv,03d27a6c27df197e3963c8c59535f295632546c8c551bff3efbd73d0c5307254,Rathmines 132_11kV,rathmines13211kv,2025,362,2024-05-01,2025-04-29,0,96,MW,0.9748791436464088,3973,0,0,105,False
2025/Ausgrid Distribution Zone Substation Data FY25/Raymond Terr NEW 33_11kV FY25.csv,a2bcedfc4e4d9c75f85efb586334cbdea1806049ea035738e411f48e33d2c820,Raymond Terr NEW 33_11kV,raymondterrnew3311kv,2025,364,2024-05-01,2025-04-29,0,96,MW,0.9744734432234432,503,1,0,301,True
2025/Ausgrid Distribution Zone Substation Data FY25/Revesby 132_11kV FY25.csv,1e8a594f12df63f08f9c923a12d7a79113829763c0e2617df0b3f025e0333feb,Revesby 132_11kV,revesby13211kv,2025,364,2024-05-01,2025-04-29,0,96,MW,0.9759615384615384,271,0,0,315,True
2025/Ausgrid Distribution Zone Substation Data FY25/Riverwood 33_11kV FY25.csv,173816ffef91055fd20ce3210a01d1865829a0e1ee1cf3c308fdabe4767b1bdf,Riverwood 33_11kV,riverwood3311kv,2025,364,2024-05-01,2025-04-29,0,96,MW,0.972584706959707,0,0,0,351,True
2025/Ausgrid Distribution Zone Substation Data FY25/Rockdale 132_11kV FY25.csv,250cd47c5e45b00349a2167af1005f2a296836f5176f32d041cfd87516a9a508,Rockdale 132_11kV,rockdale13211kv,2025,364,2024-05-01,2025-04-29,0,96,MW,0.9722699175824175,0,0,0,354,True
2025/Ausgrid Distribution Zone Substation Data FY25/Rose Bay 132_11kV FY25.csv,a773084ac6dc73ae5c2a302666d1e4ca371e5054dc816e7763cefa4c02271c2c,Rose Bay 132_11kV,rosebay13211kv,2025,364,2024-05-01,2025-04-29,0,96,MW,0.9759615384615384,0,0,0,355,True
2025/Ausgrid Distribution Zone Substation Data FY25/Rothbury 132_11kV FY25.csv,0c986eb3c8c73c836f933afeaf1ee943a26c2ed03df6e3fba81fbb3b15c64749,Rothbury 132_11kV,rothbury13211kv,2025,364,2024-05-01,2025-04-29,0,96,MW,0.9697229853479854,4960,79,0,59,False
2025/Ausgrid Distribution Zone Substation Data FY25/Rouchel 33_11kV FY25.csv,f9d24e2998f354e57bdeef27eedb87582c51f0dd6777190708732194b5d2a6ba,Rouchel 33_11kV,rouchel3311kv,2025,364,2024-05-01,2025-04-29,0,96,MW,0.9550995879120879,10,593,0,321,True
2025/Ausgrid Distribution Zone Substation Data FY25/Rutherford 33_11kV FY25.csv,7e3ebd27052502851f9973b27227c0e2711ba489eb124f37377eeaebf6779961,Rutherford 33_11kV,rutherford3311kv,2025,364,2024-05-01,2025-04-29,0,96,MW,0.9749885531135531,1601,0,0,224,False
2025/Ausgrid Distribution Zone Substation Data FY25/Sans Souci 33_11kV FY25.csv,a92ab1faba54227dcaf4295e0b3aeabbef3a2886bab246758d7cf68969ceb06d,Sans Souci 33_11kV,sanssouci3311kv,2025,364,2024-05-01,2025-04-29,0,96,MW,0.9744734432234432,0,0,0,350,True
2025/Ausgrid Distribution Zone Substation Data FY25/Scone 66_11kV FY25.csv,702f8dabe99beb882c007ebf9850a0195acf323a9e6c1d44cd3ddbdfba1bfc54,Scone 66_11kV,scone6611kv,2025,364,2024-05-01,2025-04-29,0,96,MW,0.9749885531135531,8,2,0,353,True
2025/Ausgrid Distribution Zone Substation Data FY25/Sefton 132_11kV FY25.csv,02853538bc494109cea6678990a089be99e1993025789d478b4e171ceee41f43,Sefton 132_11kV,sefton13211kv,2025,364,2024-05-01,2025-04-29,0,96,MW,0.9759615384615384,0,0,0,355,True
2025/Ausgrid Distribution Zone Substation Data FY25/Singleton 66_11kV FY25.csv,d5fb8d43fffd389809739a67e6455859dc0cd3d646baf6a709fbbc7e8988cc04,Singleton 66_11kV,singleton6611kv,2025,364,2024-05-01,2025-04-29,0,96,MW,0.9759615384615384,0,0,0,355,True
2025/Ausgrid Distribution Zone Substation Data FY25/Singleton North 66_11kV FY25.csv,7397e8f280ada7044ab5b7d2a870c6ac41c7f99d55a92adb52013f6202b922e9,Singleton North 66_11kV,singletonnorth6611kv,2025,364,2024-05-01,2025-04-29,0,96,MW,0.9759615384615384,0,0,0,355,True
2025/Ausgrid Distribution Zone Substation Data FY25/Somersby 132_11kV FY25.csv,d878a1a1e67768e0af4da2d4f0f0a96cbcac7bc03e23ad21b3742ec4c194addf,Somersby 132_11kV,somersby13211kv,2025,364,2024-05-01,2025-04-29,0,96,MW,0.9722699175824175,1219,98,0,275,False
2025/Ausgrid Distribution Zone Substation Data FY25/St Ives 33_11kV FY25.csv,41835cc576b9efd58776920d40a5d5ea982a2ef46562f4cb3b2fce2e0a4c2764,St Ives 33_11kV,stives3311kv,2025,364,2024-05-01,2025-04-29,0,96,MW,0.9721268315018315,0,0,0,353,True
2025/Ausgrid Distribution Zone Substation Data FY25/St Peters 132_11kV FY25.csv,3b7c841f81e592a82932abdc79adf1a4b362ed807bf093956310b4b7fc83bdff,St Peters 132_11kV,stpeters13211kv,2025,363,2024-05-01,2025-04-29,0,96,MW,0.9694674012855831,0,0,0,352,True
2025/Ausgrid Distribution Zone Substation Data FY25/Stockton 33_11kV FY25.csv,685e2719ebc887cfc7a24ad502aaf74f85aff48acf622d7d781904995fb03d8a,Stockton 33_11kV,stockton3311kv,2025,364,2024-05-01,2025-04-29,0,96,MW,0.9749885531135531,3343,82,0,129,False
2025/Ausgrid Distribution Zone Substation Data FY25/Strathfield South 132_11kV FY25.csv,327f9cecc13e4a48e22c946ed2dc1bb32ce230858c4a56f44d4fcf67fc9b4692,Strathfield South 132_11kV,strathfieldsouth13211kv,2025,364,2024-05-01,2025-04-29,0,96,MW,0.9759615384615384,0,0,0,355,True
2025/Ausgrid Distribution Zone Substation Data FY25/Summer Hill 33_11kV FY25.csv,b203cd203a621087399584f1abf1fcb873871ffb6647e29e719bf0b97dfc259f,Summer Hill 33_11kV,summerhill3311kv,2025,364,2024-05-01,2025-04-29,0,96,MW,0.9759615384615384,0,0,0,355,True
2025/Ausgrid Distribution Zone Substation Data FY25/Surry Hills 33_11kV FY25.csv,46e75b4bfb1e25d1b90369f451d720eec5cafa475d7de0e8c6f9ef3bccc1891f,Surry Hills 33_11kV,surryhills3311kv,2025,364,2024-05-01,2025-04-29,0,96,MW,0.9750171703296703,0,0,0,353,True
2025/Ausgrid Distribution Zone Substation Data FY25/Swansea 33_11kV FY25.csv,5fffa895b6ec472eb4cdddeba088a5a0e2387f282ddb333fe6fbe344b4245e7c,Swansea 33_11kV,swansea3311kv,2025,361,2024-05-01,2025-04-29,0,96,MW,0.9830043859649122,4526,0,0,84,False
2025/Ausgrid Distribution Zone Substation Data FY25/Tanilba Bay 33_11kV FY25.csv,80ebafb7f7615b707aa8aae6ac345714cd26373c4456676e46097cb6c3d7a268,Tanilba Bay 33_11kV,tanilbabay3311kv,2025,364,2024-05-01,2025-04-29,0,96,MW,0.97378663003663,2932,3,0,126,False
2025/Ausgrid Distribution Zone Substation Data FY25/Tarro 33_11kV FY25.csv,722311afc9f06f0827ec44e31956f0e89afea4be885f93716072fade26fd1ea8,Tarro 33_11kV,tarro3311kv,2025,354,2024-05-01,2025-04-29,0,96,MW,0.9826683145009416,0,0,0,348,True
2025/Ausgrid Distribution Zone Substation Data FY25/Telarah 33_11kV FY25.csv,a29e40f5901afa2dba5fe913953bcd3eac5a2efa3c6e99d611e063db86742251,Telarah 33_11kV,telarah3311kv,2025,364,2024-05-01,2025-04-29,0,96,MW,0.9749885531135531,1929,0,0,197,False
2025/Ausgrid Distribution Zone Substation Data FY25/Terrey Hills 33_11kV FY25.csv,887210eae6ab97241d60ea5fdc335d8dd63b05e51b3768b25461e1387a63ed87,Terrey Hills 33_11kV,terreyhills3311kv,2025,364,2024-05-01,2025-04-29,0,96,MW,0.9619104853479854,0,0,0,343,True
2025/Ausgrid Distribution Zone Substation Data FY25/Thornton 33_11kV FY25.csv,bb7c37c05ef1aee984136f5b34c5d73d5d2c39450cff0c241f9bb99149e0f2f7,Thornton 33_11kV,thornton3311kv,2025,364,2024-05-01,2025-04-29,0,96,MW,0.9759615384615384,3832,2,0,103,False
2025/Ausgrid Distribution Zone Substation Data FY25/Tighes Hill 33_11kV FY25.csv,7e9214a29b226c166f58944444c9706d742307ba56559e1df2dfbd9146435e8f,Tighes Hill 33_11kV,tigheshill3311kv,2025,364,2024-05-01,2025-04-29,0,96,MW,0.9749885531135531,0,0,0,355,True
2025/Ausgrid Distribution Zone Substation Data FY25/Tomago 33_11kV FY25.csv,549fff812ef848bafcdce834e86d6638a7cd05cbe90ad2944d57880ce8005946,Tomago 33_11kV,tomago3311kv,2025,361,2024-05-01,2025-04-29,0,96,MW,0.9830043859649122,0,21,0,355,True
2025/Ausgrid Distribution Zone Substation Data FY25/Tomalpin 33_11kV FY25.csv,4745c97117cd470f6fc3a3fe3f3e0d7ad981b0a601da1731c5def7b3486d1bb7,Tomalpin 33_11kV,tomalpin3311kv,2025,361,2024-05-01,2025-04-29,0,96,MW,0.9830043859649122,0,265,13,355,True
2025/Ausgrid Distribution Zone Substation Data FY25/Tomaree 33_11kV FY25.csv,f029aa5eceea67a5a65a7cea0ef71a7c11b119d92a66299fbc25c195ff3518a4,Tomaree 33_11kV,tomaree3311kv,2025,358,2024-05-01,2025-04-29,0,96,MW,0.988419459962756,932,81,0,265,False
2025/Ausgrid Distribution Zone Substation Data FY25/Top Ryde 132_11kV FY25.csv,fe7a9c6261ee245d2dcd0690997aa54dd47756f051a8023c96d20fb8719fb32b,Top Ryde 132_11kV,topryde13211kv,2025,364,2024-05-01,2025-04-29,0,96,MW,0.9759615384615384,0,0,0,355,True
2025/Ausgrid Distribution Zone Substation Data FY25/Toronto West 132_11kV FY25.csv,c6b7039f8ad9ecc362ee5672b79b1bf28eb5fdf6d062ec807718ae22bc37acab,Toronto West 132_11kV,torontowest13211kv,2025,362,2024-05-01,2025-04-29,0,96,MW,0.9803176795580111,549,0,0,289,False
2025/Ausgrid Distribution Zone Substation Data FY25/Turramurra 33_11kV FY25.csv,2b0a9b8c7041d9de21c5f8ece1e588f6fc5f3ef40a7d529ad8912622ec7a7e39,Turramurra 33_11kV,turramurra3311kv,2025,364,2024-05-01,2025-04-29,0,96,MW,0.9749885531135531,0,0,0,355,True
2025/Ausgrid Distribution Zone Substation Data FY25/Umina 66_11kV FY25.csv,8aa9ee6c5c335f40f74544c62fcebf95e8440cb2116d97445f7fdf97e9b83e4a,Umina 66_11kV,umina6611kv,2025,364,2024-05-01,2025-04-29,0,96,MW,0.9755322802197802,0,0,0,354,True
2025/Ausgrid Distribution Zone Substation Data FY25/Vales Point 33_11kV FY25.csv,a2d49b0d6083cc793d11daab9007c46a0d92ed418e0bb20ff99c92c377f3e293,Vales Point 33_11kV,valespoint3311kv,2025,364,2024-05-01,2025-04-29,0,96,MW,0.9759329212454212,0,0,0,355,True
2025/Ausgrid Distribution Zone Substation Data FY25/Wamberal 132_11kV FY25.csv,5dde14d4d8b1771ab32df26d56634b0887407bd191f9a0b186421e0df2d6c5ed,Wamberal 132_11kV,wamberal13211kv,2025,364,2024-05-01,2025-04-29,0,96,MW,0.9749885531135531,2328,2,0,177,False
2025/Ausgrid Distribution Zone Substation Data FY25/Waverley 132_11kV FY25.csv,993c44f2caa435b76a64d617185082dfeafc6408297ef7e0d006fbdc52ac6522,Waverley 132_11kV,waverley13211kv,2025,364,2024-05-01,2025-04-29,0,96,MW,0.9759615384615384,0,0,0,355,True
2025/Ausgrid Distribution Zone Substation Data FY25/West Gosford 132_11kV FY25.csv,917eacd82ce3f1d96f3e407277d567adeacbe8b8338afaeb88f84b5ded8b7b44,West Gosford 132_11kV,westgosford13211kv,2025,364,2024-05-01,2025-04-29,0,96,MW,0.9722699175824175,0,0,0,354,True
2025/Ausgrid Distribution Zone Substation Data FY25/Williamtown 33_11kV FY25.csv,39c3830c7d6710cec8f3322b779633262ea1f056a8b503b9be173b3b9d329719,Williamtown 33_11kV,williamtown3311kv,2025,364,2024-05-01,2025-04-29,0,96,MW,0.9756467490842491,0,0,0,354,True
2025/Ausgrid Distribution Zone Substation Data FY25/Woy Woy 66_11kV FY25.csv,c4acb4e754fb17dcb2d92a01254dd9c38fd2724072fd94a8eb1b7eb094fd3a64,Woy Woy 66_11kV,woywoy6611kv,2025,364,2024-05-01,2025-04-29,0,96,MW,0.9755322802197802,0,0,0,354,True
2025/Ausgrid Distribution Zone Substation Data FY25/Wyong 132_11kV FY25.csv,7a41b8b1988460a29ff0016aaa9859940f3697c645f63e67b68215e26eef3df5,Wyong 132_11kV,wyong13211kv,2025,363,2024-05-01,2025-04-29,0,96,MW,0.9721935261707989,1381,0,0,240,False
2025/Ausgrid Distribution Zone Substation Data FY25/Zetland 132_11kV FY25.csv,cb6eff75f9f2efba9fef3b8428ef9225f862eaa1c0da5a077f32f45bfa3325a8,Zetland 132_11kV,zetland13211kv,2025,364,2024-05-01,2025-04-29,0,96,MW,0.9752174908424909,0,0,0,354,True
